,GWL,HYRAS_pr,HYRAS_tas,HYRAS_tasmax,HYRAS_tasmin,HYRAS_hurs,DWD_evapo_p,DWD_evapo_r,DWD_evapo_fao,DWD_soil_moist,DWD_soil_temp5cm,ERA5_sro,ERA5_ssro,ERA5_sdwe,ERA5_sm,ERA5_sf,GWL_flag
1991-01-07,140.26,10.1,5.4857144,8.271429,3.0285716,78.62858,0.81428576,0.8,0.9857143,9.771428,3.6285715,0.00030251592,0.00079873204,5.4342407e-05,0.00034587085,6.7554414e-05,True
1991-01-14,140.28,8.8,4.9714284,8.385715,2.2,73.65715,0.8142857,0.7999999,1.1714286,9.671429,3.7142856,9.0390444e-05,0.0009234026,3.6103386e-06,1.1119992e-06,2.1442771e-05,True
1991-01-21,140.29,2.1999998,-1.1857144,3.8142858,-6.0285716,64.57143,0.27142859,0.25714287,0.5857143,9.514286,-1.2714286,2.0980835e-05,0.0010446459,0.00017448266,0.00016833283,0.002114702,True
1991-01-28,140.32,1.9,0.8,1.957143,-0.25714287,90.71429,0.15714286,0.15714286,0.37142855,9.4,-0.21428572,3.8921833e-05,0.0011509061,0.003381309,0.0013189968,0.0047747307,True
1991-02-04,140.39,0.8,-5.3857145,-1.1714287,-8.957143,66.88572,0.028571429,0.028571429,0.5428571,9.357142,-3.3714285,6.482005e-06,0.0012407675,0.006316582,0.00030100346,0.0027872063,True
1991-02-11,140.41,7.6,-6.057143,-2.7285714,-9.771429,76.957146,0.042857144,0.042857144,0.47142857,9.357142,-4.2285714,1.1973083e-05,0.0013165101,0.008236175,0.00059115514,0.008524649,True
1991-02-18,140.45,6.7,-3.3285716,-0.61428577,-5.871429,81.02857,0.057142857,0.057142857,0.61428577,9.8,-0.18571429,5.990267e-06,0.0013780072,0.0175624,0.00027026236,0.011716794,True
1991-02-25,140.48,1.6,3.3714287,7.542857,-0.95714295,75.457146,0.75714284,0.7,1.0285714,9.757143,0.45714286,0.00048230588,0.0014276654,0.011169644,0.02144287,4.3753535e-06,True
1991-03-04,140.49,0.0,2.1714287,5.8857145,-0.9142857,74.08572,0.8000001,0.7,1.0285714,9.471429,1.0,1.514703e-05,0.0014953539,0.00036134606,0.00068892725,5.824864e-05,True
1991-03-11,140.52,0.1,7.4000006,10.542857,4.285714,76.01429,0.94285715,0.78571427,1.2857143,9.042857,4.6857142,4.762411e-05,0.001574941,1.2755394e-05,8.137524e-05,0.0,True
1991-03-18,140.53,0.90000004,9.2,15.485715,4.328572,75.62858,1.3428571,1.1,1.5428572,8.642858,8.314285,6.1139464e-05,0.0016321167,-7.345365000000001e-25,7.450581e-09,0.0,True
1991-03-25,140.56,17.8,8.385715,12.828572,5.1857147,80.614296,1.3285716,1.2714285,1.3857143,9.214286,8.728572,0.00030127168,0.0016657487,-7.345365000000001e-25,7.450581e-09,0.0,True
1991-04-01,140.55,5.7,3.9714284,7.428571,0.057142854,70.08572,1.3142856,1.1285714,1.4285715,8.957143,5.2,5.802512e-05,0.0017012507,0.00056105,0.0016532168,0.001868818,True
1991-04-08,140.55,2.1,10.585714,15.157144,6.1714287,68.9,1.7857141,1.5285715,1.9714286,8.585714,10.3714285,4.735589e-05,0.0017230958,8.276531e-06,0.00011494383,0.0,True
1991-04-15,140.54,0.1,10.485715,16.828571,2.4142857,60.200005,2.8142855,2.142857,2.7285714,7.757143,11.6,3.979355e-05,0.0017153323,-7.345365000000001e-25,0.0,0.0,True
1991-04-22,140.53,20.0,2.5571427,6.6714287,-1.0857142,76.87144,1.5000001,1.3000001,1.5714285,7.3714285,6.3142858,0.00016537309,0.0016890466,0.002972932,0.007019352,0.011221465,True
1991-04-29,140.55694913275738,25.3,6.7428575,11.942857,1.7142857,81.88572,1.5571429,1.4,1.6,7.428571,9.442857,0.0002694726,0.0016679019,0.00067054655,0.0038023815,4.5448542e-07,True
1991-05-06,140.53,6.7,7.9,12.085715,3.8857143,77.5,1.5285715,1.3428572,1.8285713,7.3714285,9.8,0.00017274171,0.0016447753,2.1571205e-07,1.7955899e-06,0.0,True
1991-05-13,140.55,38.5,10.042857,14.385714,4.9857144,75.44286,2.0,1.7142859,2.0571427,7.714286,11.814285,0.0020845458,0.0016209781,3.0029387e-06,2.028048e-05,2.0034611e-05,True
1991-05-20,140.54,11.900001,9.400001,13.871429,3.2714288,69.814285,2.5142858,2.2,2.642857,8.357142,11.585714,0.00016494095,0.0016289875,-7.345365000000001e-25,0.0,0.0,True
1991-05-27,140.56,12.1,9.742857,14.17143,5.942857,75.25714,2.5285714,2.2571428,2.457143,7.7285714,12.214286,0.0010698661,0.001648426,-7.345365000000001e-25,3.7252903e-09,0.0,True
1991-06-03,140.55,2.8,13.857142,19.314285,6.414286,63.157143,3.6,2.6285713,3.7999997,7.114286,17.242857,2.4542212e-05,0.0016527474,-7.345365000000001e-25,0.0,0.0,True
1991-06-10,140.54,11.6,13.5,18.671429,7.8,68.314285,3.085714,2.1000001,3.3142858,6.5285716,16.37143,0.00018946826,0.0016236976,-7.345365000000001e-25,3.7252903e-09,0.0,True
1991-06-17,140.54,51.4,15.785714,20.285715,11.385715,65.84286,3.5571425,1.8285714,3.6857142,6.257143,17.571428,0.00033521652,0.0015783459,-7.345365000000001e-25,7.450581e-09,0.0,True
1991-06-24,140.53,4.1000004,16.314287,21.300001,11.042857,68.542854,3.742857,3.2,3.757143,7.285714,18.62857,0.00030830503,0.0015332401,-7.345365000000001e-25,7.450581e-09,0.0,True
1991-07-01,140.53,14.6,16.585714,21.34286,11.8,70.62858,3.2285712,2.8,3.3857143,7.4714284,18.22857,0.0010126084,0.0014901757,-7.345365000000001e-25,7.450581e-09,0.0,True
1991-07-08,140.52,0.0,22.47143,27.785715,14.0,60.528572,5.171428,3.1857142,5.0285716,6.214286,24.242857,1.847744e-06,0.0014417022,-7.345365000000001e-25,1.1175871e-08,0.0,True
1991-07-15,140.5,11.5,21.942858,27.800001,16.500002,69.87143,3.9571426,2.2285714,4.2714286,5.742857,24.642857,0.00019080937,0.0013815835,-7.345365000000001e-25,1.1175871e-08,0.0,True
1991-07-22,140.49,0.90000004,17.671429,22.5,12.914286,63.528572,3.6571429,1.9571428,4.042857,5.457143,21.185715,1.23381615e-05,0.0013298392,-7.345365000000001e-25,1.1175871e-08,0.0,True
1991-07-29,140.47994165679398,25.0,18.87143,25.328571,11.985715,65.814285,3.8714287,1.6999999,3.9857142,5.0142856,21.757143,6.709993e-05,0.0012691617,-7.345365000000001e-25,1.4901161e-08,0.0,True
1991-08-05,140.48,36.2,21.314285,26.5,16.028572,73.78571,3.5142858,1.6285714,3.642857,5.1571426,22.87143,0.00021455437,0.001212731,-7.345365000000001e-25,1.4901161e-08,0.0,True
1991-08-12,140.45,17.0,21.77143,27.500002,16.085714,66.14286,3.9,2.2142856,4.214286,5.1857142,23.314285,0.00018705428,0.0011566505,-7.345365000000001e-25,7.450581e-09,0.0,True
1991-08-19,140.42,6.3,17.571428,23.071428,11.6285715,65.08572,2.9857142,1.7571429,3.4428573,4.7714286,20.157143,3.658235e-05,0.0011042282,-7.345365000000001e-25,1.1175871e-08,0.0,True
1991-08-26,140.38,0.3,17.628572,22.27143,12.042857,67.21429,2.6571426,1.2571429,3.1285713,4.6714287,19.257143,2.0116568e-05,0.0010550916,-7.345365000000001e-25,7.450581e-09,0.0,True
1991-09-02,140.37,0.1,15.942858,22.057144,8.828572,70.5,2.357143,0.7428571,2.7428572,4.385714,18.114286,2.0250678e-05,0.0010096282,-7.345365000000001e-25,7.450581e-09,0.0,True
1991-09-09,140.33,0.6,15.442858,21.142857,9.728572,63.985718,2.2,0.4,2.8428571,4.214286,17.657143,1.1347234e-05,0.0009596497,-7.345365000000001e-25,7.450581e-09,0.0,True
1991-09-16,140.3,1.1,15.6,23.057144,7.5,61.942863,2.1714284,0.37142858,2.6714287,4.0142856,16.742857,4.708767e-06,0.0009153038,-7.345365000000001e-25,7.450581e-09,0.0,True
1991-09-23,140.28,7.7000003,14.914286,20.242859,10.3714285,72.97143,1.7571429,0.9714286,2.1571429,4.1714287,15.8714285,0.000113889575,0.0008749664,-7.345365000000001e-25,9.313226e-09,0.0,True
1991-09-30,140.40570579241668,3.6999998,15.828572,20.27143,11.328572,68.77143,1.7714287,0.7285714,2.3999999,3.9571428,15.685715,3.8921833e-05,0.0008378178,-7.345365000000001e-25,7.450581e-09,0.0,False
1991-10-07,140.27,3.7,13.028572,18.857143,7.5285716,63.914288,1.6999999,0.8142857,2.2285714,3.8,12.985714,2.7216971e-05,0.00080587715,-7.345365000000001e-25,7.450581e-09,0.0,True
1991-10-14,140.25,1.2,14.157144,20.071428,9.614286,71.17143,1.2142857,0.37142855,1.6,3.7714286,13.971429,5.044043e-05,0.0007734746,-7.345365000000001e-25,7.450581e-09,0.0,True
1991-10-21,140.24,8.0,8.757143,13.214286,4.957143,70.67143,1.0142857,0.6,1.4857143,3.8857143,9.328571,5.6765974e-05,0.0007474646,-7.345365000000001e-25,1.8626451e-09,0.0,True
1991-10-28,140.22,3.1000001,3.1857145,8.157144,-1.5285715,71.78571,0.64285713,0.41428572,0.7714286,3.857143,4.542857,5.4821372e-05,0.00072515756,-7.345365000000001e-25,1.6763806e-08,5.2154064e-08,True
1991-11-04,140.2,9.8,4.1857142,7.957143,0.29999998,71.828575,0.7285715,0.4857143,1.1714286,3.7714286,3.4285715,5.5998564e-05,0.000703983,-7.345365000000001e-25,2.0675361e-07,1.9185245e-07,True
1991-11-11,140.21,30.5,5.914286,9.042857,3.0714285,76.67143,0.7428571,0.67142856,1.0857142,4.757143,4.6571426,0.00021155179,0.00068537146,2.383618e-05,0.00030379184,0.00029330328,True
1991-11-18,140.22,16.2,4.7999997,7.171429,2.5857143,80.27143,0.47142854,0.41428572,0.67142856,5.428571,4.1714287,0.00016526878,0.00066922605,0.00042356763,0.0012019873,0.0026594363,True
1991-11-25,140.23,3.1,1.7,4.257143,-1.1142857,85.57143,0.21428573,0.18571432,0.37142855,5.957143,1.5285715,0.00012998283,0.00065629557,0.001194409,0.0019007418,0.001203917,True
1991-12-02,140.25,0.8,2.8285716,5.357143,0.65714294,86.58571,0.114285715,0.071428575,0.22857143,6.1,2.1714287,1.3716519e-05,0.0006464273,0.00029100123,0.0007510353,9.503216e-06,True
1991-12-09,140.28,8.1,-1.0285715,1.5285715,-3.1714287,88.6,0.11428572,0.11428572,0.24285714,6.2714286,0.37142858,0.00012211502,0.0006386936,0.004561396,0.0026570577,0.012867905,True
1991-12-16,140.3,0.0,-2.3714287,0.7857143,-6.3142858,75.72857,0.15714286,0.11428572,0.3857143,6.4857144,-1.5428572,4.0382147e-06,0.00063277036,0.009609126,0.00030093826,1.3049692e-05,True
1991-12-23,140.32,42.7,3.5142858,5.857143,0.34285712,80.957146,0.6,0.6,0.7,7.6285715,0.85714287,0.0009628609,0.0006287731,0.0038887602,0.013171442,0.004690949,True
1991-12-30,140.4998917022877,17.0,2.0428572,4.7285714,-0.4428572,84.14286,0.44285718,0.44285718,0.5857143,8.585714,1.1428572,0.00045075268,0.0006383434,0.0020108677,0.005661156,0.006078575,False
1992-01-06,140.52,22.2,3.9714286,6.5285716,0.6571428,77.057144,0.1,0.1,0.82857144,8.6,1.3,0.0005286038,0.0006827414,0.0004201787,0.00083844736,3.593415e-05,True
1992-01-13,140.62,8.400001,2.7,5.585715,-0.2571429,81.41429,0.35714287,0.34285715,0.61428577,9.528571,1.5714285,0.00013736635,0.00077251345,6.348746e-05,4.9063936e-05,0.00046860054,True
1992-01-20,140.73,31.2,2.2571428,4.6714287,0.45714283,84.57143,0.44285718,0.41428572,0.61428565,9.8,2.0,0.0009673685,0.0015910417,0.0004361641,0.0011933316,0.0022478625,True
1992-01-27,140.87,0.70000005,-2.642857,0.07142858,-5.714286,83.22858,0.057142857,0.057142857,0.24285714,10.171429,-1.9,9.641051e-06,0.0012434646,0.0014844452,0.00039529614,0.0013098083,True
1992-02-03,140.9,3.3000002,-0.22857141,0.85714287,-1.7,90.75714,0.15714286,0.15714286,0.3857143,10.014286,-0.51428574,7.763505e-05,0.001574263,0.0030824514,0.0015207864,0.0025524534,True
1992-02-10,140.93,9.6,3.457143,5.8142858,1.2,83.85714,0.55714285,0.55714285,0.6857143,10.171429,0.8,0.00046546012,0.0018308535,0.0015825544,0.0052920384,0.0020830445,True
1992-02-17,140.95,9.3,4.9428573,8.042857,2.3428574,78.64286,0.71428573,0.71428573,0.94285715,10.1,3.2857144,0.00018566102,0.0021487102,0.00014832473,0.00017073192,0.0018224269,True
1992-02-24,140.98,11.5,1.5285715,3.6714287,-1.1,83.07143,0.4857143,0.4857143,0.71428573,10.228572,1.1571429,0.00034130365,0.0024405345,0.003190648,0.006138673,0.005500246,True
1992-03-02,141.0,2.5,6.228572,13.0,1.4142857,68.700005,1.0857143,0.9857143,1.3000001,9.942857,4.8285713,4.2043626e-05,0.0027352646,0.00017818951,0.0006742943,0.0,True
1992-03-09,141.01,8.0,6.3428574,11.485715,2.5285716,70.64286,1.3285714,1.2142857,1.4714286,9.728572,5.8714285,0.00016979128,0.0029697865,3.8601104e-07,3.637746e-06,4.61936e-07,True
1992-03-16,141.04,41.5,3.7142856,7.5,0.114285715,71.78571,1.542857,1.4999999,1.5714285,10.157143,3.6571429,0.00081680715,0.0031150877,0.001449233,0.0015570186,0.0065313093,True
1992-03-23,141.07,14.6,6.0,10.357142,2.2285714,76.27143,1.1857144,1.1714286,1.3428572,10.271428,6.0,0.0005886704,0.0033493862,0.0011068129,0.004552545,4.7773123e-05,True
1992-03-30,141.0008421284511,31.1,2.4142857,5.1,0.20000002,83.82857,0.9285715,0.9285715,0.98571426,10.914286,3.4857142,0.0007194355,0.003992304,0.002175825,0.0061170105,0.008721855,True
1992-04-06,141.08,0.8,6.328572,11.7,1.5714285,72.1,1.542857,1.4714286,1.7857143,10.0,6.9714284,0.00011344254,0.005019471,0.00026498522,0.0022567846,0.0,True
1992-04-13,141.07,0.0,8.0,13.757143,1.3714286,59.828575,2.1857142,1.7714285,2.3428571,9.357142,9.814285,1.3455749e-05,0.005507283,4.48454e-07,2.6598573e-06,0.0,True
1992-04-20,141.03,3.7,6.9,11.528572,3.4,64.07143,2.1857142,1.9142857,2.5714285,8.657143,8.057143,0.00011125207,0.0054948702,0.00014304547,0.0007255636,0.00076409057,True
1992-04-27,141.02,6.8,12.242858,17.714285,5.6857147,58.485718,2.7714286,2.2428572,2.957143,7.8714285,12.614285,9.483099e-05,0.0053361356,1.5383675e-06,9.795651e-06,0.0,True
1992-05-04,141.02,23.4,10.8714285,15.871429,5.6571426,71.37143,2.142857,1.7571428,2.2857144,7.8142858,12.885715,0.0015665665,0.0051257387,-7.345365000000001e-25,3.7252903e-09,0.0,True
1992-05-11,141.0,16.2,11.3,16.428572,5.7571425,68.77143,2.5142858,2.1714284,2.6714284,7.242857,13.414286,0.0002335757,0.004903592,-7.345365000000001e-25,7.450581e-09,0.0,True
1992-05-18,140.96,0.0,15.400001,21.485716,8.085714,61.600002,3.7,2.542857,3.9857142,6.6571426,17.72857,2.8014183e-06,0.0046509355,-7.345365000000001e-25,0.0,0.0,True
1992-05-25,140.91,8.9,18.142857,24.84286,8.985715,51.714287,4.985714,1.5571429,4.8142858,5.8,20.057142,4.4107437e-06,0.004326947,-7.345365000000001e-25,3.7252903e-09,0.0,True
1992-06-01,140.83,0.0,16.742857,22.985716,7.914286,54.357143,4.528571,0.61428565,4.5,5.5,19.5,4.261732e-06,0.003969513,-7.345365000000001e-25,3.7252903e-09,0.0,True
1992-06-08,140.78,15.700001,19.314285,25.4,13.457144,65.52857,4.4,1.0857142,4.142857,5.385714,21.142857,0.000100657344,0.0036152601,-7.345365000000001e-25,7.450581e-09,0.0,True
1992-06-15,140.73,12.700001,16.885715,22.442858,11.3714285,69.685715,3.1714287,1.0714287,3.4714286,5.7,19.585714,6.3061714e-05,0.0033109933,-7.345365000000001e-25,1.1175871e-08,0.0,True
1992-06-22,140.7,3.0,20.142857,25.685715,13.028572,58.34286,4.428571,0.87142855,4.6142855,5.2,22.528572,1.27106905e-05,0.0030108765,-7.345365000000001e-25,3.7252903e-09,0.0,True
1992-06-29,140.7190168589037,2.7,19.914288,26.585714,10.785714,50.028572,5.0571427,1.2285713,5.085714,5.2,23.22857,1.4454126e-05,0.0027079433,-7.345365000000001e-25,7.450581e-09,0.0,True
1992-07-06,140.68,35.7,20.428572,26.228573,15.400001,67.62858,4.042857,1.4142857,3.857143,5.1285715,23.085714,0.0015489161,0.0024112612,-7.345365000000001e-25,1.4901161e-08,0.0,True
1992-07-13,140.7,5.4,18.699999,24.457144,13.1285715,68.38572,3.5857143,2.457143,3.8285713,5.8285713,21.557142,0.000114932656,0.0022154301,-7.345365000000001e-25,1.1175871e-08,0.0,True
1992-07-20,140.64,7.7,19.9,25.514286,13.457144,62.957146,3.8571432,2.6571429,4.1714287,5.3714285,21.614286,5.608052e-05,0.0020421445,-7.345365000000001e-25,1.1175871e-08,0.0,True
1992-07-27,140.6,14.099999,21.428572,28.314285,15.357142,63.17143,4.557143,2.4428573,4.642857,5.1285715,24.214285,0.000108122826,0.0018685311,-7.345365000000001e-25,1.1175871e-08,0.0,True
1992-08-03,140.55,2.4,21.800001,28.157145,14.228572,59.714287,4.4571424,1.4285715,4.7428575,4.457143,23.714285,2.4996698e-05,0.0017075241,-7.345365000000001e-25,1.1175871e-08,0.0,True
1992-08-10,140.5,3.7,24.328571,31.62857,16.357143,49.68571,5.1571426,0.88571423,5.4714284,4.071429,25.257143,3.9875507e-05,0.0015512481,-7.345365000000001e-25,1.1175871e-08,0.0,True
1992-08-17,140.44,5.3,17.07143,22.285715,12.7,67.14286,2.7857144,0.9714285,3.242857,4.1,19.571428,0.00011613965,0.0014176145,-7.345365000000001e-25,1.4901161e-08,0.0,True
1992-08-24,140.38,26.2,19.67143,25.242859,13.771429,69.14286,3.0,1.6,3.3142858,4.1571426,21.328571,4.412234e-05,0.0013191104,-7.345365000000001e-25,1.1175871e-08,0.0,True
1992-08-31,140.47580109888327,13.4,21.885715,28.67143,16.457144,66.22857,3.1428573,2.0428572,3.957143,4.1,21.971428,8.5771084e-05,0.0012233332,-7.345365000000001e-25,1.3038516e-08,0.0,True
1992-09-07,140.35,6.9,13.042857,17.657145,9.457144,74.02857,1.8999999,1.6,2.4142857,4.7714286,14.271428,0.000112608075,0.0011437684,-7.345365000000001e-25,1.1175871e-08,0.0,True
1992-09-14,140.35,5.4,14.328572,20.057144,8.828572,74.12858,1.6857144,1.1857141,2.1,4.428571,15.928572,5.1498413e-05,0.0010772496,-7.345365000000001e-25,3.7252903e-09,0.0,True
1992-09-21,140.33,0.6,13.528571,19.585714,7.4000006,67.15714,1.6571428,1.0714285,2.1285713,4.2,15.0,4.6491623e-06,0.0010165423,-7.345365000000001e-25,3.7252903e-09,0.0,True
1992-09-28,140.32,7.2,16.385715,22.84286,11.400001,64.457146,1.5857143,0.90000004,2.3142858,4.071429,16.5,4.827231e-05,0.0009576678,-7.345365000000001e-25,9.313226e-09,0.0,True
1992-10-05,140.24,8.8,10.742857,16.242857,5.557143,75.957146,1.0142857,0.58571434,1.4714286,4.042857,12.657143,3.6001205e-05,0.0009063408,-7.345365000000001e-25,5.5879354e-09,0.0,True
1992-10-12,140.19,2.0,8.442858,12.828572,4.9714284,84.185715,0.62857145,0.45714286,0.85714287,4.257143,9.957143,4.118681e-05,0.00086615235,-7.345365000000001e-25,3.7252903e-09,0.0,True
1992-10-19,140.16,0.5,5.0,10.014285,0.3571429,69.3,0.7285715,0.5,1.1285714,4.114286,5.6857142,6.5118074e-06,0.0008293241,-7.345365000000001e-25,0.0,0.0,True
1992-10-26,140.12,35.3,5.7000003,9.642858,2.5285716,79.14286,0.64285713,0.5,0.87142855,4.6571426,5.5142856,0.0002758354,0.00079577416,0.000110245885,0.0007775221,0.0007952601,True
1992-11-02,140.14,12.1,3.957143,7.714286,0.4857143,82.1,0.40000004,0.34285718,0.67142856,6.242857,4.0,0.00013260543,0.00076866895,7.4250356e-06,4.567206e-05,2.0861626e-07,True
1992-11-09,140.18,4.8,7.071429,10.542857,4.214286,78.957146,0.61428577,0.5714286,0.90000004,6.214286,6.3,9.581447e-05,0.0007457286,-7.345365000000001e-25,2.1234155e-07,0.0,True
1992-11-16,140.24,12.400001,4.428571,7.1857147,1.5285714,80.68572,0.55714285,0.55714285,0.82857144,6.6285715,3.4857142,0.00012115389,0.0007264018,0.00010254837,0.00034613535,0.00043404847,True
1992-11-23,140.27,17.4,3.6000001,6.0,1.6142857,82.14286,0.5142857,0.49999997,0.81428576,7.1,2.5428572,0.0002174452,0.0007108599,0.00035684448,0.0011866204,0.0015383344,True
1992-11-30,140.38888421756195,13.7,4.8142858,8.485715,1.7285715,81.542854,0.48571426,0.49999997,0.7285714,7.742857,3.9285715,0.00020432472,0.00069892406,6.834098e-05,0.0004769247,9.834766e-06,True
1992-12-07,140.29,3.3,3.8142858,6.728572,1.1428572,79.62858,0.34285715,0.3285714,0.6714286,8.114285,2.9142857,7.305294e-05,0.00069102645,4.2007082e-07,2.9243529e-06,4.3213367e-07,True
1992-12-14,140.36,23.5,3.1571429,4.257143,1.2714287,86.67143,0.34285715,0.3285714,0.4714286,8.685715,1.8571428,0.00043168664,0.000686042,0.00023469471,0.0010468066,0.0011774302,True
1992-12-21,140.4,7.6000004,1.6285715,3.6285713,0.37142858,85.34286,0.17142858,0.17142858,0.42857143,9.785714,0.74285716,7.593632e-05,0.0006860718,0.00031047774,0.0003179647,0.0023710616,True
1992-12-28,140.41,0.0,-3.7428572,-0.5714286,-6.371429,78.299995,0.014285714,0.014285714,0.3285714,10.2,-1.7857143,1.8626451e-06,0.00069372356,0.0020376444,9.5531344e-05,0.00028685108,True
1993-01-04,140.41,0.1,-7.414286,-4.042857,-10.814285,78.9,0.0,0.0,0.18571427,10.166667,-2.4,6.109476e-07,0.000706166,0.0024428878,2.3208559e-05,0.0004788693,True
1993-01-11,140.43,18.4,3.857143,6.328572,0.08571427,79.557144,0.51428574,0.51428574,0.9142857,10.4,0.22857143,0.00040932,0.0007209778,0.0007369348,0.0023937654,2.3245811e-06,True
1993-01-18,140.47,5.8999996,6.728572,11.3,3.4,68.685715,1.0,0.95714283,1.4,10.328571,3.057143,0.0007743165,0.00075624883,2.1571205e-07,1.5925616e-06,7.18981e-07,True
1993-01-25,140.48,22.9,6.585715,10.185715,2.8714287,72.15715,1.2285715,1.2,1.4714286,10.071428,4.6571426,0.0012504309,0.00082074106,5.7430494e-05,4.9576163e-05,0.0015192665,True
1993-02-01,140.5,9.3,-3.3,0.4,-6.2714286,77.08572,0.14285715,0.14285715,0.4714286,10.342857,0.0,8.970499e-06,0.0009369254,0.010200438,7.0765615e-05,0.01115809,True
1993-02-08,140.52,4.7000003,-0.20000003,3.914286,-3.9714286,79.17143,0.25714287,0.24285714,0.5,10.242857,-0.37142858,0.00027804822,0.0010765716,0.009884664,0.007892404,0.0043687075,True
1993-02-15,140.56,0.0,3.193106e-09,3.5142858,-2.4285715,83.18572,0.25714287,0.25714287,0.4714286,10.2,0.028571429,0.00011674315,0.0012193844,0.0044219494,0.0053165723,0.00025304034,True
1993-02-22,140.6,24.5,0.4857143,2.8142858,-1.957143,79.78571,0.59999996,0.61428577,0.7571429,10.442857,0.4857143,0.0002977103,0.0013771802,0.0065184375,0.005512759,0.020611398,True
1993-03-01,140.67,11.8,-1.6285715,1.6857144,-4.928571,79.6,0.31428573,0.32857147,0.71428573,10.485714,0.0,6.107986e-05,0.0015602335,0.028766587,0.0030294582,0.018943746,True
1993-03-08,140.71,3.6,-1.557143,1.1857144,-4.428571,76.07143,0.42857143,0.41428572,0.78571427,10.071428,0.14285715,0.00017938018,0.0017386377,0.027901217,0.007894322,0.0039202385,True
1993-03-15,140.75,1.8000001,4.657143,10.057143,-0.5571429,71.08572,1.0428572,0.9285714,1.3571428,9.8,3.7142856,0.0005479157,0.001927197,0.010024632,0.021879189,3.863126e-06,True
1993-03-22,140.74,5.5,9.514285,14.257143,4.7000003,66.8,1.8000001,1.6428572,2.0428572,9.428572,8.414286,0.00012574345,0.0022297278,7.781528e-05,0.0007810835,0.0,True
1993-03-29,140.7409472190557,9.7,2.0,6.3428574,-0.6857143,74.62858,1.1428572,1.042857,1.3571428,9.014286,4.3142858,0.00021871924,0.0024950951,0.00248821,0.002213141,0.009276304,True
1993-04-05,140.73,1.0,5.3142858,10.385714,0.32857138,69.25714,1.3571428,1.0714285,1.6714286,8.642858,6.3142858,0.00015377253,0.0026778206,0.0024309386,0.006976867,0.00094503537,True
1993-04-12,140.72,10.2,5.0428576,9.542857,0.3571429,71.78571,1.6142857,1.4142857,1.6857144,8.757143,6.714286,0.00032384694,0.0028079003,7.6804845e-06,5.7555735e-05,1.3347715e-05,True
1993-04-19,140.73,16.6,9.457144,14.814286,3.9857144,63.87143,2.357143,1.9142859,2.3142858,8.1,10.285714,0.00018624961,0.0029211715,1.7597561e-07,1.0915101e-06,0.0,True
1993-04-26,140.73,0.0,17.157145,23.257143,9.67143,48.642857,4.542857,2.9714286,4.585715,7.2714286,16.22857,1.3932586e-05,0.002935864,-7.345365000000001e-25,3.7252903e-09,0.0,True
1993-05-03,140.69,4.8,17.571428,24.728573,9.2,49.514286,4.714286,1.6142857,4.5,6.0285716,18.457144,3.285706e-05,0.002831228,-7.345365000000001e-25,3.7252903e-09,0.0,True
1993-05-10,140.68,0.6,13.428572,19.857143,6.7285714,64.457146,3.357143,0.7714286,3.0714285,5.714286,15.9,4.903227e-05,0.0027165562,-7.345365000000001e-25,0.0,0.0,True
1993-05-17,140.63,0.1,17.242857,24.014286,9.928572,52.07143,4.585715,0.7428571,4.5285716,5.4714284,19.785715,3.0696392e-05,0.0025689602,-7.345365000000001e-25,7.450581e-09,0.0,True
1993-05-24,140.6,32.8,17.228573,23.414286,11.428572,66.71429,3.7285714,1.3285714,3.8999999,6.0142856,18.985714,0.00016836822,0.002400525,-7.345365000000001e-25,0.0,0.0,True
1993-05-31,140.57186333193562,19.7,16.414286,22.228573,11.057143,68.042854,3.3857143,2.9285712,3.6857142,6.885714,18.714285,0.00011737645,0.0022632107,-7.345365000000001e-25,1.4901161e-08,0.0,True
1993-06-07,140.55,0.4,18.114286,24.214285,11.328572,62.27143,3.7285712,2.9,4.0857143,6.3428574,21.428572,7.018447e-05,0.0021160543,-7.345365000000001e-25,3.7252903e-09,0.0,True
1993-06-14,140.51,33.2,18.1,23.585714,12.585714,64.685715,3.5714285,2.3857143,3.7714286,6.214286,20.185715,0.00018979609,0.0019586012,-7.345365000000001e-25,0.0,0.0,True
1993-06-21,140.49,16.6,15.485715,20.100002,10.928572,69.85714,2.8714287,2.6285713,3.0857143,6.8714285,17.7,0.000108882785,0.0018385127,-7.345365000000001e-25,1.1175871e-08,0.0,True
1993-06-28,140.46,22.6,13.114286,17.814287,9.314286,74.18572,2.5,2.2285712,2.7285714,6.785714,16.185715,0.00019580126,0.0017233193,-7.345365000000001e-25,3.7252903e-09,0.0,True
1993-07-05,140.43,39.4,18.414288,25.485716,10.042857,63.34286,4.057143,3.1,4.457143,6.457143,21.642857,0.00089865923,0.0016160235,-7.345365000000001e-25,7.450581e-09,0.0,True
1993-07-12,140.51,37.5,14.757143,19.642857,10.657143,70.700005,3.1714287,2.8142855,3.3714287,7.5571427,16.828571,0.002496034,0.0015130267,-7.345365000000001e-25,7.450581e-09,0.0,True
1993-07-19,140.52,38.3,16.814287,21.557144,12.342857,76.042854,2.7857144,2.6857145,3.1571429,9.0,19.257143,0.002424255,0.0014528409,-7.345365000000001e-25,1.1175871e-08,0.0,True
1993-07-26,140.53,34.4,16.242857,21.357143,11.971429,70.4,2.9428573,2.8285716,3.3714287,8.7,18.257143,0.0002386272,0.0014107823,-7.345365000000001e-25,1.4901161e-08,0.0,True
1993-08-02,140.5,31.8,18.34286,23.9,12.428572,71.00001,3.2142856,2.8857143,3.6571429,8.928572,19.785715,0.00026827306,0.0013737604,-7.345365000000001e-25,1.4901161e-08,0.0,True
1993-08-09,140.49,18.4,18.87143,24.657145,14.328572,71.48572,2.9857144,2.5714285,3.6571429,8.157143,21.842857,6.8977475e-05,0.0013302863,-7.345365000000001e-25,1.4901161e-08,0.0,True
1993-08-16,140.47,13.8,19.057142,25.242859,12.828572,65.71429,3.3285713,2.6714287,3.9428573,7.885714,20.8,0.00014540553,0.0012897551,-7.345365000000001e-25,1.1175871e-08,0.0,True
1993-08-23,140.45,11.5,15.871429,21.742859,10.942857,72.84286,2.3999999,1.9,2.7285714,7.6,20.014286,6.972253e-05,0.0012412146,-7.345365000000001e-25,5.5879354e-09,0.0,True
1993-08-30,140.51650491319498,16.5,12.485715,18.171429,7.5428576,74.87144,1.8142859,1.4,2.3428571,7.542857,15.842857,0.00012393296,0.0012042299,-7.345365000000001e-25,1.8626451e-09,0.0,True
1993-09-06,140.48,43.3,11.385715,15.328572,8.585714,88.75715,1.3857143,1.3571427,1.4714286,8.842857,13.214286,0.00059586763,0.0011770427,-7.345365000000001e-25,9.313226e-09,0.0,True
1993-09-13,140.5,13.8,14.3714285,18.914288,10.157144,82.17143,1.3714285,1.3142856,1.8000001,9.114285,15.485714,0.00027228892,0.0011591613,-7.345365000000001e-25,7.450581e-09,0.0,True
1993-09-20,140.51,5.5,11.657143,16.87143,7.5,75.82857,1.4142858,1.3000001,1.9714286,9.328571,12.942857,0.00013108552,0.0011489987,-7.345365000000001e-25,7.450581e-09,0.0,True
1993-09-27,140.53,2.8,15.6,20.642857,11.585714,74.57143,1.4999999,1.2714287,2.2142856,8.957143,16.328571,0.00023679435,0.0011398867,-7.345365000000001e-25,1.1175871e-08,0.0,True
1993-10-04,140.55,4.2,10.785714,15.514287,6.1857147,72.12858,1.1999999,1.0,1.8000001,8.614285,12.014286,2.5056303e-05,0.0011342764,-7.345365000000001e-25,9.313226e-09,0.0,True
1993-10-11,140.57,12.1,13.214286,18.514286,8.771429,78.07143,1.1,0.9285714,1.6142857,8.5,13.342857,0.00014808774,0.0011281893,-7.345365000000001e-25,1.1175871e-08,0.0,True
1993-10-18,140.59,0.9,9.542857,14.685715,5.785714,73.21429,0.9142857,0.7714286,1.5285714,8.6,10.342857,2.6889145e-05,0.0011211857,-7.345365000000001e-25,7.450581e-09,0.0,True
1993-10-25,140.62,30.8,4.7000003,7.228572,1.9857143,85.042854,0.44285718,0.40000004,0.5857143,8.985714,5.6285715,0.00040716678,0.0011161342,-7.345365000000001e-25,1.8626451e-09,0.0,True
1993-11-01,140.67,0.1,4.214286,8.414286,0.78571427,81.92857,0.35714287,0.2857143,0.54285717,9.1,4.4142857,3.9562583e-06,0.0011228994,-7.345365000000001e-25,0.0,0.0,True
1993-11-08,140.72,10.8,4.857143,7.3857145,2.557143,90.614296,0.20000002,0.20000002,0.32857147,8.985714,4.3714285,0.00020871311,0.0011404902,-7.345365000000001e-25,1.8626451e-09,0.0,True
1993-11-15,140.7,18.3,4.214286,6.6857142,2.2428572,86.314285,0.37142855,0.37142855,0.5428571,9.4,4.042857,0.00028157234,0.0011662096,1.974333e-05,1.11777335e-05,0.0010346584,True
1993-11-22,140.72,15.5,-3.2142856,-0.64285713,-5.571429,83.6,0.042857144,0.042857144,0.3,9.828571,0.15714286,2.0712614e-06,0.0012134463,0.005353735,7.4787065e-05,0.01738369,True
1993-11-29,140.76263294870526,2.3999999,-4.2714286,-1.6714287,-7.4857144,83.57143,0.0,0.0,0.27142856,10.142858,-0.057142857,0.0,0.0012803227,0.018139903,0.0,0.0030061342,True
1993-12-06,140.74,3.1,2.4714286,5.057143,-1.4428571,79.17143,0.3,0.3,0.67142856,10.028571,1.9857143,0.00048975646,0.0013474375,0.009791879,0.020727877,0.00012557954,True
1993-12-13,140.76,39.7,4.4857144,6.857143,1.6857144,76.28571,0.8428572,0.8428572,0.95714283,10.414286,2.8285713,0.001315102,0.0014715716,0.0006818658,0.00373316,0.005309809,True
1993-12-20,141.0,22.0,5.071429,8.571428,2.1571429,77.62858,0.61428565,0.61428565,0.94285715,10.542857,3.3857143,0.0014198124,0.0017903745,0.00038912182,0.00189179,0.00088472664,True
1993-12-27,141.02,22.2,1.7,3.757143,-0.014285718,83.38572,0.37142855,0.37142855,0.4857143,10.828571,1.1428572,0.0007329583,0.0023950487,0.007647707,0.0067076683,0.017630659,True
1994-01-03,141.26,26.4,2.7285714,5.585714,0.01428576,80.18572,0.5,0.5,0.5714286,10.45,1.5,0.0013977736,0.003329873,0.0058968123,0.01565127,0.0068843774,True
1994-01-10,141.51,1.6999999,4.785714,7.042857,2.057143,81.12858,0.44285718,0.44285718,0.6857143,10.428572,2.6,0.0004976317,0.0056213066,0.00049247063,0.002960831,2.7045608e-06,True
1994-01-17,141.28,8.3,3.957143,6.6714287,1.7857144,79.37144,0.47142857,0.47142857,0.6857143,10.271428,3.0428572,0.0001609847,0.0066265836,0.000113248825,4.0585175e-05,0.0011407696,True
1994-01-24,141.26,11.499999,2.0714285,4.3142858,-0.88571423,74.1,0.55714285,0.54285717,0.90000004,10.271428,0.51428574,0.00023967773,0.007164791,0.00078306877,0.0009490121,0.00032448396,True
1994-01-31,141.35438656443688,28.7,4.0285716,7.228572,0.87142855,79.557144,0.9714286,0.9714286,1.0,10.742857,2.6571429,0.0012789965,0.007443808,0.0006223633,0.0021509286,0.0026021972,True
1994-02-07,141.48,3.6,1.9142857,4.3,-0.22857143,79.51429,0.47142857,0.44285712,0.6571428,10.2,1.2428571,4.491955e-05,0.008025445,0.00038000516,0.00064547546,0.0009428263,True
1994-02-14,141.4,10.5,-2.3285716,0.58571434,-4.3142858,79.75714,0.21428573,0.2,0.54285717,10.2,-0.114285715,0.00012206286,0.008285873,0.004039787,0.002949573,0.0071221627,True
1994-02-21,141.38,1.5,-4.4857144,0.028571436,-8.457143,62.87143,0.14285715,0.14285715,0.8428572,10.157143,-2.1,1.1220574e-05,0.008295834,0.004006658,0.000439018,0.0019645207,True
1994-02-28,141.36,9.400001,2.3,5.442857,-1.4714286,82.64286,0.4857143,0.4571429,0.7285715,10.271428,0.67142856,0.00030978024,0.00821536,0.0062061436,0.012480544,0.008036841,True
1994-03-07,141.29,21.2,5.214286,8.6285715,1.6285715,76.40001,1.0857142,1.1,1.1285714,10.314285,3.2571428,0.00039871782,0.008091442,0.00014817715,0.0007736571,0.00035293773,True
1994-03-14,141.33,22.099998,7.9714284,11.857142,3.9,73.25715,1.2857143,1.2428571,1.5142858,10.242857,6.7285714,0.00023255497,0.008042328,1.3964517e-06,1.5711412e-05,0.0,True
1994-03-21,141.82,52.8,3.3428571,7.3142858,1.0857142,81.62858,1.1999999,1.1999999,1.1,11.085714,4.0571427,0.0023020953,0.010589339,0.00073557807,0.0029700063,0.0038704947,True
1994-03-28,141.8,13.8,7.014286,11.642858,2.542857,70.87143,1.7857143,1.7714285,1.8000001,10.5,6.8428574,0.00049060583,0.011815548,0.00014393103,0.00089308806,0.00017381087,True
1994-04-04,141.78,5.1,8.942858,14.2,4.7571435,70.200005,1.8714284,1.7428571,2.142857,9.828571,8.857142,0.0001962483,0.012824081,6.7381634e-06,7.041171e-05,0.0,True
1994-04-11,141.77,17.1,4.8142858,9.514285,0.5285714,72.8,1.4285715,1.2428571,1.7142857,9.428572,6.8142858,0.00023116171,0.012553722,4.2841548e-05,0.0001771599,0.00027671084,True
1994-04-18,141.92,39.2,6.114286,9.3714285,2.2428572,83.185715,1.3428571,1.2857143,1.3000001,10.885715,7.571429,0.0017758161,0.012959406,1.4333498e-05,0.000110037625,6.3329935e-08,True
1994-04-25,141.74,0.0,11.7,18.285715,3.9714284,57.97143,3.142857,2.4857142,3.3285713,9.485714,13.728572,5.2154064e-07,0.011872858,-7.345365000000001e-25,1.1175871e-08,0.0,True
1994-05-02,141.62,2.1,12.371429,18.857143,7.1,74.328575,2.4428573,1.9285715,2.6571429,8.414286,15.085714,6.446242e-05,0.01118058,-7.345365000000001e-25,7.450581e-09,0.0,True
1994-05-09,141.57,10.3,12.142858,17.885715,5.4428573,61.24286,3.4714284,2.557143,3.442857,7.614286,14.714286,0.00012873113,0.0102993995,-7.345365000000001e-25,3.7252903e-09,0.0,True
1994-05-16,141.51,2.3,14.77143,20.928572,8.171429,65.34286,3.6142857,2.0285714,3.6857142,6.757143,17.657143,9.5680356e-05,0.009260386,-7.345365000000001e-25,7.450581e-09,0.0,True
1994-05-23,141.46,31.8,14.042857,18.985716,9.714286,77.12858,2.5285716,1.9571428,2.7857144,8.014286,16.185715,0.0007916242,0.00825163,-7.345365000000001e-25,1.1175871e-08,0.0,True
1994-05-30,141.38979865899424,21.3,12.800001,16.928572,8.428572,76.1,2.2142856,2.042857,2.5285716,9.114285,16.171429,0.0010692924,0.0075440705,-7.345365000000001e-25,0.0,0.0,False
1994-06-06,141.43,22.699999,14.285714,19.357143,8.914286,66.48572,3.3142855,2.857143,3.642857,8.6285715,16.557142,0.00018793344,0.0069947764,-7.345365000000001e-25,3.7252903e-09,0.0,True
1994-06-13,141.39,5.3,14.257143,20.042858,8.1285715,73.58572,2.6285713,2.2,3.1571429,8.242857,16.72857,0.00010126829,0.0064941645,-7.345365000000001e-25,3.7252903e-09,0.0,True
1994-06-20,141.34,3.8000002,14.614286,19.585714,10.071428,70.200005,3.1857145,2.5000002,3.457143,7.6857142,17.22857,7.1540475e-05,0.0060047507,-7.345365000000001e-25,3.7252903e-09,0.0,True
1994-06-27,141.36,0.0,19.800001,25.914288,11.900001,58.642857,4.771428,2.4857142,5.0142856,6.542857,22.457144,8.702278e-06,0.0054728165,-7.345365000000001e-25,1.1175871e-08,0.0,True
1994-07-04,141.2,0.0,22.514286,29.67143,14.67143,58.457146,5.2571425,1.4714286,5.5285716,5.542857,25.7,0.00012528896,0.00487905,-7.345365000000001e-25,7.450581e-09,0.0,True
1994-07-11,141.12,9.3,18.6,24.114286,13.557143,74.6,3.5142858,2.085714,3.642857,5.9857144,22.057142,0.00013837218,0.0043617263,-7.345365000000001e-25,1.4901161e-08,0.0,True
1994-07-18,141.0,14.400001,22.128572,28.857143,14.885715,66.814285,4.6285715,2.5857143,4.7999997,5.4428573,25.342857,6.1526895e-05,0.0039067566,-7.345365000000001e-25,1.4901161e-08,0.0,True
1994-07-25,140.87,0.0,22.585714,29.4,13.542857,50.37143,5.571429,1.2714285,5.6285715,5.2,24.7,5.9604645e-07,0.003481552,-7.345365000000001e-25,7.450581e-09,0.0,True
1994-08-01,140.8,0.0,26.828571,35.54286,18.514286,48.600002,5.3285713,0.78571427,5.9714284,4.7714286,28.014286,4.246831e-06,0.0030505955,-7.345365000000001e-25,7.450581e-09,0.0,True
1994-08-08,140.72,3.6999998,23.028574,29.457144,16.485716,61.92857,4.2714286,0.6857143,4.4857144,4.542857,26.77143,9.983778e-06,0.0026652068,-7.345365000000001e-25,7.450581e-09,0.0,True
1994-08-15,140.91,55.399998,17.757143,22.385714,13.6285715,72.11429,2.742857,1.6999999,3.1571429,6.0285716,20.071428,0.005376205,0.0023891479,-7.345365000000001e-25,1.1175871e-08,0.0,True
1994-08-22,140.83,24.8,16.085714,21.557144,11.014287,70.77143,2.6714284,2.3142855,3.0857143,7.042857,18.142857,0.00036396086,0.0021987408,-7.345365000000001e-25,1.1175871e-08,0.0,True
1994-08-29,140.86767365807574,36.7,16.628572,22.085714,12.814286,81.6,2.1428573,1.9714286,2.5285716,8.214286,18.814285,0.00064976513,0.0020468533,-7.345365000000001e-25,7.450581e-09,0.0,True
1994-09-05,140.99,30.2,16.47143,21.585714,11.785714,78.12858,2.0428572,1.8857143,2.5571427,9.342857,18.8,0.0023250282,0.0019361153,-7.345365000000001e-25,7.450581e-09,0.0,True
1994-09-12,140.95,22.9,15.085715,19.285715,11.3714285,75.02857,1.7714285,1.7428571,2.5142858,10.042857,16.185715,0.00032238662,0.0018592104,-7.345365000000001e-25,1.1175871e-08,0.0,True
1994-09-19,140.92,3.8999999,13.314286,16.714285,10.8,77.35714,1.3285714,1.2857143,2.0142858,9.842857,14.5,0.00012989342,0.001803562,-7.345365000000001e-25,7.450581e-09,0.0,True
1994-09-26,140.89,0.7,13.357142,18.614286,8.142858,84.78571,1.1428572,0.9428571,1.5857143,9.442857,14.342857,5.6773424e-06,0.0017621219,-7.345365000000001e-25,9.313226e-09,0.0,True
1994-10-03,140.84,13.5,13.057143,17.37143,9.5,82.02857,0.95714283,0.8000001,1.4285715,9.142858,13.9,7.626414e-05,0.0017196834,-7.345365000000001e-25,7.450581e-09,0.0,True
1994-10-10,140.8,1.3000001,5.071429,10.271429,1.4714286,80.85714,0.8,0.71428573,1.0,9.4,7.357143,7.7575445e-05,0.0016850606,-7.345365000000001e-25,9.872019e-08,9.872019e-08,True
1994-10-17,140.76,0.1,7.1714287,12.742858,2.9857144,83.91429,0.71428573,0.55714285,0.94285715,9.1285715,8.828571,1.2755394e-05,0.0016502365,-7.345365000000001e-25,9.313226e-09,0.0,True
1994-10-24,140.72,3.8,6.785714,11.157143,2.557143,68.98572,0.9714286,0.75714284,1.5142858,8.842857,6.742857,5.401671e-05,0.0016152933,-7.345365000000001e-25,0.0,0.0,True
1994-10-31,140.65777473694288,11.9,10.314285,13.414286,6.7285714,76.85714,0.94285715,0.88571435,1.3000001,8.671429,8.785714,0.00016143918,0.001581803,-7.345365000000001e-25,7.450581e-09,0.0,False
1994-11-07,140.71,0.0,8.642858,13.17143,5.2571425,70.37143,0.8428572,0.7285714,1.3142856,8.828571,7.5571427,7.972121e-06,0.0015496239,-7.345365000000001e-25,3.7252903e-09,0.0,True
1994-11-14,140.69,12.7,4.9000006,7.285714,2.3,82.200005,0.31428573,0.25714284,0.67142856,8.685715,5.0,6.0021877e-05,0.0015210584,1.345362e-06,5.1110983e-06,5.494803e-06,True
1994-11-21,140.73,23.1,7.428571,10.514287,5.085714,83.25714,0.7714285,0.7714285,0.71428573,9.614285,6.885714,0.00038325787,0.0014974624,-7.345365000000001e-25,5.0105155e-07,0.0,True
1994-11-28,140.77,15.400001,5.871429,8.285714,3.1857145,90.042854,0.32857147,0.32857147,0.34285715,10.085714,5.285714,0.0002438873,0.001482591,-7.345365000000001e-25,1.8626451e-09,0.0,True
1994-12-05,140.79,10.9,3.3999999,5.6857147,1.1714287,86.21429,0.22857141,0.22857141,0.42857143,10.214286,2.8714285,0.00013418496,0.0014797598,8.628482e-07,1.8365681e-06,1.9334257e-06,True
1994-12-12,140.83,20.3,6.557143,9.242858,2.9,77.54286,0.7142858,0.7,0.9142857,10.285714,4.7,0.00029940903,0.0014922023,-7.345365000000001e-25,7.264316e-08,0.0,True
1994-12-19,140.9,8.1,1.9714288,4.7714286,0.04285716,80.457146,0.37142858,0.37142858,0.55714285,10.514286,1.9142857,0.0002514571,0.001546979,0.0013891743,0.001286,0.0030958727,True
1994-12-26,140.98,4.2,-0.5714286,0.65714294,-2.0285716,87.90001,0.071428575,0.071428575,0.34285715,10.271428,0.12857144,3.950298e-05,0.0016599372,0.0030008384,0.00047350302,0.0033302605,True
1995-01-02,140.98,23.7,5.928571,8.485715,3.4,79.12858,0.82,0.82,0.9714286,10.64,4.64,0.0005382672,0.001804933,0.0010107813,0.0045632906,0.006518632,True
1995-01-09,141.01,9.799999,-5.9,-3.5142858,-8.771429,85.957146,0.014285714,0.014285714,0.17142858,10.4,-0.057142857,2.2351742e-07,0.0020408183,0.008634329,0.0,0.0046895705,True
1995-01-16,141.02,7.9,0.18571427,1.6999999,-2.4285715,82.957146,0.34285715,0.34285715,0.5142857,10.457143,0.057142857,0.00025206804,0.0022552013,0.014026557,0.00767445,0.009347457,True
1995-01-23,141.02,9.2,0.8,3.357143,-1.4428571,76.07143,0.5428571,0.5142857,0.9714286,10.228572,0.3857143,0.0008702576,0.0024712533,0.011183585,0.014794413,0.0067399032,True
1995-01-30,141.1786765693641,22.7,4.7428575,8.757143,1.4857142,79.0,0.90000004,0.88571423,1.1,10.428572,3.0857143,0.0010786057,0.0029991418,0.0020632516,0.011001041,0.009545043,False
1995-02-06,141.26,8.5,4.3714285,6.7999997,0.6,77.35714,0.68571424,0.68571424,0.9714286,10.414286,2.5,0.000180915,0.003970206,0.00026820955,0.00086396,0.00030870736,True
1995-02-13,141.28,21.4,4.285714,7.7000003,0.88571423,75.828575,0.84285724,0.88571423,1.0,10.528571,3.3142858,0.00036862493,0.0050114766,0.0019973118,0.0048386455,0.0049246326,True
1995-02-20,141.32,11.299999,6.2571435,9.785714,3.557143,72.58572,1.2714285,1.2714285,1.3714286,10.214286,4.885714,0.00032492727,0.00576438,1.0325795e-05,9.798631e-05,0.0,True
1995-02-27,141.3,14.5,4.2428575,8.1285715,0.9285714,75.34286,1.042857,1.0142857,1.1857144,9.985714,4.0,0.00012929738,0.006326787,0.00011281172,0.00017767213,0.0012045987,True
1995-03-06,141.26,1.4,5.3428574,9.328572,1.457143,69.457146,1.2,1.1285714,1.4571428,9.914286,4.3428574,9.718537e-05,0.00659734,0.00024885224,0.0017208718,0.0010771602,True
1995-03-13,141.28,0.1,3.0285716,8.514286,-1.4571428,71.98572,1.2142857,0.9714285,1.2714285,9.442857,4.0571427,9.998679e-06,0.0065978393,0.000118374825,0.0002974104,0.00014606118,True
1995-03-20,141.22,7.2,2.9285715,6.5285716,-0.81428576,75.02857,1.1428572,1.0428572,1.4714286,9.214286,2.8857143,0.00016822666,0.006496735,0.00044515586,0.0011904538,0.0011655092,True
1995-03-27,141.2,15.1,5.2571425,10.328572,1.1857144,69.15714,1.8714285,1.7142856,1.8428571,9.042857,5.4714284,0.0005097389,0.006343685,0.00067614374,0.0036758166,0.004600201,True
1995-04-03,141.16,8.5,5.285714,9.0,1.0142858,75.14286,1.5285714,1.442857,1.6571429,9.442857,4.7,0.00033962727,0.006197661,0.0025766124,0.0072136484,0.0067506097,True
1995-04-10,141.14,12.700001,6.1285715,10.342857,2.6714287,73.25714,1.7285715,1.6142857,1.8571428,9.171429,7.3,0.00027151406,0.006084509,7.1167946e-05,0.00028986856,0.0006801039,True
1995-04-17,141.14,27.4,4.7428575,8.242857,1.4,86.48572,1.0142857,0.94285715,1.0142857,9.442857,5.7,0.0008378625,0.006026298,0.00018549533,0.0011217054,0.0007992238,True
1995-04-24,141.15,4.4,12.814286,17.742857,6.714286,66.21429,3.1000001,2.7142856,3.2,9.671429,11.714286,0.00017935038,0.006353602,5.9774943e-06,8.662045e-05,0.0,True
1995-05-01,141.12,7.5,10.785714,15.971429,5.9428573,69.91429,2.542857,2.1000001,2.5285716,8.514286,13.785714,0.00020936131,0.006577082,-7.345365000000001e-25,3.7252903e-09,0.0,True
1995-05-08,141.04,1.5,13.242857,19.557142,5.1857147,60.82857,3.514286,2.6000001,3.6142857,7.6571426,16.4,5.7205558e-05,0.0063887686,-7.345365000000001e-25,3.7252903e-09,0.0,True
1995-05-15,141.54,81.6,8.400001,12.300001,4.657143,78.68572,1.9142858,1.8000001,1.9285715,8.4,11.142858,0.0034698248,0.007047765,-7.345365000000001e-25,0.0,0.0,True
1995-05-22,141.34,7.6,10.8,16.128572,5.228572,65.92857,2.5571425,2.2428572,3.0,9.185715,13.6,0.00036291033,0.006008029,-7.345365000000001e-25,0.0,0.0,True
1995-05-29,141.2280554919944,0.0,18.571428,25.328571,9.428572,58.17143,4.528571,3.357143,4.7000003,7.9428573,21.242857,1.7374754e-05,0.0057951584,-7.345365000000001e-25,7.450581e-09,0.0,True
1995-06-05,141.32,49.5,14.514287,18.928572,10.557143,82.85714,2.142857,2.0142856,2.542857,9.085714,18.571428,0.0042935163,0.007141091,-7.345365000000001e-25,7.450581e-09,0.0,True
1995-06-12,141.67,64.0,13.0,15.971429,10.042857,85.82857,1.5857142,1.557143,1.9571428,9.971429,16.357143,0.0013662577,0.0056390166,-7.345365000000001e-25,3.7252903e-09,0.0,True
1995-06-19,142.0,37.0,13.871429,18.27143,9.842857,78.88572,2.6571426,2.5571427,2.9285715,10.528571,16.457144,0.002539292,0.009071708,-7.345365000000001e-25,1.1175871e-08,0.0,True
1995-06-26,141.67,10.7,16.028572,21.242857,11.400001,78.042854,2.8999999,2.6571426,3.0142858,9.542857,18.742857,0.00023683906,0.008384481,-7.345365000000001e-25,1.8626451e-08,0.0,True
1995-07-03,141.46,11.6,19.328571,25.5,11.585715,63.18572,4.6,3.6428568,4.9,8.328571,22.714285,5.826354e-06,0.008302487,-7.345365000000001e-25,7.450581e-09,0.0,True
1995-07-10,141.3,0.0,20.557144,26.714285,13.257143,59.357143,4.557143,3.0,5.085714,7.3428574,23.9,1.2099743e-05,0.0077983513,-7.345365000000001e-25,7.450581e-09,0.0,True
1995-07-17,141.28,14.3,21.685715,28.057144,16.385715,72.01429,3.857143,2.3428571,4.4428573,6.6285715,25.414286,0.00016951561,0.0071291327,-7.345365000000001e-25,1.1175871e-08,0.0,True
1995-07-24,141.26,20.6,20.614286,26.685715,14.685715,66.77143,3.9285715,2.6571429,4.4857144,6.257143,24.114286,0.00022639334,0.0065010414,-7.345365000000001e-25,1.4901161e-08,0.0,True
1995-07-31,141.08345483321403,0.0,21.457144,28.52857,13.057143,57.31429,4.8857145,1.1571429,5.057143,5.6857142,24.571428,2.9802322e-08,0.0058282837,-7.345365000000001e-25,3.7252903e-09,0.0,False
1995-08-07,140.96,0.0,20.942858,27.800001,13.042857,56.714287,4.257143,0.6571428,4.8142858,5.3,24.442858,9.179115e-06,0.005159989,-7.345365000000001e-25,1.1175871e-08,0.0,True
1995-08-14,141.0,15.599999,20.257143,27.428572,12.157144,52.542854,4.142857,0.61428577,4.428571,5.1857142,23.7,7.57128e-05,0.0045526624,-7.345365000000001e-25,7.450581e-09,0.0,True
1995-08-21,141.02,7.4,19.885714,26.957144,13.2,68.8,3.1857145,1.057143,3.5,5.3,22.214285,3.5479665e-05,0.0040572286,-7.345365000000001e-25,1.1175871e-08,0.0,True
1995-08-28,140.96,34.0,18.328571,23.685715,14.185715,72.957146,2.7714286,1.0428572,3.2714286,5.3428574,20.9,0.00015597045,0.0036161467,-7.345365000000001e-25,1.3038516e-08,0.0,True
1995-09-04,141.03,61.7,11.971429,15.271429,9.314285,82.94286,1.5714285,1.4428571,1.8142856,8.185715,13.485714,0.0064415485,0.003516592,-7.345365000000001e-25,7.450581e-09,0.0,True
1995-09-11,141.02,1.3,15.871429,21.27143,11.400001,70.571434,2.0571427,1.7285715,2.7857144,8.5,17.0,8.946657e-05,0.003108196,-7.345365000000001e-25,1.1175871e-08,0.0,True
1995-09-18,141.06,5.6000004,14.971429,20.442858,11.242857,78.84286,1.557143,1.2428571,2.0714285,7.9,17.528572,0.00015856326,0.002935879,-7.345365000000001e-25,3.7252903e-09,0.0,True
1995-09-25,141.04,28.4,12.785714,17.5,9.314286,83.62858,1.1285715,1.0,1.4428571,8.157143,14.228572,0.0004056841,0.0027967095,-7.345365000000001e-25,5.5879354e-09,0.0,True
1995-10-02,141.06,40.3,9.814286,13.871429,6.6571426,79.6,1.1142857,1.0857143,1.5,9.3,10.542857,0.0007146001,0.0026871264,-7.345365000000001e-25,7.450581e-09,0.0,True
1995-10-09,141.05,0.0,15.614286,20.34286,11.571428,80.94286,1.1714286,0.9714285,1.6285714,9.228572,15.585714,1.5541911e-05,0.0026074573,-7.345365000000001e-25,7.450581e-09,0.0,True
1995-10-16,141.0,0.0,13.614286,17.7,10.3,84.85714,0.6857143,0.5142857,1.0714285,8.842857,14.442857,1.1593103e-05,0.0025396422,-7.345365000000001e-25,3.7252903e-09,0.0,True
1995-10-23,140.96,1.6,9.414286,13.342857,5.7714286,77.971436,0.71428573,0.59999996,1.1428572,8.6285715,10.257143,2.1398067e-05,0.002480112,-7.345365000000001e-25,5.5879354e-09,0.0,True
1995-10-30,141.00311561168678,9.0,10.085715,13.5,6.828572,76.37144,0.74285716,0.5857143,1.2571429,8.442857,9.728572,0.00022369623,0.0024173483,-7.345365000000001e-25,1.8626451e-09,0.0,True
1995-11-06,140.99,38.100002,2.9,5.7714286,0.4,87.27143,0.5,0.45714286,0.4857143,9.342857,4.2285714,0.00062288344,0.0023697242,0.0029314985,0.0034063123,0.013638662,True
1995-11-13,141.03,5.3,3.4428573,5.9428573,0.6571428,85.65714,0.31428573,0.31428573,0.42857143,9.7,3.357143,0.00046169758,0.0023767427,0.0028041317,0.0100702625,4.5605004e-05,True
1995-11-20,141.14,24.400002,3.542857,6.228572,0.95714295,84.68572,0.44285718,0.4285714,0.5857143,9.885715,3.6,0.0002991855,0.0025006384,0.0026242733,0.001266703,0.013529811,True
1995-11-27,141.16,0.3,-0.4428572,2.3428571,-2.8285716,82.68572,0.14285715,0.12857142,0.44285718,10.085714,0.2857143,0.00017496943,0.0026994124,0.0074320976,0.007854216,1.8924475e-06,True
1995-12-04,141.13,4.5,-1.0428572,0.12857144,-2.3428574,88.21429,0.014285714,0.014285714,0.2857143,9.9,-0.34285715,3.4078956e-05,0.0029503033,0.00340141,0.00094043836,0.0012049302,True
1995-12-11,141.12,10.9,-1.6285714,-0.08571427,-3.9428573,86.75715,0.028571429,0.028571429,0.3285714,10.057143,-0.95714283,7.3835254e-05,0.0031666532,0.006555495,0.0012495238,0.0067494176,True
1995-12-18,141.1,4.3,-2.0,-0.7285715,-3.357143,87.64286,0.014285714,0.014285714,0.32857147,10.185715,-0.4857143,4.4107437e-06,0.0033174306,0.012785952,4.1978434e-05,0.006965466,True
1995-12-25,141.1,21.4,0.4285714,3.5857143,-2.357143,88.07143,0.15714286,0.15714286,0.35714287,10.6,-0.08571429,0.0026223212,0.003877245,0.0121771945,0.021962259,0.009968165,True
1996-01-01,141.08,0.6,-6.3428574,-3.2571428,-8.8,77.48572,0.0,0.0,0.31428573,10.45,-2.5833333,9.685755e-07,0.004085228,0.003990321,0.0,0.0006499328,True
1996-01-08,141.06,0.8,-3.8,-2.0,-6.3,83.3,0.042857144,0.042857144,0.37142855,10.285714,-3.3428571,4.8570335e-05,0.0046494827,0.0045982087,0.00039621443,0.001432471,True
1996-01-15,141.01,0.0,1.4285715,4.2,-0.7,87.04286,0.17142858,0.15714286,0.24285714,10.157143,-0.47142857,7.917732e-05,0.004920453,0.0023762952,0.0036748033,2.2351742e-08,True
1996-01-22,140.99,0.3,-5.1714287,-2.2571428,-7.2999997,86.24286,0.0,0.0,0.22857143,10.1,-3.3428571,9.834766e-07,0.005023226,0.0010264715,4.0911138e-05,0.00059092045,True
1996-01-29,140.93198230540733,2.9,-9.17143,-6.5,-11.67143,75.5,0.0,0.0,0.44285712,10.057143,-7.257143,2.3841858e-07,0.0050407946,0.0024489334,0.0,0.0036248788,True
1996-02-05,140.85,3.1000001,-5.2571435,-1.4285715,-8.685714,79.14286,0.014285714,0.014285714,0.42857143,10.085714,-4.0285716,5.9604645e-07,0.005019851,0.0049468735,0.0,0.0046596006,True
1996-02-12,140.8,0.7,-8.228572,-3.4857142,-12.857142,70.9,0.12857142,0.114285715,0.55714285,10.071428,-5.285714,1.9878149e-05,0.004976742,0.007685037,0.0008975528,0.00095225126,True
1996-02-19,140.78,24.7,0.5714286,2.6571429,-1.557143,84.28571,0.47142857,0.47142857,0.64285713,10.3714285,-0.014285714,0.0009564087,0.0049145967,0.010732066,0.013392238,0.015885964,True
1996-02-26,140.79,2.2,-2.4857142,0.4857143,-5.5285716,74.90001,0.37142855,0.34285715,0.82857144,10.342857,-0.22857143,9.794533e-05,0.0049074814,0.010832463,0.0040756334,0.0056061298,True
1996-03-04,140.79,2.7,-0.8142857,2.8714287,-2.8428574,78.64286,0.44285712,0.39999995,0.8,10.0,0.2,0.00010573864,0.0049857646,0.007645289,0.004053697,0.010664225,True
1996-03-11,140.82,3.7,-1.7,1.4142858,-4.9,74.34286,0.62857145,0.5285715,1.0142857,9.857142,-0.08571429,2.9630959e-05,0.00507167,0.01228769,0.0012170039,0.004699096,True
1996-03-18,140.77,0.6,-0.8142857,1.5857143,-3.3142858,84.64286,0.42857143,0.34285715,0.7428571,9.7,-0.08571429,0.00022393465,0.0050988793,0.009821477,0.010415135,0.0035531968,True
1996-03-25,140.78,7.2,3.457143,8.942858,-0.5857143,79.04286,1.0857142,0.91428566,1.1999999,9.442857,3.0142858,0.00028048456,0.005071394,0.0007927702,0.0029866546,2.0861626e-06,True
1996-04-01,141.04,12.7,0.8000001,5.1285715,-3.0142858,72.957146,1.2714285,1.1571428,1.3428571,9.428572,2.4142857,0.00014796853,0.005073443,0.0011189211,0.0017214734,0.0052904375,True
1996-04-08,141.06,6.2,4.457143,9.014286,-0.61428577,78.17143,1.3714286,1.1571429,1.4857142,9.3,4.8714285,0.00020423532,0.005091734,0.0030838023,0.009184349,0.006174784,True
1996-04-15,141.07,9.3,4.457143,9.5,-0.41428572,72.61429,1.6428572,1.3714286,1.7857143,8.928572,6.3428574,0.00024035573,0.0050415546,0.0019975787,0.0060834736,0.008010928,True
1996-04-22,141.02,0.0,14.085715,21.800001,4.571429,42.028572,3.9857144,2.8142855,4.0,7.9714284,13.571428,2.861023e-05,0.004937604,0.00023840723,0.0014602076,0.0,True
1996-04-29,141.00061999952888,10.1,13.528572,19.52857,7.8285713,63.8,2.9857142,1.9142857,3.1285713,6.9142857,15.428572,7.869303e-05,0.004793927,-7.345365000000001e-25,1.8626451e-08,0.0,False
1996-05-06,140.98,27.5,10.242858,15.828572,5.471429,79.814285,2.1857142,1.6,2.2571428,7.1714287,13.3,0.0010906607,0.00463672,-7.345365000000001e-25,0.0,0.0,True
1996-05-13,141.1,9.4,8.771429,11.014285,6.285714,89.14286,1.1,0.95714295,1.3000001,7.957143,10.4,0.00015290082,0.004499413,-7.345365000000001e-25,7.450581e-09,0.0,True
1996-05-20,141.03,44.1,13.242858,17.314287,9.785714,83.51429,2.0714285,1.9285715,2.3285713,8.385715,15.328571,0.0033554435,0.004375875,-7.345365000000001e-25,7.450581e-09,0.0,True
1996-05-27,141.33,8.9,13.085715,18.142859,8.485715,76.17143,2.7,2.542857,2.8999999,8.671429,14.842857,0.0007354319,0.0042371824,-7.345365000000001e-25,7.450581e-09,0.0,True
1996-06-03,141.18,13.0,15.514287,21.057144,9.900001,70.75715,3.2,2.7142856,3.4714284,8.5,17.557142,0.00036253035,0.0041059554,-7.345365000000001e-25,0.0,0.0,True
1996-06-10,141.09,4.7,20.928572,27.357143,13.785714,64.98572,4.4714284,3.4714286,4.942857,7.785714,23.457144,5.5998564e-05,0.003951527,-7.345365000000001e-25,7.450581e-09,0.0,True
1996-06-17,140.91,0.3,16.671429,22.485716,10.528572,67.057144,3.8714283,2.585714,4.0571427,6.614286,21.285715,9.034574e-05,0.0037584007,-7.345365000000001e-25,0.0,0.0,True
1996-06-24,140.83,7.2,12.6,16.2,10.157143,78.47143,2.2857144,1.5142857,2.357143,6.042857,15.9,0.00017172098,0.0035790503,-7.345365000000001e-25,3.7252903e-09,0.0,True
1996-07-01,140.7,12.6,14.8,19.514286,10.285714,74.02857,2.7714286,1.7285713,3.0142858,6.0571427,17.057142,0.00014354289,0.0034218207,-7.345365000000001e-25,1.4901161e-08,0.0,True
1996-07-08,140.95,60.9,16.328571,21.542858,11.528572,74.1,3.0857143,2.3428571,3.2285714,6.4714284,18.27143,0.0045815557,0.0039228946,-7.345365000000001e-25,1.1175871e-08,0.0,True
1996-07-15,140.87,17.0,16.171429,19.928572,12.642858,80.0,2.7714288,2.5571427,2.9142857,8.757143,17.9,0.0010809451,0.0034401268,-7.345365000000001e-25,1.4901161e-08,0.0,True
1996-07-22,140.78,1.9000001,14.099999,19.814285,7.957143,69.34286,3.114286,2.5285716,3.3999999,7.785714,18.985714,4.2423606e-05,0.0031357855,-7.345365000000001e-25,3.7252903e-09,0.0,True
1996-07-29,140.80959497619284,32.6,17.957144,23.042858,12.871429,76.01429,2.9571426,2.5714285,3.2714286,7.9714284,20.671429,0.00037139654,0.0030733198,-7.345365000000001e-25,1.4901161e-08,0.0,True
1996-08-05,140.81,5.6,17.328571,22.628572,12.614286,75.51428,2.7,2.1857142,3.0571427,7.5857143,21.257143,7.688999e-05,0.0029983297,-7.345365000000001e-25,9.313226e-09,0.0,True
1996-08-12,140.8,4.9,18.428572,24.128572,13.071428,71.02857,3.114286,2.3285716,3.3857143,6.9,21.185715,0.00013943017,0.0029041618,-7.345365000000001e-25,1.1175871e-08,0.0,True
1996-08-19,140.82,10.400001,17.0,22.414288,13.042857,84.57143,2.142857,1.8857144,2.5142858,7.5142856,19.314285,0.00029619038,0.0028145388,-7.345365000000001e-25,0.0,0.0,True
1996-08-26,140.76,22.3,19.442858,27.228573,13.3714285,69.35714,3.1142857,2.357143,3.5857143,7.0,21.7,0.0003683418,0.0027120337,-7.345365000000001e-25,7.450581e-09,0.0,True
1996-09-02,140.74,10.400001,15.385715,20.314285,11.414286,78.02857,1.7142857,1.3857143,2.1857142,7.285714,17.485714,0.00022356957,0.0026239157,-7.345365000000001e-25,9.313226e-09,0.0,True
1996-09-09,140.73,17.2,11.942858,16.728573,8.742857,82.6,1.5428572,1.3571428,1.8428571,7.242857,14.4,0.00034344196,0.0025576577,-7.345365000000001e-25,7.450581e-09,0.0,True
1996-09-16,140.72,13.299999,10.357142,14.257143,7.614286,82.71429,1.1999999,1.1142857,1.5285714,7.714286,11.914286,0.00026601553,0.0025156364,-7.345365000000001e-25,1.8626451e-09,0.0,True
1996-09-23,140.73,4.6,8.771429,12.17143,6.2285714,84.42857,0.9714286,0.78571427,1.2285715,7.6857142,10.442857,5.9328973e-05,0.002489671,-7.345365000000001e-25,7.450581e-09,0.0,True
1996-09-30,140.68871771894732,18.2,10.685715,13.814286,7.571429,88.1,0.7714286,0.71428573,1.0285714,7.8714285,11.057143,0.00028324127,0.0024789572,-7.345365000000001e-25,5.5879354e-09,0.0,True
1996-10-07,140.71,9.2,11.17143,15.557143,8.142858,83.68572,0.9142857,0.8428572,1.2428571,7.957143,11.828571,0.00012667477,0.002479963,-7.345365000000001e-25,3.7252903e-09,0.0,True
1996-10-14,140.71,1.0,10.814286,15.914287,7.0428576,84.0,0.7714286,0.62857145,1.0142857,7.8428574,11.642858,4.3019652e-05,0.002489768,-7.345365000000001e-25,3.7252903e-09,0.0,True
1996-10-21,140.68,17.0,10.842857,14.900001,7.785714,88.12858,0.5857143,0.5142857,0.78571427,8.1285715,11.014286,0.0003118515,0.0024916828,-7.345365000000001e-25,5.5879354e-09,0.0,True
1996-10-28,140.69,8.0,7.971429,11.471429,4.6,84.8,0.61428577,0.5714286,0.7571429,8.485714,7.7714286,0.00024189055,0.0025175437,-7.345365000000001e-25,7.450581e-09,0.0,True
1996-11-04,140.7,9.6,10.357142,13.042857,7.957143,77.65714,0.9571429,0.9285715,1.2714285,8.742857,9.014286,0.00015899539,0.0025858283,-7.345365000000001e-25,1.3038516e-08,0.0,True
1996-11-11,140.69,7.2,7.8857145,11.585715,4.642857,77.77143,0.7428571,0.7285714,1.0142857,8.828571,6.9428573,0.00024563074,0.0026820675,-7.345365000000001e-25,1.8626451e-09,0.0,True
1996-11-18,140.7,9.7,5.6714287,7.9857144,3.6000001,92.200005,0.22857144,0.21428573,0.3857143,8.957143,5.4,0.00013716519,0.0028150305,7.947286e-07,3.585592e-06,3.6172569e-06,True
1996-11-25,140.68,2.8,1.8571428,4.9714284,-0.34285715,79.6,0.34285712,0.31428573,0.67142856,9.057143,1.8571428,3.530085e-05,0.0029635206,0.00035148006,0.000106291845,0.0016328953,True
1996-12-02,140.7,21.0,0.71428573,1.9428571,-0.8,90.25715,0.21428572,0.21428572,0.2857143,9.357142,0.3857143,0.00021961331,0.0030835122,0.0069235847,0.005615998,0.012170516,True
1996-12-09,140.72,0.0,1.0428572,3.3714287,-0.45714286,81.185715,0.22857143,0.21428573,0.4857143,9.657143,0.7714286,0.00014680624,0.003198199,0.0039444934,0.004591994,0.00029025227,True
1996-12-16,140.74,7.4,0.114285715,2.542857,-2.8857143,86.62858,0.11428572,0.11428572,0.2857143,9.528571,-0.08571429,0.00014246255,0.0033554211,0.0042128335,0.0031069368,0.0055579804,True
1996-12-23,140.76,12.700001,-4.2428575,-0.85714287,-7.2000003,85.88572,0.057142857,0.057142857,0.27142859,9.8714285,-0.94285715,0.00015248358,0.003502205,0.008602546,0.002900036,0.010097187,True
1996-12-30,140.73187810806144,0.3,-11.971429,-7.8,-15.871429,82.67143,0.0,0.0,0.114285715,9.814285,-4.114286,2.9802322e-08,0.0036752298,0.011427619,0.0,0.0008328743,True
1997-01-06,140.72,4.8,-10.342857,-8.042857,-13.5,87.35714,0.0,0.0,0.17142858,9.7,-4.8,1.0281801e-06,0.0038060322,0.012528641,0.0,0.0040347874,True
1997-01-13,140.68,0.70000005,-4.4857144,-2.6285713,-6.2428575,87.85714,0.014285714,0.014285714,0.21428572,9.714286,-2.6285715,0.0,0.0038629249,0.015180571,0.0,0.0014561266,True
1997-01-20,140.66,4.7000003,-1.8285714,1.8285714,-4.6142855,82.71429,0.18571429,0.15714286,0.34285715,9.671429,-1.4142857,0.0001628846,0.0038681105,0.013225561,0.004923485,0.0022737384,True
1997-01-27,140.62,0.5,0.042857137,2.4428573,-1.7,83.67143,0.3,0.25714284,0.42857143,9.642858,-0.3857143,0.00020822883,0.0038585216,0.00850703,0.0069539286,0.00030991435,True
1997-02-03,140.68,4.0,-0.64285713,1.7571429,-3.2428572,86.01429,0.24285714,0.22857143,0.37142858,9.585714,-0.64285713,0.00021278113,0.003867589,0.003892291,0.0034751948,0.0013352819,True
1997-02-10,140.7,9.200001,3.7571428,6.828572,0.6571428,79.200005,0.7571429,0.64285713,0.8142857,9.571428,0.71428573,0.00025705993,0.003952585,0.0019438608,0.004063133,0.0013127364,True
1997-02-17,140.81,14.6,3.0,6.4428573,0.3142857,77.0,0.88571423,0.87142855,0.9571429,9.728572,1.8142858,0.0004633367,0.004169598,0.0007197573,0.0003257729,0.0026878528,True
1997-02-24,140.84,11.7,6.2571435,9.528571,2.1428573,76.17143,1.2428571,1.1857141,1.2571429,9.885715,3.5142858,0.0007251799,0.0046875775,0.00074816885,0.003490558,0.001258757,True
1997-03-03,140.94,8.5,8.2,13.171428,4.1428576,67.14286,1.7857143,1.642857,1.8857143,9.771428,6.8,0.00022651255,0.005307384,1.9300552e-07,4.1238964e-06,0.0,True
1997-03-10,140.92,0.2,5.6285715,12.457144,-0.17142856,75.3,1.1571428,0.9142857,1.0714285,9.3,6.357143,5.275011e-06,0.0056837127,-7.345365000000001e-25,0.0,0.0,True
1997-03-17,140.88,12.0,5.8285713,10.17143,3.0571427,81.42857,1.0285714,0.85714287,1.1,8.971429,6.6,0.00019182265,0.005741693,0.0006526141,0.0003313925,0.0053065494,True
1997-03-24,140.86,12.5,0.82857144,4.428571,-2.857143,77.27143,0.9428571,0.85714287,1.0285714,9.542857,2.7571428,0.00045388937,0.005715862,0.0036621832,0.0071646404,0.0048470125,True
1997-03-31,140.85153896067152,10.8,5.928571,10.6285715,2.0428574,72.828575,1.8571428,1.6571429,1.8285714,9.285714,6.3142858,0.00024437904,0.0057618394,0.000539791,0.0026173294,0.0002702549,True
1997-04-07,140.89,25.699999,4.9428573,11.2,0.20000002,73.57143,1.8999999,1.7285713,1.8142856,9.228572,6.928571,0.00040198863,0.005754389,0.00078740006,0.0040638205,0.0054447055,True
1997-04-14,140.99,8.0,4.914286,9.2,-0.12857144,67.685715,1.8142855,1.6,1.7285715,9.042857,6.5857143,0.00023260713,0.0057499856,0.00042035466,0.0017297715,0.00051973015,True
1997-04-21,140.97,9.2,2.9285715,7.785714,-1.3142859,73.314285,1.6428572,1.4714285,1.5571429,8.657143,5.757143,0.0002111718,0.0057312176,0.001020142,0.0040268786,0.004291434,True
1997-04-28,140.94,4.3999996,9.028571,14.057143,3.2428572,64.54286,2.642857,2.042857,2.5571427,8.0,10.442857,9.9390745e-05,0.0056489706,2.956958e-05,0.0001688078,3.1746924e-05,True
1997-05-05,140.91,11.6,12.485715,17.985716,8.014286,77.97143,2.5142858,2.1571429,2.4857142,8.185715,13.785714,0.00025215745,0.005524136,-7.345365000000001e-25,1.4901161e-08,0.0,True
1997-05-12,140.88,22.5,12.328572,18.37143,5.8142858,65.97143,3.3999999,2.757143,3.2571428,7.4,14.3,9.264052e-05,0.0053332523,-7.345365000000001e-25,0.0,0.0,True
1997-05-19,140.85,0.0,19.600002,25.7,13.257143,70.57143,4.042857,2.5428574,4.357143,6.4,22.028572,9.120256e-05,0.005070232,-7.345365000000001e-25,1.1175871e-08,0.0,True
1997-05-26,140.85,31.3,11.514287,17.114286,7.1285715,76.37144,2.5,1.9714288,2.7571428,6.5,16.0,0.00028686225,0.0047828853,-7.345365000000001e-25,3.7252903e-09,0.0,True
1997-06-02,140.86,12.2,10.328572,15.099999,5.4857144,76.057144,2.6714284,2.1714284,2.642857,6.5285716,13.7,0.00023701042,0.0045238584,-7.345365000000001e-25,0.0,0.0,True
1997-06-09,141.12,0.8,17.357143,23.385715,9.485715,59.728573,4.4714284,2.3285713,4.542857,5.857143,20.485714,1.0602176e-05,0.00422848,-7.345365000000001e-25,1.1175871e-08,0.0,True
1997-06-16,140.79,35.0,18.27143,24.114286,12.385715,68.42857,4.0285716,2.2285714,4.0142856,5.5142856,22.214285,0.00011925399,0.003889136,-7.345365000000001e-25,0.0,0.0,True
1997-06-23,140.81,25.1,14.471429,19.300001,9.314286,72.814285,2.9285717,2.2285714,2.9285715,5.714286,17.87143,0.00021717697,0.003602922,-7.345365000000001e-25,3.7252903e-09,0.0,True
1997-06-30,140.77566905747722,22.5,18.300001,23.442858,13.142858,71.942856,3.6428573,2.914286,3.8,5.8142858,20.071428,0.0001668781,0.0033583865,-7.345365000000001e-25,1.1175871e-08,0.0,True
1997-07-07,140.8,9.6,17.657145,23.100002,12.6,72.92857,3.3142855,2.2714286,3.585714,5.4428573,20.614286,0.00020625442,0.003112346,-7.345365000000001e-25,1.4901161e-08,0.0,True
1997-07-14,140.77,0.5,18.2,24.4,10.971429,63.328575,3.942857,1.8571428,4.4142857,4.8285713,22.471428,1.6085804e-05,0.0028903708,-7.345365000000001e-25,7.450581e-09,0.0,True
1997-07-21,140.6,98.799995,16.9,20.84286,14.214286,86.21429,2.2285712,1.6285714,2.3142858,6.3142858,19.857143,0.0034610778,0.00319992,-7.345365000000001e-25,1.4901161e-08,0.0,True
1997-07-28,141.18,25.300001,18.457144,24.442858,14.071428,75.25714,3.4,3.0714285,3.7571428,8.3,22.314285,0.00015863776,0.0025955439,-7.345365000000001e-25,7.450581e-09,0.0,True
1997-08-04,141.09,4.6,17.685715,23.914288,11.785714,72.3,2.8857143,2.442857,3.457143,8.057143,21.428572,0.000116452575,0.0025152043,-7.345365000000001e-25,7.450581e-09,0.0,True
1997-08-11,141.02,2.6999998,19.77143,26.514286,12.7,69.54286,3.642857,2.6571429,4.1285715,7.242857,23.514286,7.83205e-05,0.0024297163,-7.345365000000001e-25,1.4901161e-08,0.0,True
1997-08-18,140.97,18.099998,20.585714,27.87143,13.485715,62.42857,3.7714288,1.9714286,4.2,6.1,24.12857,4.9717724e-05,0.002317667,-7.345365000000001e-25,7.450581e-09,0.0,True
1997-08-25,140.76,1.5,21.985716,29.242859,15.542857,62.77143,3.585714,1.0,3.957143,5.4714284,24.257143,1.5467405e-05,0.0021997616,-7.345365000000001e-25,1.1175871e-08,0.0,True
1997-09-01,140.89,30.300001,18.97143,25.97143,13.485715,72.74286,2.8285713,1.3714286,3.142857,6.214286,21.528572,0.00038595498,0.0020766705,-7.345365000000001e-25,9.313226e-09,0.0,True
1997-09-08,140.87,2.4,18.285715,22.728573,14.17143,78.68572,1.9142858,1.5428572,2.3428571,6.5571427,20.528572,0.00010444224,0.0019853339,-7.345365000000001e-25,1.1175871e-08,0.0,True
1997-09-15,140.82,16.5,12.985715,18.84286,8.214286,71.84286,1.942857,1.5285715,2.4428573,6.642857,15.171429,0.00018943846,0.0019024685,-7.345365000000001e-25,3.7252903e-09,0.0,True
1997-09-22,140.76,0.2,11.428572,18.585714,5.071429,72.75715,1.7428571,1.2142857,2.0285714,6.5142856,15.1285715,5.2303076e-06,0.0018207878,-7.345365000000001e-25,1.8626451e-09,0.0,True
1997-09-29,140.79619385211512,1.4,11.557143,18.614286,5.2428575,76.24286,1.3857144,0.74285716,1.6999999,6.1714287,14.571428,1.3336539e-05,0.0017491952,-7.345365000000001e-25,1.8626451e-09,0.0,True
1997-10-06,140.71,8.8,12.528572,16.142857,8.842857,78.814285,1.2714285,0.9857143,1.6,6.242857,12.8,9.651482e-05,0.0016852096,-7.345365000000001e-25,9.313226e-09,0.0,True
1997-10-13,140.69,43.2,12.842857,16.828571,10.285714,79.6,1.2857143,1.1142856,1.6571429,6.5,12.942857,0.0002758354,0.0016256869,-7.345365000000001e-25,1.4901161e-08,0.0,True
1997-10-20,140.75,16.699999,6.214286,10.914286,2.0285716,82.64286,0.74285716,0.62857145,0.87142855,7.0142856,7.428571,0.00013972819,0.0015794858,-7.345365000000001e-25,2.6077032e-07,2.5704503e-07,True
1997-10-27,140.8,7.3,1.7285715,6.7428575,-1.7285715,79.52857,0.58571434,0.51428574,0.7,6.8428574,3.9142857,0.00010587275,0.0015398115,0.00032394272,0.00023588352,0.0017332584,True
1997-11-03,140.76,0.6,1.5285714,6.1142855,-2.457143,82.87144,0.41428572,0.34285715,0.5,6.8714285,2.3285713,4.3466687e-05,0.0015089735,0.0013006756,0.0021999404,0.0010162778,True
1997-11-10,140.74,6.1,7.1714287,11.085715,3.0857143,77.200005,0.61428577,0.5142857,0.90000004,6.8142858,5.4,4.4494867e-05,0.0014818609,8.5439e-05,0.0002741404,0.0,True
1997-11-17,140.71,16.2,5.2714286,8.085714,3.0,87.18572,0.3,0.24285714,0.4,7.0285716,5.0857143,0.00012546778,0.0014575869,-7.345365000000001e-25,1.937151e-07,0.0,True
1997-11-24,140.69,0.3,-0.18571429,2.1142857,-2.2571428,85.457146,0.18571429,0.14285716,0.34285715,7.5,0.5,6.3329935e-06,0.0014371648,0.00043012414,0.00021334179,0.0010184906,True
1997-12-01,140.71,1.7,2.7428572,4.6857142,1.1714286,91.41429,0.15714286,0.14285715,0.3,7.5142856,1.4714285,4.401803e-05,0.0014202073,0.000418839,0.0007796213,0.0004454106,True
1997-12-08,140.79,30.2,1.5428572,2.642857,0.17142858,91.57143,0.14285715,0.14285715,0.27142859,7.9857144,0.8142857,0.00030067563,0.0014059916,0.0037505173,0.009280903,0.011214986,True
1997-12-15,140.79,25.6,4.0571427,7.085715,1.9714288,87.51429,0.34285715,0.34285715,0.42857143,9.042857,3.5285714,0.0007944554,0.0014017597,0.0006977604,0.0027888305,0.0015645996,True
1997-12-22,140.88,9.6,-2.8142858,-0.81428576,-5.414286,83.35714,0.014285714,0.014285714,0.34285715,9.257143,-1.9285715,0.00022479892,0.0014740676,0.00096283073,0.0006019622,1.193583e-05,True
1997-12-29,140.97175139113926,9.4,5.0142856,7.0285716,2.857143,84.92857,0.44285712,0.44285712,0.5714286,9.5,1.4571428,0.0002514124,0.001617372,0.00013114724,0.0005228948,1.9855797e-06,True
1998-01-05,141.1,7.2000003,5.0,7.385715,2.6000001,73.82857,0.35000002,0.35000002,1.0,9.55,1.35,9.338558e-05,0.001815714,6.471361e-07,1.6652048e-06,0.0,True
1998-01-12,141.19,19.4,6.6285715,10.1285715,3.6285713,78.88572,0.7571429,0.74285716,0.78571427,10.114285,4.7285714,0.00040733814,0.0020195618,8.7703975e-06,6.292388e-05,6.148219e-05,True
1998-01-19,141.155,9.9,3.4714286,6.057143,1.0285715,80.27143,0.5714286,0.55714285,0.62857145,10.057143,2.3714285,0.00027264655,0.002298683,2.9387927e-05,0.00013621338,0.00042005628,True
1998-01-26,141.16,5.2,-1.6714287,0.62857145,-3.357143,87.92857,0.114285715,0.114285715,0.31428573,10.185715,0.37142858,6.143749e-05,0.002587825,0.0041202307,0.0006132759,0.0069755577,True
1998-02-02,141.11,5.4,-5.085714,-1.0285715,-9.7,78.74286,0.028571429,0.028571429,0.40000004,10.3,-1.2857143,6.273389e-06,0.0028723031,0.0100074215,0.0002060663,0.0076907575,True
1998-02-09,141.03,1.2,1.4857143,4.2571425,-2.1857142,75.34286,0.5285714,0.5142857,0.7285714,10.1285715,-0.057142857,0.00020204484,0.00308384,0.010173814,0.008675644,0.0023452863,True
1998-02-16,141.05,4.5,9.857142,12.971429,6.3857145,69.9,1.1999999,1.0857142,1.6,9.7,6.0,0.00019738078,0.003229633,0.00093935785,0.0042103734,0.0,True
1998-02-23,141.12,3.1,5.728572,10.400001,2.2285714,78.21429,0.98571426,0.88571423,1.0285714,9.471429,5.6285715,0.00023210049,0.0033745542,-7.345365000000001e-25,3.259629e-07,3.2782555e-07,True
1998-03-02,141.05,8.9,6.414286,9.028571,3.6857142,82.48572,0.8428572,0.8,1.0,9.485714,5.5571427,0.00028049946,0.0035347566,1.9062132e-05,8.104928e-05,0.00013939291,True
1998-03-09,141.2,38.2,6.3428574,10.771429,3.1000001,75.78571,1.5428572,1.5142858,1.5857143,10.1285715,5.8285713,0.00088489056,0.003797859,0.00036800475,0.0014301594,0.003349889,True
1998-03-16,141.22,20.9,1.3571428,4.7999997,-2.1714287,76.84286,0.88571435,0.88571435,1.0285714,10.214286,2.4714286,0.00033035874,0.004592456,0.0024890502,0.0036919955,0.0030293986,True
1998-03-23,141.41,6.9,3.2,6.785714,0.8714286,73.87144,1.2,1.1714287,1.3285714,10.471429,4.6571426,0.0008055717,0.006514147,0.00068785466,0.0014632903,0.0022968054,True
1998-03-30,141.22174231626258,0.6,5.585715,11.042857,0.22857149,66.85714,1.6999999,1.4142857,1.7571429,9.642858,7.0,7.583201e-05,0.00694903,0.0004435153,0.0012341626,7.301569e-07,True
1998-04-06,141.24,4.9,11.414286,16.657145,7.114286,71.4,1.9571428,1.6285714,2.1857142,9.142858,11.6,0.00020039082,0.0071758106,3.633045e-07,4.235655e-06,0.0,True
1998-04-13,141.19,21.8,7.3428574,12.385715,3.4142857,76.98572,1.6571428,1.5714285,1.6857144,9.157143,8.8714285,0.00018937886,0.0070656613,-7.345365000000001e-25,1.8626451e-09,0.0,True
1998-04-20,141.15,1.5,6.7714286,11.985715,1.9857143,73.48572,1.7428571,1.5285714,1.7857143,8.928572,8.985714,5.0261617e-05,0.0068784878,-7.345365000000001e-25,0.0,0.0,True
1998-04-27,141.1,3.3,13.642858,19.2,6.928571,68.557144,2.857143,2.3142858,2.8142858,8.342857,14.742857,3.8042665e-05,0.006624162,-7.345365000000001e-25,7.450581e-09,0.0,True
1998-05-04,141.06,3.8,14.1285715,19.457144,10.0,70.88572,2.785714,2.1714284,2.957143,7.285714,16.685715,0.00010757148,0.0062506422,-7.345365000000001e-25,0.0,0.0,True
1998-05-11,140.87,0.90000004,15.914286,21.757143,9.442857,63.228573,3.357143,2.0,3.6000001,6.6,16.914286,1.3947487e-05,0.0058542266,-7.345365000000001e-25,7.450581e-09,0.0,True
1998-05-18,140.91,0.8,13.928572,20.942858,6.585715,62.328575,3.4857142,1.0,3.5714285,5.928571,18.5,2.7880073e-05,0.005346872,-7.345365000000001e-25,3.7252903e-09,0.0,True
1998-05-25,140.9,4.7999997,11.642858,16.442858,7.3714285,71.07143,2.6571429,0.85714287,2.7714286,5.7285714,15.214286,5.1289797e-05,0.0048862025,-7.345365000000001e-25,0.0,0.0,True
1998-06-01,140.84,13.3,18.128572,24.34286,12.2,70.11429,3.8714283,1.5714287,4.0285716,5.6714287,20.342857,6.194413e-05,0.004441075,-7.345365000000001e-25,1.1175871e-08,0.0,True
1998-06-08,140.77,17.4,20.628572,26.857143,14.042857,65.685715,4.428571,2.6285713,4.6857142,5.785714,23.1,6.0096383e-05,0.0039880127,-7.345365000000001e-25,1.4901161e-08,0.0,True
1998-06-15,140.75,18.5,15.6,20.785715,10.1285715,71.814285,3.042857,2.1,3.1142857,6.3142858,19.028572,0.00028449297,0.0035846531,-7.345365000000001e-25,3.7252903e-09,0.0,True
1998-06-22,140.76,17.3,16.828571,22.0,11.971429,74.1,3.3999999,2.3714287,3.6285713,6.5,19.485714,0.00014257431,0.0032752156,-7.345365000000001e-25,1.1175871e-08,0.0,True
1998-06-29,140.82425964574026,16.9,17.742857,22.114286,13.857142,77.17143,3.3,2.6000001,3.5285716,6.457143,21.571428,0.0005995929,0.003003642,-7.345365000000001e-25,7.450581e-09,0.0,True
1998-07-06,140.74,17.8,15.328572,19.685715,12.014285,80.35714,2.7285712,2.1142857,2.8857143,6.0,18.4,0.00021624565,0.0027677044,-7.345365000000001e-25,1.4901161e-08,0.0,True
1998-07-13,140.75,22.5,14.857142,19.085714,11.557143,79.90001,2.4857142,2.2571428,2.7285714,6.3714285,16.514286,0.0002783239,0.0025925636,-7.345365000000001e-25,1.1175871e-08,0.0,True
1998-07-20,140.72,2.8,17.814287,23.27143,11.642858,64.61429,3.7714286,2.5571427,4.0142856,5.8714285,20.257143,4.155934e-05,0.0024307072,-7.345365000000001e-25,1.1175871e-08,0.0,True
1998-07-27,140.68,13.9,20.37143,26.514286,15.085715,72.21429,4.0142856,2.3,4.0142856,5.1857142,23.985714,0.00028313696,0.0022633895,-7.345365000000001e-25,1.1175871e-08,0.0,True
1998-08-03,140.69,66.5,18.185715,23.0,13.685715,72.22857,3.3000004,2.3142858,3.642857,5.357143,20.942858,0.00015160441,0.0021209195,-7.345365000000001e-25,1.4901161e-08,0.0,True
1998-08-10,140.83,0.2,18.542858,24.742857,12.057143,66.814285,3.5857143,1.5285714,3.8428571,4.885714,21.585714,4.1797757e-06,0.0019863695,-7.345365000000001e-25,1.1175871e-08,0.0,True
1998-08-17,140.76,18.3,19.142857,25.84286,12.957144,69.48572,3.585714,1.1571429,3.8,4.5,22.014286,1.9431114e-05,0.0018439963,-7.345365000000001e-25,9.313226e-09,0.0,True
1998-08-24,140.69,10.8,15.657144,21.77143,11.228571,71.41428,2.8999999,1.1857144,2.9857142,4.3714285,19.057142,8.85278e-05,0.0017129406,-7.345365000000001e-25,7.450581e-09,0.0,True
1998-08-31,140.77916440843956,58.3,11.414286,15.2,9.485715,86.41429,1.7285715,1.542857,1.7857143,5.5857143,14.228572,0.0004955083,0.0016178712,-7.345365000000001e-25,5.5879354e-09,0.0,True
1998-09-07,140.84,21.0,14.914286,19.34286,11.028571,83.22857,1.7714287,1.4714286,2.042857,5.9142857,16.914286,0.00027032197,0.0015436262,-7.345365000000001e-25,1.1175871e-08,0.0,True
1998-09-14,140.79,37.9,15.1,18.685715,12.071428,83.28571,1.6285715,1.4428571,1.8428572,6.7714286,16.214285,0.0042101294,0.0018015578,-7.345365000000001e-25,1.1175871e-08,0.0,True
1998-09-21,141.05,29.0,11.428572,15.6,7.785714,86.65715,1.2428571,1.1571429,1.3857143,8.8714285,12.742857,0.002419591,0.0014908239,-7.345365000000001e-25,5.5879354e-09,0.0,True
1998-09-28,141.15,0.0,12.528572,18.442858,7.157143,84.12858,1.1714286,0.9714286,1.5285714,8.314285,14.385715,1.1011958e-05,0.0014793277,-7.345365000000001e-25,5.5879354e-09,0.0,True
1998-10-05,141.04,10.4,7.8142858,10.514285,6.2714286,87.71429,0.61428577,0.55714285,0.90000004,8.342857,10.085714,0.00013400614,0.0014973357,6.0002008e-06,4.2205676e-05,4.2274594e-05,True
1998-10-12,141.0,13.7,9.571428,11.642858,7.828572,87.72858,0.7142858,0.6999999,0.9714286,8.828571,9.728572,0.00040017813,0.0015143901,7.947286e-08,1.2759119e-06,0.0,True
1998-10-19,140.98,5.5,9.585714,14.6285715,5.142857,80.92857,0.9285714,0.88571423,1.1857144,9.257143,9.828571,0.00013896823,0.0015555322,-7.345365000000001e-25,1.1175871e-08,0.0,True
1998-10-26,140.94,17.3,10.1285715,14.057143,6.557143,76.0,1.0714287,1.0285715,1.3714286,8.971429,8.928572,0.00039710104,0.0016202256,-7.345365000000001e-25,5.5879354e-09,0.0,True
1998-11-02,141.21,48.6,6.857143,9.742857,5.057143,79.67143,1.042857,1.042857,1.1142857,10.585714,6.6571426,0.00732331,0.0039715543,1.1580331e-06,7.4096024e-06,1.0736287e-05,True
1998-11-09,141.19,9.7,5.142857,8.3,2.5,82.35714,0.62857145,0.62857145,0.7714286,10.685715,4.6571426,0.0003491044,0.0024529845,4.6548388e-07,3.993511e-06,4.0233135e-07,True
1998-11-16,141.17,8.8,3.0857143,5.7000003,0.9142858,89.200005,0.34285715,0.34285715,0.3857143,10.457143,3.7714286,0.0003412813,0.0032153726,0.0005915392,0.0005667005,0.0028948896,True
1998-11-23,141.14,4.9,-3.5142858,-0.9142857,-5.3,85.22858,0.042857144,0.042857144,0.2857143,10.357142,-0.22857143,6.631017e-07,0.0039274096,0.008497732,0.0,0.008221459,True
1998-11-30,141.0550269900545,0.6,-0.91428566,0.6571428,-2.5142858,90.314285,0.042857144,0.042857144,0.25714287,10.271428,-0.7714286,5.1908195e-05,0.004391484,0.008715204,0.0025515072,0.0011102445,True
1998-12-07,141.06,13.5,-3.142857,-1.3000001,-4.571429,86.97143,0.014285714,0.014285714,0.2857143,10.285714,-1.3571428,2.4735928e-06,0.0046210214,0.009994967,0.00010140613,0.015265845,True
1998-12-14,141.01,11.6,-3.0857143,0.18571438,-7.585714,84.42857,0.25714287,0.25714287,0.34285715,10.457143,0.17142858,0.0012803823,0.004705921,0.01871734,0.021765972,0.0028157309,True
1998-12-21,141.22,5.2,4.357143,7.5285716,1.8000001,79.77143,0.41428572,0.41428572,0.62857145,10.5,2.6857142,0.00040365756,0.0051449537,0.00033071495,0.0024393667,0.0010354295,True
1998-12-28,141.21,5.6,3.614286,5.914286,0.5428571,77.75715,0.44285712,0.44285712,0.82857144,10.214286,1.6428572,9.9778175e-05,0.005961865,0.0015077477,0.0029064566,0.0020585358,True
1999-01-04,141.18,2.3,1.5714285,4.214286,-0.82857144,82.41429,0.2,0.2,0.42857143,10.066667,1.4666667,6.239861e-05,0.006347947,1.3095992e-05,3.7698075e-05,2.591312e-05,True
1999-01-11,141.14,12.7,4.3857145,7.371429,2.5428574,82.85714,0.44285712,0.42857143,0.67142856,10.171429,3.3142858,0.00015667081,0.00643263,0.000578324,0.00039991736,0.002177298,True
1999-01-18,141.15,7.7,2.9428573,5.6285715,0.21428573,76.54286,0.55714285,0.5428571,0.87142855,10.314285,1.5571429,0.0003355518,0.0064291656,0.0048957043,0.009475118,0.00917111,True
1999-01-25,141.19,4.4,2.8714287,5.7428575,0.0285714,84.72858,0.3857143,0.3857143,0.5142857,10.071428,1.6428572,3.5762787e-05,0.006471671,0.00034945918,0.00084614754,0.0,True
1999-02-01,141.19,12.799999,-2.2285717,1.5285714,-5.614286,84.07143,0.20000002,0.20000002,0.42857143,10.257143,0.9714286,0.00028805435,0.0065391585,0.004491085,0.00044568442,0.011054378,True
1999-02-08,141.35,24.5,2.1285715,4.0142856,0.3857143,87.74286,0.59999996,0.59999996,0.55714285,10.6285715,1.1428572,0.0008281246,0.0069008246,0.0058275633,0.010753637,0.013124786,True
1999-02-15,141.29,5.2,-4.042857,-0.59999996,-7.585715,81.0,0.1,0.1,0.4,10.3714285,0.0,4.3213367e-07,0.008037992,0.014213817,1.707673e-05,0.0066839494,True
1999-02-22,141.59,28.5,1.3571428,3.6285717,-0.5,85.47143,0.5285715,0.5285715,0.67142856,10.657143,0.41428572,0.00096523017,0.008555651,0.021809567,0.02311757,0.018973608,True
1999-03-01,141.63,10.7,3.642857,6.428571,0.6857143,77.75714,0.90000004,0.88571423,1.0714285,10.357142,2.5428572,0.0007041544,0.009951986,0.012098068,0.019517863,0.0094276555,True
1999-03-08,141.66,12.200001,5.857143,9.728572,3.0285716,78.64286,0.9571429,0.9428572,1.1142857,10.3714285,5.742857,0.0005110875,0.012965366,0.00012365977,0.0012442861,3.684312e-06,True
1999-03-15,141.6,9.2,2.9857144,6.8428574,0.4142858,78.75714,0.87142855,0.8142857,1.0,10.228572,3.6285715,0.0002553463,0.014708795,7.518133e-05,0.00030129962,0.00030658767,True
1999-03-22,141.55,7.6000004,3.357143,7.1857147,0.071428575,77.34286,1.0285715,0.9142857,1.0714285,9.8714285,4.2285714,0.00016058981,0.014452592,0.00014795575,0.000512911,0.00057028607,True
1999-03-29,141.42928613956053,2.5,8.157144,13.700002,3.642857,77.07143,1.557143,1.3999999,1.557143,9.728572,8.728572,9.177625e-05,0.013792269,8.571716e-06,5.0300732e-05,7.5623393e-07,True
1999-04-05,141.44,0.0,9.928572,17.171429,2.4,67.48572,2.1285713,1.6857141,2.0428572,9.0,11.528571,8.076429e-06,0.012814917,-7.345365000000001e-25,7.450581e-09,0.0,True
1999-04-12,141.36,8.6,10.300001,14.67143,6.9000006,74.84286,1.7285715,1.4857142,1.8714285,8.514286,10.785714,0.00012558699,0.01167424,-7.345365000000001e-25,3.7252903e-09,0.0,True
1999-04-19,141.31,25.800001,5.5,9.3714285,2.4428573,73.92857,1.6000001,1.5285712,1.6999999,8.742857,7.214286,0.0003555417,0.010556422,0.00037856898,0.0020113848,0.0022244342,True
1999-04-26,141.37,5.3,10.67143,16.828571,3.8142858,69.15714,2.385714,2.0142858,2.5142858,8.685715,12.6285715,0.00015032291,0.009527296,2.8405871e-05,0.00019561127,0.0,True
1999-05-03,141.35,2.1,10.814286,15.985715,5.357143,72.84286,2.642857,2.0142858,2.6285713,8.1,14.814285,7.2181225e-05,0.008625716,-7.345365000000001e-25,1.8626451e-09,0.0,True
1999-05-10,141.2,13.1,12.1,16.942858,5.8857145,61.728573,3.2714286,2.4857144,3.2285714,7.1571426,15.057143,0.000115297735,0.0077267513,-7.345365000000001e-25,3.7252903e-09,0.0,True
1999-05-17,141.16,11.5,11.400001,16.528572,7.2571425,73.557144,2.6857145,2.3,2.8714287,7.4714284,14.557143,0.00013854355,0.006926954,-7.345365000000001e-25,0.0,0.0,True
1999-05-24,141.1,5.8999996,14.942858,20.357143,7.928571,63.914284,3.485714,2.3999999,3.7285712,6.928571,17.157143,0.0001693517,0.0061891004,-7.345365000000001e-25,7.450581e-09,0.0,True
1999-05-31,141.01666455775424,10.599999,18.057142,24.800001,11.242858,63.628574,4.1857142,2.3142858,4.4428573,6.1714287,21.971428,7.581711e-05,0.0055271834,-7.345365000000001e-25,1.1175871e-08,0.0,True
1999-06-07,141.0,9.4,16.957144,22.042858,11.242858,68.62858,3.5285714,2.4857142,3.8,6.214286,20.614286,0.00015304983,0.004923381,-7.345365000000001e-25,3.7252903e-09,0.0,True
1999-06-14,140.96,12.099999,14.6285715,18.628572,10.342857,79.21429,2.2857144,1.6857144,2.3428571,6.3428574,18.071428,0.00012137741,0.0044437647,-7.345365000000001e-25,0.0,0.0,True
1999-06-21,140.89,55.8,15.871429,20.557144,11.571428,76.685715,2.8142855,2.1571429,2.9142857,6.6571426,19.342857,0.0020823032,0.004049398,-7.345365000000001e-25,3.7252903e-09,0.0,True
1999-06-28,141.05,19.6,14.400001,19.67143,9.571428,74.52857,2.957143,2.1857142,3.1714287,6.6857142,18.22857,0.00019314885,0.0037485287,-7.345365000000001e-25,3.7252903e-09,0.0,True
1999-07-05,141.07,13.4,20.628572,26.67143,14.985715,69.15714,4.457143,2.7714286,4.4714284,5.957143,23.528572,0.00014783442,0.0034772232,-7.345365000000001e-25,1.8626451e-08,0.0,True
1999-07-12,141.12,27.2,19.357143,23.600002,15.757143,77.74286,3.457143,2.5285714,3.3285713,6.885714,21.842857,0.00018592179,0.0032333806,-7.345365000000001e-25,1.1175871e-08,0.0,True
1999-07-19,141.06,14.3,19.0,24.557144,13.6285715,67.65714,4.1142855,2.2428572,4.0857143,7.0142856,22.385714,0.00011893362,0.00301674,-7.345365000000001e-25,1.1175871e-08,0.0,True
1999-07-26,140.99,8.5,18.742857,23.114286,14.6285715,70.07143,3.357143,1.8714285,3.6571429,5.9714284,21.757143,8.7842345e-05,0.0027949437,-7.345365000000001e-25,1.4901161e-08,0.0,True
1999-08-02,140.85,0.0,18.757143,26.014286,10.5,55.700005,4.6714287,1.3285713,4.714286,5.3,22.828571,5.2154064e-07,0.002587907,-7.345365000000001e-25,3.7252903e-09,0.0,True
1999-08-09,140.79,0.1,20.84286,27.628572,13.271429,61.5,3.9571426,0.8142857,3.9857142,4.8714285,23.62857,1.3425946e-05,0.002362147,-7.345365000000001e-25,1.1175871e-08,0.0,True
1999-08-16,140.77,15.8,16.528572,21.300001,12.17143,69.27143,2.8142855,1.2285713,3.042857,5.0142856,19.542856,7.741153e-05,0.002178073,-7.345365000000001e-25,1.1175871e-08,0.0,True
1999-08-23,140.71,8.1,15.428572,20.414288,10.771429,69.74286,2.614286,1.6285714,3.1142857,5.1571426,17.72857,6.2957406e-05,0.002018556,-7.345365000000001e-25,1.1175871e-08,0.0,True
1999-08-30,140.7693748948319,0.5,17.5,23.514286,11.485715,66.88572,2.6285713,1.1142857,3.0571427,4.9,20.014286,2.2344291e-05,0.0018683895,-7.345365000000001e-25,7.450581e-09,0.0,True
1999-09-06,140.69,3.7,15.857142,21.642857,10.557143,73.471436,2.4428573,0.88571423,2.8857143,4.9,17.9,4.9479306e-05,0.0017448589,-7.345365000000001e-25,1.1175871e-08,0.0,True
1999-09-13,140.74,0.0,18.97143,27.085714,11.942857,67.457146,2.6714287,0.4857143,3.1571429,4.6571426,20.571428,2.039969e-05,0.0016214699,-7.345365000000001e-25,5.5879354e-09,0.0,True
1999-09-20,140.59,25.8,18.114286,24.614286,11.742858,66.08572,2.3714287,0.7285714,2.9285715,4.757143,19.042856,0.00010441244,0.0014992431,-7.345365000000001e-25,1.1175871e-08,0.0,True
1999-09-27,140.645,13.2,16.77143,3.1571429,12.785714,78.21429,1.4285715,0.85714287,1.8142856,5.1285715,17.485714,9.94429e-05,0.001408279,-7.345365000000001e-25,7.450581e-09,0.0,True
1999-10-04,140.575,12.3,14.071428,9.971429,11.2,76.22858,1.3428572,1.0857142,1.8428571,5.214286,14.442857,0.00010766089,0.0013331473,-7.345365000000001e-25,1.4901161e-08,0.0,True
1999-10-11,140.63,14.4,11.0,13.985715,8.214286,84.200005,0.8,0.68571424,1.0428572,5.5,11.228572,0.00017920136,0.0012690574,-7.345365000000001e-25,1.3038516e-08,0.0,True
1999-10-18,140.57,4.9,6.457143,10.8714285,2.7714286,84.44286,0.62857145,0.4428572,0.8142857,5.6,8.3,2.0235777e-05,0.0012157708,-7.345365000000001e-25,0.0,0.0,True
1999-10-25,140.62,4.6,7.2428575,11.042857,3.6571429,78.614296,0.7571429,0.5428571,1.0571429,5.4142857,7.1857142,3.3028424e-05,0.0011668652,-7.345365000000001e-25,3.7252903e-09,0.0,True
1999-11-01,140.54,3.8,10.728572,14.800001,6.3428574,76.52857,0.9571429,0.7285714,1.1285714,5.285714,9.785714,3.6090612e-05,0.0011220202,-7.345365000000001e-25,7.450581e-09,0.0,True
1999-11-08,140.53,20.3,7.642857,10.557143,4.3714285,84.64286,0.45714283,0.38571426,0.64285713,5.6857142,7.6285715,0.00017568469,0.0010832101,-7.345365000000001e-25,7.450581e-09,0.0,True
1999-11-15,140.59,15.4,2.0714285,4.3142858,0.28571424,93.11428,0.24285714,0.21428573,0.2857143,6.5,3.5857143,0.0002532974,0.0010519102,0.0007022165,0.0010483433,0.0017661676,True
1999-11-22,140.57,8.2,-0.057142846,1.8285714,-2.142857,85.52857,0.14285715,0.14285715,0.35714287,6.7285714,0.5714286,8.21054e-06,0.0010273978,0.002374632,0.00016981363,0.0052703917,True
1999-11-29,140.6051769572215,0.90000004,2.6000001,5.428571,-0.5428571,84.51428,0.24285713,0.21428572,0.41428572,6.785714,1.6571429,8.345395e-05,0.0010077283,0.0026211739,0.005696092,0.00012997165,True
1999-12-06,140.57,15.299999,4.1714287,7.228572,1.0571429,76.28571,0.7,0.67142856,1.0571429,6.957143,2.7714286,9.607524e-05,0.0009901002,0.0001391513,0.00030564517,0.000853613,True
1999-12-13,140.56,10.2,6.471429,9.114286,3.5,74.77143,0.7428571,0.71428573,1.0,7.1571426,4.4714284,0.00015311688,0.000974983,7.298447e-05,0.00064174645,0.0,True
1999-12-20,140.55,7.8,0.61428577,2.4285715,-1.0714285,82.25714,0.2857143,0.2857143,0.5,7.357143,0.71428573,4.814565e-05,0.0009631589,0.0020134165,0.0007775258,0.005584117,True
1999-12-27,140.55,6.6,-1.4714286,0.95714283,-3.6285713,79.685715,0.15714286,0.14285715,0.5142857,7.8714285,-0.21428572,0.00011035055,0.000954628,0.006086554,0.002245091,0.0060685165,True
2000-01-03,140.54,3.6000001,1.4,2.8857143,-0.62857145,88.87144,0.1,0.1,0.31428573,8.275,0.025,0.00018087775,0.0009484738,0.01067824,0.00885134,0.007860787,True
2000-01-10,140.57,4.1,2.357143,4.9,0.28571427,86.35714,0.2714286,0.2714286,0.37142855,8.214286,1.5714285,0.00028531253,0.0009465292,0.0017633211,0.0068272594,7.2322786e-05,True
2000-01-17,140.56,7.3,-0.41428572,1.4428571,-2.7857144,83.44286,0.17142858,0.17142858,0.44285718,8.257143,-0.35714287,0.00011640787,0.00095842034,0.0008227598,0.0018844027,0.0020965934,True
2000-01-24,140.65,21.7,-2.6000001,1.0,-6.0,82.1,0.3,0.3,0.5142857,9.357142,0.27142859,0.00030305982,0.0009849444,0.0056834733,0.0009998474,0.012758128,True
2000-01-31,140.80063720435314,26.2,2.2428572,4.142857,-1.4714286,75.52857,0.7285714,0.71428573,0.85714287,9.6285715,1.1857142,0.001234442,0.0010423213,0.008660685,0.011379868,0.0018703751,True
2000-02-07,140.99,4.8,6.6,9.542857,3.4,78.685715,0.8142857,0.8142857,0.9142857,9.971429,4.5,0.00016435981,0.0011975244,3.2197862e-05,0.0003327243,1.7434359e-06,True
2000-02-14,141.01,19.0,4.042857,7.6857147,1.2285715,75.67143,1.0142857,1.0142857,1.0857142,10.357142,3.5285714,0.00046658516,0.0014435798,0.0003515482,0.00089359656,0.003252048,True
2000-02-21,141.05,17.300001,1.2142857,4.542857,-1.5,86.44286,0.55714285,0.55714285,0.5714286,10.428572,1.8,0.00038329512,0.0017645806,0.003371057,0.0044743884,0.0098897405,True
2000-02-28,141.11,13.7,3.3428571,6.414286,-0.82857144,80.67143,0.85714287,0.82857144,1.0428572,10.471429,2.4285715,0.0007629767,0.0022394508,0.0053137485,0.014692524,0.0076057725,True
2000-03-06,141.17,12.0,3.8285713,7.414286,0.88571435,78.057144,1.1857144,1.1714286,1.1428572,10.071428,3.7714286,0.0002507493,0.002910696,0.00083866005,0.0026729116,0.0039123744,True
2000-03-13,141.45,41.2,5.928571,9.342857,3.0,81.47143,1.2714285,1.2714285,1.1285714,10.785714,5.9,0.0032505766,0.0041066855,0.0003868001,0.003239274,0.0019379705,True
2000-03-20,141.51,32.7,2.5571427,5.914286,-0.4714286,82.25714,1.0714285,1.0714285,0.94285715,10.885715,3.6857142,0.0012763739,0.005889766,0.00558982,0.010772819,0.0143737495,True
2000-03-27,141.56,27.400002,6.4,11.042857,2.6142857,84.35714,1.2142857,1.1142857,1.1714286,10.114285,7.3428574,0.0010922328,0.008103706,0.00048767385,0.003241079,2.2947788e-06,True
2000-04-03,141.66,3.3,6.285714,9.514285,2.9714286,83.057144,1.1285714,1.1,1.1857144,10.714286,7.071429,0.00031159073,0.010065317,4.2007082e-07,3.0528754e-06,3.9860606e-07,True
2000-04-10,141.51,2.0,5.428571,10.1,1.6857144,76.37144,1.4428571,1.3,1.5714285,9.771428,7.742857,0.00017602742,0.011340223,9.497006e-06,3.6811456e-05,4.0389597e-05,True
2000-04-17,141.48,18.3,9.471429,15.428572,3.6857145,69.442856,2.3999999,2.2571428,2.3428571,9.685715,10.4,0.0003138855,0.01122655,2.8383164e-07,1.9092113e-06,0.0,True
2000-04-24,141.36,1.3,15.957144,22.857143,9.414286,67.67143,3.5142858,2.7285712,3.5,8.728572,17.557142,0.000114142895,0.010720484,-7.345365000000001e-25,1.1175871e-08,0.0,True
2000-05-01,141.25,0.1,17.257143,23.2,10.7,64.64286,3.7571428,2.5142858,3.7,7.5142856,18.671429,2.3722649e-05,0.00995893,-7.345365000000001e-25,7.450581e-09,0.0,True
2000-05-08,141.13,0.4,16.87143,24.314287,8.014286,52.628574,4.642857,1.542857,4.2714286,6.4857144,19.557142,2.861023e-06,0.008962087,-7.345365000000001e-25,7.450581e-09,0.0,True
2000-05-15,141.12,5.5,16.814287,24.257143,8.5,55.985718,4.2142854,0.95714295,4.2285714,6.1,21.0,1.0833144e-05,0.007893659,-7.345365000000001e-25,0.0,0.0,True
2000-05-22,141.1,18.4,14.214286,19.628572,9.614286,71.62858,2.857143,1.5,2.957143,6.3142858,17.457144,0.00020352006,0.006886445,-7.345365000000001e-25,0.0,0.0,True
2000-05-29,140.9957937277219,4.7,15.485715,21.242859,9.114285,64.685715,3.7142856,2.1714284,3.5857143,6.1571426,18.328571,7.093698e-05,0.006111659,-7.345365000000001e-25,7.450581e-09,0.0,True
2000-06-05,140.98,5.2,17.785715,24.100002,10.314286,62.657143,4.1857142,1.4428571,4.3285713,5.714286,20.357143,7.481873e-05,0.0053763986,-7.345365000000001e-25,7.450581e-09,0.0,True
2000-06-12,140.93,5.6,18.5,24.542858,12.17143,62.81429,4.6714287,1.8571428,4.5571427,5.542857,21.77143,4.9084425e-05,0.004705012,-7.345365000000001e-25,7.450581e-09,0.0,True
2000-06-19,140.86,12.2,17.428572,23.528574,10.085715,59.55714,4.2142854,1.5142858,4.3,5.4714284,21.142857,1.9282103e-05,0.0041133687,-7.345365000000001e-25,7.450581e-09,0.0,True
2000-06-26,140.8,5.8,19.628572,26.014286,14.085715,58.07143,4.585714,1.1428572,4.5142856,5.114286,22.057142,0.00011318177,0.0035853162,-7.345365000000001e-25,7.450581e-09,0.0,True
2000-07-03,140.7,1.8000001,15.271429,19.642857,10.0,63.600002,3.2714288,0.7285715,3.3714287,4.8714285,17.87143,4.6245754e-05,0.0031946748,-7.345365000000001e-25,3.7252903e-09,0.0,True
2000-07-10,140.75,47.5,16.085714,20.67143,12.099999,77.34286,2.8142855,1.8285713,2.8999999,5.4142857,18.557142,0.00024805963,0.0028767362,-7.345365000000001e-25,1.1175871e-08,0.0,True
2000-07-17,140.79,18.5,14.585715,18.514286,11.257143,74.12858,2.4571426,1.6285715,2.6000001,6.214286,16.514286,0.00019881129,0.0026220083,-7.345365000000001e-25,7.450581e-09,0.0,True
2000-07-24,140.74,4.2,15.228572,18.728573,11.400001,77.48572,2.1857142,1.5857143,2.4714284,6.4,16.77143,8.5525215e-05,0.0024145693,-7.345365000000001e-25,1.8626451e-08,0.0,True
2000-07-31,140.7,8.4,17.485714,22.185715,13.985715,76.84286,2.6571429,2.0428572,3.0,6.2,19.5,0.00017155707,0.0022276863,-7.345365000000001e-25,1.4901161e-08,0.0,True
2000-08-07,140.69,5.0,18.7,25.071428,11.971429,65.457146,3.3000004,2.1571429,3.7285714,5.7285714,21.557142,3.3140182e-05,0.0020595714,-7.345365000000001e-25,1.4901161e-08,0.0,True
2000-08-14,140.67,2.3,18.914288,25.571428,12.042857,63.8,3.2714288,1.6714287,3.5714285,5.0857143,21.242857,1.6629696e-05,0.0019040778,-7.345365000000001e-25,7.450581e-09,0.0,True
2000-08-21,140.63,47.8,21.685715,28.77143,15.485715,66.52857,3.4714284,2.4857142,3.7857144,5.4142857,23.3,8.311868e-05,0.0017447844,-7.345365000000001e-25,1.4901161e-08,0.0,True
2000-08-28,140.73,0.0,16.2,21.185715,10.357142,69.74286,2.6714287,2.142857,2.9857142,6.1857142,19.4,8.198619e-05,0.0016111135,-7.345365000000001e-25,3.7252903e-09,0.0,True
2000-09-04,140.7,37.4,15.5,20.27143,11.857142,79.27143,1.942857,1.6857141,2.1142857,6.114286,18.057142,0.0001733154,0.0014985055,-7.345365000000001e-25,1.3038516e-08,0.0,True
2000-09-11,140.72,7.8999996,15.814286,20.285715,11.514287,77.72858,1.5857143,1.4714286,2.085714,7.0571427,16.685715,0.00011861324,0.0014113262,-7.345365000000001e-25,3.7252903e-09,0.0,True
2000-09-18,140.65,5.4,14.542857,19.17143,10.728571,78.97143,1.4714285,1.2285715,1.8142856,7.0,16.671429,0.00014789402,0.001331605,-7.345365000000001e-25,9.313226e-09,0.0,True
2000-09-25,140.63,3.4,10.085715,15.557144,4.871429,77.057144,1.3285714,1.0857143,1.5857143,6.957143,12.328571,0.0001733303,0.0012667626,-7.345365000000001e-25,3.7252903e-09,0.0,True
2000-10-02,140.6,8.2,16.285715,21.600002,11.428572,69.3,1.7142857,1.3714286,2.2428572,6.457143,16.414286,8.805096e-05,0.0012067333,-7.345365000000001e-25,1.1175871e-08,0.0,True
2000-10-09,140.6,13.5,11.757143,14.814286,9.214286,89.542854,0.64285713,0.55714285,0.87142855,6.7285714,13.357142,0.00014214218,0.0011567324,-7.345365000000001e-25,3.7252903e-09,0.0,True
2000-10-16,140.57,0.8,13.057143,17.328571,8.942858,82.38572,0.81428576,0.6857143,1.1999999,6.9,12.6285715,5.529821e-05,0.001118429,-7.345365000000001e-25,1.1175871e-08,0.0,True
2000-10-23,140.58,8.9,10.614286,14.842857,7.071429,78.957146,0.71428573,0.5857143,1.0571429,7.0,11.071428,0.0001296699,0.0010824949,-7.345365000000001e-25,3.7252903e-09,0.0,True
2000-10-30,140.6000219877606,2.1,11.357142,14.542857,7.942857,74.22858,0.90000004,0.7428571,1.3857143,6.8,10.114285,7.240474e-05,0.0010516495,-7.345365000000001e-25,9.313226e-09,0.0,True
2000-11-06,140.55,6.7,8.428572,12.2,5.471429,78.25714,0.6571428,0.5571429,0.9142857,6.5571427,7.9428573,0.000103488564,0.0010254681,-7.345365000000001e-25,5.5879354e-09,0.0,True
2000-11-13,140.54,2.6,7.3857145,10.928572,4.4,75.057144,0.6999999,0.5857143,0.8428572,6.6,6.4857144,2.7112663e-05,0.0010029301,-7.345365000000001e-25,1.8626451e-09,0.0,True
2000-11-20,140.5,10.200001,5.514286,8.585714,2.6857145,83.40001,0.44285712,0.41428572,0.42857143,6.885714,5.214286,0.00012852252,0.0009830669,-7.345365000000001e-25,0.0,0.0,True
2000-11-27,140.5,12.3,6.142857,8.342857,3.6857142,88.34286,0.22857144,0.20000002,0.37142858,7.142857,5.0571427,0.0001321733,0.00096708536,-7.345365000000001e-25,0.0,0.0,True
2000-12-04,140.5,0.9,5.471429,8.5,2.8285716,87.87144,0.21428573,0.18571432,0.3285714,7.242857,4.5571427,9.641051e-06,0.0009540096,-7.345365000000001e-25,0.0,0.0,True
2000-12-11,140.49,7.8,5.8428574,8.142858,3.357143,84.5,0.34285715,0.34285715,0.4714286,7.257143,4.3,7.916987e-05,0.00094264746,-7.345365000000001e-25,0.0,0.0,True
2000-12-18,140.5,18.6,6.071429,8.3714285,4.214286,78.65715,0.6857143,0.67142856,0.8142857,7.742857,5.071429,0.00023174286,0.00093287975,0.00037111554,0.0005998779,0.0014558733,True
2000-12-25,140.54,3.8,-2.3714287,0.31428573,-4.328572,81.5,0.014285714,0.014285714,0.27142859,8.057143,-0.55714285,1.6912818e-06,0.00092666596,0.0010064783,4.8696995e-05,0.0031364784,True
2001-01-01,140.49,3.7,-0.40000004,1.5142858,-3.142857,84.18572,0.06666667,0.06666667,0.3,8.366667,-0.11666667,2.3171306e-05,0.000923492,0.004484591,0.0012412351,0.004391689,True
2001-01-08,140.5,5.9,3.4428573,6.0285716,0.95714283,84.75714,0.44285712,0.4285714,0.4857143,8.614285,1.4142857,0.00026108325,0.00092122704,0.0026670012,0.0068135913,0.0,True
2001-01-15,140.49,0.1,-0.74285716,1.5428572,-3.1857142,86.21429,0.11428572,0.11428572,0.25714287,8.771428,0.22857143,5.2303076e-06,0.0009231046,0.0010126205,0.000110769644,0.0015062392,True
2001-01-22,140.49,2.9,-0.9714286,1.1428572,-3.457143,79.542854,0.071428575,0.071428575,0.3857143,8.614285,-1.5571429,2.7567148e-06,0.0009313226,0.0021919976,0.00015717,0.004606966,True
2001-01-29,140.54058777988482,14.2,2.357143,4.4857144,0.5,84.52857,0.5285714,0.51428574,0.5285714,8.9,0.18571429,0.0002725497,0.00094189495,0.0028203896,0.004570471,0.00021959096,True
2001-02-05,140.5,20.8,-0.81428576,0.9428572,-3.457143,89.21429,0.15714286,0.15714286,0.37142858,9.571428,0.014285714,0.0002959296,0.0009603724,0.007818807,0.012269782,0.017580345,True
2001-02-12,140.61,0.5,6.657143,10.157143,2.9285715,74.042854,0.88571435,0.8142857,1.0857142,9.7,4.3,0.00042819977,0.0010005459,0.00046656246,0.0066773724,4.722178e-05,True
2001-02-19,140.64,1.6,2.2571428,6.871429,-1.1714287,82.700005,0.51428574,0.4714286,0.5857143,9.457143,2.7,5.6743622e-05,0.0010737404,0.0001812265,0.00037452579,0.0008878708,True
2001-02-26,140.63,9.3,-1.0142858,2.1285713,-4.142857,80.65715,0.55714285,0.5428571,0.7285715,9.557143,1.4714285,0.00016616285,0.0011476204,0.008381508,0.0009298865,0.017257895,True
2001-03-05,140.65,12.7,-0.042857144,3.3857143,-3.0428574,81.71429,0.61428565,0.5857143,0.78571427,9.742857,0.3,0.00020901114,0.0012291968,0.012373884,0.0094314795,0.008893255,True
2001-03-12,140.66,25.099998,7.157143,11.1285715,2.914286,75.08572,1.2142857,1.1571429,1.3428571,9.842857,6.0142856,0.0015948415,0.0013257116,0.0040274686,0.012892373,1.5422702e-06,True
2001-03-19,140.79,25.5,4.214286,8.014285,1.4857142,82.457146,1.042857,1.0571429,1.0285714,10.3,5.571429,0.0009820759,0.0016929135,0.000451122,0.001822941,0.004745476,True
2001-03-26,140.89,30.800001,0.50000006,3.914286,-1.9142857,85.62858,0.5,0.5,0.7285714,10.7,2.3857143,0.0011378527,0.002094604,0.0035039415,0.0053965803,0.013338603,True
2001-04-02,141.17,0.6,5.3857145,9.885715,0.0,72.3,1.5714285,1.4285715,1.5571429,10.242857,6.1285715,0.0002548769,0.0029053688,0.0045702513,0.0089870095,3.5576522e-05,True
2001-04-09,141.14,11.1,8.842857,13.885715,4.857143,76.18572,1.7714287,1.6857144,1.7571429,9.757143,9.942857,0.00021384656,0.0035151914,6.601924e-06,9.080209e-05,0.0,True
2001-04-16,141.07,10.8,4.3714285,8.242857,0.8142857,82.67143,1.2857143,1.1714286,1.3571428,9.757143,6.285714,0.00033840537,0.0038445815,0.0012811195,0.0043263286,0.005305173,True
2001-04-23,141.09,9.5,4.5,8.1,1.4428571,80.25715,1.2142857,1.1428572,1.3000001,9.657143,6.1714287,0.00016932935,0.004066244,0.00015794663,0.0009976551,7.388741e-05,True
2001-04-30,141.05485615549253,12.8,11.914286,17.87143,5.414286,68.44286,2.9428573,2.6571426,2.7285714,9.157143,12.857142,0.0001847446,0.004207596,1.7654328e-06,1.6309321e-05,0.0,True
2001-05-07,141.0,13.200001,13.457144,18.185715,8.657144,76.57143,2.8285713,2.3285716,2.8,8.342857,15.328571,0.00028160214,0.0041654333,-7.345365000000001e-25,7.450581e-09,0.0,True
2001-05-14,140.98,0.0,14.114286,20.242859,6.5,64.185715,3.9857142,2.9142857,3.6571429,7.928571,17.285715,3.941357e-06,0.004080273,-7.345365000000001e-25,3.7252903e-09,0.0,True
2001-05-21,140.9,4.4,14.014287,18.571428,9.400001,68.057144,3.1714287,2.5,3.2285712,7.0857143,17.214285,0.00014469028,0.003931232,-7.345365000000001e-25,0.0,0.0,True
2001-05-28,140.84,8.5,15.67143,21.657145,7.7000003,59.68571,4.1,1.9857143,3.8,6.1857142,19.7,5.518645e-05,0.0037470534,-7.345365000000001e-25,1.1175871e-08,0.0,True
2001-06-04,140.85,28.1,12.371429,16.785715,9.328572,76.48572,2.742857,2.1142857,3.042857,6.3,15.285714,0.001368016,0.0035553202,-7.345365000000001e-25,3.7252903e-09,0.0,True
2001-06-11,140.85,15.8,12.771429,17.357143,8.485715,77.6,2.285714,1.7714285,2.5714285,6.5285716,15.685715,0.0002342239,0.0033955052,-7.345365000000001e-25,7.450581e-09,0.0,True
2001-06-18,140.82,5.3,15.314286,20.657145,9.428572,73.057144,2.9428573,2.2428572,3.2428572,6.3428574,18.314285,0.0001405403,0.003239207,-7.345365000000001e-25,7.450581e-09,0.0,True
2001-06-25,140.77,9.1,14.214286,19.071428,9.8714285,78.24286,2.9857142,2.2142856,3.085714,6.0857143,17.457144,0.00014542788,0.0030886158,-7.345365000000001e-25,1.1175871e-08,0.0,True
2001-07-02,140.7,8.5,18.557144,24.014286,12.971429,70.22857,3.9714284,2.2,4.0,5.4857144,22.528572,9.211898e-05,0.0029237866,-7.345365000000001e-25,7.450581e-09,0.0,True
2001-07-09,140.67,28.900002,19.728573,24.77143,13.514285,71.62858,4.0571427,1.5857143,3.8857143,5.2714286,22.414286,0.00040872395,0.0027494729,-7.345365000000001e-25,1.8626451e-08,0.0,True
2001-07-16,140.63,15.1,17.585714,22.228573,13.17143,72.91429,3.3000004,2.2285714,3.3714287,5.5285716,20.514286,0.00016514957,0.0025935993,-7.345365000000001e-25,1.1175871e-08,0.0,True
2001-07-23,140.68,8.2,17.1,22.414288,10.928572,75.32857,3.2142856,2.3285716,3.2285714,5.9142857,19.957144,0.00015166402,0.0024669766,-7.345365000000001e-25,1.1175871e-08,0.0,True
2001-07-30,140.64771282547616,2.0,21.071428,27.77143,13.8714285,64.42857,4.3857145,1.9285715,4.4714284,5.357143,24.471428,1.0058284e-05,0.0023159832,-7.345365000000001e-25,1.1175871e-08,0.0,True
2001-08-06,140.6,18.0,18.942858,25.0,13.314286,72.57143,3.357143,2.4142857,3.4857142,5.357143,22.328571,0.0001738742,0.0021663979,-7.345365000000001e-25,1.1175871e-08,0.0,True
2001-08-13,140.59,4.5,17.7,22.857143,13.1285715,67.3,3.0142858,2.0142856,3.3428571,5.385714,19.342857,4.4837594e-05,0.0020411685,-7.345365000000001e-25,1.1175871e-08,0.0,True
2001-08-20,140.54,25.599998,22.385715,28.228573,17.728573,73.64286,3.414286,1.9142857,3.7571428,5.285714,23.457144,0.00029094517,0.0019174144,-7.345365000000001e-25,7.450581e-09,0.0,True
2001-08-27,140.56,21.5,20.300001,26.87143,15.485715,79.457146,2.7999997,1.5714287,3.1285713,5.9,23.442858,0.0006284416,0.0018186793,-7.345365000000001e-25,7.450581e-09,0.0,True
2001-09-03,140.54,23.8,15.2,19.457144,11.171428,76.21429,1.9714285,1.1999999,2.3714287,6.0285716,17.528572,0.00036668777,0.0017340258,-7.345365000000001e-25,1.1175871e-08,0.0,True
2001-09-10,140.55,42.9,12.6285715,16.042858,10.357142,84.02857,1.6142856,1.3714286,1.6142857,6.857143,14.171429,0.0012768656,0.0016774088,-7.345365000000001e-25,9.313226e-09,0.0,True
2001-09-17,140.64,13.9,11.400001,14.7,8.585714,83.75714,1.1142857,1.0857142,1.3571428,8.571428,12.342857,0.000639081,0.0016548038,-7.345365000000001e-25,7.450581e-09,0.0,True
2001-09-24,140.65,20.9,11.557143,14.985715,8.171429,84.11428,1.1,1.0714285,1.4,9.2,12.4,0.00048308074,0.0016804114,-7.345365000000001e-25,1.1175871e-08,0.0,True
2001-10-01,140.68,22.7,12.6285715,15.300001,9.528572,90.98572,0.7571429,0.7571429,0.94285715,9.485714,13.3,0.00033541024,0.0017669424,-7.345365000000001e-25,7.450581e-09,0.0,True
2001-10-08,140.7,10.3,14.471429,19.7,9.828572,82.18572,1.1999999,1.1857144,1.4571428,9.857142,15.014286,0.00018136203,0.0019299611,-7.345365000000001e-25,9.313226e-09,0.0,True
2001-10-15,140.67,0.0,14.371429,19.77143,10.242858,76.12858,1.1142857,0.9571429,1.4,9.471429,14.514286,8.367002e-06,0.0020875633,-7.345365000000001e-25,5.5879354e-09,0.0,True
2001-10-22,140.62,4.8999996,11.957144,15.314286,8.914286,86.6,0.54285717,0.4571429,0.78571427,9.171429,12.614285,8.7708235e-05,0.002185963,-7.345365000000001e-25,5.5879354e-09,0.0,True
2001-10-29,140.61086234997626,3.3999999,10.1,12.685715,8.028571,85.84286,0.5,0.4571429,0.8285714,9.257143,9.885715,8.804351e-05,0.0022420958,-7.345365000000001e-25,7.450581e-09,0.0,False
2001-11-05,140.58,3.7,9.771429,13.028572,6.8285713,76.22857,0.8142857,0.7428571,1.3428571,9.114285,8.971429,3.9979815e-05,0.002268076,-7.345365000000001e-25,5.5879354e-09,0.0,True
2001-11-12,140.57,22.4,3.7857144,6.5142856,1.0285714,84.17143,0.41428572,0.41428572,0.55714285,9.642858,3.942857,0.0011631027,0.0022872835,0.00039156846,0.0005518012,0.0009334013,True
2001-11-19,140.55,1.1,2.642857,5.7000003,-0.3714285,90.471436,0.22857144,0.21428573,0.2857143,9.928572,2.6142857,8.572638e-05,0.0023724213,0.00012776966,0.00036765076,8.806586e-06,True
2001-11-26,140.54,15.3,2.3,5.157143,-0.8714286,86.042854,0.35714284,0.35714284,0.3857143,10.228572,1.9,0.00029726326,0.0024825037,0.00038892883,0.00025523268,0.0008580275,True
2001-12-03,140.65,19.3,1.3000001,3.3,-0.071428604,89.28571,0.15714286,0.15714286,0.31428573,10.557143,1.2285714,0.000356026,0.0026409775,0.00022972765,0.0005735159,9.7960234e-05,True
2001-12-10,140.74,17.0,0.8714286,2.8142858,-1.1,89.28571,0.11428572,0.11428572,0.25714287,10.642858,1.1,0.0002938956,0.0029898584,0.00016395819,0.00011988357,0.0033988059,True
2001-12-17,140.84,12.7,-2.7428572,-0.18571422,-5.1142855,88.957146,0.057142857,0.057142857,0.24285714,10.357142,-1.0428572,0.00024159253,0.0034500957,0.004814721,0.002279453,0.009343155,True
2001-12-24,140.83,23.1,-2.0285714,0.9857144,-5.3428574,82.471436,0.057142857,0.057142857,0.41428572,10.471429,-0.1,0.00012224913,0.003923632,0.017799309,0.0036876462,0.026534755,True
2001-12-31,140.8641060319946,20.8,0.21428564,2.7000003,-2.057143,82.52857,0.34285715,0.34285715,0.5714286,10.6,0.0,0.00035037845,0.0036668926,0.029860172,0.008370072,0.01307442,True
2002-01-07,140.94,5.7,-4.2000003,-0.042857103,-8.728572,81.27143,0.11428572,0.11428572,0.3,10.357142,-0.47142857,6.4492226e-05,0.004722059,0.042116374,0.0019374117,0.010940511,True
2002-01-14,140.95,4.7,-2.357143,-0.057142835,-4.357143,92.71429,0.028571429,0.028571429,0.17142858,10.3,-0.2,4.991889e-06,0.0050404966,0.047563758,0.00024044886,0.005747374,True
2002-01-21,140.92,9.2,0.35714287,2.4857144,-2.0857143,86.27143,0.25714287,0.25714287,0.3857143,10.357142,0.042857144,0.0024198294,0.0067948103,0.045063972,0.042778786,0.0006383285,True
2002-01-28,141.16,16.1,7.5428576,11.142858,3.7714288,72.71429,1.2428571,1.2285713,1.2571429,10.271428,4.6285715,0.0006633401,0.007160738,0.0017158134,0.009812826,4.582107e-06,True
2002-02-04,141.21,0.0,9.1285715,13.714286,5.428571,65.11429,1.3571428,1.2428572,1.5428572,10.0,6.5285716,5.185604e-06,0.009523101,3.5762787e-07,4.0922314e-06,0.0,True
2002-02-11,141.14,16.3,7.971429,10.757143,5.1,78.1,1.042857,0.9714285,1.0,9.942857,6.1285715,0.000362508,0.010106035,3.40598e-08,4.1350722e-07,3.9860606e-07,True
2002-02-18,141.17,7.2999997,3.457143,8.428572,-0.57142854,73.78571,1.042857,0.9857143,0.90000004,10.285714,4.071429,0.00016753376,0.010055296,3.9168767e-06,5.0719827e-06,8.150935e-06,True
2002-02-25,141.19,35.2,1.4571428,5.057143,-1.5142858,85.14286,0.74285716,0.74285716,0.62857145,10.442857,1.5142857,0.000680767,0.010003418,0.004922878,0.009598965,0.018151987,True
2002-03-04,141.49,14.799999,4.557143,7.6142855,1.1999999,73.64286,1.2142857,1.2142857,1.2142857,10.642858,3.8857143,0.0014409125,0.0123415515,0.0009192853,0.009046966,0.0011598952,True
2002-03-11,141.34,4.6,6.6857147,11.914286,1.8714286,66.51429,1.6999999,1.5857143,1.6857144,9.9,6.142857,0.00016643107,0.013437204,9.8949386e-05,0.0005506072,7.747486e-05,True
2002-03-18,141.32,12.599999,5.957143,10.342857,2.4857144,79.74286,1.1428572,1.0285714,1.2714285,9.657143,6.4,0.00016215444,0.013152607,0.00093610515,0.004182333,0.0041956306,True
2002-03-25,141.33,13.599999,4.4,7.071429,2.7428572,82.62858,0.9857143,0.9857143,1.0857142,10.042857,5.2,0.0008202046,0.0126218945,0.00061489287,0.0016612187,0.0033612996,True
2002-04-01,141.22,0.0,5.1285715,11.971429,-0.90000004,67.700005,1.6142857,1.3857143,1.6000001,9.657143,7.542857,4.3302774e-05,0.0120829865,0.00068312034,0.0019785818,0.0003780648,True
2002-04-08,141.19,0.0,4.5,10.3,-1.5428572,61.87143,2.3428571,1.7714287,2.1571429,8.671429,8.228572,1.7613173e-05,0.011313528,0.00031853857,0.0009488128,0.0014373697,True
2002-04-15,141.36,49.6,7.3857145,10.557143,3.4714286,79.01429,1.3000001,1.0285714,1.4142857,8.328571,8.542857,0.0005966127,0.010446548,7.990996e-05,0.00042325258,0.0,True
2002-04-22,141.31,3.5,9.185715,13.771429,4.5142856,80.17143,1.6142857,1.4857143,1.8000001,9.414286,11.228572,5.853176e-05,0.009680763,-7.2791902999999985e-25,5.5879354e-08,0.0,True
2002-04-29,141.20230168668178,8.3,10.828572,15.700002,6.2428575,75.07143,2.142857,1.9571427,2.2714286,9.114285,12.314285,0.00034414232,0.009023085,-7.2791902999999985e-25,0.0,0.0,True
2002-05-06,141.28,17.2,13.585714,18.057142,9.285714,79.37142,2.3,1.9857146,2.5571427,8.557143,15.428572,0.0010396391,0.008350104,-7.2791902999999985e-25,0.0,0.0,True
2002-05-13,141.24,0.1,16.671429,21.642857,11.900001,71.67143,3.6428568,3.0000002,3.5571427,8.157143,18.642857,0.00022682548,0.0077274963,-7.2791902999999985e-25,7.450581e-09,0.0,True
2002-05-20,141.16,3.3999999,15.285714,21.014286,9.571428,69.200005,3.3285716,2.442857,3.457143,7.3714285,18.671429,7.882714e-05,0.007116005,-7.2791902999999985e-25,3.7252903e-09,0.0,True
2002-05-27,141.05,16.0,16.328571,21.100002,11.328572,76.35714,2.957143,2.3,3.1857142,7.0285716,18.942858,0.00014176965,0.0065200105,-7.2791902999999985e-25,3.7252903e-09,0.0,True
2002-06-03,141.02,8.1,14.542857,19.5,9.2,71.957146,3.285714,2.5857143,3.5142858,7.457143,18.6,8.21501e-05,0.0059858635,-7.2791902999999985e-25,3.7252903e-09,0.0,True
2002-06-10,141.0,47.800003,16.885715,20.957142,13.257143,79.12858,2.8142855,2.0714288,2.8999999,6.957143,19.414286,0.00045473874,0.005446106,-7.2791902999999985e-25,1.1175871e-08,0.0,True
2002-06-17,141.0,8.9,17.171429,22.114286,12.1,77.314285,3.2714283,2.642857,3.2857144,7.1,19.742857,7.1421266e-05,0.0050251484,-7.2791902999999985e-25,1.1175871e-08,0.0,True
2002-06-24,140.94,4.9,20.6,25.97143,15.857142,72.47143,4.342857,2.9428573,4.4142857,6.2,24.414286,0.00018002093,0.0045883507,-7.2791902999999985e-25,7.450581e-09,0.0,True
2002-07-01,140.86,2.7,16.614286,21.928572,10.800001,60.61429,3.8142855,1.7285713,3.9857142,5.5,19.985714,1.3455749e-05,0.0041852593,-7.2791902999999985e-25,3.7252903e-09,0.0,True
2002-07-08,140.79,19.4,18.357143,23.77143,12.185715,69.42857,3.7428572,2.0,3.7714286,5.542857,20.057142,0.0002238676,0.0038313419,-7.2791902999999985e-25,1.1175871e-08,0.0,True
2002-07-15,140.75,10.5,20.757143,26.728573,14.528572,67.71429,4.3285713,1.9571428,4.1857142,5.2714286,23.242857,0.00020004809,0.0034733787,-7.2791902999999985e-25,1.1175871e-08,0.0,True
2002-07-22,140.76,18.4,17.728573,22.628572,14.6285715,78.42857,2.6857145,2.2857144,3.1857145,6.5571427,20.185715,0.006865792,0.0032229573,-7.2791902999999985e-25,1.4901161e-08,0.0,True
2002-07-29,140.78804483197564,2.7,18.457144,23.5,13.142858,71.27143,3.1,2.3142858,3.4142857,6.142857,19.742857,5.378574e-05,0.0030470267,-7.2791902999999985e-25,1.1175871e-08,0.0,True
2002-08-05,140.69,25.3,21.042858,27.628572,15.642858,73.4,3.4428573,2.4142857,3.7571428,5.9714284,23.757143,0.0005827993,0.0028536618,-7.2791902999999985e-25,1.1175871e-08,0.0,True
2002-08-12,140.74,114.7,19.67143,24.67143,14.685715,78.75714,2.5428574,2.2857141,2.9428573,7.7714286,21.957144,0.0043759793,0.003788583,-7.2791902999999985e-25,1.3038516e-08,0.0,True
2002-08-19,141.3,21.0,19.628572,24.47143,15.371429,79.88572,2.7571428,2.4714284,3.142857,10.528571,21.5,0.006295666,0.0057677478,-7.2791902999999985e-25,1.3038516e-08,0.0,True
2002-08-26,141.11,5.7999997,21.028574,28.042858,14.6285715,67.700005,3.3857148,2.5857143,3.757143,8.885715,23.914286,9.457767e-05,0.0028127283,-7.2791902999999985e-25,1.1175871e-08,0.0,True
2002-09-02,141.06,22.4,19.1,25.542858,13.642858,73.24286,2.714286,2.0,3.0571427,8.242857,22.8,7.6279044e-05,0.0027836636,-7.2791902999999985e-25,5.5879354e-09,0.0,True
2002-09-09,140.98,11.2,17.985714,24.5,12.071428,73.04286,2.5285714,1.5714285,2.7285714,7.542857,20.27143,0.00012926757,0.0027125776,-7.2791902999999985e-25,1.1175871e-08,0.0,True
2002-09-16,140.92,8.0,13.785714,20.27143,8.6285715,76.62858,1.8857144,1.2142856,2.1571429,7.285714,16.914286,0.00010436773,0.0026295856,-7.2791902999999985e-25,5.5879354e-09,0.0,True
2002-09-23,140.95,16.8,11.871429,15.800001,9.142858,85.15714,1.0,0.7428571,1.2571429,7.3428574,13.914286,0.00026080012,0.0025605112,-7.2791902999999985e-25,3.7252903e-09,0.0,True
2002-09-30,140.8840601342646,12.900001,9.242858,13.599999,5.7000003,82.6,0.91428566,0.74285716,1.1857144,8.228572,10.5,0.00012035668,0.0025032014,-7.2791902999999985e-25,1.8626451e-09,0.0,True
2002-10-07,140.74,15.8,10.728571,15.585715,7.0285716,82.557144,1.0428573,0.9285714,1.2714285,8.314285,12.171429,0.00023274869,0.002448514,-7.2791902999999985e-25,5.5879354e-09,0.0,True
2002-10-14,140.83,10.5,4.7428575,7.828572,1.3428572,81.91429,0.5857143,0.5285714,0.9571429,9.242857,5.8142858,0.00018255413,0.002407737,0.0009593339,0.0044560228,0.0056662112,True
2002-10-21,140.82,21.5,8.671429,11.771429,5.5428576,80.92857,0.7428571,0.7428571,1.0142857,9.585714,8.357142,0.0003838241,0.0023817047,9.147326e-05,0.0014080219,0.0,True
2002-10-28,140.89,23.4,9.400001,13.285714,5.571429,76.08572,1.1714286,1.1714286,1.4142857,10.114285,8.3,0.0006585419,0.002398789,-7.2791902999999985e-25,5.5879354e-09,0.0,True
2002-11-04,140.97,25.3,5.228572,8.142858,2.7,85.35714,0.42857143,0.44285712,0.5285714,10.557143,5.857143,0.00048018992,0.0025092363,0.000756048,0.0011408608,0.006790139,True
2002-11-11,141.11,16.5,1.4857143,4.914286,-1.8428571,83.4,0.4142857,0.4142857,0.5,10.685715,1.6857142,0.00096610934,0.002771452,0.0045124576,0.011156578,0.0067314524,True
2002-11-18,141.15,3.9,8.257143,11.985715,4.3857145,81.78571,0.4857143,0.4857143,0.67142856,10.3714285,6.2285714,0.00011628866,0.0034840405,0.00019063268,0.0012800097,0.0,True
2002-11-25,141.26,29.4,4.414286,7.5,1.1428572,89.58571,0.15714288,0.15714288,0.29999998,10.857142,3.7714286,0.001636073,0.0054196417,2.7588435e-06,1.0220334e-05,9.5926225e-06,True
2002-12-02,141.35,21.3,6.042857,7.9857144,4.114286,90.85714,0.12857144,0.12857144,0.35714287,10.714286,4.9142857,0.0005741045,0.0065414235,-7.2791902999999985e-25,1.2293458e-07,0.0,True
2002-12-09,141.27,0.1,-2.7142856,-0.54285717,-3.9428575,87.08572,0.042857144,0.042857144,0.3285714,10.428572,0.042857144,1.5303493e-05,0.008312814,0.00028453555,0.0,0.00059010834,True
2002-12-16,141.24,1.1,-5.571429,-2.3714287,-9.157143,79.8,0.014285714,0.014285714,0.3,10.285714,-4.257143,1.7911196e-05,0.009085111,0.000513968,8.1151724e-05,0.0001934655,True
2002-12-23,141.17,13.1,-1.6142857,0.2857143,-3.5285716,90.799995,0.014285714,0.014285714,0.21428572,10.414286,-1.0,0.00012756884,0.009099707,0.0053219115,0.00022155419,0.014633261,True
2002-12-30,141.32826224317913,29.6,-0.5714286,1.6,-2.4428573,80.57143,0.11428572,0.11428572,0.4857143,10.542857,-1.0142857,0.0008870512,0.008970872,0.011564079,0.009540904,0.012077626,False
2003-01-06,141.59,26.9,-3.142857,0.97142845,-7.5,87.87144,0.0,0.0,0.2857143,11.2,0.0,0.0037591904,0.014281541,0.009701105,0.020265572,0.009915169,True
2003-01-13,141.52,9.2,-7.8142858,-4.8285713,-12.114286,86.14286,0.014285714,0.014285714,0.17142858,10.457143,-1.9857143,3.491342e-05,0.015459113,0.007183472,0.00063253194,0.009145927,True
2003-01-20,141.61,0.2,3.142857,5.571429,0.37142858,79.957146,0.5428571,0.54285717,0.64285713,10.3,0.44285715,0.0004658997,0.01557824,0.0028527635,0.0136762075,6.482005e-07,True
2003-01-27,141.57,10.4,2.357143,4.7428575,0.08571427,87.1,0.3,0.3,0.4857143,10.2,0.6,0.0002842322,0.015180506,0.00068381854,0.001663452,0.0013258345,True
2003-02-03,141.52,16.9,-1.1285714,1.8714286,-4.4142857,86.44286,0.3142857,0.3142857,0.4714286,10.485714,0.5857143,0.00022605062,0.01463075,0.00452804,0.0018565655,0.009333406,True
2003-02-10,141.49,2.9,-2.357143,1.0285714,-5.4,81.057144,0.15714286,0.15714286,0.44285718,10.328571,-0.057142857,2.7485192e-05,0.014073141,0.008512389,0.0010966826,0.003429655,True
2003-02-17,141.4,0.90000004,-5.6857142,-0.59999996,-9.928572,75.52857,0.057142857,0.057142857,0.45714286,10.228572,-1.3285714,3.4719706e-06,0.013371095,0.009204512,0.00016414933,0.0025773086,True
2003-02-24,141.33,0.1,-1.5,2.3714287,-5.2571425,79.38572,0.42857143,0.3857143,0.5857143,10.1285715,-0.67142856,8.594245e-05,0.012534514,0.008750376,0.0045595504,0.0005694926,True
2003-03-03,141.29,2.9,2.6000001,7.971429,-1.3142859,70.814285,0.7999999,0.68571424,0.9142857,9.742857,0.32857144,9.9405646e-05,0.0116242245,0.0019634452,0.0044960827,0.0008673854,True
2003-03-10,141.44,8.5,3.457143,7.3285713,-0.18571432,79.40001,0.88571423,0.7857143,0.9857143,9.614285,2.1142857,0.00016162544,0.010724083,0.0008741958,0.0028943922,0.0018388554,True
2003-03-17,141.42,16.9,3.7285714,8.171429,0.38571432,79.15715,1.1,1.0428572,1.1285714,10.0,4.757143,0.00023334473,0.009909198,0.0001363584,0.00035678782,0.00041278452,True
2003-03-24,141.36,0.0,3.057143,8.828572,-1.8857143,63.24286,1.5142858,1.2714285,1.4857142,9.528571,4.6714287,1.4066696e-05,0.009233713,4.8762275e-05,0.00013237074,6.904453e-05,True
2003-03-31,141.32,2.3,8.142858,15.185715,1.957143,70.65715,1.8571428,1.4857142,1.7714285,8.8714285,9.442857,1.3686717e-05,0.008539535,1.8335525e-06,1.4062971e-05,0.0,True
2003-04-07,141.24,6.9,3.9285715,8.257143,-0.15714285,69.814285,1.5714285,1.3285714,1.7714285,8.4,6.0,0.00016914308,0.007851899,0.00054080714,0.00024122559,0.004218407,True
2003-04-14,141.21,0.1,3.5857143,9.371429,-2.4714284,65.11429,1.9428571,1.4571428,1.9,8.071428,5.928571,7.31051e-05,0.007226303,0.0026445787,0.0049976036,0.0019293316,True
2003-04-21,141.17,6.7999997,10.414286,16.457142,4.1,59.528572,3.5,2.5142858,3.042857,7.1571426,11.6,0.00012343377,0.0065764263,1.0212262e-05,0.00011355989,1.0613352e-05,True
2003-04-28,141.13,2.1999998,13.185715,19.52857,5.7000003,56.61429,3.3,1.6857144,3.0857143,6.3142858,14.485714,3.4615397e-05,0.0059403107,-7.2791902999999985e-25,1.4901161e-08,0.0,True
2003-05-05,141.08,0.8,16.128572,21.685715,8.414286,53.24286,4.1285715,1.3,3.7285712,5.8142858,16.5,3.7148595e-05,0.005349152,-7.2791902999999985e-25,7.450581e-09,0.0,True
2003-05-12,141.0,8.4,16.1,22.071428,10.857142,69.52857,3.457143,0.8714286,3.5714285,5.742857,19.157143,9.264052e-05,0.004769698,-7.2791902999999985e-25,7.450581e-09,0.0,True
2003-05-19,140.97,9.0,11.842857,17.514286,6.3428574,72.24286,2.7,1.5,2.8714287,5.7,15.3714285,0.00021643937,0.0043097287,-7.2791902999999985e-25,3.7252903e-09,0.0,True
2003-05-26,140.9,6.4,16.1,21.485716,10.400001,66.54286,3.7142854,1.4571428,3.7714286,5.571429,18.4,3.7647784e-05,0.0038906783,-7.2791902999999985e-25,1.1175871e-08,0.0,True
2003-06-02,140.83,0.0,18.357143,25.300001,10.599999,58.628574,4.471429,0.7428571,4.5142856,5.2714286,21.914286,7.227063e-07,0.0034752935,-7.2791902999999985e-25,3.7252903e-09,0.0,True
2003-06-09,140.72,4.4,21.957144,28.67143,14.257143,58.585716,5.3428574,1.8999999,5.2285714,5.0857143,24.642857,5.8323145e-05,0.00306236,-7.2791902999999985e-25,7.450581e-09,0.0,True
2003-06-16,140.67,6.1,19.84286,25.742859,12.471429,57.4,4.8142858,1.4714286,4.714286,5.0142856,24.2,4.0091574e-05,0.002696842,-7.2791902999999985e-25,0.0,0.0,True
2003-06-23,140.69,14.9,17.557142,22.657145,11.728572,64.34286,3.9714284,1.8714286,4.1714287,4.9857144,20.257143,0.00010637939,0.002411157,-7.2791902999999985e-25,1.1175871e-08,0.0,True
2003-06-30,140.71232517238766,6.2000003,18.642857,25.071428,11.728572,58.75714,4.457143,1.2714285,4.4857144,4.642857,22.0,5.2154064e-06,0.002165176,-7.2791902999999985e-25,3.7252903e-09,0.0,True
2003-07-07,140.7,16.199999,16.142857,20.328571,13.328572,76.47143,2.7,1.8571427,3.0714285,5.042857,18.571428,9.9770725e-05,0.001950793,-7.2791902999999985e-25,1.8626451e-08,0.0,True
2003-07-14,140.67,3.1,17.242857,22.657145,11.242858,64.64286,3.7857144,1.4285715,3.857143,4.542857,20.9,2.7373433e-05,0.0017843544,-7.2791902999999985e-25,3.7252903e-09,0.0,True
2003-07-21,140.6,16.699999,22.514286,29.457144,14.885715,58.828575,5.014286,1.9428571,4.9,4.357143,24.72857,5.2444637e-05,0.0016073734,-7.2791902999999985e-25,1.1175871e-08,0.0,True
2003-07-28,140.56,29.199999,21.157145,27.557144,16.37143,71.92857,3.8,2.6428568,3.8857143,4.6285715,24.328571,0.00027120113,0.0014452413,-7.2791902999999985e-25,1.1175871e-08,0.0,True
2003-08-04,140.52,2.7,22.2,28.257143,15.971429,68.4,3.6999996,2.2857144,4.157143,4.742857,24.87143,5.941093e-05,0.0013222992,-7.2791902999999985e-25,1.4901161e-08,0.0,True
2003-08-11,140.5,0.0,21.685715,29.414288,13.471429,51.27143,4.642857,1.0571429,4.6571426,3.9142857,25.528572,0.0,0.0011969358,-7.2791902999999985e-25,3.7252903e-09,0.0,True
2003-08-18,140.47,3.1,21.142857,28.857143,12.814286,52.200005,4.3142858,0.64285713,4.357143,3.7285714,23.6,3.3393502e-05,0.0010809675,-7.2791902999999985e-25,7.450581e-09,0.0,True
2003-08-25,140.46,4.0,18.457142,24.657145,13.342857,66.11429,3.2142856,0.5714286,3.3285713,3.7142856,21.671429,1.2904406e-05,0.0009893551,-7.325276e-25,1.3038516e-08,0.0,True
2003-09-01,140.44,7.0,15.514287,21.214285,10.614286,67.72857,2.5571427,0.8000001,2.9857142,3.8,18.214285,1.1011958e-05,0.0009148121,-7.345365000000001e-25,5.5879354e-09,0.0,True
2003-09-08,140.4,1.6,14.800001,21.214285,8.742857,63.7,2.5857143,1.1,2.6000001,3.9,16.685715,2.5242567e-05,0.0008542612,-7.345365000000001e-25,5.5879354e-09,0.0,True
2003-09-15,140.41,22.4,13.7,18.528574,10.157143,82.61428,1.5,1.1,1.7428571,4.3428574,16.2,0.00010916591,0.00079987943,-7.345365000000001e-25,7.450581e-09,0.0,True
2003-09-22,140.37,0.0,18.357143,27.142857,10.514285,61.957146,2.6857142,1.457143,2.9142857,4.0142856,18.328571,0.0,0.00075180084,-7.345365000000001e-25,5.5879354e-09,0.0,True
2003-09-29,140.38579360512273,3.8,12.714286,19.028574,7.414286,68.27143,1.6571429,0.67142856,1.9571428,3.6285715,14.8714285,4.1410327e-05,0.0007047206,-7.345365000000001e-25,1.8626451e-09,0.0,True
2003-10-06,140.35,12.7,10.085714,14.228572,5.2000003,82.54286,0.94285715,0.59999996,1.1571429,3.8,11.785714,5.9068203e-05,0.00066946447,-7.345365000000001e-25,5.5879354e-09,0.0,True
2003-10-13,140.37,12.599999,9.057143,12.571428,5.8142858,79.08572,1.0285715,0.87142855,1.3428571,4.542857,9.3714285,0.0001648441,0.00064177066,-7.345365000000001e-25,2.1606684e-07,1.9744039e-07,True
2003-10-20,140.39,0.3,4.1,9.5,-0.7571429,79.14286,0.6714286,0.48571426,0.7428571,4.3428574,6.4,7.897615e-06,0.0006157607,-7.345365000000001e-25,0.0,0.0,True
2003-10-27,140.36,10.5,1.6428572,4.828572,-1.4428571,83.557144,0.40000004,0.34285715,0.59999996,4.5142856,3.3428571,0.00012119487,0.0005932674,0.00014651389,0.00034887344,0.00048109517,True
2003-11-03,140.34,2.3,6.357143,9.928572,2.642857,77.78571,0.5714286,0.4714286,0.90000004,4.6571426,4.9428573,2.361834e-05,0.000573352,2.908139e-05,0.00010108389,9.313226e-08,True
2003-11-10,140.32,0.1,5.085714,8.985715,2.0714285,84.24286,0.41428572,0.31428573,0.55714285,4.5571427,4.928571,3.3900142e-06,0.00055503845,-7.345365000000001e-25,4.656613e-08,0.0,True
2003-11-17,140.3,8.1,2.857143,7.0,-0.49999997,80.14286,0.40000004,0.31428573,0.5142857,4.5857143,2.1285715,7.160008e-05,0.0005383268,-7.345365000000001e-25,1.8626451e-09,0.0,True
2003-11-24,140.3,1.8,8.657144,11.17143,5.971429,83.57143,0.41428572,0.34285715,0.7285714,5.285714,6.9428573,5.413592e-05,0.00052396953,-7.345365000000001e-25,7.450581e-09,0.0,True
2003-12-01,140.31,15.0,7.157143,9.614286,5.214286,89.61428,0.21428573,0.20000002,0.32857147,5.542857,5.928571,6.300211e-05,0.0005108118,-7.345365000000001e-25,1.8626451e-09,0.0,True
2003-12-08,140.29,4.9,2.3857143,5.4714284,0.057142872,86.685715,0.24285714,0.24285714,0.34285715,5.8428574,2.6714287,2.9966235e-05,0.0004991144,0.00030158248,4.660338e-06,0.0010420755,True
2003-12-15,140.31,28.4,2.5,6.1714287,-1.0857142,79.38572,0.4857143,0.42857143,0.7285714,6.5857143,0.94285715,0.00032382458,0.00048850477,0.0008089883,0.0011188909,0.0031582043,True
2003-12-22,140.39,5.0,2.5571427,5.4714284,-0.28571424,82.27143,0.4,0.3857143,0.62857145,7.9142857,1.5,9.62764e-05,0.00047995895,0.0022735652,0.004234927,0.0039264597,True
2003-12-29,140.367608009808,0.0,-0.12857142,2.7428572,-2.6857145,73.14286,0.27142856,0.22857141,0.82857144,8.057143,-0.2857143,2.4110079e-05,0.00047378242,0.0019632634,0.0015137736,0.00020822883,True
2004-01-05,140.29,1.6999999,-4.042857,-1.1714287,-7.0285716,85.62858,0.1,0.1,0.20000002,8.0,0.0,9.164214e-07,0.00046898425,0.0023854915,2.238527e-05,0.003761379,True
2004-01-12,140.33,26.1,0.34285715,2.614286,-3.2857144,86.957146,0.22857143,0.21428572,0.41428572,8.785714,-0.3857143,0.00056857616,0.0004652813,0.006447724,0.013632104,0.010821898,True
2004-01-19,140.42,30.400002,2.3285713,4.785714,-0.20000002,82.84286,0.45714286,0.45714286,0.67142856,10.0,0.6857143,0.0002876222,0.000464499,0.0033463524,0.0059642326,0.01697639,True
2004-01-26,140.54,4.4,-6.2428575,-2.5,-9.485715,83.91429,0.014285714,0.014285714,0.2857143,10.342857,-0.21428572,7.599592e-06,0.0004721284,0.018684853,0.000239579,0.009681746,True
2004-02-02,140.56,17.6,1.6999999,4.071429,-1.1428572,79.84286,0.48571426,0.48571426,0.8142857,10.328571,0.78571427,0.0007465854,0.0004843846,0.018196713,0.02572973,0.007036768,True
2004-02-09,140.83,16.0,8.685715,11.542857,6.3285713,74.6,1.2428571,1.2285715,1.6428572,10.428572,6.2285714,0.00023588538,0.00051451474,0.0007710059,0.0009804163,0.0073243193,True
2004-02-16,140.95,9.8,0.54285717,2.7285714,-2.3142858,89.48572,0.27142859,0.27142859,0.4857143,10.428572,0.78571427,0.00038909912,0.0005720407,0.010415299,0.014490783,0.011873022,True
2004-02-23,140.91,1.9,0.20000002,2.757143,-2.1142857,74.8,0.6428572,0.61428565,0.94285715,10.1,0.5857143,9.384751e-05,0.0006612092,0.003796532,0.0025098324,0.0033710673,True
2004-03-01,140.87,8.1,-1.3428571,2.1714284,-4.2000003,78.97143,0.42857143,0.3857143,0.6857143,9.885715,0.057142857,3.8072467e-05,0.00076420605,0.004955763,0.0015651081,0.0064529255,True
2004-03-08,140.84,4.3,-0.41428572,2.9857144,-3.4857144,77.57143,0.62857145,0.5857143,0.9285714,9.842857,0.5285714,0.00020208955,0.0008588582,0.0048174686,0.005597733,0.0030481555,True
2004-03-15,140.87,9.0,4.585714,8.228571,1.4428571,78.12858,1.1428573,1.0142858,1.2857143,9.614285,3.557143,0.00023342669,0.0009527132,0.0042702015,0.009911107,0.006402038,True
2004-03-22,140.9,12.900001,11.014285,16.228573,6.3428574,68.828575,2.0571427,1.8428572,2.1,9.142858,9.814285,0.00016279519,0.0010379627,6.244296e-06,7.8773126e-05,0.0,True
2004-03-29,140.88386984536632,5.7000003,3.1714287,6.871429,-0.31428576,80.40001,0.9857143,0.8428572,1.1428572,9.285714,4.7285714,0.00019042194,0.0011145398,0.0011130628,0.0018887892,0.002697222,True
2004-04-05,140.88,2.1,9.514285,15.442858,2.8285716,62.47143,2.6142857,2.1857142,2.5571427,8.557143,9.814285,9.5680356e-05,0.0011823103,8.8634944e-05,0.00064003095,0.0,True
2004-04-12,140.8,4.0,5.714286,10.314286,1.6857144,78.9,1.4857143,1.2857143,1.7142857,8.457143,8.085714,6.7695975e-05,0.0012260899,-7.2791902999999985e-25,1.1175871e-08,0.0,True
2004-04-19,140.74,4.7,10.657143,16.328571,3.914286,67.01429,2.5,1.8857142,2.5,7.742857,12.4,3.656745e-05,0.0012460947,-7.2791902999999985e-25,3.7252903e-09,0.0,True
2004-04-26,140.7,9.599999,10.642858,16.385715,5.5,75.27143,2.2142856,1.6714287,2.2285714,7.0571427,13.514286,0.00020435452,0.0012434945,-7.2791902999999985e-25,3.7252903e-09,0.0,True
2004-05-03,140.72,10.0,14.157144,19.614286,7.7000003,66.700005,3.4857142,2.042857,3.4142857,6.3,15.957143,3.2022595e-05,0.0012254119,-7.2791902999999985e-25,1.1175871e-08,0.0,True
2004-05-10,140.7,28.4,12.642858,17.442858,7.9000006,77.22858,2.4285715,1.8285714,2.5714285,6.3714285,15.014286,0.00028279424,0.0011976957,-7.2791902999999985e-25,1.1175871e-08,0.0,True
2004-05-17,140.72,9.2,11.2,15.157144,7.114286,82.11428,2.0285716,1.6571428,2.2857144,7.071429,14.142858,0.00022774935,0.0011770055,-7.2791902999999985e-25,0.0,0.0,True
2004-05-24,140.74,16.3,10.742858,15.385715,6.585714,74.814285,2.7571428,2.0714285,2.7571428,6.757143,14.285714,0.00024038553,0.0011520311,1.7767861e-06,3.2514334e-05,3.216788e-05,True
2004-05-31,140.6839616210172,1.3,12.342857,18.328571,5.3428574,68.15714,3.2285712,2.057143,3.3714287,6.4428573,16.185715,4.403293e-05,0.001127027,6.81196e-08,8.2701445e-07,0.0,True
2004-06-07,140.63,14.3,15.185715,20.457144,10.085714,75.37144,2.9857142,1.7714285,3.2428572,6.6714287,18.685715,0.0002078116,0.0010937899,-7.2791902999999985e-25,3.7252903e-09,0.0,True
2004-06-14,140.59,20.0,17.385715,22.27143,12.6285715,77.12858,3.3714287,2.3857143,3.4714284,6.428571,20.5,0.00033987314,0.0010614768,-7.2791902999999985e-25,1.1175871e-08,0.0,True
2004-06-21,140.62,21.3,14.042857,19.328571,9.257143,75.62858,3.0142858,2.5,3.1714287,6.4714284,17.157143,0.00024725497,0.0010315776,-7.2791902999999985e-25,1.4901161e-08,0.0,True
2004-06-28,140.62,7.0,16.057142,21.071428,10.328572,66.700005,3.8285713,2.8142858,3.857143,5.8428574,18.885714,6.642938e-05,0.0010001734,-7.2791902999999985e-25,7.450581e-09,0.0,True
2004-07-05,140.63,11.1,15.942858,21.857143,11.314286,69.27143,3.6714287,2.3714287,3.8857143,5.214286,19.0,9.354949e-05,0.0009649247,-7.2791902999999985e-25,1.4901161e-08,0.0,True
2004-07-12,140.52,19.4,16.300001,21.9,10.828572,69.557144,3.4999998,2.3999999,3.5714285,6.142857,19.328571,0.0002874434,0.00092778355,-7.2791902999999985e-25,1.1175871e-08,0.0,True
2004-07-19,140.5,3.7,18.34286,23.457144,13.800001,72.685715,3.1571429,2.4285715,3.6000001,6.1571426,20.22857,0.00012114644,0.00089704245,-7.284705e-25,1.4901161e-08,0.0,True
2004-07-26,140.56,34.0,19.085714,24.87143,13.914286,75.41429,3.3,2.8142855,3.6857142,6.5285716,22.985714,0.0047833845,0.00086171925,-7.345365000000001e-25,1.1175871e-08,0.0,True
2004-08-02,140.435,0.5,18.185715,24.7,11.342857,67.685715,3.7,2.8,3.8428571,6.1285715,22.071428,6.600469e-05,0.00082938373,-7.345365000000001e-25,7.450581e-09,0.0,True
2004-08-09,140.44,0.0,21.171429,28.314285,12.828572,59.714287,4.642857,2.042857,4.6571426,5.042857,23.757143,4.2170286e-06,0.00079102814,-7.345365000000001e-25,1.1175871e-08,0.0,True
2004-08-16,140.41,17.7,20.5,27.27143,13.67143,64.67143,3.7857144,1.6285714,3.8857143,4.7285714,22.814285,3.6276877e-05,0.00074902177,-7.345365000000001e-25,1.4901161e-08,0.0,True
2004-08-23,140.37,3.0,18.542858,24.314287,13.042857,67.97143,2.8,1.4714286,3.0857143,4.7285714,20.742857,6.753206e-05,0.00071309507,-7.345365000000001e-25,9.313226e-09,0.0,True
2004-08-30,140.3630121353485,17.7,16.742857,21.5,12.942858,76.84286,1.9714286,1.6714286,2.385714,5.6,18.057142,0.00010254979,0.00068286806,-7.345365000000001e-25,1.4901161e-08,0.0,True
2004-09-06,140.35,0.3,16.057144,23.5,8.6285715,68.74286,2.542857,1.8000001,2.8142858,5.5285716,18.571428,2.82377e-06,0.0006549582,-7.345365000000001e-25,9.313226e-09,0.0,True
2004-09-13,140.29,10.4,14.957144,21.385715,8.085714,64.814285,2.3999999,1.5285714,2.7142856,4.6857142,17.557142,6.827712e-05,0.00062359124,-7.345365000000001e-25,5.5879354e-09,0.0,True
2004-09-20,140.26,0.90000004,14.857142,21.02857,9.1,65.21429,2.2571428,1.1285714,2.542857,4.4428573,16.485714,7.145107e-06,0.00059722364,-7.345365000000001e-25,5.5879354e-09,0.0,True
2004-09-27,140.26,17.6,11.2,14.285714,8.471429,82.64286,1.2,0.9428572,1.5714285,4.6571426,12.185715,0.00011566281,0.0005754307,-7.345365000000001e-25,7.450581e-09,0.0,True
2004-10-04,140.25,11.099999,11.900001,16.685715,7.2714286,82.84286,1.0571429,0.8285714,1.2857143,5.1,12.971429,6.79791e-05,0.0005600974,-7.345365000000001e-25,7.450581e-09,0.0,True
2004-10-11,140.25,8.8,10.0,15.242858,5.371429,80.68572,1.042857,0.8142857,1.2857143,5.1,12.057143,3.761798e-05,0.0005422309,-7.345365000000001e-25,5.5879354e-09,0.0,True
2004-10-18,140.29,7.6,7.5142856,10.685715,4.2000003,74.64286,0.74285716,0.59999996,1.3000001,5.1285715,7.4714284,5.4337084e-05,0.000526689,-7.345365000000001e-25,0.0,0.0,True
2004-10-25,140.26,3.3999999,11.985715,17.87143,6.0428576,71.9,1.1571428,0.91428566,1.2714285,5.1857142,10.742857,6.3598156e-05,0.0005126372,-7.345365000000001e-25,7.450581e-09,0.0,True
2004-11-01,140.28,20.4,10.414286,13.028572,8.042857,89.78571,0.37142855,0.3285714,0.54285717,5.4,10.614285,0.00017846376,0.0004998669,-7.345365000000001e-25,5.5879354e-09,0.0,True
2004-11-08,140.29,20.9,7.8857145,9.942857,5.557143,86.3,0.40000004,0.37142855,0.6571428,5.714286,7.7,0.00014676154,0.0004899949,2.9518492e-07,1.3262033e-06,1.937151e-06,True
2004-11-15,140.31,18.5,3.257143,5.8428574,0.44285718,88.557144,0.31428573,0.31428573,0.41428572,6.7,3.2142856,0.00024618953,0.0004819408,8.1743514e-05,0.00039469078,0.0003967248,True
2004-11-22,140.52,52.0,3.9285715,6.7714286,1.2857143,89.057144,0.54285717,0.54285717,0.5714286,8.214286,3.4,0.001120992,0.00047718734,0.0064064264,0.014028845,0.018643945,True
2004-11-29,140.53482289880787,6.2,2.7714288,5.4000006,0.057142872,81.957146,0.34285712,0.34285712,0.5,9.242857,1.9285715,0.0003257692,0.00048540533,0.0012498016,0.0050390437,3.620982e-05,True
2004-12-06,140.69,2.5,3.414286,5.328572,0.9714286,87.0,0.17142858,0.17142858,0.3857143,9.328571,2.4571428,2.1792948e-05,0.0005123317,5.3604443e-05,0.00021112151,0.0,True
2004-12-13,140.64,0.3,1.0285715,3.0714285,-0.82857144,84.52857,0.10000001,0.10000001,0.2857143,9.242857,1.0571429,1.2114644e-05,0.0005443916,0.0001187211,2.9908493e-05,0.0004878901,True
2004-12-20,140.59,9.2,-0.35714287,2.1142857,-2.6000001,82.64286,0.25714287,0.24285717,0.41428572,9.342857,-0.54285717,7.177144e-05,0.0005758554,0.0022612924,0.00066478923,0.0063717104,True
2004-12-27,140.52,22.199999,2.0142858,4.928571,-1.1714286,86.15715,0.35714287,0.35714287,0.44285712,9.842857,0.8,0.00039545447,0.0006064698,0.004110938,0.008355791,0.012717307,True
2005-01-03,140.77,21.199999,3.414286,5.357143,1.6285715,82.65714,0.22500001,0.22500001,0.6714286,10.275,1.025,0.0004968196,0.0006523952,0.0048579373,0.011281084,0.0010589622,True
2005-01-10,140.96,6.1,6.8714285,9.614286,4.0857143,72.97143,1.0,0.99999994,1.1714286,10.257143,4.1571426,0.00022224337,0.0007614866,3.686973e-05,0.00035097264,0.0,True
2005-01-17,140.91,3.1,3.257143,5.7571435,0.28571424,79.614296,0.4571429,0.4,0.61428577,9.842857,2.2142856,8.331239e-05,0.0009119287,0.00012173539,0.00019931234,0.00037207827,True
2005-01-24,140.99,30.7,1.3714286,3.3285716,-0.32857147,83.814285,0.5428571,0.5428571,0.6571428,10.5,0.9,0.0004942566,0.0010523051,0.003633431,0.0033235867,0.016457442,True
2005-01-31,140.9651519912809,12.7,-3.4142857,-1.4428571,-5.785714,87.94286,0.057142857,0.057142857,0.35714287,10.5,0.27142859,0.0002799183,0.0012483448,0.01856641,0.0048156567,0.01399174,True
2005-02-07,141.05,5.1,-1.1714287,1.9857143,-4.257143,79.32857,0.3,0.3,0.54285717,10.471429,0.17142858,0.00024890155,0.0014713928,0.019379292,0.0056780577,0.0023717284,True
2005-02-14,141.11,24.9,0.74285716,4.071429,-2.6000001,75.44286,0.5428571,0.5428571,0.88571423,10.542857,0.25714287,0.0018612519,0.0027745664,0.008736906,0.013794906,0.006067984,True
2005-02-21,141.24,8.0,-1.5714285,0.44285712,-3.957143,85.21429,0.114285715,0.114285715,0.5428571,10.5,0.14285715,6.184727e-05,0.00246045,0.01515955,0.0027860273,0.013538938,True
2005-02-28,141.26,16.4,-3.5285716,-1.4142858,-6.571429,88.0,0.057142857,0.057142857,0.45714286,10.357142,0.1,1.0624528e-05,0.0030250251,0.024126286,0.0005114712,0.01654784,True
2005-03-07,141.28,2.6,-4.0857143,-0.21428573,-7.5285716,71.9,0.042857144,0.042857144,0.8428572,10.3,0.1,2.1904707e-06,0.0033780634,0.030200401,0.00011547282,0.00797217,True
2005-03-14,141.16,15.9,0.18571432,2.8714287,-3.1000001,79.27143,0.6714286,0.6714286,0.9142857,10.314285,0.35714287,0.00039376318,0.0035808906,0.034956966,0.012849132,0.01143622,True
2005-03-21,141.34,5.6,5.8571434,10.785714,1.1428571,67.97143,1.6285714,1.5142857,1.6857144,9.914286,5.928571,0.0015351921,0.0046095997,0.0060799294,0.030771095,0.00040977448,True
2005-03-28,141.44,1.7,8.3,13.6,3.0285716,74.71429,1.4714286,1.1571429,1.5,9.342857,8.957143,9.918213e-05,0.0053638965,3.671646e-05,0.00018926151,0.0,True
2005-04-04,141.33,0.0,7.3142858,14.828572,-0.82857144,52.87143,2.9571426,2.2285714,2.4714284,8.6285715,9.228572,1.1920929e-07,0.0058533847,-7.345365000000001e-25,4.656613e-08,0.0,True
2005-04-11,141.29,19.4,8.585714,13.614286,3.757143,74.71429,1.9428571,1.6714286,1.8857143,7.8,10.228572,0.00024859607,0.005799748,3.5195123e-07,1.4454126e-06,1.821667e-06,True
2005-04-18,141.27,0.0,12.17143,18.628572,5.4,71.22857,2.5714285,1.6571429,2.5,7.2714286,14.028571,7.733703e-06,0.0056468174,3.973643e-08,3.9115548e-07,0.0,True
2005-04-25,141.18,0.0,7.585715,13.657143,0.62857145,55.257145,2.7142856,1.1714287,2.8285713,6.6285715,12.042857,3.0249357e-06,0.005409047,-7.345365000000001e-25,0.0,0.0,True
2005-05-02,141.26,4.1,14.0,20.300001,6.5285716,65.47143,3.2857144,1.3571427,3.1142857,6.4428573,15.9,5.5477023e-05,0.005124852,-7.345365000000001e-25,3.7252903e-09,0.0,True
2005-05-09,141.24,36.6,10.400001,14.771429,6.6714287,78.4,2.2000003,1.4714286,2.357143,6.5142856,13.457143,0.00047834218,0.0048054457,2.350126e-06,2.4650246e-05,2.6334077e-05,True
2005-05-16,141.12,22.1,9.457144,14.942858,4.057143,74.700005,2.4857142,2.0714285,2.5285716,7.0571427,12.757143,0.00011637807,0.004525751,2.4977186e-07,1.937151e-06,0.0,True
2005-05-23,141.11,21.9,12.328572,17.128572,6.8142858,76.67143,2.4857144,2.0285714,2.5,7.2,15.514286,0.0002059862,0.004258156,-7.345365000000001e-25,7.450581e-09,0.0,True
2005-05-30,141.1136666049277,0.4,19.642857,26.37143,11.814286,64.057144,4.785714,3.5142858,4.785714,6.6285715,22.971428,3.565848e-05,0.003970504,-7.345365000000001e-25,3.7252903e-09,0.0,True
2005-06-06,141.03,10.1,14.157143,18.785715,8.6,67.75715,3.0857143,1.8142856,3.385714,5.9857144,17.77143,0.00017094612,0.0036590993,-7.345365000000001e-25,3.7252903e-09,0.0,True
2005-06-13,140.96,9.7,11.442857,16.214285,6.1857142,69.75715,2.7142856,2.0142858,2.9857142,6.1,14.442857,0.000112742186,0.0034140274,-7.345365000000001e-25,7.450581e-09,0.0,True
2005-06-20,140.93,20.0,18.4,24.17143,11.414286,69.72857,4.2000003,2.0428574,4.2285714,5.542857,21.87143,0.0001232624,0.003161095,-7.345365000000001e-25,7.450581e-09,0.0,True
2005-06-27,140.88,7.2,20.028574,26.785715,12.542857,63.74286,5.085715,1.7428571,4.928571,5.2285714,24.642857,6.5878034e-05,0.0028858408,-7.345365000000001e-25,1.4901161e-08,0.0,True
2005-07-04,140.84,24.7,18.27143,24.028574,12.014285,69.0,4.0,1.857143,3.957143,5.4714284,22.6,0.00023154914,0.002633907,-7.345365000000001e-25,1.4901161e-08,0.0,True
2005-07-11,140.85,41.100002,16.0,21.557144,11.900001,81.35714,2.542857,2.385714,2.8999999,7.6285715,19.2,0.0007802248,0.0024551004,-7.345365000000001e-25,7.450581e-09,0.0,True
2005-07-18,140.81,5.2,20.542858,27.228573,12.8714285,63.514286,4.6142855,3.6142857,4.7000003,6.857143,24.742857,1.92523e-05,0.002302289,-7.345365000000001e-25,1.1175871e-08,0.0,True
2005-07-25,140.78,39.1,16.5,20.814287,12.7,76.57143,2.8142855,2.5857143,2.9285715,7.4428573,18.62857,0.00048844516,0.00217098,-7.345365000000001e-25,1.8626451e-08,0.0,True
2005-08-01,140.76,16.8,21.485716,27.357143,15.471429,68.61429,4.042857,3.642857,4.3142858,8.057143,23.914286,0.00014365464,0.0020581186,-7.345365000000001e-25,1.1175871e-08,0.0,True
2005-08-08,140.72,24.4,14.928572,19.800001,10.1,76.700005,2.5714285,2.3857143,2.8285713,8.057143,18.87143,0.00030353665,0.0019465014,-7.345365000000001e-25,7.450581e-09,0.0,True
2005-08-15,140.69,9.200001,14.67143,18.857143,10.885714,77.4,2.0857143,2.0285714,2.4571426,8.328571,16.5,0.00015510619,0.0018619597,-7.345365000000001e-25,7.450581e-09,0.0,True
2005-08-22,140.7,21.4,18.785715,25.314287,12.314286,71.88572,3.1000001,2.614286,3.5,7.885714,21.457144,6.696582e-05,0.001781188,-7.345365000000001e-25,1.1175871e-08,0.0,True
2005-08-29,140.7894495582722,3.9,16.257143,21.442858,10.971429,78.15715,2.2714286,1.9714285,2.5285716,8.085714,19.2,0.00013505667,0.0017007738,-7.345365000000001e-25,3.7252903e-09,0.0,True
2005-09-05,140.65,10.2,18.77143,25.085714,12.428572,71.67143,2.8,2.1000001,3.1000001,7.428571,21.757143,4.401803e-05,0.0016158372,-7.345365000000001e-25,7.450581e-09,0.0,True
2005-09-12,140.63,18.8,19.214285,25.528574,13.3714285,73.814285,2.4428573,1.8285714,2.8428571,6.8428574,21.4,0.00012996793,0.0015297681,-7.345365000000001e-25,7.450581e-09,0.0,True
2005-09-19,140.65,19.3,12.457144,18.257143,6.8142858,81.08572,1.5571429,1.3571428,1.7714285,7.3714285,15.614285,0.0003989786,0.0014659986,-7.345365000000001e-25,1.8626451e-09,0.0,True
2005-09-26,140.62,2.5,13.185715,20.657145,6.328572,75.12858,1.7142857,1.3000001,1.8714286,7.1857142,15.385715,2.4273992e-05,0.001408942,-7.345365000000001e-25,7.450581e-09,0.0,True
2005-10-03,140.6,23.8,11.585714,15.728572,7.9000006,85.057144,0.88571423,0.81428576,1.1571429,7.6714287,13.014286,0.00027163327,0.0013593063,-7.345365000000001e-25,3.7252903e-09,0.0,True
2005-10-10,140.59,0.0,13.285714,19.242859,8.185715,75.71429,1.3571428,1.1,1.6285714,7.7285714,13.914286,5.736947e-07,0.00131879,-7.345365000000001e-25,1.1175871e-08,0.0,True
2005-10-17,140.55,0.0,9.457144,15.714286,3.9428573,76.1,0.95714283,0.71428573,1.0714285,7.3285713,11.257143,2.30968e-06,0.0012772456,-7.345365000000001e-25,7.450581e-09,0.0,True
2005-10-24,140.54,7.6000004,9.67143,13.514287,5.157143,78.37144,0.85714287,0.6714286,1.1999999,7.2,10.214286,5.993247e-05,0.0012437925,-7.345365000000001e-25,7.450581e-09,0.0,True
2005-10-31,140.50318207133932,1.8,11.585715,16.114286,7.2571425,70.92857,0.9714286,0.78571427,1.3714286,7.4714284,10.342857,3.85195e-06,0.001212433,-7.345365000000001e-25,7.450581e-09,0.0,True
2005-11-07,140.54,4.7,8.257143,11.542857,4.8285713,83.4,0.5285714,0.42857143,0.7571429,7.3285713,8.185715,7.137656e-05,0.0011824667,-7.345365000000001e-25,5.5879354e-09,0.0,True
2005-11-14,140.53,0.0,6.8857145,10.3714285,3.257143,82.51429,0.38571426,0.27142859,0.5714286,7.2285714,6.285714,3.799796e-06,0.0011567399,-7.345365000000001e-25,0.0,0.0,True
2005-11-21,140.49,21.5,2.0,3.6571429,0.10000001,90.942856,0.18571429,0.18571429,0.40000004,8.1,2.3285713,0.00034540892,0.0011331886,0.002199014,0.0034712069,0.007354114,True
2005-11-28,140.49,4.3999996,-0.40000004,1.8571428,-2.6285717,83.74286,0.11428572,0.11428572,0.41428572,8.3714285,0.44285715,4.711747e-05,0.0011151806,0.0038732972,0.0014377292,0.0022704303,True
2005-12-05,140.47,7.0,1.1285714,3.4857144,-1.7,83.185715,0.20000002,0.15714286,0.35714287,8.442857,-0.071428575,0.000121340156,0.0011018664,0.003644597,0.0034908596,0.00072879344,True
2005-12-12,140.48,4.8999996,1.7857143,3.3428574,-0.22857141,91.51429,0.11428572,0.11428572,0.29999998,8.485714,0.7,0.00010342151,0.0010921881,0.00075330056,0.0017867759,0.00039072707,True
2005-12-19,140.5,35.3,1.8857144,3.557143,0.42857143,89.185715,0.34285712,0.34285712,0.47142857,9.271428,1.4142857,0.00041107833,0.0010866448,0.0037246489,0.00048374012,0.016642794,True
2005-12-26,140.65,21.8,2.457143,4.428571,0.54285717,89.1,0.2857143,0.2857143,0.41428572,10.342857,1.6571429,0.0010819435,0.0011080727,0.0046690246,0.01687314,0.0007357076,True
2006-01-02,140.74,16.0,-3.1571429,-0.44285712,-7.1714287,87.01429,0.02,0.02,0.3,10.54,0.1,0.000110313296,0.0012385398,0.008789108,0.0045546032,0.014504049,True
2006-01-09,140.86,0.5,-1.7,0.08571428,-3.4285715,87.88572,0.057142857,0.042857144,0.22857143,10.228572,0.057142857,3.2410026e-05,0.0013995096,0.013499453,0.0009368472,0.0051055476,True
2006-01-16,140.82,0.7,-2.7857144,0.6285715,-5.6285715,81.057144,0.08571429,0.08571429,0.2857143,10.114285,-0.51428574,2.5734305e-05,0.0015513226,0.013374783,0.0012436993,0.0013300106,True
2006-01-23,140.94,23.7,-5.471429,-1.9571428,-8.928572,84.65715,0.071428575,0.071428575,0.2857143,10.528571,-0.6857143,0.0013546795,0.0016847104,0.016620772,0.011913367,0.013466705,True
2006-01-30,140.9148576101349,0.1,-7.728572,-3.114286,-11.857142,71.65714,0.0,0.0,0.3285714,10.328571,-2.8857143,2.9802322e-08,0.0018914714,0.013092802,0.0,6.28531e-05,True
2006-02-06,140.77,10.400001,-4.7000003,-1.6000001,-9.028571,88.51429,0.028571429,0.028571429,0.22857143,10.228572,-1.5,8.940697e-08,0.0021031722,0.014632316,0.0,0.00591968,True
2006-02-13,141.32,27.900002,0.48571426,1.9571428,-1.457143,89.12858,0.34285715,0.34285715,0.42857143,10.8714285,0.0,0.0062731877,0.0023169518,0.020891212,0.014163066,0.022501972,True
2006-02-20,141.54,5.2000003,1.6142857,4.5142856,-1.6000001,83.28571,0.5142857,0.5142857,0.5857143,10.3,0.41428572,0.0012601316,0.0029266104,0.01390812,0.021260463,0.00040858611,True
2006-02-27,141.48,1.3,-2.0,0.47142857,-4.3714285,82.84286,0.27142859,0.27142859,0.5857143,10.114285,-0.028571429,1.731515e-05,0.0036826655,0.0059872754,0.000394091,0.0044191815,True
2006-03-06,141.28,11.4,-1.4,2.1857142,-5.214286,75.94286,0.4857143,0.4571429,0.78571427,10.114285,-0.057142857,4.1216612e-05,0.0044035017,0.008646715,0.0013911929,0.0068380386,True
2006-03-13,141.14,36.600002,-1.9857143,0.87142855,-5.4000006,84.75715,0.24285714,0.24285714,0.61428577,10.471429,0.0,0.0002289936,0.004777223,0.019501295,0.006617481,0.03008306,True
2006-03-20,141.18,4.3,-0.65714294,1.3571428,-2.142857,88.92857,0.37142855,0.37142855,0.7,10.257143,0.0,0.00023715198,0.004995279,0.03230074,0.010392614,0.0050393604,True
2006-03-27,141.17,9.400001,3.9428573,8.542857,-0.7,71.27143,1.2428571,1.1714286,1.2571429,9.971429,2.857143,0.002034679,0.006636597,0.012179846,0.02456413,0.00011455268,True
2006-04-03,141.96,11.799999,9.7,14.3,5.585715,74.62858,1.8571427,1.8142856,1.7714285,10.014286,9.014286,0.00030243397,0.007040523,1.8500146e-05,0.00019427203,0.0,True
2006-04-10,141.57,0.8,5.3142858,10.485715,0.32857138,65.84286,1.9,1.5857143,1.8142856,9.642858,7.257143,3.8787723e-05,0.008184873,1.7029898e-06,7.3928386e-06,7.890165e-06,True
2006-04-17,141.38,11.7,7.8285713,12.1285715,3.4428575,74.72858,1.7,1.5571429,1.8285713,9.328571,8.614285,0.0001603961,0.008223914,-7.345365000000001e-25,3.2037497e-07,1.0803342e-07,True
2006-04-24,141.27,4.6,11.428572,16.885715,5.871429,71.28571,2.542857,2.1142857,2.457143,8.857142,13.985714,0.00012856722,0.007946514,-7.345365000000001e-25,0.0,0.0,True
2006-05-01,141.14,8.5,10.428572,16.228573,4.6571426,75.685715,2.3142855,1.9285715,2.3714287,8.428572,14.1,0.00013791025,0.007536739,-7.345365000000001e-25,1.8626451e-09,0.0,True
2006-05-08,141.08,0.4,14.471429,21.557144,6.442857,57.385715,4.342857,3.0571427,3.7714286,7.5142856,16.8,8.761883e-06,0.0070361346,-7.345365000000001e-25,3.7252903e-09,0.0,True
2006-05-15,140.99,4.6,14.428572,21.128572,5.6714287,59.485718,3.957143,1.6571428,3.6142857,6.2285714,17.814285,3.103912e-05,0.0064058304,-7.345365000000001e-25,3.7252903e-09,0.0,True
2006-05-22,140.94,17.4,14.771429,20.2,8.785714,70.65714,3.2857144,2.0142858,3.2,6.1571426,16.27143,0.00013267994,0.005819276,-7.345365000000001e-25,1.1175871e-08,0.0,True
2006-05-29,141.01335445836574,20.8,12.428572,16.871428,8.085714,70.328575,3.1000001,1.9285715,3.0714285,6.042857,14.928572,0.00028450787,0.005262144,-7.345365000000001e-25,7.450581e-09,0.0,True
2006-06-05,140.88,8.9,9.828572,14.242857,5.3285713,75.77143,2.357143,1.742857,2.5714285,6.1714287,13.257143,0.00013831258,0.0048009083,-7.345365000000001e-25,0.0,0.0,True
2006-06-12,140.83,7.4,14.942858,21.728573,6.957143,66.77143,3.8428574,2.042857,3.8285713,5.957143,19.114286,3.479421e-05,0.004377112,-7.345365000000001e-25,0.0,0.0,True
2006-06-19,140.77,3.8000002,20.414286,27.814287,12.6,63.628574,4.714286,1.4285715,4.642857,5.3,24.057142,2.8431416e-05,0.0039143264,-7.345365000000001e-25,3.7252903e-09,0.0,True
2006-06-26,140.7,1.4,21.828571,27.814287,14.928572,63.81429,5.157143,1.4714286,4.8857145,5.0857143,25.014286,8.174777e-05,0.0034966096,-7.345365000000001e-25,1.1175871e-08,0.0,True
2006-07-03,140.54,15.5,18.857143,24.728573,12.114286,65.1,4.6285715,1.4571428,4.2999997,5.114286,22.928572,8.4519386e-05,0.0031265467,-7.345365000000001e-25,7.450581e-09,0.0,True
2006-07-10,140.53,1.1,23.2,29.942858,15.414286,58.757145,5.5285716,1.1999999,5.5285716,4.7,25.942858,3.2916665e-05,0.0027715415,-7.345365000000001e-25,1.1175871e-08,0.0,True
2006-07-17,140.53,0.1,21.514286,28.685715,13.114286,58.057148,5.157143,1.3142856,5.085714,4.4142857,25.72857,6.750226e-06,0.0024526417,-7.345365000000001e-25,7.450581e-09,0.0,True
2006-07-24,140.5,0.4,24.9,33.014286,15.400001,47.74286,5.842857,0.7714285,5.5285716,4.1571426,27.185715,8.940697e-06,0.0021511912,-7.345365000000001e-25,7.450581e-09,0.0,True
2006-07-31,140.4593053025282,7.0,23.985716,31.014286,16.571428,56.7,4.8428574,0.9142857,4.6857142,3.9571428,26.914286,4.6238303e-05,0.0018844381,-7.345365000000001e-25,1.1175871e-08,0.0,True
2006-08-07,140.45,34.5,18.242857,22.557144,14.442857,71.78571,2.8714283,1.0857142,3.042857,4.5857143,20.985714,0.00029601157,0.0016967803,-7.345365000000001e-25,1.4901161e-08,0.0,True
2006-08-14,140.48,5.1,16.157145,20.67143,11.871429,73.75714,2.3285716,1.6142856,2.7714286,5.4428573,18.87143,4.1350722e-05,0.001570195,-7.345365000000001e-25,7.450581e-09,0.0,True
2006-08-21,140.5,11.8,18.642857,24.742859,13.1285715,71.67143,3.0285714,2.457143,3.2,5.5285716,20.62857,0.00018340349,0.0014498457,-7.345365000000001e-25,1.1175871e-08,0.0,True
2006-08-28,140.48,26.7,15.6285715,20.5,11.6285715,79.24286,2.1285715,1.8142856,2.3857143,5.714286,17.971428,0.00017437339,0.0013449267,-7.345365000000001e-25,9.313226e-09,0.0,True
2006-09-04,140.54,15.3,16.485714,20.085714,13.071428,75.65715,2.2285714,1.9285715,2.4428573,5.9428573,16.485714,0.00013008714,0.0012618005,-7.345365000000001e-25,1.3038516e-08,0.0,True
2006-09-11,140.48,1.1,15.800001,22.057144,9.814286,72.25715,2.357143,1.7142857,2.6714287,5.257143,17.87143,2.2783875e-05,0.0011831522,-7.345365000000001e-25,1.1175871e-08,0.0,True
2006-09-18,140.44,0.0,19.242859,25.185715,13.057143,59.18572,3.0142856,1.5857143,3.3999999,4.571429,19.428572,7.1525574e-07,0.0011062399,-7.345365000000001e-25,1.3038516e-08,0.0,True
2006-09-25,140.44,0.0,17.228573,22.914288,11.057143,65.01429,2.3142858,0.5285715,2.5571427,4.357143,18.12857,3.7118793e-05,0.0010386631,-7.345365000000001e-25,1.1175871e-08,0.0,True
2006-10-02,140.43,11.4,16.014286,21.47143,10.957144,79.24286,1.4285713,0.5142857,1.5714285,4.242857,17.514286,0.00011020899,0.0009784028,-7.345365000000001e-25,5.5879354e-09,0.0,True
2006-10-09,140.48,24.900002,12.3,16.2,8.585714,81.35714,1.0142857,0.7714286,1.1999999,4.9714284,12.714286,0.00016567856,0.0009345636,-7.345365000000001e-25,5.5879354e-09,0.0,True
2006-10-16,140.5,0.3,10.942858,15.571428,6.5285716,83.98572,0.8142857,0.50000006,0.88571435,4.8714285,12.8714285,6.2584877e-06,0.0008945614,-7.345365000000001e-25,3.7252903e-09,0.0,True
2006-10-23,140.5,1.6,11.1,15.685715,6.571429,72.78571,1.0,0.59999996,1.2857143,4.6857142,11.071428,2.24635e-05,0.00085897,-7.345365000000001e-25,1.1175871e-08,0.0,True
2006-10-30,140.49539164856083,17.0,12.442857,16.414286,6.8,73.98572,1.2285715,0.81428576,1.3571428,4.6714287,12.214286,0.00092084706,0.00082573295,-7.345365000000001e-25,1.3038516e-08,0.0,True
2006-11-06,140.5,24.800001,5.714286,8.914286,2.6571429,79.58572,0.8000001,0.71428573,1.0142857,5.542857,5.642857,0.00031903386,0.00079808384,0.0011764368,0.0039110873,0.0038760714,True
2006-11-13,140.5,17.1,7.0428576,10.17143,3.5142858,79.0,0.75714284,0.7714286,0.87142855,6.457143,6.2285714,0.00031380355,0.00077828765,5.733399e-07,6.3106418e-06,2.2351742e-07,True
2006-11-20,140.5,1.8,9.814286,13.314286,6.5,79.94286,0.5285714,0.44285718,0.7428571,6.5142856,8.085714,6.0908496e-05,0.00076556206,-7.345365000000001e-25,1.6763806e-08,0.0,True
2006-11-27,140.48,3.7,7.657143,10.385714,4.785714,80.557144,0.44285718,0.41428572,0.71428573,6.457143,6.3,3.0070543e-05,0.00075703114,-7.345365000000001e-25,0.0,0.0,True
2006-12-04,140.48,3.9,6.1285715,8.457144,3.3999999,83.614296,0.34285715,0.29999998,0.5285714,6.357143,4.8,2.8088689e-05,0.0007506758,-7.345365000000001e-25,0.0,0.0,True
2006-12-11,140.46,14.2,7.7428575,10.257143,4.414286,78.71429,0.5571429,0.5,0.7428571,6.428571,6.1,0.000145033,0.00074514,-7.345365000000001e-25,3.7252903e-09,0.0,True
2006-12-18,140.44,5.1,5.285714,8.1,2.0,80.37144,0.42857143,0.3857143,0.55714285,6.7714286,3.857143,0.00012366474,0.00074096024,2.724784e-07,8.456409e-07,2.5182962e-06,True
2006-12-25,140.44,2.2,3.4142857,4.5142856,2.2142856,91.92857,0.12857144,0.11428572,0.2857143,6.8714285,2.7285714,5.927682e-05,0.0007390976,2.8320721e-05,6.622821e-05,0.00019051507,True
2007-01-01,140.44,10.0,2.857143,5.3428574,-0.04285717,85.21429,0.25,0.25,0.5,6.9,1.1333333,0.00015233457,0.00073993206,0.0011719408,0.0036908444,0.0036009327,True
2007-01-08,140.44,13.1,6.2714286,8.357142,4.0,81.67143,0.64285713,0.6571428,0.7,7.357143,4.614286,0.00029443204,0.00074353814,1.0138467e-05,5.2381307e-05,7.353723e-06,True
2007-01-15,140.43,7.8,8.528571,11.257143,5.3,70.28572,1.1999999,1.1857144,1.3428571,7.571429,6.3428574,0.00013522804,0.00075846165,-7.345365000000001e-25,3.7252903e-09,0.0,True
2007-01-22,140.48,18.9,7.0285716,10.3714285,2.5428574,72.28571,1.1285714,1.0857143,1.2714285,8.6,5.0857143,0.0006093979,0.00078746676,7.26609e-07,0.0,3.644824e-05,True
2007-01-29,140.62151085768537,24.5,-1.5571429,0.5714286,-4.9,82.77143,0.3285714,0.3285714,0.5285714,9.357142,0.08571429,0.0005042851,0.0008447319,0.009866266,0.011819104,0.018909585,True
2007-02-05,140.82,8.3,4.6714287,6.7999997,2.1285715,83.44286,0.62857145,0.5857143,0.74285716,9.485714,3.4,0.0004518032,0.0009822845,0.0008729185,0.0061387196,3.9853156e-05,True
2007-02-12,140.82,18.3,1.7142857,4.557143,-0.9857143,86.02857,0.34285715,0.34285715,0.44285712,9.685715,1.3142858,0.00040445477,0.0012327358,0.004102792,0.010587141,0.011554904,True
2007-02-19,140.96,11.9,4.6285715,7.0428576,2.3,79.685715,0.81428576,0.8285715,0.85714287,10.185715,4.142857,0.0004260689,0.0015428662,0.00013849282,0.0013387827,2.169609e-05,True
2007-02-26,140.94,8.900001,4.328572,7.7999997,1.0142858,79.41429,0.7714286,0.74285716,0.90000004,9.857142,4.0285716,0.00012736768,0.0019806623,2.134414e-06,8.840114e-06,7.338822e-07,True
2007-03-05,140.99,24.6,5.457143,8.557143,1.9428571,80.15714,1.0714285,1.0714285,1.0428572,10.314285,4.928571,0.0008562654,0.0023355484,5.576724e-05,0.00027116947,0.00031280518,True
2007-03-12,141.08,5.3,7.5428576,12.928572,2.3142858,76.02857,1.3857143,1.2857143,1.2285713,9.985714,7.357143,6.3575804e-05,0.0028464645,5.8696382e-06,4.6083704e-05,0.0,True
2007-03-19,141.05,4.3,6.957143,11.542857,1.857143,73.78571,1.5285714,1.3285714,1.3857143,9.442857,7.7714286,0.00014930964,0.003223762,-7.345365000000001e-25,4.0978193e-08,0.0,True
2007-03-26,141.02,17.7,5.057143,8.685715,1.0142858,76.35714,1.5142858,1.4428571,1.5285714,9.828571,5.3714285,0.00037425756,0.0034288839,0.0014507374,0.0059184376,0.005991336,True
2007-04-02,141.0,0.0,8.685714,15.542857,1.1857144,58.42857,2.7285712,2.1428573,2.3999999,9.114285,10.1285715,2.965331e-06,0.0035782903,1.2715658e-06,1.0870397e-05,0.0,True
2007-04-09,140.92,0.1,7.2571435,12.099999,1.8857144,67.48572,2.0714285,1.557143,2.1,8.257143,9.885715,1.771003e-05,0.0035933554,1.9868214e-07,9.909272e-07,1.0207295e-06,True
2007-04-16,140.84,0.1,12.728572,19.914288,4.6285715,61.971428,3.457143,2.1285713,3.0,7.357143,14.171429,9.611249e-06,0.0035239756,-7.345365000000001e-25,0.0,0.0,True
2007-04-23,140.76,0.2,9.957144,16.457144,2.114286,55.18572,3.3142855,1.2571429,3.1142857,6.5285716,13.5,2.7135015e-05,0.003388323,-7.345365000000001e-25,0.0,0.0,True
2007-04-30,140.7703362715571,0.1,14.228572,21.37143,5.5285716,57.0,3.9142857,0.82857144,3.5714285,6.0142856,17.342857,2.875924e-06,0.003212303,-7.345365000000001e-25,3.7252903e-09,0.0,True
2007-05-07,140.74,10.0,12.571428,19.742857,3.7,51.157143,3.9,0.6571428,3.6714287,5.7714286,16.585714,2.7090311e-05,0.0029984713,-7.345365000000001e-25,0.0,0.0,True
2007-05-14,140.67634422406306,28.3,14.400001,19.785715,8.657144,71.08572,3.4714286,2.857143,3.2,6.7285714,15.357142,0.000599429,0.0028041452,-7.345365000000001e-25,1.1175871e-08,0.0,True
2007-05-21,140.6793442151352,8.900001,14.571428,20.557144,7.528572,64.5,3.7,2.9714284,3.7714286,6.9428573,17.6,8.7186694e-05,0.002613753,-7.345365000000001e-25,0.0,0.0,True
2007-05-28,140.66330774512693,55.699997,19.442858,26.5,12.714286,76.82857,4.0142856,3.342857,4.1142855,6.742857,23.071428,0.00014340878,0.002410479,-7.345365000000001e-25,7.450581e-09,0.0,True
2007-06-04,140.6678733926635,2.9,15.214286,19.199999,10.542857,79.28571,2.3714283,1.9571428,2.6571429,7.1,19.114286,0.0001321882,0.002245985,-7.345365000000001e-25,7.450581e-09,0.0,True
2007-06-11,140.7464547251855,3.1999998,20.84286,27.87143,13.3,66.92857,4.5285716,3.2285712,4.7428575,6.1714287,24.428572,4.23193e-06,0.0020923167,-7.345365000000001e-25,7.450581e-09,0.0,False
2007-06-18,140.79,30.699999,20.057144,26.557144,13.157143,67.37143,4.3,2.957143,4.4,5.5857143,23.742857,0.00020305812,0.0019097924,-7.345365000000001e-25,3.7252903e-09,0.0,True
2007-06-25,140.8,36.8,18.785715,24.657145,12.728571,71.74286,4.1142855,3.3285713,4.0142856,5.9428573,22.285715,0.00023583323,0.0017631799,-7.345365000000001e-25,1.4901161e-08,0.0,True
2007-07-02,140.8,12.6,16.071428,20.800001,11.357142,69.200005,3.3714283,2.7571428,3.4857142,5.8285713,18.2,0.00012212247,0.0016375929,-7.345365000000001e-25,1.1175871e-08,0.0,True
2007-07-09,140.76,14.6,16.185715,20.7,12.385715,71.200005,3.1428568,2.6000001,3.5285716,5.7285714,17.914286,0.00023816526,0.0015323013,-7.345365000000001e-25,1.8626451e-08,0.0,True
2007-07-16,140.74,13.0,19.957142,26.114286,13.5,67.12858,3.9857144,2.985714,4.1714287,5.5,20.7,8.702278e-05,0.0014405549,-7.345365000000001e-25,1.4901161e-08,0.0,True
2007-07-23,140.74,31.7,21.37143,27.314285,14.685715,65.8,4.357143,2.8142858,4.385714,5.142857,24.485714,0.00015735626,0.0013324395,-7.345365000000001e-25,1.1175871e-08,0.0,True
2007-07-30,140.7412689911489,26.7,17.514286,22.014286,12.357142,69.942856,3.5142858,2.9285715,3.5285716,5.742857,19.5,0.00049969554,0.0012412816,-7.345365000000001e-25,1.4901161e-08,0.0,False
2007-08-06,140.76,0.3,16.7,22.571428,10.400001,66.37143,3.414286,2.4285715,3.6571429,5.642857,19.6,8.702278e-06,0.0011689663,-7.345365000000001e-25,1.1175871e-08,0.0,True
2007-08-13,140.7,14.6,19.600002,25.514286,14.571428,78.52857,2.7428572,1.8285714,3.1571429,5.0285716,22.457144,6.836653e-05,0.0010927022,-7.345365000000001e-25,7.450581e-09,0.0,True
2007-08-20,140.6,18.8,19.1,25.514286,12.5,68.91429,2.9571426,1.9714286,3.2857144,5.2714286,21.4,0.00017099082,0.0010326281,-7.345365000000001e-25,1.3038516e-08,0.0,True
2007-08-27,140.62,4.3,18.442858,23.785715,13.214286,77.87144,2.6857142,2.2285714,2.957143,6.4428573,21.214285,0.00019356608,0.0009779036,-7.345365000000001e-25,1.3038516e-08,0.0,True
2007-09-03,140.59,9.6,13.67143,18.485716,8.557143,74.12858,1.8714285,1.4571428,2.1571429,6.0142856,17.057142,0.000119648874,0.0009282604,-7.345365000000001e-25,7.450581e-09,0.0,True
2007-09-10,140.57,23.5,12.471429,15.914286,9.814286,81.25714,1.4,1.2571429,1.8571428,6.9857144,13.614285,0.00027352571,0.00089131296,-7.345365000000001e-25,1.8626451e-08,0.0,True
2007-09-17,140.56,0.8,13.528571,18.242857,8.028571,73.942856,1.7857143,1.4571428,2.1857142,7.3428574,14.571428,9.62913e-05,0.00086114556,-7.345365000000001e-25,1.8626451e-09,0.0,True
2007-09-24,140.55,7.4,12.900001,19.37143,6.3428574,73.17143,1.7571428,1.3428572,2.0,7.3714285,14.114285,0.00014141202,0.0008313656,-7.345365000000001e-25,1.8626451e-09,0.0,True
2007-10-01,140.58,39.699997,12.442857,16.128572,8.728572,81.5,1.0428572,0.94285715,1.3857143,7.9857144,13.257143,0.0015129149,0.000806652,-7.345365000000001e-25,1.1175871e-08,0.0,True
2007-10-08,140.56,6.8999996,11.5,15.300001,7.571429,85.72858,0.74285716,0.67142856,0.95714283,8.814285,12.8,0.00017951429,0.0007902533,-7.345365000000001e-25,0.0,0.0,True
2007-10-15,140.4,0.70000005,7.857143,13.142858,2.1714284,75.48572,0.7999999,0.65714294,1.0142857,8.7,9.3714285,2.3201108e-05,0.0007779896,-7.345365000000001e-25,1.8626451e-09,0.0,True
2007-10-22,140.44,11.1,6.585715,11.314286,2.1571429,82.1,0.8,0.7142858,0.9142857,8.3714285,7.4428573,0.0001488924,0.0007668361,1.0842368e-06,3.5129488e-06,5.852431e-06,True
2007-10-29,140.4527732059524,1.1,6.2571425,8.385715,3.7714288,89.78571,0.34285715,0.2857143,0.55714285,8.4,6.4428573,1.5720725e-05,0.0007600635,3.633045e-07,2.419576e-06,0.0,True
2007-11-05,140.4,10.3,7.9428573,10.242858,4.585715,87.27143,0.4142857,0.37142858,0.5714286,8.257143,7.542857,0.00013758242,0.0007542148,-7.345365000000001e-25,5.5879354e-09,0.0,True
2007-11-12,140.38,52.6,4.2000003,6.585715,2.142857,85.47143,0.6428571,0.6428571,0.67142856,9.585714,3.8,0.0011845082,0.00075271726,0.0023738828,0.004255971,0.018496457,True
2007-11-19,140.43,11.400001,1.3714286,3.2428572,-0.55714285,90.457146,0.17142858,0.17142858,0.34285715,10.257143,1.5,0.00046957284,0.0007909015,0.013179688,0.014200287,0.0059875194,True
2007-11-26,140.4,3.7,2.3999999,4.714286,-0.47142857,81.85714,0.3,0.2857143,0.5714286,10.071428,1.3,0.00018577278,0.0008966476,0.0029260942,0.0055079516,0.0031347573,True
2007-12-03,140.85,17.7,3.642857,6.071429,0.74285716,77.82857,0.55714285,0.55714285,0.7428571,10.1,2.1142857,0.00032885373,0.0010325089,0.0018788462,0.0033824183,0.00011526793,True
2007-12-10,140.83,14.299999,6.228572,8.6,3.6285717,77.58572,0.59999996,0.5857143,0.7571429,10.328571,4.3285713,0.00026174635,0.001199536,6.267003e-06,3.2817945e-05,7.3947012e-06,True
2007-12-17,140.92,9.1,0.9857143,2.1714287,-0.25714284,85.98572,0.14285715,0.14285715,0.40000004,10.285714,1.3857143,0.00015850365,0.0014273152,0.0005696955,3.4831464e-06,0.0016639009,True
2007-12-24,140.96,0.0,-3.2285714,-1.4142858,-4.8,86.17143,0.0,0.0,0.17142858,10.2,-1.5857143,5.5879354e-06,0.0016671717,0.0019063326,5.843863e-05,0.00069750845,True
2007-12-31,140.9263080939197,4.0,0.14285716,2.2285714,-1.9,81.57143,0.20000002,0.20000002,0.45714286,10.1285715,-0.8428571,9.108335e-05,0.0018625408,0.0019424246,0.0011286661,0.0014866404,True
2008-01-07,140.98,12.8,-1.2714285,0.71428573,-3.4857142,82.38572,0.08571429,0.08571429,0.4857143,10.214286,-1.1142857,0.00020989776,0.0020104498,0.0038907584,0.002499869,0.003746029,True
2008-01-14,140.96,1.8,3.1857145,5.928571,0.14285715,78.6,0.50000006,0.4857143,0.55714285,10.242857,0.18571429,0.000105559826,0.0021436512,0.001115078,0.0033109765,0.0,True
2008-01-21,140.98,34.0,6.957143,9.342857,4.285714,80.48572,0.68571424,0.67142856,0.8428572,10.5,4.257143,0.0012651309,0.0024882257,3.4933997e-05,0.00016208924,3.3900142e-07,True
2008-01-28,140.92,25.5,5.3142858,8.285714,2.2142856,77.12858,0.8571428,0.8571428,1.0,10.8,3.6857142,0.0010410473,0.0029635876,7.004397e-05,0.00022549927,0.00023548678,True
2008-02-04,141.1,6.7999997,3.7142856,6.3,0.7571429,76.57143,0.68571424,0.68571424,0.82857144,10.4,2.6142857,0.00011840463,0.003490381,1.7994926e-06,4.0810555e-06,3.5390258e-06,True
2008-02-11,141.3,5.2000003,5.3285713,9.285714,1.3857144,77.185715,0.7428571,0.71428573,0.7,10.071428,4.0285716,0.00017680228,0.00428468,2.3841858e-07,1.3429672e-06,0.0,True
2008-02-18,141.33,1.3000001,0.5,2.8428574,-2.3142858,75.07143,0.37142858,0.3571429,0.6857143,9.9,1.2142857,3.4332275e-05,0.004777804,0.00042754126,0.00046330877,0.0018977709,True
2008-02-25,141.32,3.4,7.0,10.557143,3.2714286,74.12858,1.2,1.1285714,1.2142857,9.642858,5.4428573,0.00016751885,0.005009748,0.00029845466,0.001393117,0.0,True
2008-03-03,141.48,29.699999,7.042857,10.385715,2.8142858,71.78571,1.4571428,1.3999999,1.4428571,9.814285,5.885714,0.0008776635,0.0050723106,2.3898624e-06,2.5510788e-05,2.85618e-05,True
2008-03-10,141.45,2.7,4.5285716,8.3714285,0.22857144,72.85714,1.0571429,1.0000001,1.2857143,10.085714,4.2285714,9.818375e-05,0.0053772777,0.0002821627,0.0008028876,0.0008551851,True
2008-03-17,141.47,14.2,6.371429,10.085714,2.757143,71.185715,1.4285715,1.3857143,1.5714285,9.814285,5.928571,0.0007633567,0.005663283,3.94526e-06,2.257526e-05,9.661168e-05,True
2008-03-24,141.49,18.5,1.2857143,4.7428575,-1.0428572,79.87144,0.95714283,0.95714283,1.0714285,10.1,2.5,0.00034667552,0.005854115,0.0029247205,0.0063060634,0.01025727,True
2008-03-31,141.45578662585848,4.8,5.442857,10.442857,0.09999997,68.4,1.7857144,1.6571429,1.8285713,9.971429,5.614286,0.00015898049,0.006174952,0.0018280859,0.004696369,0.0016319342,True
2008-04-07,141.46,29.599998,6.214286,9.971429,2.1571429,82.185715,1.1285714,1.0571429,1.3428571,9.814285,7.8428574,0.00044364482,0.0062861666,3.0534608e-05,4.300289e-05,0.0010189265,True
2008-04-14,141.62,35.0,7.114286,12.671428,2.1857142,78.200005,1.6142858,1.6142858,1.7428571,10.6,8.485714,0.002776347,0.0075649247,0.0009088743,0.0066089146,0.0058792867,True
2008-04-21,141.73,9.0,6.6714287,9.928572,2.8,80.14286,1.5,1.3857143,1.6428572,10.714286,8.6285715,0.00019863248,0.0076372325,3.7079764e-05,0.00029659458,0.0,True
2008-04-28,141.66,7.8999996,11.2,16.800001,4.457143,64.75715,3.0,2.4857142,2.8285713,9.557143,13.657143,6.660819e-05,0.008131027,-7.345365000000001e-25,4.8428774e-08,0.0,True
2008-05-05,141.46,6.1,11.771429,17.300001,6.2571425,73.6,2.5571427,2.2142856,2.5571427,8.7,14.885715,0.00019596517,0.007912464,-7.345365000000001e-25,1.8626451e-09,0.0,True
2008-05-12,141.48,0.0,14.471429,21.77143,5.585715,60.357143,4.128571,2.7142856,3.8,7.7,18.542856,5.8859587e-06,0.00752417,-7.345365000000001e-25,0.0,0.0,True
2008-05-19,141.4,10.5,14.157144,20.171429,7.057143,69.442856,3.0428574,1.557143,3.2,6.6857142,18.714285,8.6173415e-05,0.0069666803,-7.345365000000001e-25,3.7252903e-09,0.0,True
2008-05-26,141.3,0.9,13.1,18.300001,7.1714287,69.5,2.7857144,1.0285714,2.6,6.4142857,16.72857,1.66744e-05,0.0064495206,-7.345365000000001e-25,3.7252903e-09,0.0,True
2008-06-02,141.25,6.0,19.97143,26.885715,13.042857,62.828575,5.214286,1.0142857,5.0142856,5.9857144,22.171429,3.0577183e-05,0.0058342367,-7.345365000000001e-25,1.1175871e-08,0.0,True
2008-06-09,141.14,1.5,19.442858,26.385715,11.371429,56.857143,4.928571,0.9142857,4.8857145,5.8,22.77143,4.850328e-05,0.0051738247,-7.345365000000001e-25,0.0,0.0,True
2008-06-16,141.1,12.7,14.314286,19.328571,9.014286,68.4,3.342857,1.3285714,3.3714287,5.857143,19.014286,0.00011023134,0.0045731887,-7.345365000000001e-25,3.7252903e-09,0.0,True
2008-06-23,141.07,6.5,18.428572,24.614286,10.585714,61.61429,4.585715,2.0571427,4.3285713,5.6857142,21.7,4.6685338e-05,0.0040949583,-7.345365000000001e-25,3.7252903e-09,0.0,True
2008-06-30,141.09392290827515,40.3,18.171429,24.285715,11.028571,64.057144,4.3571424,1.8142856,4.2428575,5.5571427,21.828571,3.312528e-05,0.0036324412,-7.345365000000001e-25,1.1175871e-08,0.0,True
2008-07-07,141.1,37.399998,19.67143,26.328571,12.057143,64.67143,4.5571427,1.9571427,4.342857,5.4857144,22.785715,0.00023448467,0.0032103285,-7.345365000000001e-25,7.450581e-09,0.0,True
2008-07-14,141.1,25.8,16.84286,21.714285,11.800001,76.04286,2.9,2.2714286,3.0857143,6.0571427,19.314285,0.00025303662,0.002894111,-7.345365000000001e-25,1.1175871e-08,0.0,True
2008-07-21,141.08,7.9,16.785715,21.485716,12.114286,71.54286,2.9,2.3285713,3.2142856,6.142857,18.914286,9.331107e-05,0.0026426986,-7.345365000000001e-25,7.450581e-09,0.0,True
2008-07-28,141.04,5.0,19.7,26.5,12.857142,68.21429,3.957143,2.5571427,4.0142856,5.9,21.757143,3.4101307e-05,0.0024116188,-7.345365000000001e-25,1.1175871e-08,0.0,True
2008-08-04,140.94,4.8,21.728573,28.228573,14.642858,60.514286,4.114286,1.9857142,4.1857142,4.9714284,23.6,5.685538e-05,0.0021733344,-7.345365000000001e-25,1.1175871e-08,0.0,True
2008-08-11,141.0,33.5,19.5,25.7,12.442857,61.34286,3.9285715,1.6857141,4.1285715,4.7285714,21.27143,5.6311488e-05,0.0019754618,-7.345365000000001e-25,1.3038516e-08,0.0,True
2008-08-18,140.96,27.400002,17.357143,22.128572,12.885715,72.61429,2.8285713,1.8428571,3.0571427,5.6285715,19.285715,0.00047817826,0.001812689,-7.345365000000001e-25,1.1175871e-08,0.0,True
2008-08-25,140.99,23.2,17.2,22.414288,11.957144,71.442856,2.6142857,2.142857,2.8714287,5.9714284,19.185715,0.00076529384,0.0016837791,-7.345365000000001e-25,7.450581e-09,0.0,True
2008-09-01,140.98,0.8,17.185715,22.37143,12.228571,72.65714,2.357143,1.8285716,2.6571429,5.742857,19.414286,6.4730644e-05,0.0015879199,-7.345365000000001e-25,1.1175871e-08,0.0,True
2008-09-08,140.95,17.1,18.157145,23.257143,13.071428,76.185715,2.0714285,1.7714287,2.457143,6.1714287,19.585714,0.00020092726,0.001500614,-7.345365000000001e-25,9.313226e-09,0.0,True
2008-09-15,140.89,0.0,13.6285715,18.785715,8.542857,71.71429,1.6999999,1.3285713,2.2428572,6.5,16.671429,2.0161271e-05,0.0014226735,-7.345365000000001e-25,7.450581e-09,0.0,True
2008-09-22,140.86,11.9,9.285714,12.771429,6.2000003,79.25715,0.85714287,0.7428571,1.2142857,6.257143,12.142858,0.00012168288,0.0013628677,-7.345365000000001e-25,0.0,0.0,True
2008-09-29,140.96429276477213,5.8,10.142858,15.6,4.957143,85.51429,0.99999994,0.84285724,1.2285715,6.4,12.014286,6.1266124e-05,0.0013140142,-7.345365000000001e-25,1.8626451e-09,0.0,True
2008-10-06,140.96,14.6,9.957143,13.814286,6.3428574,76.700005,1.0142857,0.91428566,1.4285715,6.114286,10.171429,0.000132747,0.001265984,-7.345365000000001e-25,3.7252903e-09,0.0,True
2008-10-13,140.94,1.3000001,11.557143,16.557144,7.2000003,86.84286,0.7285714,0.5857143,0.95714283,6.0285716,12.0,2.2873282e-06,0.0012242943,-7.345365000000001e-25,1.8626451e-09,0.0,True
2008-10-20,140.82,9.4,10.285714,14.485715,5.7999997,80.5,0.85714287,0.71428573,1.0285714,6.042857,10.271428,0.00012939423,0.0011871085,-7.345365000000001e-25,7.450581e-09,0.0,True
2008-10-27,140.81,21.5,7.857143,12.385715,3.8,84.74286,0.7,0.61428565,0.78571427,6.6571426,8.5,0.00020302832,0.0011534169,-7.345365000000001e-25,3.7252903e-09,0.0,True
2008-11-03,141.25,41.5,5.5,8.2,2.9714284,92.87142,0.25714287,0.25714287,0.3857143,8.928572,6.2714286,0.000651747,0.0011300594,3.1113625e-05,0.00015037693,0.00014803931,True
2008-11-10,141.19,4.2,9.599999,11.857142,7.1285715,90.18572,0.35714287,0.34285715,0.62857145,9.4,9.228572,8.98689e-05,0.0011202022,1.0217939e-07,1.417473e-06,0.0,True
2008-11-17,141.12,0.7,6.7857146,9.971429,2.7142856,80.11428,0.45714286,0.44285718,0.7428571,9.3,6.385714,2.156198e-05,0.0011127591,-7.345365000000001e-25,1.8626451e-09,0.0,True
2008-11-24,141.15,20.800001,2.2,4.228572,-0.28571433,84.700005,0.44285718,0.44285718,0.64285713,10.057143,2.6285715,0.0005469322,0.0011100322,0.0041359095,0.0001376979,0.01321689,True
2008-12-01,141.21,3.4,2.4857144,4.585715,-0.0142857,82.54286,0.25714287,0.25714287,0.5428571,10.028571,1.0428572,0.00032059848,0.001127407,0.0069852555,0.011935428,0.0013575852,True
2008-12-08,141.16,6.9,3.3428571,5.4857144,0.22857143,83.38572,0.32857147,0.32857147,0.5428571,10.1,1.9714285,0.00025328994,0.0011759996,0.00073040667,0.001979148,0.0006118659,True
2008-12-15,141.23,13.5,2.1857145,3.6571429,0.95714295,87.38572,0.17142858,0.17142858,0.37142855,10.357142,0.8857143,0.00025951862,0.0012632385,0.004203348,0.009952169,0.010592729,True
2008-12-22,141.2,15.8,4.414286,6.057143,2.4857144,87.04286,0.35714287,0.35714287,0.5142857,10.457143,2.5714285,0.00048103184,0.0013999715,0.0013762031,0.0050717425,0.0038455985,True
2008-12-29,141.3491101057066,5.7999997,-0.8142857,1.2714287,-3.2142856,86.07143,0.08571429,0.08571429,0.34285715,10.3714285,0.47142857,0.0002220869,0.0016699061,0.00018172605,4.6400353e-05,0.00032035634,True
2009-01-05,141.22,11.0,-3.5857143,-0.88571423,-8.014285,83.77143,0.0,0.0,0.32857147,10.3,-3.15,1.7881393e-07,0.0020190403,0.004589552,0.0,0.017529111,True
2009-01-12,141.24,0.2,-7.9857144,-4.5285716,-12.742858,83.34286,0.0,0.0,0.22857143,10.342857,-0.18571429,0.0,0.0022887737,0.017527938,0.0,0.0005821213,True
2009-01-19,141.27,8.1,-1.1142857,0.9714286,-3.8428571,84.35714,0.22857141,0.22857141,0.4,10.271428,-0.057142857,0.00038062036,0.0024735853,0.015785173,0.01035605,0.0031937808,True
2009-01-26,141.35,5.4,1.1285714,3.7142856,-1.957143,88.58572,0.25714287,0.25714287,0.35714287,10.342857,0.0,0.0003118813,0.0026610494,0.0048431386,0.007122319,0.0006190762,True
2009-02-02,141.33,1.8,-0.71428573,0.5714286,-2.0285714,86.98572,0.1,0.1,0.44285712,10.214286,-0.2857143,3.4689903e-05,0.002975762,0.0038767997,0.0016468074,0.0047016293,True
2009-02-09,141.28,0.6,1.9714286,4.785714,-0.55714285,83.28571,0.35714287,0.34285715,0.5428571,10.085714,0.071428575,0.000107601285,0.0032518879,0.0016621805,0.0042329486,2.4080276e-05,True
2009-02-16,141.28,16.3,-1.1571429,1.1285714,-3.7285714,84.41429,0.24285714,0.24285714,0.5857143,10.285714,0.028571429,8.824468e-05,0.0034487024,0.008368958,0.0011557247,0.024423536,True
2009-02-23,141.34,23.6,-1.2285715,0.5714286,-3.2428572,90.557144,0.14285715,0.14285715,0.45714286,10.671429,0.0,0.00053700805,0.0035970956,0.031792913,0.012499396,0.02183796,True
2009-03-02,141.72,10.3,4.0142856,5.8428574,2.4285715,87.614296,0.54285717,0.54285717,0.71428573,10.642858,2.5428572,0.0017510802,0.0049172714,0.014835273,0.03355412,0.0022080988,True
2009-03-09,141.76,8.599999,5.357143,7.914286,2.3,84.28571,0.7285715,0.7428571,0.88571423,10.257143,4.3714285,0.00016358495,0.0068231523,0.00010152658,0.0006186217,2.3134053e-06,True
2009-03-16,141.8,25.4,5.357143,7.942857,2.857143,84.68572,0.85714287,0.85714287,0.95714283,10.585714,5.2,0.00092947483,0.008309998,0.0003741355,0.0021182988,0.0020971522,True
2009-03-23,141.79,19.9,4.0285716,7.2999997,0.8000001,72.57143,1.4285715,1.3714286,1.4714286,10.142858,4.7714286,0.0006252378,0.010299064,0.0002430053,0.00076106563,0.00086462125,True
2009-03-30,141.73541524289158,6.1,4.557143,8.7,0.17142852,77.471436,1.1142857,1.0857142,1.3000001,10.285714,5.1571426,0.00027506053,0.0117948055,0.0006879568,0.0024453327,0.0024857484,True
2009-04-06,141.7,0.0,10.285714,17.585714,2.3,68.542854,2.414286,1.9714286,2.3,9.5,11.542857,1.9222498e-05,0.01231838,1.561074e-06,1.0306016e-05,0.0,True
2009-04-13,141.63,0.3,13.17143,20.34286,5.914286,67.21429,3.0285716,2.2714286,2.957143,8.557143,15.114285,1.244247e-05,0.011787534,-7.345365000000001e-25,7.450581e-09,0.0,True
2009-04-20,141.56,0.8,11.642858,18.242857,4.3714285,63.92857,3.142857,2.1714287,2.9285715,7.5857143,14.314285,6.7055225e-05,0.010863386,-7.345365000000001e-25,1.8626451e-09,0.0,True
2009-04-27,141.51,0.8,12.300001,19.057144,4.8714285,59.74286,3.7571428,1.7571428,3.5857143,6.9,14.442857,1.8052757e-05,0.009783052,-7.345365000000001e-25,3.7252903e-09,0.0,True
2009-05-04,141.39,2.5,13.971429,20.642857,6.1142855,59.414288,3.6857145,0.9857143,3.6571429,6.3428574,17.014286,1.9721687e-05,0.008583635,-7.345365000000001e-25,0.0,0.0,True
2009-05-11,141.35,9.9,12.685715,17.542858,6.328572,73.8,2.5714285,1.3571428,2.5,6.4714284,15.242857,0.00012692809,0.007546425,-7.345365000000001e-25,1.1175871e-08,0.0,True
2009-05-18,141.29,4.6,13.542857,19.814285,5.6571426,62.74286,3.6857142,1.6,3.642857,6.3,16.928572,3.6634505e-05,0.006623931,-7.345365000000001e-25,3.7252903e-09,0.0,True
2009-05-25,141.26,17.4,16.485716,22.742857,10.057143,67.61429,3.6000001,2.0714285,3.8285713,6.242857,19.842857,0.00011333823,0.005802095,-7.345365000000001e-25,7.450581e-09,0.0,True
2009-06-01,141.35,46.0,13.7,18.7,9.442857,78.3,2.6857145,2.5142856,2.8714287,7.4857144,16.414286,0.00034858286,0.0051001087,-7.345365000000001e-25,7.450581e-09,0.0,True
2009-06-08,141.3,11.2,12.285714,17.314287,7.357143,71.51429,2.8,2.4142857,3.1285713,7.542857,15.685715,0.00014173985,0.0045666844,-7.345365000000001e-25,7.450581e-09,0.0,True
2009-06-15,141.23,29.7,14.828572,21.014286,8.785714,71.42857,3.5285716,3.0285714,3.6714287,7.357143,17.714285,0.00085579604,0.0041005984,-7.345365000000001e-25,1.1175871e-08,0.0,True
2009-06-22,141.21,13.200001,14.828572,19.685715,9.514285,76.0,3.0285716,2.5714285,3.1285713,7.1714287,18.87143,0.0002579987,0.0037108362,-7.345365000000001e-25,7.450581e-09,0.0,True
2009-06-29,141.2395729726727,33.8,17.342857,20.728573,14.685715,87.457146,2.1142857,1.8285713,2.2,7.5142856,19.314285,0.0004258603,0.0034382194,-7.345365000000001e-25,1.4901161e-08,0.0,True
2009-07-06,141.39,43.5,20.114286,26.828571,14.614286,81.1,3.357143,3.0142858,3.7428572,7.9428573,24.214285,0.0022286624,0.0032319278,-7.345365000000001e-25,1.4901161e-08,0.0,True
2009-07-13,141.52,8.1,16.5,21.571428,12.057143,74.74286,3.3142858,2.9285715,3.5142856,7.7,19.485714,0.00023498386,0.003052339,-7.345365000000001e-25,1.1175871e-08,0.0,True
2009-07-20,141.33,23.4,19.47143,24.914288,14.357142,74.957146,3.4285712,2.8428571,3.4285715,7.0857143,21.885714,0.00039729476,0.0029011816,-7.345365000000001e-25,1.1175871e-08,0.0,True
2009-07-27,141.28,11.4,18.885714,24.642857,13.485715,72.27143,3.7142856,3.085714,3.6142857,7.114286,21.242857,0.00017338991,0.002760671,-7.345365000000001e-25,1.4901161e-08,0.0,True
2009-08-03,141.15,8.7,18.942858,24.785715,11.442858,66.828575,3.8,2.6,3.7571428,6.3142858,22.557142,0.00014746189,0.0026121363,-7.345365000000001e-25,1.1175871e-08,0.0,True
2009-08-10,141.12,9.9,19.600002,26.17143,12.571428,67.84286,3.785714,2.0714285,3.9857142,6.1285715,22.928572,4.4435263e-05,0.0024608,-7.345365000000001e-25,1.1175871e-08,0.0,True
2009-08-17,141.08,7.2,18.97143,24.557144,13.357142,72.02857,3.3,1.942857,3.4428573,5.957143,21.657143,0.00016508996,0.002312988,-7.345365000000001e-25,7.450581e-09,0.0,True
2009-08-24,141.0,6.6,18.414288,24.485716,11.357142,68.12857,3.2857144,1.7285715,3.3857143,5.7714286,21.542856,3.0457973e-05,0.0021603927,-7.345365000000001e-25,1.1175871e-08,0.0,True
2009-08-31,140.98570380591505,10.5,18.7,24.857143,11.928572,68.1,3.0285716,1.5714285,3.2142856,5.5142856,21.428572,5.686283e-05,0.0020179972,-7.345365000000001e-25,3.7252903e-09,0.0,False
2009-09-07,140.96,14.2,16.714285,21.785715,11.5,71.92857,2.3571427,1.5285714,2.5857143,5.571429,18.285715,0.00023965538,0.0018884912,-7.345365000000001e-25,1.1175871e-08,0.0,True
2009-09-14,140.88,2.4,14.957144,20.67143,9.328572,77.25714,1.9,1.2857143,2.085714,5.2285714,17.857143,4.6394765e-05,0.001780808,-7.345365000000001e-25,5.5879354e-09,0.0,True
2009-09-21,140.86,0.2,15.757143,22.128572,9.842857,79.37144,1.8142856,0.94285715,2.0,4.957143,17.842857,1.6346574e-05,0.0016900897,-7.345365000000001e-25,1.1175871e-08,0.0,True
2009-09-28,140.81,0.0,14.014287,20.242857,7.7714286,78.700005,1.4714286,0.54285717,1.6857144,4.6714287,17.042856,3.7401915e-06,0.001598373,-7.345365000000001e-25,7.450581e-09,0.0,True
2009-10-05,140.78,15.4,11.385715,14.7,7.228572,80.64286,1.0714285,0.82857144,1.3857143,4.857143,12.428572,0.0001508668,0.0015235245,-7.345365000000001e-25,1.1175871e-08,0.0,True
2009-10-12,140.8,18.3,11.7,15.6,7.0285716,84.457146,0.9142857,0.7571429,1.0714285,5.4714284,12.3714285,0.0003105253,0.0014590025,-7.345365000000001e-25,9.313226e-09,0.0,True
2009-10-19,140.76,33.6,3.7857144,6.5,1.6571429,91.22858,0.4714286,0.4571429,0.5857143,7.2,4.928571,0.0005271435,0.0014089867,0.0012218952,0.005276235,0.005495444,True
2009-10-26,140.89,9.2,6.7571435,9.657143,3.6714287,90.74286,0.32857147,0.3,0.5142857,7.5142856,6.6714287,0.0001280494,0.0013804361,7.981913e-05,0.00041009672,0.0,True
2009-11-02,140.96,15.4,4.914286,7.7000003,1.9857143,90.14286,0.37142855,0.3285714,0.42857143,7.8714285,6.042857,0.00038852543,0.0013641268,-7.345365000000001e-25,4.1164458e-07,5.5879354e-08,True
2009-11-09,140.98,7.2000003,4.7571425,7.4428573,2.1857142,89.41429,0.3285714,0.3285714,0.44285718,9.414286,4.5,0.0003041625,0.0013609305,8.287884e-07,4.8838556e-06,4.7311187e-06,True
2009-11-16,140.94,2.7,7.828572,10.714286,4.9,84.814285,0.3857143,0.3857143,0.5,9.657143,6.6857142,0.0001052022,0.0013889521,-7.345365000000001e-25,1.6763806e-08,0.0,True
2009-11-23,140.97,13.6,9.857142,12.885714,6.1,77.24286,0.6571428,0.6571428,0.78571427,9.942857,7.9,0.00020442903,0.0014326721,-7.345365000000001e-25,3.7252903e-09,0.0,True
2009-11-30,140.98139291632182,4.3,9.0,11.785714,6.2285714,69.37143,0.7857143,0.74285716,1.1714286,9.8,6.7,5.8948994e-05,0.0014902726,-7.345365000000001e-25,1.8626451e-09,0.0,False
2009-12-07,140.99,14.099999,3.6000001,5.914286,0.9857143,89.34286,0.21428572,0.21428572,0.21428572,10.285714,3.142857,0.00041300803,0.0015572608,-7.345365000000001e-25,8.940697e-08,8.381903e-08,True
2009-12-14,141.01,14.0,1.8857144,3.2000003,0.22857141,92.90001,0.08571429,0.08571429,0.22857143,10.6285715,2.2428572,0.00082252175,0.0016905293,0.00036049457,2.991408e-06,0.0020317882,True
2009-12-21,141.03,4.8,-7.9714284,-5.542857,-10.728571,85.25714,0.0,0.0,0.24285714,10.314285,-1.8571428,2.7567148e-07,0.0019627884,0.0049386593,0.0,0.006528143,True
2009-12-28,141.06,15.700001,1.7285715,4.714286,-1.4857143,83.3,0.34285715,0.34285715,0.5,10.485714,-0.028571429,0.0003708303,0.0022120513,0.0050438643,0.009343535,0.003939625,True
2010-01-04,141.26,23.4,-2.2142856,-0.64285713,-4.1,93.34286,0.033333335,0.033333335,0.17142858,10.7,-0.06666667,0.0004460886,0.0025078207,0.011812063,0.00084945,0.018548638,True
2010-01-11,141.23,13.5,-6.2714286,-4.0571427,-9.5,91.11428,0.0,0.0,0.18571429,10.514286,0.0,0.0,0.002906911,0.028463397,0.0,0.027376864,True
2010-01-18,141.19,3.6000001,-2.2857144,-0.77142864,-4.428571,89.9,0.028571429,0.028571429,0.31428573,10.414286,0.014285714,0.000112235546,0.0032148287,0.046803366,0.0031566098,0.003291633,True
2010-01-25,141.25,1.9,-6.7000003,-4.3428574,-9.485715,85.12858,0.014285714,0.014285714,0.3,10.314285,0.071428575,6.020069e-05,0.0034162253,0.044795256,0.002154937,0.00069649145,True
2010-02-01,141.16,9.1,-4.8142858,-1.2285715,-10.328572,81.88572,0.12857144,0.12857144,0.41428572,10.3714285,0.014285714,2.6077032e-07,0.003566362,0.051273998,0.0,0.014956225,True
2010-02-08,141.15,10.3,-1.7142857,0.4428572,-5.057143,81.971436,0.25714287,0.25714287,0.5285714,10.314285,0.1,5.3085387e-05,0.003659919,0.061840698,0.0023301337,0.007147435,True
2010-02-15,141.1,3.1,-4.1714287,-2.1285713,-6.1857147,85.971436,0.0,0.0,0.3857143,10.285714,0.1,0.0,0.0037022308,0.064589754,0.0,0.007087335,True
2010-02-22,141.17,3.7,0.08571428,3.6000001,-4.6571426,81.35714,0.5142857,0.48571426,0.64285713,10.185715,0.14285715,0.00036227703,0.0037154853,0.059792288,0.015716044,0.0014302433,True
2010-03-01,141.55,6.2,5.085715,8.528571,1.7571429,75.614296,1.0714285,1.0428572,1.2714285,10.142858,2.2,0.0027000457,0.0050199404,0.018868957,0.05058934,3.7893653e-05,True
2010-03-08,141.44,1.8000001,-1.8000001,1.857143,-6.1285715,76.77143,0.4714286,0.4,0.8428572,9.857142,0.6857143,3.2156706e-05,0.0061186627,0.0025409688,0.00056037493,0.004555892,True
2010-03-15,141.43,15.999999,-0.4714286,3.5714285,-4.8142858,80.64286,0.7285715,0.6857143,0.8428572,10.028571,0.9,0.00039169192,0.0071596503,0.0040618693,0.006354086,0.00831221,True
2010-03-22,141.5,5.4,7.928571,12.585714,3.3428571,72.38572,1.4285716,1.3857143,1.7428571,10.142858,6.6714287,0.0008408278,0.00758373,0.0022096634,0.0076305997,0.0019346811,True
2010-03-29,141.48469189148938,12.2,10.057143,15.771429,4.0857143,74.02857,1.9285713,1.7142856,2.0142858,9.785714,10.157143,0.00033710897,0.007959232,4.5413064e-08,6.239861e-07,0.0,True
2010-04-05,141.46,1.0,8.071428,13.271429,2.5142858,69.74286,1.6714287,1.4857142,1.8857143,9.6,9.142858,4.6417117e-05,0.008020453,-7.345365000000001e-25,0.0,0.0,True
2010-04-12,141.37,8.1,7.5,12.971429,2.3285713,73.14286,1.9285713,1.5857143,2.0142858,8.971429,9.671429,0.00023066998,0.007881217,7.947286e-08,5.234033e-07,5.401671e-07,True
2010-04-19,141.33,8.400001,7.8857145,13.2,1.4714286,75.07143,2.1285715,1.7428571,2.0571427,8.528571,10.185715,0.00017781556,0.0076702237,-7.345365000000001e-25,2.9802322e-08,0.0,True
2010-04-26,141.3,1.4000001,8.7,15.5,1.1,62.25714,2.9,2.2,2.9285715,7.7714286,11.957143,4.4107437e-05,0.007350199,-7.345365000000001e-25,0.0,0.0,True
2010-05-03,141.25,14.7,13.657144,19.0,7.8428574,70.98572,2.8,2.057143,2.9714284,7.2714286,15.271428,0.00022549927,0.006931126,-7.345365000000001e-25,3.7252903e-09,0.0,True
2010-05-10,141.3,17.0,9.914286,13.900001,5.6857147,77.8,1.8000001,1.5,2.1571429,7.957143,12.271428,0.00022414327,0.0065168366,-7.345365000000001e-25,0.0,0.0,True
2010-05-17,141.25,14.500001,10.17143,13.314286,6.957143,79.91429,1.757143,1.5,2.1142857,8.057143,12.0,0.00014550984,0.00612396,-7.345365000000001e-25,0.0,0.0,True
2010-05-24,141.23,27.6,13.214286,16.47143,10.042857,85.84286,2.0142858,1.8714285,2.0714285,8.8,14.942857,0.0002783239,0.0057748035,-7.345365000000001e-25,1.1175871e-08,0.0,True
2010-05-31,141.21635642814613,16.4,12.442858,16.97143,6.7428575,79.52857,2.3428571,2.1714284,2.4285715,9.142858,15.657143,0.0002759993,0.0054315478,-7.345365000000001e-25,7.450581e-09,0.0,True
2010-06-07,141.27,24.699999,15.071428,20.185715,8.885715,78.542854,3.1714287,2.7,3.2285714,9.3,17.77143,0.00041343272,0.0051465407,-7.345365000000001e-25,1.1175871e-08,0.0,True
2010-06-14,141.36,11.1,19.02857,24.800001,12.714286,72.35714,3.8999999,2.9285715,4.142857,8.1,23.2,5.6639314e-05,0.004836239,-7.345365000000001e-25,7.450581e-09,0.0,True
2010-06-21,141.26,0.0,14.385714,19.828571,6.857143,66.4,3.4857142,1.8142859,3.6,7.257143,19.2,3.0010939e-05,0.004514441,-7.345365000000001e-25,7.450581e-09,0.0,True
2010-06-28,141.14,0.0,17.657145,24.385714,9.17143,63.442863,4.3142858,1.4999999,4.471429,6.385714,21.785715,9.089708e-06,0.004186414,-7.345365000000001e-25,7.450581e-09,0.0,True
2010-07-05,141.0,18.3,22.728573,30.228573,13.785714,58.44286,5.457143,1.2142857,5.542857,5.785714,26.385714,2.193451e-05,0.003791459,-7.345365000000001e-25,7.450581e-09,0.0,True
2010-07-12,140.98,2.6,22.742857,29.657145,14.1285715,58.514286,5.642857,1.9714286,5.5285716,5.857143,25.585714,4.0471554e-05,0.003398709,-7.345365000000001e-25,1.1175871e-08,0.0,True
2010-07-19,140.92,19.6,22.557144,28.300001,15.528572,66.35715,4.214286,1.5142858,4.3857145,5.757143,25.9,0.00013168156,0.0030114055,-7.345365000000001e-25,1.1175871e-08,0.0,True
2010-07-26,140.89,58.600002,19.457144,24.642857,13.785714,74.34286,3.5,2.6714284,3.542857,7.6857142,22.2,0.0017378479,0.0027190223,-7.345365000000001e-25,1.1175871e-08,0.0,True
2010-08-02,141.11,18.9,18.714285,24.800001,12.599999,71.185715,3.3999999,2.8714287,3.7571428,8.142858,22.357143,9.867549e-05,0.0025003105,-7.345365000000001e-25,1.4901161e-08,0.0,True
2010-08-09,141.89,70.7,17.928572,22.285715,13.385715,83.12858,2.3857143,2.1714284,2.542857,9.285714,20.757143,0.008181497,0.0053454936,-7.345365000000001e-25,7.450581e-09,0.0,True
2010-08-16,142.16,68.5,18.814285,24.414288,14.1285715,82.90001,2.4857144,2.3428571,2.7857144,9.6,21.842857,0.006779149,0.0029869229,-7.345365000000001e-25,1.1175871e-08,0.0,True
2010-08-23,141.96,30.699999,18.571428,24.514286,12.357142,76.042854,2.8714287,2.7142856,3.2,10.228572,20.785715,0.00023826957,0.002263531,-7.345365000000001e-25,1.1175871e-08,0.0,True
2010-08-30,142.02360523377592,52.6,15.8,19.828571,12.157143,79.6,2.0285714,1.9285713,2.3999999,10.142858,17.714285,0.003613472,0.0022975206,-7.345365000000001e-25,1.1175871e-08,0.0,True
2010-09-06,142.12,4.8,11.3,16.714285,6.3,85.01429,1.542857,1.442857,1.7857143,10.328571,14.742857,0.0001335144,0.002464205,-7.345365000000001e-25,3.7252903e-09,0.0,True
2010-09-13,141.94,5.0,14.571428,19.914288,8.842857,78.87144,1.6571429,1.4285715,2.1857142,9.6,16.428572,0.00017768145,0.0026466548,-7.345365000000001e-25,1.1175871e-08,0.0,True
2010-09-20,141.94,20.6,12.228571,16.27143,7.8142858,77.685715,1.5285714,1.4571428,1.8857143,10.014286,13.457143,0.0009149313,0.0027814806,-7.345365000000001e-25,1.1175871e-08,0.0,True
2010-09-27,141.81,96.8,13.185715,17.47143,8.642858,83.78571,1.357143,1.1571428,1.6285714,10.071428,14.785714,0.0048935264,0.0060297996,-7.345365000000001e-25,1.1175871e-08,0.0,True
2010-10-04,142.23,2.9,9.785714,13.571428,6.157143,82.77143,0.90000004,0.8714286,1.3428571,10.814285,10.742857,0.00072714686,0.007209718,-7.345365000000001e-25,5.5879354e-09,0.0,True
2010-10-11,142.04,0.0,10.67143,15.857142,6.357143,78.328575,1.0285714,0.85714287,1.4285715,9.785714,12.157143,1.7523766e-05,0.006796822,-7.345365000000001e-25,5.5879354e-09,0.0,True
2010-10-18,141.95,5.7000003,5.6285715,10.114286,1.057143,87.62858,0.4714286,0.44285712,0.6857143,9.6,8.171429,7.171929e-05,0.0069046468,-7.345365000000001e-25,0.0,0.0,True
2010-10-25,141.93,5.9,5.7714286,9.142858,1.4,78.18572,0.6571428,0.62857145,1.0142857,9.8,5.6,8.672476e-05,0.0068014413,-7.345365000000001e-25,0.0,0.0,True
2010-11-01,141.79,0.0,7.071429,12.328572,1.6999999,73.92857,0.75714284,0.65714294,0.9714286,9.6,6.4857144,7.212162e-06,0.0066275373,-7.345365000000001e-25,1.8626451e-09,0.0,True
2010-11-08,141.93,31.9,9.1,11.542857,5.642857,84.94286,0.5857143,0.55714285,1.0285714,9.985714,8.542857,0.00063025206,0.006420478,0.0002796423,0.0005384963,0.002717793,True
2010-11-15,142.15,19.2,8.757143,12.585715,4.914286,79.74286,0.75714284,0.75714284,0.9714286,10.5,7.214286,0.00066015124,0.0062774047,0.0005185831,0.0024324227,0.00018289126,True
2010-11-22,142.14,33.4,5.3,6.8428574,3.2428572,92.34286,0.18571429,0.18571429,0.37142855,11.2,5.4,0.0009878799,0.007344939,3.40598e-08,7.636845e-07,7.4878335e-07,True
2010-11-29,142.1128098391579,18.5,-0.8428572,0.9857144,-3.2285714,89.74286,0.12857144,0.12857144,0.31428573,10.728572,1.0571429,0.00016041845,0.008112118,0.006493154,0.0005288571,0.018332098,True
2010-12-06,142.0,8.3,-7.5714293,-4.3714285,-11.8,83.98572,0.042857144,0.042857144,0.2857143,10.571428,0.14285715,0.0,0.008950882,0.02672758,0.0,0.014728799,True
2010-12-13,141.94,27.0,-1.1714287,0.61428577,-3.2857144,90.61428,0.114285715,0.114285715,0.37142855,10.942857,0.27142859,0.0005939901,0.009052485,0.039149534,0.013447663,0.023834083,True
2010-12-20,142.1,11.1,-5.714286,-1.957143,-10.6,85.4,0.014285714,0.014285714,0.31428573,10.685715,0.18571429,2.30968e-07,0.009285435,0.056288213,0.0,0.022366688,True
2010-12-27,142.14,20.0,-2.5571427,-0.45714283,-5.6714287,90.814285,0.028571429,0.028571429,0.25714287,10.614285,0.2,9.059906e-05,0.00941024,0.07302569,0.003574025,0.028767161,True
2011-01-03,142.05,1.3000001,-4.357143,-1.4571428,-8.6,88.828575,0.025,0.025,0.3,10.55,0.2,8.195639e-06,0.009339362,0.09533583,9.686872e-05,0.010184079,True
2011-01-10,142.2,4.8999996,0.6571428,3.8857143,-2.7428572,84.91429,0.24285714,0.24285714,0.47142857,10.257143,0.62857145,0.0018745065,0.011115961,0.08123186,0.054251175,0.0007071495,True
2011-01-17,142.35,20.6,5.371429,8.342857,2.5,86.442856,0.49999997,0.49999997,0.4857143,10.671429,3.8,0.00905472,0.028601907,0.018518107,0.049899947,7.0780516e-07,True
2011-01-24,142.25,15.8,0.4857143,2.0142858,-1.1,89.57143,0.14285715,0.14285715,0.35714287,10.4,0.98571426,0.00014565885,0.03498803,0.0038134882,0.00075927563,0.010055739,True
2011-01-31,142.07579588238872,7.2,-2.6571429,0.48571426,-5.428571,88.314285,0.114285715,0.114285715,0.31428573,10.357142,-0.08571429,5.8978796e-05,0.029882118,0.013766482,0.0015255418,0.006815009,True
2011-02-07,142.06,3.8000002,2.8285713,5.3142858,-0.32857147,77.557144,0.59999996,0.5857143,1.1142857,10.285714,1.5428572,0.0003477782,0.024079815,0.008205255,0.015513221,0.0018232837,True
2011-02-14,142.02,7.2000003,1.9428571,5.085715,-1.7857143,72.78571,0.61428577,0.58571434,1.0,10.242857,1.8,0.00022053719,0.019835837,0.0005225454,9.391084e-05,0.0026255809,True
2011-02-21,141.94,0.7,-3.1714287,-1.2857143,-5.057143,77.442856,0.15714286,0.15714286,0.7285714,10.2,-0.44285715,1.5556812e-05,0.016946137,0.0037777196,0.00079065,0.00423871,True
2011-02-28,141.86,0.0,-4.7714286,1.4857143,-10.7,70.457146,0.4857143,0.42857143,0.85714287,10.1,-1.9571428,3.8951635e-05,0.0147160515,0.0040687607,0.0023720916,5.5965036e-05,True
2011-03-07,141.79,0.0,-0.31428573,6.214286,-5.8714285,67.88572,1.0714284,0.88571435,1.1571429,9.671429,0.5857143,1.9460917e-05,0.01285743,0.0009852251,0.0011662412,0.00010861084,True
2011-03-14,141.76,2.8,6.642857,12.028572,0.8142857,62.914288,1.6,1.3000001,1.7285715,9.142858,4.785714,4.207343e-05,0.011294603,0.00012662864,0.00044218265,0.0,True
2011-03-21,141.79,24.7,4.6142855,8.442858,0.6571428,84.942856,1.0,0.90000004,1.0428572,9.542857,5.928571,0.00037500262,0.009989455,0.0005535455,0.0018698592,0.0023149662,True
2011-03-28,141.85,2.4,5.7571425,11.828572,-0.3142857,72.21429,1.6571429,1.3857143,1.7285715,9.442857,7.4714284,4.1484833e-05,0.008973949,8.24985e-05,0.00045196898,5.181879e-06,True
2011-04-04,141.73,8.3,11.571428,17.485714,5.357143,69.14286,2.3,1.8999999,2.3857143,8.842857,12.014286,0.00013780594,0.008111045,3.3492134e-07,2.4419278e-06,0.0,True
2011-04-11,141.67,0.1,11.114286,16.657145,4.7714286,64.77143,2.6571429,2.0142856,2.8285713,8.285714,11.971429,1.9103289e-05,0.007335514,-7.345365000000001e-25,1.8626451e-09,0.0,True
2011-04-18,141.76,20.300001,7.8428574,12.300001,2.6857145,77.08572,1.7571428,1.5142857,1.7571428,8.157143,10.0,0.00024259835,0.0066568926,1.498631e-06,1.8209219e-05,1.7635524e-05,True
2011-04-25,141.61,0.4,13.357142,20.985716,4.357143,59.857143,3.757143,2.5142858,3.5285714,7.114286,15.971429,5.9753656e-06,0.00601992,-7.345365000000001e-25,1.4901161e-08,0.0,True
2011-05-02,141.63,12.599999,11.985715,17.671429,5.5,70.37143,3.0714285,1.6857144,2.8714287,6.3285713,15.457143,0.00014014542,0.0054317266,-7.345365000000001e-25,3.7252903e-09,0.0,True
2011-05-09,141.55,5.3,9.3714285,16.428572,0.8000001,66.07143,3.6,1.4999999,3.142857,6.042857,13.514286,9.153783e-05,0.0049058422,5.70161e-05,0.00033919886,0.00034634396,True
2011-05-16,141.49,10.6,14.257143,20.757143,7.142857,69.65714,3.371429,1.7714285,3.3142858,5.8428574,17.314285,4.0717423e-05,0.0043862984,-7.345365000000001e-25,1.1175871e-08,0.0,True
2011-05-23,141.43,0.5,17.47143,23.97143,10.0,65.91428,3.885714,1.6000001,4.2428575,5.5,20.285715,2.9474497e-05,0.0039378926,-7.345365000000001e-25,3.7252903e-09,0.0,True
2011-05-30,141.39410397324963,3.7,16.428572,23.5,7.457143,56.085716,4.785714,0.74285716,4.8142858,5.214286,19.685715,5.364418e-06,0.00348223,-7.345365000000001e-25,7.450581e-09,0.0,True
2011-06-06,141.35,20.5,20.085714,26.7,13.057143,60.128574,4.9428573,1.6857144,5.142857,5.257143,21.914286,0.0014899224,0.0030815601,-7.345365000000001e-25,1.1175871e-08,0.0,True
2011-06-13,141.27,8.0,17.728573,24.114286,11.028572,66.685715,3.885714,1.6142856,3.9714284,4.9714284,21.714285,0.0001116544,0.002741307,-7.345365000000001e-25,7.450581e-09,0.0,True
2011-06-20,141.25,13.3,17.785715,23.571428,12.400001,67.700005,3.9714286,2.0,4.1,4.957143,20.685715,8.8751316e-05,0.0024625212,-7.345365000000001e-25,1.1175871e-08,0.0,True
2011-06-27,141.2,15.0,16.742857,22.814287,10.985715,75.34286,3.542857,2.385714,3.5142856,5.0571427,19.557142,6.93351e-05,0.0022253096,-7.345365000000001e-25,1.1175871e-08,0.0,True
2011-07-04,141.27,35.1,15.514287,20.085714,10.400001,77.08572,3.0285714,1.2285713,3.0285714,4.885714,19.185715,0.00029940903,0.0020106137,-7.345365000000001e-25,1.4901161e-08,0.0,True
2011-07-11,141.32,18.1,20.157145,26.014286,13.014287,70.88572,4.2428565,3.4857142,4.4428573,5.6714287,23.214285,0.00022915006,0.0018459782,-7.345365000000001e-25,1.1175871e-08,0.0,True
2011-07-18,141.19,31.099998,19.142857,24.928572,13.385714,65.557144,4.257143,3.4999998,4.342857,5.5285716,22.0,0.0017966926,0.0016904175,-7.345365000000001e-25,1.1175871e-08,0.0,True
2011-07-25,141.74,81.200005,15.542857,19.357143,11.228572,75.057144,2.8,2.4571426,2.8285713,8.142858,17.757143,0.002587676,0.0015794635,-7.345365000000001e-25,1.4901161e-08,0.0,True
2011-08-01,141.79,47.300003,15.657144,19.314287,11.900001,86.57143,1.9714286,1.7571429,2.0285714,9.471429,18.542856,0.001626566,0.0015105307,-7.345365000000001e-25,1.4901161e-08,0.0,True
2011-08-08,141.7,17.5,19.357143,24.77143,13.985715,80.27143,2.885714,2.742857,3.142857,10.085714,21.928572,0.00016441941,0.0014694706,-7.345365000000001e-25,1.4901161e-08,0.0,True
2011-08-15,141.65,14.300001,17.485716,22.057144,13.085715,75.14286,2.6857145,2.5142858,2.9714284,9.6285715,19.071428,0.00020883977,0.0014310777,-7.345365000000001e-25,3.7252903e-09,0.0,True
2011-08-22,141.54,9.0,19.2,25.628572,12.028572,76.3,3.0285714,2.5714285,3.3,9.442857,22.114286,0.00013365597,0.0013914853,-7.345365000000001e-25,1.1175871e-08,0.0,True
2011-08-29,141.4815546551946,12.2,19.957144,26.314285,14.371429,74.557144,2.7285712,2.457143,3.542857,9.214286,21.77143,7.096678e-05,0.0013435856,-7.345365000000001e-25,1.1175871e-08,0.0,True
2011-09-05,141.43,10.1,16.285715,22.828571,9.271429,75.185715,2.2571428,1.7428572,2.7,8.914286,19.4,0.00012269616,0.0012995899,-7.345365000000001e-25,1.1175871e-08,0.0,True
2011-09-12,141.37,15.1,17.228573,21.542858,13.142858,75.91429,2.0714285,1.9857142,2.6571429,9.357142,18.071428,0.00012283027,0.0012593716,-7.345365000000001e-25,9.313226e-09,0.0,True
2011-09-19,141.34,27.9,14.657144,19.357143,9.442857,77.71429,1.6857141,1.4714286,2.1285713,9.6,16.857143,0.00034585595,0.0012210086,-7.345365000000001e-25,7.450581e-09,0.0,True
2011-09-26,141.39,0.0,13.428572,20.085714,7.2428575,79.97143,1.4714286,1.3142856,1.7857143,10.014286,15.7,0.00010038912,0.001189895,-7.345365000000001e-25,3.7252903e-09,0.0,True
2011-10-03,141.28,0.0,15.014287,23.87143,7.7714286,80.685715,1.4571428,1.1714286,1.7285715,9.328571,17.614286,5.4836273e-05,0.0011602044,-7.345365000000001e-25,3.7252903e-09,0.0,True
2011-10-10,141.26,15.3,12.657143,16.77143,8.671429,78.8,1.2,1.0857145,1.6142856,9.1,13.6285715,0.0002555102,0.0011321753,-7.345365000000001e-25,1.1175871e-08,0.0,True
2011-10-17,141.2,6.1,7.6285715,12.900001,2.4428573,79.700005,0.88571435,0.84285724,1.0714285,10.014286,9.142858,0.00012241304,0.0011147186,-7.345365000000001e-25,5.5879354e-09,0.0,True
2011-10-24,141.16,4.8,6.085715,11.457144,1.5428573,82.9,0.67142856,0.5857143,0.85714287,9.671429,6.642857,6.339699e-05,0.0010984242,-7.345365000000001e-25,5.5879354e-09,0.0,True
2011-10-31,141.1708851702404,1.1,10.0,13.657143,6.0428576,86.02857,0.4714286,0.4,0.7285714,9.528571,9.157143,0.00016242266,0.0010864362,-7.345365000000001e-25,3.7252903e-09,0.0,True
2011-11-07,141.11,0.0,8.985715,14.1,4.614286,79.34286,0.5285714,0.42857143,0.8,9.285714,7.5571427,7.8976154e-07,0.0010768026,-7.345365000000001e-25,0.0,0.0,True
2011-11-14,141.09,0.0,3.5571427,9.114286,-1.1714286,84.27143,0.34285715,0.25714284,0.41428572,9.071428,3.9714286,1.6540289e-06,0.0010676533,1.1920929e-07,3.091991e-07,1.1585653e-06,True
2011-11-21,141.05,0.0,2.1571429,4.928571,-0.8714286,91.114296,0.114285715,0.114285715,0.3,9.0,2.0857143,6.824732e-06,0.0010606423,0.00014387994,0.00026553124,0.00029990822,True
2011-11-28,141.0,0.2,3.7285714,7.785714,0.25714284,83.12858,0.34285715,0.25714284,0.5428571,8.971429,2.5,2.7269125e-06,0.0010540113,1.4378911e-05,4.166551e-05,0.0,True
2011-12-05,141.02,18.6,4.8428574,8.242857,1.0714285,82.971436,0.5428571,0.5428571,0.5857143,8.985714,3.7,0.00016829371,0.0010464638,2.6623409e-06,8.460134e-06,3.9219856e-05,True
2011-12-12,141.07,15.1,3.3285716,6.042857,0.85714287,78.64286,0.5714286,0.5714286,0.71428573,9.728572,2.057143,0.00023114681,0.0010402873,0.0002319983,0.0006430652,0.0008051209,True
2011-12-19,141.16,12.900001,3.9142857,6.3857145,1.8285714,78.200005,0.5857143,0.5857143,0.8428572,10.1285715,2.2571428,0.000256598,0.0010382533,0.00046660786,0.0009046383,0.0020007156,True
2011-12-26,141.27,13.7,4.157143,5.8142858,1.8571428,88.0,0.25714284,0.25714284,0.47142857,10.414286,2.5428572,0.0003041476,0.0010511279,0.00097133435,0.0031675696,0.0018954985,True
2012-01-02,141.29,9.4,5.5428576,7.714286,3.0142858,85.471436,0.38000003,0.38000003,0.55714285,10.4,3.54,0.00031344593,0.0010918453,0.00025542578,0.0010881424,0.0010196641,True
2012-01-09,141.43,31.3,4.3142858,6.514286,2.3,82.25715,0.6999999,0.6999999,0.8142857,10.814285,3.142857,0.0007722825,0.00117369,0.0006176404,0.0020922665,0.0023908839,True
2012-01-16,141.47,9.4,2.7571428,4.471429,0.0714285,83.84286,0.5285714,0.5285714,0.7,10.528571,2.4285715,0.00032877177,0.001456365,0.0011077097,0.0005429853,0.006491795,True
2012-01-23,141.72,37.6,2.2571428,4.1857142,0.12857142,88.27143,0.48571426,0.48571426,0.4857143,10.914286,1.0142857,0.0019178614,0.0027903467,0.0074681668,0.018099556,0.017101523,True
2012-01-30,141.7334374525123,0.3,-3.542857,-0.7285714,-6.1285715,83.38572,0.042857144,0.042857144,0.37142855,10.6285715,-0.9142857,3.59267e-05,0.0032720193,0.007607216,0.0006947331,0.0035807528,True
2012-02-06,141.62,0.0,-12.471429,-8.0,-16.800001,78.01429,0.0,0.0,0.27142856,10.285714,-6.8714285,2.30968e-07,0.0043286607,0.006829466,0.0,0.0005457029,True
2012-02-13,141.5,2.1,-10.971429,-6.142857,-16.114286,83.14286,0.0,0.0,0.27142859,10.271428,-5.7,1.3411045e-07,0.0047926977,0.010154264,0.0,0.0069848336,True
2012-02-20,141.4,15.1,1.1571429,3.757143,-1.9142857,82.97143,0.7,0.7,0.7285714,10.428572,-0.15714286,0.0017078519,0.0053536,0.013056108,0.020641526,0.012769885,True
2012-02-27,141.56,13.1,4.1,7.3,0.4714286,79.957146,0.9428572,0.9428572,1.0,10.328571,1.9857143,0.0005131513,0.0055152103,0.0014173416,0.005385522,0.0013943315,True
2012-03-05,141.93,7.6,5.5,9.471429,1.6285714,80.27143,0.9,0.8571429,1.0142858,10.271428,3.9571428,0.0004298836,0.0068347603,3.5785495e-05,0.00033036247,0.0,True
2012-03-12,141.76,4.6,3.9428573,7.4857144,0.6,75.74286,1.0285714,0.95714283,1.1999999,9.8714285,3.8428571,0.00014427304,0.008106679,0.000109190034,0.00050292537,0.0004975535,True
2012-03-19,141.66,2.6,8.328571,13.742858,2.6285713,70.14286,1.7857141,1.5,1.8571428,9.5,7.5571427,5.186349e-05,0.008344561,1.8732888e-07,2.0377338e-06,0.0,True
2012-03-26,141.64,0.0,8.2,15.428572,0.78571427,72.77143,1.9857146,1.5285715,1.8428571,8.757143,10.185715,1.8849969e-06,0.00817433,-7.345365000000001e-25,0.0,0.0,True
2012-04-02,141.54,6.5,7.2571425,11.67143,2.6571429,72.11429,1.9714286,1.6285715,2.0285714,8.157143,8.457143,0.00017599761,0.007879116,5.265077e-05,0.00017369539,0.00026467443,True
2012-04-09,141.49,6.1,4.5,8.8,-0.54285717,75.62858,1.5,1.1714286,1.5285715,7.957143,6.5,9.725988e-05,0.0075287,0.00025922345,0.0009342488,0.0013846084,True
2012-04-16,141.47,13.1,7.8428574,12.6285715,2.7142856,71.84286,1.942857,1.5857143,2.0,7.8428574,9.0,0.00026662275,0.007120244,3.420739e-05,0.00042834878,0.0,True
2012-04-23,141.43,6.9,8.7,14.7,2.0714285,63.128574,2.7428572,2.2,2.5571427,7.4,11.271428,4.1924417e-05,0.006679751,-7.345365000000001e-25,7.450581e-09,0.0,True
2012-04-30,141.4032862326623,4.7,16.657143,23.928572,8.571428,58.557148,4.4714284,3.1285713,4.3285713,6.6714287,16.885714,8.229911e-05,0.006182447,-7.345365000000001e-25,3.7252903e-09,0.0,True
2012-05-07,141.36,5.7999997,14.67143,20.928572,8.314286,73.74286,3.0571427,1.6285714,3.142857,6.142857,17.585714,0.00013321638,0.005637288,-7.345365000000001e-25,7.450581e-09,0.0,True
2012-05-14,141.32,12.6,14.185715,20.242859,6.7142863,68.057144,3.5714283,2.1,3.2571428,5.9142857,16.814285,7.967651e-05,0.0051498786,-7.345365000000001e-25,3.7252903e-09,0.0,True
2012-05-21,141.29,2.6,13.614286,19.9,5.928571,58.214287,4.142857,1.1714286,4.142857,5.5142856,15.771428,2.1830201e-05,0.004676044,-7.345365000000001e-25,0.0,0.0,True
2012-05-28,141.24,2.6,18.300001,25.142857,9.742857,55.0,5.1285715,0.71428573,4.9857144,5.114286,21.742857,1.7546117e-05,0.004156068,-7.345365000000001e-25,0.0,0.0,True
2012-06-04,141.14,23.2,13.114286,18.37143,7.557143,70.62858,2.9714284,1.5,3.1571429,5.5142856,16.87143,0.00017432123,0.0037084818,-7.345365000000001e-25,7.450581e-09,0.0,True
2012-06-11,141.15,14.5,14.6285715,19.942858,8.1,74.24286,3.057143,2.4285715,2.857143,5.8428574,17.414286,0.00010256469,0.0033757165,-7.345365000000001e-25,0.0,0.0,True
2012-06-18,141.3,35.6,17.328571,23.17143,10.285714,73.07143,3.957143,2.6000001,3.7,5.642857,20.4,0.0007368922,0.0030656904,-7.345365000000001e-25,7.450581e-09,0.0,True
2012-06-25,141.4,39.0,17.328571,21.87143,12.7,74.0,3.7857144,2.9714284,3.7,6.214286,20.62857,0.0014913082,0.0027969182,-7.345365000000001e-25,1.1175871e-08,0.0,True
2012-07-02,141.27,43.4,19.514286,24.685715,13.900001,73.6,3.9285715,3.1714284,4.0,5.8428574,21.971428,0.00016213208,0.0025732145,-7.345365000000001e-25,1.4901161e-08,0.0,True
2012-07-09,141.98,76.3,19.985716,25.542858,15.2,81.44286,3.4285715,3.0857143,3.6285713,7.2714286,23.5,0.011683077,0.0060936958,-7.345365000000001e-25,1.1175871e-08,0.0,True
2012-07-16,141.63,15.0,16.685715,21.800001,12.157144,73.07143,3.2428572,2.9428573,3.6142857,7.7,19.514286,0.00016482174,0.0022344291,-7.345365000000001e-25,1.4901161e-08,0.0,True
2012-07-23,141.55,6.2,16.314287,21.714285,11.314286,73.37144,3.142857,2.6714287,3.4142857,8.257143,18.914286,0.00035537034,0.002130106,-7.345365000000001e-25,1.1175871e-08,0.0,True
2012-07-30,141.5034439744306,18.0,21.685715,28.642857,14.228572,70.08572,4.257143,3.1285717,4.4428573,7.2714286,24.328571,9.3102455e-05,0.002009049,-7.345365000000001e-25,7.450581e-09,0.0,False
2012-08-06,141.51,4.4,20.2,26.514286,13.514285,73.5,3.6,2.6714287,3.6571429,6.7,23.428572,2.3305416e-05,0.0018904209,-7.345365000000001e-25,1.1175871e-08,0.0,True
2012-08-13,141.44,7.3999996,15.842857,21.27143,10.1285715,69.9,3.0714285,1.9714286,3.3428571,6.0285716,20.27143,4.7430396e-05,0.0017776415,-7.345365000000001e-25,7.450581e-09,0.0,True
2012-08-20,141.35,13.8,19.614286,27.928572,10.414286,64.200005,3.8999999,1.1857144,4.1142855,5.4714284,22.757143,4.6640635e-06,0.0016642958,-7.345365000000001e-25,7.450581e-09,0.0,True
2012-08-27,141.31,16.6,19.485716,25.300001,13.385715,72.02857,3.042857,2.0000002,3.5,5.9857144,21.828571,7.429719e-05,0.0015441701,-7.345365000000001e-25,9.313226e-09,0.0,True
2012-09-03,141.3,21.7,17.27143,22.800001,11.328572,77.57143,2.2285714,1.4857142,2.4714284,6.4428573,19.8,0.003676489,0.0014483035,-7.345365000000001e-25,3.7252903e-09,0.0,True
2012-09-10,141.25,1.2,16.528572,22.34286,9.914286,75.35714,2.1857142,1.4142858,2.4857142,6.3285713,18.828571,5.056709e-05,0.0013768375,-7.345365000000001e-25,1.1175871e-08,0.0,True
2012-09-17,141.26,16.8,14.885715,20.328571,9.385715,74.71429,1.9428571,1.4857143,2.2571428,6.4714284,16.7,0.00020770729,0.0013114363,-7.345365000000001e-25,7.450581e-09,0.0,True
2012-09-24,141.22,10.3,12.185715,17.714285,6.371429,73.07143,1.6999999,1.3285714,2.0,6.5571427,14.0,0.00013248622,0.0012554228,-7.345365000000001e-25,1.8626451e-09,0.0,True
2012-10-01,141.16,6.7,13.6,19.514286,7.228572,74.25715,1.5428572,1.2,1.8571428,6.1,14.8,3.3661723e-05,0.0012053773,-7.345365000000001e-25,5.5879354e-09,0.0,True
2012-10-08,141.14,8.6,11.942857,17.614286,6.0285716,77.22858,1.2285713,1.0,1.5857143,6.0285716,12.542857,0.00011494756,0.0011610314,-7.345365000000001e-25,7.450581e-09,0.0,True
2012-10-15,141.11,2.3,8.342857,12.900001,3.3285713,79.35714,0.78571427,0.64285713,1.1,6.3714285,8.928572,5.736947e-05,0.0011244714,-7.345365000000001e-25,1.8626451e-09,0.0,True
2012-10-22,141.09,0.1,10.7,16.642857,5.1714287,82.28571,0.8428572,0.61428577,1.0142857,6.1571426,10.828571,3.33786e-06,0.0010898411,-7.345365000000001e-25,5.5879354e-09,0.0,True
2012-10-29,141.08387027655448,14.1,4.7428575,7.071429,2.4428573,88.614296,0.42857146,0.32857147,0.5,6.1714287,6.571429,8.007884e-05,0.0010607764,0.0033727828,0.003191987,0.010604676,True
2012-11-05,141.14,12.3,6.728572,9.314286,3.7857144,81.74286,0.65714294,0.61428577,0.8,6.742857,5.7285714,0.00026043504,0.0010360479,0.0014726094,0.0077392776,0.00044948608,True
2012-11-12,141.16,9.9,7.514286,9.585714,4.914286,82.37142,0.50000006,0.47142863,0.78571427,7.1714287,6.6571426,0.00022301078,0.0010148734,1.362392e-07,1.475215e-06,0.0,True
2012-11-19,141.2,0.5,2.8428574,7.4428573,-1.3285714,87.814285,0.20000002,0.18571429,0.24285714,7.3428574,2.8,4.813075e-06,0.0009992048,-7.345365000000001e-25,0.0,0.0,True
2012-11-26,141.16,0.3,5.6714287,9.214286,1.3142859,86.4,0.24285713,0.24285713,0.47142857,7.3,4.4142857,3.7699938e-06,0.0009881929,-7.345365000000001e-25,0.0,0.0,True
2012-12-03,141.61,53.1,1.8285714,3.3857143,-0.1571429,91.04286,0.14285715,0.14285715,0.27142859,8.928572,2.6285715,0.00044702739,0.0009796694,0.018328259,0.0061680153,0.03660103,True
2012-12-10,141.54,15.4,-3.3428571,0.114285745,-7.7428575,86.328575,0.08571429,0.08571429,0.2857143,9.557143,0.1,3.068894e-05,0.0009796098,0.035521325,0.0013426188,0.019347813,True
2012-12-17,141.52,8.8,-0.7714286,1.1142857,-2.8857143,87.57143,0.08571429,0.08571429,0.35714287,9.785714,0.18571429,0.00055819005,0.0009874627,0.050359063,0.019446218,0.007831428,True
2012-12-24,141.94,32.800003,1.4285715,3.4285715,-0.09999997,92.68572,0.08571429,0.08571429,0.31428573,10.114285,0.12857144,0.00414671,0.005878836,0.02289385,0.03516107,0.00319485,True
2012-12-31,141.8484496211234,3.3999999,5.1,7.8857145,2.0428572,74.27143,0.5142857,0.5142857,0.88571423,10.328571,2.942857,0.0002798438,0.0014415458,0.0006323457,0.004772404,3.9048493e-05,True
2013-01-07,141.82,24.7,5.5285716,7.4000006,3.7285714,87.32857,0.44285718,0.44285718,0.59999996,10.3714285,4.428571,0.0013124794,0.0025235713,1.2664568e-05,0.00011151284,0.00011698902,True
2013-01-14,142.04,19.2,-0.0285714,1.5285715,-2.5000002,90.92857,0.114285715,0.114285715,0.31428573,10.742857,1.7428571,0.00048321486,0.0037582666,0.0037873473,4.306063e-05,0.0101164095,True
2013-01-21,141.97,4.7,-5.2714286,-3.9714286,-7.0285716,86.942856,0.0,0.0,0.31428573,10.357142,-0.5714286,2.1755695e-06,0.0051803365,0.012107934,8.850545e-05,0.01043326,True
2013-01-28,141.83,3.5,-6.2571425,-3.6571429,-9.257143,84.64286,0.071428575,0.071428575,0.2857143,10.328571,-0.37142858,4.5880675e-05,0.0058241487,0.019300308,0.0019999743,0.0040692687,True
2013-02-04,142.13,35.9,4.285714,6.9000006,1.2428571,83.01429,0.7,0.7,0.8,10.914286,1.8571428,0.0023641363,0.0068544596,0.0035635687,0.02324779,0.005701769,True
2013-02-11,142.04,3.8,-1.2571429,2.2285714,-5.157143,83.91429,0.27142856,0.27142856,0.4714286,10.428572,0.42857143,7.943809e-05,0.0078108534,0.00361983,0.0013379175,0.0029167943,True
2013-02-18,141.92,9.5,-0.9285714,0.3285714,-1.8714286,91.328575,0.114285715,0.114285715,0.40000004,10.285714,-0.028571429,7.669628e-05,0.008669585,0.009477751,0.0034918245,0.009605568,True
2013-02-25,141.94,18.199999,-1.557143,-0.18571432,-3.0285716,92.02857,0.10000001,0.10000001,0.41428572,10.442857,0.0,0.00021782517,0.008787148,0.023317315,0.008495979,0.02652945,True
2013-03-04,142.13,0.5,0.9857143,3.4714286,-1.6714287,87.52857,0.57142854,0.5714286,0.61428577,10.257143,0.9,0.00045350194,0.008739725,0.01806187,0.01853694,0.0016945265,True
2013-03-11,142.04,8.1,1.6428572,5.7000003,-2.0857143,81.557144,0.7571429,0.6714286,0.90000004,9.885715,2.5285714,0.00028412044,0.008862689,0.0030526263,0.008359641,0.0053631887,True
2013-03-18,141.95,13.8,-3.7142856,0.9857144,-8.514286,74.88572,0.45714286,0.44285718,0.9285714,10.214286,0.1,6.16163e-05,0.009140097,0.009370668,0.0021890271,0.009715006,True
2013-03-25,141.94,3.1,-3.2,-0.31428576,-6.157143,74.41429,0.18571427,0.18571427,1.0285714,10.314285,0.14285715,5.5238605e-05,0.009155281,0.01762238,0.0022004675,0.012868252,True
2013-04-01,141.87,7.4,-0.9714286,1.7285715,-3.5857143,75.57143,0.64285713,0.64285713,1.0428572,10.185715,0.18571429,0.00016813725,0.0090642795,0.014159969,0.007444689,0.00941452,True
2013-04-08,141.85,0.7,1.1857144,4.1714287,-1.8714286,77.12858,0.95714283,0.90000004,1.1999999,10.057143,1.8857143,0.00026871264,0.008895561,0.009578296,0.011657717,0.0023629814,True
2013-04-15,141.81,9.5,9.314286,14.414286,3.642857,73.67143,2.0571427,1.8714286,2.0428572,9.728572,9.1285715,0.00038194656,0.008671574,0.00050346623,0.0032770354,0.00017118454,True
2013-04-22,141.74,0.3,13.657144,19.0,8.0,59.728573,3.0857143,2.5142858,3.1285713,8.785714,14.485714,1.3515353e-05,0.008395158,-7.345365000000001e-25,5.2154064e-08,0.0,True
2013-04-29,141.7137088545248,6.5,12.485715,18.057142,7.3428574,72.91429,2.7285712,2.1285713,2.5857143,7.885714,14.514286,0.00011190772,0.007994264,-7.345365000000001e-25,3.7252903e-09,0.0,True
2013-05-06,141.63,4.4,11.714286,16.057142,6.614286,77.314285,2.2285714,1.7285715,1.942857,7.6,13.957143,0.00014090538,0.0075659826,-7.345365000000001e-25,3.7252903e-09,0.0,True
2013-05-13,141.55,14.1,14.614286,19.614286,9.571428,79.44286,2.5285714,2.1142857,2.642857,7.2714286,17.2,0.0003977716,0.0070729703,-7.345365000000001e-25,3.7252903e-09,0.0,True
2013-05-20,141.53,4.0,16.642857,22.34286,8.614286,65.87144,4.028571,2.5142858,4.057143,6.7285714,18.814285,6.4596534e-05,0.006538354,-7.345365000000001e-25,7.450581e-09,0.0,True
2013-05-27,141.46,15.0,9.757143,14.1,5.514286,78.957146,2.0714285,1.3000001,2.1285713,6.8714285,13.642858,0.00035227835,0.0060340017,-7.345365000000001e-25,3.7252903e-09,0.0,True
2013-06-03,141.73,120.0,12.300001,15.942858,9.085714,93.15715,1.4857142,1.5142858,1.5857143,10.185715,14.1285715,0.008988872,0.011250526,-7.345365000000001e-25,1.4901161e-08,0.0,True
2013-06-10,142.06,13.8,15.271429,21.285715,8.985715,82.71429,3.142857,2.885714,2.857143,10.5,18.985714,0.00054100156,0.008030094,-7.345365000000001e-25,3.7252903e-09,0.0,True
2013-06-17,141.91,2.6,17.885715,23.714285,10.085714,66.328575,4.6,3.6142857,4.4,9.114285,21.985714,5.5402517e-05,0.0092719495,-7.345365000000001e-25,7.450581e-09,0.0,True
2013-06-24,141.96,60.6,21.857143,27.34286,15.428572,71.71429,4.871429,3.957143,4.7285714,7.9857144,25.2,6.545335e-05,0.008839071,-7.345365000000001e-25,1.1175871e-08,0.0,True
2013-07-01,142.0,29.1,13.857142,17.857143,9.828572,77.92857,2.7285714,2.5571427,2.7,9.785714,17.014286,0.0010886043,0.008303106,-7.345365000000001e-25,1.4901161e-08,0.0,True
2013-07-08,141.8,1.4,19.1,24.9,12.257143,74.14286,4.057143,3.2857144,3.8999999,8.357142,23.328571,8.0645084e-05,0.007770166,-7.345365000000001e-25,1.1175871e-08,0.0,True
2013-07-15,141.65,2.0,17.228573,22.328571,11.371429,74.957146,3.3999999,2.357143,3.6142857,7.142857,21.757143,0.00012359023,0.0071615726,-7.345365000000001e-25,1.1175871e-08,0.0,True
2013-07-22,141.53,0.0,20.142857,27.542858,11.214286,64.28571,4.857143,1.757143,4.9,6.214286,24.814285,5.379319e-06,0.0065370873,-7.345365000000001e-25,1.1175871e-08,0.0,True
2013-07-29,141.4361041472103,37.300003,23.728573,30.885715,15.857142,61.157143,4.9428573,1.1285714,5.0,5.9714284,26.942858,0.0026192814,0.0058218315,-7.345365000000001e-25,1.1175871e-08,0.0,True
2013-08-05,141.55,18.9,22.4,28.842855,16.257143,70.48572,4.271428,3.2285714,4.357143,6.6285715,24.971428,0.00018848479,0.005201131,-7.345365000000001e-25,1.4901161e-08,0.0,True
2013-08-12,141.44,24.300001,19.5,25.27143,13.928572,75.700005,3.2571428,2.7142856,3.4142857,6.5142856,23.142857,0.00049857795,0.0046876892,-7.345365000000001e-25,1.1175871e-08,0.0,True
2013-08-19,141.37,1.8,18.185715,24.514286,11.842857,65.8,3.3857143,2.542857,3.6000001,6.142857,21.057142,0.00011044741,0.004263282,-7.345365000000001e-25,3.7252903e-09,0.0,True
2013-08-26,141.3,1.2,16.457144,22.5,9.914286,67.92857,2.857143,1.6999999,3.2857144,5.6857142,19.77143,1.0788441e-05,0.0038975552,-7.345365000000001e-25,3.7252903e-09,0.0,True
2013-09-02,141.2,5.7000003,15.857142,22.142857,9.728571,70.14286,2.4,0.9285714,2.7714286,5.257143,18.942858,9.358674e-05,0.003564261,-7.345365000000001e-25,1.1175871e-08,0.0,True
2013-09-09,141.19,18.8,17.385715,22.67143,11.928572,76.17143,2.4285715,1.4857142,2.6857142,5.4428573,19.014286,0.00043424964,0.0032930523,-7.345365000000001e-25,1.4901161e-08,0.0,True
2013-09-16,141.19,7.6000004,13.7,17.642857,9.985715,82.32857,1.2285715,1.0428573,1.5571429,5.8142858,15.2,0.00019930303,0.0030588955,-7.345365000000001e-25,3.7252903e-09,0.0,True
2013-09-23,141.16,7.0,11.900001,15.242858,8.885715,84.614296,1.1142857,0.9714285,1.3142856,6.1571426,13.0,0.00016956031,0.0028824434,-7.345365000000001e-25,1.1175871e-08,0.0,True
2013-09-30,141.25820225482974,6.3999996,9.3,14.2,3.957143,84.71429,1.0,0.84285706,1.1999999,6.5142856,11.685715,0.00019662082,0.0027440265,-7.345365000000001e-25,5.5879354e-09,0.0,True
2013-10-07,141.14,0.0,8.071428,13.514287,2.414286,72.71429,1.1,0.8142857,1.4285715,6.142857,9.914286,1.3262033e-06,0.0026142597,-7.345365000000001e-25,0.0,0.0,True
2013-10-14,141.09,52.9,10.928572,16.042858,5.9857144,85.828575,0.75714284,0.6571428,0.90000004,7.2714286,11.7,0.0005413294,0.0025059208,-7.345365000000001e-25,5.5879354e-09,0.0,True
2013-10-21,141.48,7.4,10.5,14.385715,5.5285716,84.92857,0.81428576,0.7857143,0.90000004,8.4,10.342857,0.00015728176,0.0024276525,-7.345365000000001e-25,7.450581e-09,0.0,True
2013-10-28,141.4,6.1,15.328572,20.057144,10.271429,75.84286,1.2142857,1.0857142,1.5857143,8.3,13.328571,1.7434359e-05,0.0023637936,-7.345365000000001e-25,1.3038516e-08,0.0,True
2013-11-04,141.32,9.4,9.157143,12.885715,4.857143,75.0,0.81428576,0.7285715,1.1428572,8.2,8.771428,0.0002026856,0.0023056194,-7.345365000000001e-25,3.7252903e-09,0.0,True
2013-11-11,141.3,10.4,8.157143,10.814286,4.6,84.87144,0.62857145,0.62857145,0.7285714,8.528571,7.6857142,0.00024261326,0.002262026,-7.345365000000001e-25,8.940697e-08,8.195639e-08,True
2013-11-18,141.32,1.5,3.2285714,6.428571,-0.15714285,90.52857,0.25714287,0.24285717,0.25714284,9.057143,3.9714286,3.6269426e-05,0.0022341236,-7.345365000000001e-25,6.891787e-08,8.195639e-08,True
2013-11-25,141.27,7.8,4.0142856,5.642857,2.0428574,91.94286,0.22857144,0.22857144,0.32857147,9.471429,4.042857,0.00020699203,0.0022172928,2.9177892e-05,2.9839575e-06,0.00061967224,True
2013-12-02,141.24,4.4,2.4142857,4.6714287,-0.44285727,88.614296,0.25714287,0.24285714,0.37142855,9.642858,1.9857143,0.00016191602,0.002209574,0.0007153636,0.0017402284,0.0011328012,True
2013-12-09,141.29,19.0,2.4285715,4.6857142,0.21428572,84.8,0.3571429,0.3571429,0.5857143,9.857142,1.4571428,0.00059247017,0.0022188202,0.0011634373,0.00589679,0.0062134247,True
2013-12-16,141.4,0.4,3.6571429,6.285714,0.8,91.4,0.18571427,0.18571427,0.21428572,10.142858,3.0,7.633865e-05,0.0023345947,9.847255e-05,0.00046141632,5.2154064e-08,True
2013-12-23,141.34,2.9,3.3714287,4.5142856,0.84285724,78.042854,0.3857143,0.3857143,0.7,9.928572,1.7857143,5.143881e-05,0.0025544837,5.8923447e-06,1.1174008e-05,0.0,True
2013-12-30,141.32881693773768,1.0,5.8142858,0.0,2.8428571,78.57143,0.45714286,0.42857143,0.7285714,9.728572,3.7571428,7.4476004e-05,0.0027248636,-7.345365000000001e-25,1.7881393e-07,0.0,True
2014-01-06,141.29,8.0,4.3285713,6.4428573,0.85714287,80.88572,0.2,0.2,0.5857143,9.6,0.5,5.7272613e-05,0.0028441697,-7.345365000000001e-25,1.0803342e-07,1.0430813e-07,True
2014-01-13,141.26,5.4,5.6,8.928572,1.7571429,77.75714,0.7,0.7,0.8285714,9.957143,4.0285716,9.286404e-05,0.0029224455,-7.345365000000001e-25,1.09896064e-07,3.2410026e-07,True
2014-01-20,141.25,8.6,2.414286,4.257143,-0.08571429,92.62858,0.17142858,0.17142858,0.3285714,10.157143,1.9,0.00030247867,0.0029851794,0.0013614439,0.0042675454,0.0042860024,True
2014-01-27,141.31,4.5,-5.557143,-3.4,-7.928571,88.37142,0.0,0.0,0.3,10.2,-0.7,5.7071447e-06,0.0030969158,0.005448387,0.0,0.009226795,True
2014-02-03,141.25,1.7,-0.6999999,1.7000002,-2.5857143,83.34286,0.27142859,0.25714287,0.5857143,10.185715,-0.2857143,8.024275e-05,0.0032104924,0.007154141,0.0023077913,0.00039041415,True
2014-02-10,141.2,0.0,3.8999999,7.2428575,0.2571428,72.22857,0.9571429,0.84285724,1.0142857,9.9,1.8,9.1031194e-05,0.0032848343,0.0022350096,0.0047375895,3.2037497e-07,True
2014-02-17,141.22,6.1,4.9,8.757143,0.78571427,70.84286,1.1,0.9285714,1.1857144,9.428572,3.5857143,0.00011256337,0.00332053,4.3000495e-05,0.00017514266,3.765151e-05,True
2014-02-24,141.18,1.2,5.457143,10.557143,0.47142857,72.942856,1.0142857,0.84285706,1.0428572,9.085714,4.642857,3.1471252e-05,0.0033251345,2.6680175e-07,1.5813857e-06,0.0,True
2014-03-03,141.14,0.2,5.057143,11.228571,-0.71428573,77.02857,1.1285714,0.9285714,1.0428572,8.728572,5.6571426,1.4737248e-05,0.0033051223,-7.345365000000001e-25,3.7252903e-09,0.0,True
2014-03-10,141.12,0.0,5.514286,12.057143,-0.7,77.92857,1.2285715,0.9285714,1.0714285,8.385715,6.6571426,1.3977289e-05,0.0032726377,-7.345365000000001e-25,0.0,0.0,True
2014-03-17,141.11,11.6,7.285714,13.814286,1.0857142,69.92857,1.8000001,1.4857143,1.6285714,7.8,7.8,0.00014787912,0.0032180622,-7.345365000000001e-25,3.7252903e-09,0.0,True
2014-03-24,141.1,18.5,9.957144,13.942858,6.085715,71.51429,2.0000002,1.6714287,2.0285716,7.542857,9.614285,0.00033922493,0.0031557977,1.1353266e-07,6.854534e-07,1.527369e-06,True
2014-03-31,141.1509893602293,4.2,7.085715,13.785714,0.62857145,79.542854,1.6142857,1.2714287,1.5857143,7.5285716,8.8714285,2.7924776e-05,0.0030926913,9.650276e-08,8.7171793e-07,0.0,True
2014-04-07,141.14,0.4,11.285714,17.6,4.2285714,73.84286,2.1285713,1.5999998,2.1,6.857143,12.8714285,1.6734004e-05,0.003012225,-7.345365000000001e-25,3.7252903e-09,0.0,True
2014-04-14,141.1,17.2,9.085714,13.728572,4.285714,74.72857,2.1142855,1.7714285,2.0857143,6.6285715,11.028571,0.00021480769,0.0029306635,-7.345365000000001e-25,9.685755e-08,9.313226e-08,True
2014-04-21,141.09,6.1,8.857142,14.328572,2.0571427,71.92857,2.4857142,1.8857143,2.3285713,6.571429,11.242857,0.000116586685,0.002845332,4.5413064e-08,5.0477684e-07,5.1409006e-07,True
2014-04-28,141.06,1.7,13.900001,20.614286,7.042857,80.9,2.5857143,1.7142857,2.7,6.1,16.714285,0.00026006997,0.0027477667,-7.345365000000001e-25,9.313226e-09,0.0,True
2014-05-05,141.03,9.400001,9.142858,15.471429,2.357143,77.62858,2.1857142,1.2857143,1.9714286,6.071429,13.328571,8.3863735e-05,0.0026479438,-7.345365000000001e-25,0.0,0.0,True
2014-05-12,141.04,11.900001,13.042857,18.128572,7.1,69.4,3.2142854,2.542857,3.0571427,5.757143,14.357142,0.00011638552,0.002545774,-7.345365000000001e-25,7.450581e-09,0.0,True
2014-05-19,141.0,24.1,11.185715,16.085714,6.9428573,78.52857,2.3714283,1.7857143,2.4428573,5.8,13.357142,0.00024800748,0.0024377406,-7.345365000000001e-25,3.7252903e-09,0.0,True
2014-05-26,141.02,36.6,18.914288,25.285715,11.785714,70.57143,4.571429,3.2714286,4.4714284,5.6857142,21.685715,0.00018003583,0.0023194999,-7.345365000000001e-25,7.450581e-09,0.0,True
2014-06-02,141.4,20.5,12.771429,17.842857,7.714286,79.84286,2.7714288,2.385714,2.7285714,8.114285,16.342857,0.0006875023,0.002219446,-7.345365000000001e-25,7.450581e-09,0.0,True
2014-06-09,141.27,0.1,19.485716,25.957144,11.071428,60.17143,4.6714287,3.3428571,4.7999997,6.7,22.685715,1.1727214e-05,0.002121605,-7.345365000000001e-25,3.7252903e-09,0.0,True
2014-06-16,141.19,5.6000004,17.9,24.185715,11.285714,70.22858,4.1,2.2571428,4.1285715,5.4857144,22.528572,8.5130334e-05,0.0019936562,-7.345365000000001e-25,7.450581e-09,0.0,True
2014-06-23,141.1,0.1,15.114286,20.085714,9.828572,67.071434,3.614286,1.2428571,3.7428572,5.071429,19.328571,2.7760863e-05,0.0018861294,-7.345365000000001e-25,3.7252903e-09,0.0,True
2014-06-30,141.07354764911898,29.1,15.142858,21.085714,9.557143,78.38572,3.1,2.0285714,2.8,5.614286,19.057142,0.00026455522,0.0017871484,-7.345365000000001e-25,7.450581e-09,0.0,True
2014-07-07,141.06,28.599998,20.042858,26.585714,12.871429,61.9,5.014286,2.1142857,4.928571,5.0857143,22.714285,2.3156404e-05,0.0016852468,-7.345365000000001e-25,7.450581e-09,0.0,True
2014-07-14,141.07,34.6,17.828571,23.957144,13.085715,82.37144,3.2428572,2.742857,3.1000001,6.0285716,21.27143,0.003621973,0.0015838146,-7.345365000000001e-25,1.1175871e-08,0.0,True
2014-07-21,141.05,3.0,22.585714,29.157145,15.071428,65.64286,4.7714286,2.7142856,4.6571426,5.0857143,26.028572,1.5608966e-05,0.0014980882,-7.345365000000001e-25,7.450581e-09,0.0,True
2014-07-28,140.99,40.3,20.728573,26.728573,15.057143,74.314285,3.9428573,2.357143,4.0142856,5.3714285,23.928572,0.00023518503,0.0014097914,-7.345365000000001e-25,1.1175871e-08,0.0,True
2014-08-04,141.17,37.0,20.657145,26.585714,15.357142,80.01428,3.3142858,2.7142856,3.5142858,6.3,24.214285,0.0002560392,0.0013409182,-7.345365000000001e-25,1.4901161e-08,0.0,True
2014-08-11,141.22,7.8999996,20.014286,26.028574,13.5,74.24286,3.4285715,2.7142856,3.5857143,6.0,23.3,8.2463026e-05,0.0012771487,-7.345365000000001e-25,7.450581e-09,0.0,True
2014-08-18,141.18,26.4,16.485714,21.214285,11.785714,73.65715,2.8142858,2.3142858,3.0571427,5.9,19.3,0.00017626584,0.0012113005,-7.345365000000001e-25,9.313226e-09,0.0,True
2014-08-25,141.1,5.2,13.971429,19.942858,7.9428573,70.685715,2.5285714,1.7714287,2.8428571,5.5,17.542856,5.044043e-05,0.0011527017,-7.345365000000001e-25,3.7252903e-09,0.0,True
2014-09-01,141.02,28.900002,14.742858,19.5,10.185715,83.41429,1.8000001,1.3714286,1.9142857,5.571429,17.385714,0.0003221035,0.0011038631,-7.345365000000001e-25,3.7252903e-09,0.0,True
2014-09-08,140.99,4.0,17.300001,22.785715,12.342857,83.3,2.1142857,1.6714286,2.3142858,5.928571,18.985714,0.00016826391,0.0010669455,-7.345365000000001e-25,7.450581e-09,0.0,True
2014-09-15,140.96,14.2,15.885715,19.457142,13.1285715,88.34286,1.3571428,1.1428572,1.5428572,6.5857143,17.714285,0.000405401,0.0010328814,-7.345365000000001e-25,1.4901161e-08,0.0,True
2014-09-22,140.93,17.099998,16.442858,21.128572,12.157143,81.42857,1.757143,1.3714285,1.9714286,6.7714286,18.0,0.00019772351,0.0010070875,-7.345365000000001e-25,7.450581e-09,0.0,True
2014-09-29,141.0046108542344,2.6,12.514287,17.514286,6.9000006,82.38572,1.3142856,1.0714285,1.5428572,6.9428573,13.9,8.714199e-05,0.0009879842,-7.345365000000001e-25,5.5879354e-09,0.0,True
2014-10-06,140.91,0.4,13.471429,19.057144,8.114286,84.5,1.0428572,0.7285714,1.3285714,6.785714,15.328571,1.0147691e-05,0.0009716898,-7.345365000000001e-25,5.5879354e-09,0.0,True
2014-10-13,140.88,9.099999,15.457144,19.485716,11.900001,81.88572,1.0571429,0.81428576,1.4,6.457143,15.557143,3.375113e-05,0.0009557381,-7.345365000000001e-25,1.6763806e-08,0.0,True
2014-10-20,140.85,24.599998,13.714286,17.814287,10.157144,87.6,0.88571423,0.8285714,1.0,7.0571427,14.014286,0.00022344291,0.0009433627,-7.345365000000001e-25,7.450581e-09,0.0,True
2014-10-27,140.91,16.699999,8.742857,11.900001,5.457143,86.68572,0.5857143,0.54285717,0.7428571,7.8428574,9.671429,0.00023495406,0.0009333044,-7.345365000000001e-25,1.8626451e-09,0.0,True
2014-11-03,140.97,0.1,8.657144,13.457144,4.4857144,82.24286,0.62857145,0.5,0.6857143,7.6285715,8.771428,2.7790666e-06,0.0009270236,-7.345365000000001e-25,5.5879354e-09,0.0,True
2014-11-10,140.9,1.4,8.8,12.357142,4.914286,87.37144,0.4857143,0.42857143,0.4857143,7.385714,8.771428,5.9477985e-05,0.00092255324,-7.345365000000001e-25,1.8626451e-09,0.0,True
2014-11-17,140.85,0.7,9.542857,12.342857,6.0,89.27143,0.34285715,0.2857143,0.5428571,7.2714286,8.828571,3.0428171e-05,0.00092016906,-7.345365000000001e-25,1.1175871e-08,0.0,True
2014-11-24,140.82,3.5,4.9714284,6.571429,3.1857145,89.67143,0.22857144,0.21428572,0.41428572,7.542857,4.8714285,0.00010673702,0.0009191036,-7.345365000000001e-25,1.8626451e-09,0.0,True
2014-12-01,140.8,0.0,1.1428572,2.8285716,-0.7714286,83.28571,0.17142858,0.15714286,0.59999996,7.4428573,1.6714286,1.1622906e-06,0.00091958046,1.3510386e-06,1.2479722e-07,3.0137599e-06,True
2014-12-08,140.77,2.0,2.142857,4.0142856,-0.14285718,86.314285,0.17142858,0.17142858,0.40000004,7.4,1.0857143,3.3587217e-05,0.00092077255,0.00027134304,0.0006801095,0.00085526705,True
2014-12-15,140.75,10.2,3.3857143,6.971429,-0.08571434,86.1,0.37142858,0.35714287,0.5285714,7.4714284,2.2285714,0.00015038252,0.00092261285,0.00022859233,0.0007087104,0.0005382672,True
2014-12-22,140.78,11.900001,6.6857147,8.771429,3.5142858,81.38572,0.5857143,0.5857143,0.9428572,8.028571,5.071429,0.00034809858,0.00092692673,3.122148e-06,1.6193837e-05,2.2761524e-06,True
2014-12-29,140.8075615258909,8.7,0.8142857,2.914286,-2.0571427,83.68572,0.35714284,0.35714284,0.7285714,8.285714,2.6571429,0.00012303889,0.00094774365,0.0034806898,2.2705644e-05,0.010851972,False
2015-01-05,140.85,8.0,1.8142859,3.7000003,-0.21428573,86.35714,0.05,0.05,0.55714285,8.5,0.0,0.0004518777,0.0009901598,0.0067234947,0.012040621,0.008685306,True
2015-01-12,140.83,33.1,4.4,7.1,1.3000001,82.12858,0.7714286,0.7714286,0.88571423,9.314285,2.9,0.0019352734,0.0014599785,0.0033551964,0.01054297,0.0033913814,True
2015-01-19,141.28,3.4,4.3857145,7.6,0.45714286,77.3,0.67142856,0.6571428,0.85714287,9.428572,3.1,0.00024487078,0.0015211776,5.0039518e-05,0.0004319176,2.1271408e-06,True
2015-01-26,141.2,11.700001,0.24285714,1.4571428,-0.88571435,91.57143,0.17142858,0.17142858,0.3285714,9.485714,0.4,8.6292624e-05,0.001959391,0.0047355494,0.001712488,0.011354819,True
2015-02-02,141.24,6.2999997,1.5142858,3.8428574,-0.65714294,81.84286,0.48571435,0.48571435,0.67142856,9.742857,0.94285715,0.00032497942,0.0023135915,0.008723719,0.0077284127,0.008414466,True
2015-02-09,141.2,2.9,-0.6714287,1.6142857,-3.3714287,83.64286,0.27142859,0.27142859,0.59999996,9.685715,0.15714286,0.00017976016,0.002661951,0.010994502,0.0064744577,0.0061237365,True
2015-02-16,141.17,0.0,1.8142859,5.5,-1.8000001,81.957146,0.55714285,0.50000006,0.6857143,9.514286,1.4571428,0.0001758486,0.0029724985,0.002254435,0.0067064688,7.5250864e-07,True
2015-02-23,141.14,2.0,2.542857,7.3142858,-2.2285714,78.61428,0.81428576,0.71428573,0.8285714,9.214286,2.0142858,6.813556e-05,0.0032648593,0.000340229,0.00081990846,0.0002523996,True
2015-03-02,141.1,5.4,3.0857143,8.142858,-1.8285714,78.51429,0.94285715,0.8285714,0.9285714,9.014286,3.2428572,7.7582896e-05,0.003448613,2.2292137e-05,6.725639e-05,0.00026164204,True
2015-03-09,141.06,1.2,5.7428575,9.942857,1.2857143,69.48572,1.4285715,1.2571429,1.4714286,8.8,5.257143,0.00011981279,0.0035296902,0.00043196906,0.0014582518,0.0012789182,True
2015-03-16,141.02,6.3,4.714286,7.8142858,1.3857144,85.22857,0.91428566,0.8000001,0.9714286,8.5,5.285714,0.00016260892,0.0035498217,2.0555088e-05,0.00013908558,0.00011177361,True
2015-03-23,140.99,0.1,4.785714,11.6285715,-1.8428572,63.857143,1.9571428,1.5,1.8714286,7.9428573,7.3142858,7.651746e-06,0.0035311729,4.0792285e-05,9.927526e-05,0.00020578876,True
2015-03-30,140.9761432724123,16.0,7.557143,12.428572,2.5285716,75.814285,1.6428572,1.4285715,1.6285714,7.6285715,8.157143,0.00029402226,0.0034841895,1.5099843e-05,0.00010267086,3.1292439e-07,True
2015-04-06,141.04,17.5,3.2142856,8.457143,-0.90000004,78.5,1.5857143,1.4857142,1.4857142,8.428572,4.9857144,0.00077653676,0.0034540743,0.0021142561,0.008854069,0.009981252,True
2015-04-13,141.02,0.1,9.485715,14.771429,2.8285716,66.685715,2.5571427,1.9714285,2.6000001,7.8285713,10.928572,2.771616e-05,0.0034758896,0.00012305236,0.0008684043,0.0,True
2015-04-20,140.98,0.3,9.114286,15.057143,1.8428572,64.01429,2.8714283,1.9714286,2.6714287,6.8285713,11.757143,1.1354685e-05,0.003437005,-7.345365000000001e-25,2.9802322e-08,0.0,True
2015-04-27,140.95,19.199999,12.028572,19.628572,3.2857144,66.51429,3.3,1.8428571,3.142857,6.142857,14.2,0.0001193583,0.0033425614,-7.345365000000001e-25,3.7252903e-09,0.0,True
2015-05-04,140.99,20.8,9.885715,15.5,3.1285717,72.41429,2.7714286,2.3285716,2.6285713,6.7714286,13.257143,0.00027555227,0.0032298416,5.2792683e-07,3.6545098e-06,3.606081e-06,True
2015-05-11,140.97,4.4,14.328572,20.114286,6.5285716,66.6,3.4285715,2.1857142,3.357143,6.385714,16.87143,0.0001232028,0.003101848,-7.345365000000001e-25,3.7252903e-09,0.0,True
2015-05-18,140.9,4.6,12.485715,18.614286,4.214286,64.6,3.6,2.114286,3.642857,5.714286,16.214285,4.9889088e-05,0.0029424801,-7.345365000000001e-25,3.7252903e-09,0.0,True
2015-05-25,140.88,3.6,13.728572,19.557144,5.9857144,64.3,2.9714286,0.9142857,3.2428572,5.6,17.242857,1.1116266e-05,0.0027747601,-7.345365000000001e-25,7.450581e-09,0.0,True
2015-06-01,140.79,7.2,13.585715,18.97143,6.857143,66.71429,3.242857,1.1714286,3.3285713,5.3285713,16.585714,4.3064356e-05,0.0026051477,-7.345365000000001e-25,0.0,0.0,True
2015-06-08,140.76,15.5,18.257143,25.34286,9.385715,60.414288,5.0,1.4285715,4.8714285,5.071429,21.3,5.789101e-05,0.0024139509,-7.345365000000001e-25,3.7252903e-09,0.0,True
2015-06-15,140.8,14.799999,16.9,22.742859,10.485715,73.15714,3.914286,2.1714284,3.957143,5.4142857,21.185715,0.00017797947,0.0022399575,-7.345365000000001e-25,3.7252903e-09,0.0,True
2015-06-22,140.77,17.7,13.457144,18.257143,8.914286,73.42857,2.8,1.7142857,2.9285715,5.1285715,17.314285,9.304285e-05,0.0020815432,-7.345365000000001e-25,7.450581e-09,0.0,True
2015-06-29,140.7457054172313,8.0,15.842857,21.27143,9.771429,75.02857,3.042857,2.3714287,3.1142857,5.4857144,18.442858,0.00013555586,0.0019537508,-7.345365000000001e-25,7.450581e-09,0.0,True
2015-07-06,140.72,2.9,23.885715,30.814287,14.928572,55.457146,6.128571,2.0285714,5.9857144,4.457143,26.22857,7.0482492e-06,0.0017973334,-7.345365000000001e-25,1.1175871e-08,0.0,True
2015-07-13,140.72,27.5,17.728573,23.957144,10.742858,66.78571,4.2,2.4142857,4.2,4.4142857,20.985714,0.00011155009,0.0016348809,-7.345365000000001e-25,1.1175871e-08,0.0,True
2015-07-20,140.71,21.999998,21.428572,28.114286,14.828572,70.52857,4.385714,2.3999999,4.3714285,4.457143,23.4,0.0002734512,0.0015145466,-7.345365000000001e-25,1.4901161e-08,0.0,True
2015-07-27,140.7,28.400002,20.785715,26.5,14.985715,67.21429,4.4857144,2.757143,4.5142856,4.2285714,23.7,0.000118240714,0.0013974309,-7.345365000000001e-25,1.1175871e-08,0.0,True
2015-08-03,140.67,0.8,17.928572,24.300001,10.871429,60.11429,4.0571427,1.4142857,4.2571425,3.8857143,20.414286,1.7285347e-06,0.0012929887,-7.345365000000001e-25,7.450581e-09,0.0,True
2015-08-10,140.64,0.0,25.385715,33.24286,16.37143,58.04286,5.4714284,0.64285713,5.557143,3.5142858,26.528572,5.4091215e-06,0.0011817217,-7.345365000000001e-25,1.1175871e-08,0.0,True
2015-08-17,140.63,32.0,24.100002,31.0,17.428572,68.1,4.428571,0.8000001,4.5,3.4142857,26.4,9.390712e-05,0.0010745376,-7.345365000000001e-25,1.4901161e-08,0.0,True
2015-08-24,140.94,44.3,17.428572,23.114286,11.542857,73.57143,3.3142855,1.742857,3.0857143,4.8285713,21.114286,0.00089739263,0.0010072738,-7.345365000000001e-25,0.0,0.0,True
2015-08-31,140.8142954538037,1.0,20.37143,27.414288,12.7,69.9,3.4285715,1.7142857,3.4285715,4.5285716,22.071428,6.784499e-05,0.0009508431,-7.345365000000001e-25,7.450581e-09,0.0,True
2015-09-07,140.81,34.3,14.942858,20.642857,9.971429,79.21429,2.142857,1.6428573,2.3285713,4.757143,17.9,0.0002452731,0.00090026855,-7.345365000000001e-25,5.5879354e-09,0.0,True
2015-09-14,140.79,4.3,14.471429,20.114286,9.014286,78.85714,1.857143,1.4285715,2.2142856,4.8,16.071428,9.1180205e-05,0.0008634478,-7.345365000000001e-25,9.313226e-09,0.0,True
2015-09-21,140.74,12.0,15.657144,21.114286,10.614286,76.85714,1.9571428,1.4714288,2.1714284,4.5857143,16.914286,7.234514e-05,0.00082850456,-7.345365000000001e-25,5.5879354e-09,0.0,True
2015-09-28,140.69,0.8,11.771429,17.457144,5.7714286,80.24286,1.3571428,0.8142857,1.4714286,4.3714285,14.285714,5.082786e-05,0.0007987842,-7.345365000000001e-25,1.8626451e-09,0.0,True
2015-10-05,140.7,0.0,10.685715,18.37143,2.9142857,76.6,1.3857143,0.68571424,1.4714286,4.0857143,13.242857,3.97861e-06,0.0007708967,-7.345365000000001e-25,0.0,0.0,True
2015-10-12,140.66,13.1,8.1285715,12.342857,3.9857144,76.75714,0.9285714,0.64285713,1.1857144,4.785714,10.342857,0.00029727072,0.0007467866,-7.345365000000001e-25,1.8626451e-09,0.0,True
2015-10-19,140.64,27.6,6.142857,8.171429,3.9428573,92.85714,0.35714287,0.3285714,0.5142857,6.242857,7.5,0.0003485009,0.00072907656,3.803344e-07,3.3453107e-06,3.2372773e-06,True
2015-10-26,140.71,5.2000003,8.342857,11.957144,3.8142858,89.72858,0.54285717,0.45714286,0.62857145,6.8142858,8.828571,8.2716346e-05,0.00071802735,-7.345365000000001e-25,2.0489097e-08,0.0,True
2015-11-02,140.71,0.0,8.657144,13.714286,3.7857144,77.67143,0.7,0.55714285,0.82857144,6.6,7.928571,7.1674585e-06,0.00070878863,-7.345365000000001e-25,1.8626451e-09,0.0,True
2015-11-09,140.72,8.0,10.1,15.557143,4.414286,83.34286,0.71428573,0.59999996,0.6857143,6.4714284,8.885715,0.00011596084,0.00069990754,-7.345365000000001e-25,5.5879354e-09,0.0,True
2015-11-16,140.71,31.099998,11.2,13.3,7.928571,81.97143,0.7857143,0.7142858,1.0142857,6.957143,9.771428,0.0005919486,0.0006933436,-7.345365000000001e-25,1.4901161e-08,0.0,True
2015-11-23,140.72,20.1,6.6857142,9.1285715,3.6571429,83.5,0.7571429,0.7571429,0.82857144,8.514286,6.5142856,0.0005658269,0.00069565326,0.00016894794,2.8882176e-05,0.0017234497,True
2015-11-30,140.9590898618373,24.099998,2.5857143,5.6571426,-0.71428573,85.3,0.44285718,0.44285718,0.5428571,8.842857,2.1571429,0.00063468516,0.00072312355,0.0012165705,0.003614517,0.0020829774,True
2015-12-07,140.98,1.1,7.414286,10.571428,3.6142857,79.814285,0.55714285,0.55714285,0.7,9.414286,5.6285715,0.00012102723,0.00078840554,1.3430913e-05,0.00017873012,0.0,True
2015-12-14,141.24,7.1,4.4857144,7.914286,0.6285714,83.64286,0.44285718,0.41428572,0.41428572,9.242857,3.5857143,0.00014568865,0.00089265406,-7.345365000000001e-25,4.8428774e-08,5.2154064e-08,True
2015-12-21,141.19,9.2,7.6285715,9.942857,5.2714286,88.114296,0.32857147,0.32857147,0.41428572,9.542857,5.928571,0.00030452013,0.0009945706,-7.345365000000001e-25,4.656613e-08,0.0,True
2015-12-28,141.2,1.5,9.728571,12.400001,5.871429,77.4,0.57142854,0.55714285,1.0,9.471429,6.8714285,3.6597252e-05,0.0011185259,-7.345365000000001e-25,0.0,0.0,True
2016-01-04,141.17,2.3,-1.6000001,0.9714286,-4.1285715,79.8,0.3,0.3,0.4857143,9.333333,1.7333333,2.4467707e-05,0.0012408942,7.172426e-05,4.325062e-06,0.00057951733,True
2016-01-11,141.18,21.5,-0.68571424,1.7285715,-3.5285716,86.40001,0.25714287,0.25714287,0.35714287,9.6,-0.9142857,0.00017671287,0.0013454556,0.0026090713,0.0025170445,0.0036677383,True
2016-01-18,141.16,15.3,-0.0285714,2.1285715,-2.8857143,89.77143,0.21428572,0.21428572,0.29999998,10.357142,0.15714286,0.00028139353,0.0014498085,0.0037907532,0.0012281369,0.008282486,True
2016-01-25,141.32,8.3,-2.6000001,1.0857143,-7.3,87.314285,0.071428575,0.071428575,0.27142859,10.185715,-0.5285714,0.000569433,0.0015983358,0.01010943,0.014621403,0.008263968,True
2016-02-01,141.38,10.3,7.214286,10.457144,2.7857144,74.54286,0.9714286,0.9714286,1.1857144,10.171429,3.9285715,0.00032407045,0.0018309355,0.0002472798,0.0023771413,4.8056245e-07,True
2016-02-08,141.44,8.4,6.142857,8.757143,3.257143,76.65715,1.0142857,1.0,1.0571429,10.214286,4.5,0.00026264042,0.0021856055,0.0003353187,0.0015567914,0.0015595928,True
2016-02-15,141.44,3.4,4.0857143,7.957143,0.7857142,79.4,0.8142857,0.8,0.9142857,9.857142,3.6714287,0.00015050173,0.0025727376,6.5451577e-06,3.275834e-05,1.528114e-05,True
2016-02-22,141.47,29.1,3.2428572,6.5,-0.7285715,84.88572,0.7428571,0.71428573,0.6857143,10.114285,3.357143,0.0009717196,0.0028992817,0.0011560406,0.002827065,0.0033731014,True
2016-02-29,141.5093012615816,11.5,1.0714285,5.214286,-2.9285715,82.51429,0.8,0.7714286,0.7,10.385715,2.8857143,0.00013034046,0.0035430714,0.001268824,0.0013455227,0.011523847,True
2016-03-07,141.54,5.3,2.7142856,6.642857,-1.4428571,81.64286,0.8000001,0.75714284,0.8428572,10.214286,3.3428571,0.0005047694,0.0043188706,0.0061149313,0.013635026,0.0042451993,True
2016-03-14,141.55,4.8999996,2.7857144,5.9,-0.2857143,82.97143,0.82857144,0.74285716,0.8428572,9.928572,3.9,4.7564507e-05,0.0049705356,0.000336068,0.0010144282,3.2156706e-05,True
2016-03-21,141.49,3.9,4.057143,7.871429,0.22857144,81.21429,1.0857143,1.0142858,1.1142857,9.671429,5.071429,0.00021801889,0.005408071,0.00044198264,0.0018298943,0.0018174425,True
2016-03-28,141.46,5.6,6.557143,10.971429,1.5857143,79.9,1.4857142,1.3285714,1.4285715,9.457143,7.4,0.00019009411,0.0055889487,3.0540284e-06,2.0239502e-05,8.3222985e-06,True
2016-04-04,141.28,23.4,8.742857,14.342857,2.3142858,71.28571,2.1142857,1.9,1.9142857,9.314285,9.771428,0.00032170117,0.0056195557,1.0200909e-05,6.0921535e-05,6.214902e-05,True
2016-04-11,141.19,9.7,9.6285715,14.1285715,4.6285715,73.814285,1.9428571,1.5857143,1.9,8.742857,11.885715,0.00021231174,0.0055762306,7.379623e-08,9.2573464e-07,0.0,True
2016-04-18,141.2,34.8,9.457144,13.885715,4.042857,82.41429,1.6857144,1.6142856,1.6285714,9.114285,11.114285,0.00089262426,0.0055101365,-7.345365000000001e-25,3.7252903e-09,0.0,True
2016-04-25,141.5,3.5,6.071429,11.685715,0.55714285,70.4,2.3428571,1.9714286,2.1285713,8.714286,10.342857,5.635619e-05,0.0055714026,9.973844e-06,5.1949173e-05,0.00013369694,True
2016-05-02,141.46,2.8,7.8428574,13.6,1.0000001,65.057144,2.8714287,2.2857144,2.6857142,8.114285,10.485714,8.575618e-05,0.005507067,1.33855e-05,8.229911e-05,4.578382e-06,True
2016-05-09,141.35,8.2,13.271429,19.685715,5.2000003,67.77143,4.042857,2.6857142,3.5857143,7.1571426,16.057142,7.212162e-05,0.0053244308,-7.345365000000001e-25,1.1175871e-08,0.0,True
2016-05-16,141.3,3.5,12.885715,19.1,6.4428573,68.200005,3.7,1.8714285,3.6142857,6.2714286,16.385714,6.252527e-05,0.0050313026,-7.345365000000001e-25,3.7252903e-09,0.0,True
2016-05-23,141.24,23.2,15.785714,21.6,8.542857,63.357147,3.885714,1.4571428,3.7714286,6.071429,17.828571,2.528727e-05,0.004717,-7.345365000000001e-25,3.7252903e-09,0.0,True
2016-05-30,141.18995930269116,4.2,16.842857,22.271427,11.457144,81.47143,3.042857,1.8142859,3.2,6.3142858,20.12857,9.845197e-05,0.004371822,-7.345365000000001e-25,1.1175871e-08,0.0,True
2016-06-06,141.26,31.099998,18.385715,24.84286,11.771429,76.47143,3.7714288,2.6285713,3.7571428,6.742857,22.514286,0.00024473667,0.004042819,-7.345365000000001e-25,1.1175871e-08,0.0,True
2016-06-13,141.29,10.400001,17.0,23.0,10.428572,69.700005,3.7857144,1.6857144,3.8428571,6.1714287,21.971428,7.329136e-05,0.0036901757,-7.345365000000001e-25,0.0,0.0,True
2016-06-20,141.24,44.7,16.242857,21.357143,10.942857,80.78571,3.1000001,2.7000003,3.0285716,7.457143,19.8,0.0033036023,0.0034013614,-7.345365000000001e-25,7.450581e-09,0.0,True
2016-06-27,141.23,46.699997,21.157145,27.657145,14.428572,71.457146,4.7285714,3.8142858,4.428571,7.1571426,24.357143,0.00015801191,0.0031470358,-7.345365000000001e-25,1.1175871e-08,0.0,True
2016-07-04,141.34,20.8,18.242857,24.6,12.085715,73.62858,4.042857,3.1571429,3.7857144,6.714286,22.285715,0.00012651086,0.0028995275,-7.345365000000001e-25,7.450581e-09,0.0,True
2016-07-11,141.4,5.7,19.242859,25.47143,12.485715,64.97143,4.7857137,2.9428575,4.714286,5.9142857,21.885714,2.8312206e-05,0.002676107,-7.345365000000001e-25,7.450581e-09,0.0,True
2016-07-18,141.56,37.5,17.37143,21.585714,13.085714,78.51429,2.7714286,1.8571427,2.8142858,6.7285714,20.214285,0.00033473969,0.0024680272,-7.345365000000001e-25,1.1175871e-08,0.0,True
2016-07-25,141.4,5.6,20.685715,26.800001,13.757143,74.78571,4.1142855,2.2142856,3.8857143,6.385714,24.642857,0.00012293458,0.0022968128,-7.345365000000001e-25,1.1175871e-08,0.0,True
2016-08-01,141.22,17.8,20.014286,25.642857,15.042857,78.91429,3.2428572,2.4,3.2142856,6.642857,23.7,0.0001975447,0.0021371022,-7.345365000000001e-25,1.4901161e-08,0.0,True
2016-08-08,141.31,29.099998,18.47143,23.5,13.5,78.64286,2.9285715,2.4714284,3.0285716,6.928571,20.885714,0.00033551455,0.0020076558,-7.345365000000001e-25,1.1175871e-08,0.0,True
2016-08-15,141.18,2.4,15.642858,20.414288,10.328572,77.64286,2.4857142,1.9571427,2.5857143,6.885714,19.2,3.5725534e-05,0.0018938333,-7.345365000000001e-25,3.7252903e-09,0.0,True
2016-08-22,141.13,5.7000003,16.728573,23.62857,9.528571,74.114296,2.7285714,2.0714285,2.8857143,6.3285713,20.4,0.000105023384,0.0017858744,-7.345365000000001e-25,7.450581e-09,0.0,True
2016-08-29,141.08349888730913,0.1,21.5,28.828571,13.457144,65.84286,3.742857,2.1,4.142857,5.785714,23.214285,2.3841858e-07,0.0016710609,-7.345365000000001e-25,1.1175871e-08,0.0,True
2016-09-05,141.01,21.1,17.542858,24.614286,10.714286,71.64286,2.7857144,1.2857143,2.957143,5.428571,20.971428,0.00010983646,0.0015533194,-7.345365000000001e-25,1.1175871e-08,0.0,True
2016-09-12,140.95,0.0,19.785715,27.814287,12.0,74.98572,2.7857144,1.4857142,3.0142858,5.3714285,21.814285,1.0430813e-06,0.0014593229,-7.345365000000001e-25,7.450581e-09,0.0,True
2016-09-19,140.91,14.9,17.857143,24.028574,11.728571,71.9,2.3999999,0.9857143,2.5714285,5.242857,20.142857,0.00017417967,0.0013642833,-7.345365000000001e-25,9.313226e-09,0.0,True
2016-09-26,140.85,0.2,12.742858,20.071428,5.971429,76.67143,1.6714286,0.8,1.6999999,5.571429,16.428572,6.765127e-06,0.0012940913,-7.345365000000001e-25,3.7252903e-09,0.0,True
2016-10-03,141.02,15.6,14.900001,20.914288,8.442858,77.15715,1.4285715,0.7714286,1.7857143,5.3142858,16.485714,3.1858683e-05,0.0012261644,-7.345365000000001e-25,9.313226e-09,0.0,True
2016-10-10,141.02,35.3,8.6,11.271429,5.7428575,89.07143,0.7714286,0.6857143,0.85714287,6.714286,10.257143,0.0003835857,0.00117331,-7.345365000000001e-25,1.8626451e-09,0.0,True
2016-10-17,141.09,5.0,8.442858,10.985715,5.9428573,90.77143,0.51428574,0.48571435,0.64285713,7.1285715,8.885715,9.609759e-05,0.0011351109,-7.345365000000001e-25,3.7252903e-09,0.0,True
2016-10-24,140.92,29.4,8.042857,10.957144,5.0285716,90.72858,0.51428574,0.51428574,0.55714285,7.4142857,8.957143,0.0002668947,0.0011032373,-7.345365000000001e-25,1.8626451e-09,0.0,True
2016-10-31,141.02552843043532,2.0,8.457143,10.814286,4.8142858,90.700005,0.4,0.37142855,0.5714286,7.785714,8.385715,0.00017364323,0.001080066,-7.345365000000001e-25,5.5879354e-09,0.0,True
2016-11-07,141.08,16.1,5.7000003,8.157144,3.0,86.15714,0.47142854,0.44285712,0.5857143,7.9714284,5.957143,0.00016248226,0.0010635331,1.1353266e-08,3.7252903e-09,5.1409006e-07,True
2016-11-14,141.05,4.4,-0.10000001,3.2000003,-3.3428574,89.71429,0.22857144,0.22857144,0.24285714,8.228572,1.5285715,5.0604343e-05,0.0010525361,0.0012353205,0.00068443455,0.0024202652,True
2016-11-21,141.09,16.2,7.5,10.328572,4.2714286,83.40001,0.5142857,0.5,0.71428573,8.6,5.3142858,0.0002694279,0.0010452792,0.0003431411,0.0017453525,9.421259e-06,True
2016-11-28,141.2,0.4,3.7428572,6.6857142,0.51428574,90.3,0.25714287,0.22857143,0.31428573,8.5,4.242857,2.0891428e-05,0.0010433793,2.1355492e-05,3.0675903e-05,0.000102538615,True
2016-12-05,141.19,13.7,-0.5571429,3.3857143,-4.0142856,87.84286,0.3142857,0.29999998,0.21428572,8.842857,0.3857143,0.0003084764,0.001048334,0.0015516508,0.0052931216,0.006241724,True
2016-12-12,141.21,10.200001,4.6857142,7.2428575,1.3428572,82.057144,0.44285718,0.44285718,0.67142856,8.928572,2.5285714,0.00027062,0.0010693967,0.00065971556,0.0015473682,0.00044763833,True
2016-12-19,141.21,5.8,1.5142858,3.5285716,-1.1142858,89.22858,0.15714288,0.14285716,0.22857143,9.3714285,0.7285714,0.00012631714,0.0011099055,7.697514e-05,8.024648e-05,0.00015121698,True
2016-12-26,141.23,4.8,2.7,5.0285716,0.3857143,85.90001,0.34285712,0.34285712,0.4857143,9.471429,1.1857142,0.0002047047,0.0011744723,0.0001392478,0.00044821016,0.00036466867,True
2017-01-02,141.28,22.9,1.2714287,3.8714287,-1.7857144,85.51429,0.34,0.34,0.31428573,9.76,1.78,0.00031910837,0.0012706295,0.00030733857,3.721565e-06,0.0038480088,True
2017-01-09,141.36,15.5,-3.0714285,-1.0714285,-5.8,87.94286,0.17142858,0.17142858,0.29999998,10.0,-0.1,0.00013437122,0.0014332607,0.0130575495,0.002272036,0.017161373,True
2017-01-16,141.5,8.8,-0.9714286,1.6285715,-3.5714285,84.685715,0.25714287,0.25714287,0.5142857,10.028571,-0.1,0.00017411262,0.00160449,0.020915492,0.005367659,0.0189888,True
2017-01-23,141.5,0.0,-4.1857142,-0.84285706,-7.585715,86.32857,0.057142857,0.057142857,0.21428572,9.985714,-0.08571429,0.0,0.0017748624,0.031131761,0.0,0.0017576925,True
2017-01-30,141.3994241341925,3.8999999,-2.5285716,0.11428571,-5.4714284,82.557144,0.18571429,0.15714286,0.40000004,9.9,-0.34285715,1.0356307e-05,0.0019280538,0.03171109,3.2395124e-05,0.0028275475,True
2017-02-06,141.48,4.5,-0.1571429,2.757143,-3.2285714,91.22858,0.21428573,0.21428573,0.3285714,10.1,0.114285715,0.000355646,0.0020496026,0.030013908,0.01553648,0.0027025938,True
2017-02-13,141.37,0.0,-2.6714287,0.10000004,-5.3285713,79.04286,0.20000002,0.20000002,0.64285713,9.971429,-0.8,3.3460557e-05,0.0021853074,0.019683225,0.0016531087,0.0014574528,True
2017-02-20,141.34,7.7,3.3428574,8.714286,-0.7142858,80.700005,0.7285714,0.7,0.7428571,9.885715,1.1571429,0.00086572766,0.0023619756,0.0078157075,0.017280348,1.6391277e-07,True
2017-02-27,141.5,19.8,6.8857145,10.485715,3.142857,74.52857,1.2714287,1.2571429,1.3142856,10.471429,4.9714284,0.0019570664,0.0033880696,0.00024233546,0.0012922361,0.00071069226,True
2017-03-06,141.67,7.4,7.1714287,10.742858,3.0428574,70.35715,1.4857143,1.3714286,1.5428572,9.9,6.242857,0.0001269877,0.0041279867,8.46386e-06,6.1018392e-05,5.2154064e-08,True
2017-03-13,141.6,14.2,4.157143,8.028571,0.27142856,84.8,0.95714283,0.9428572,0.85714287,10.057143,5.3428574,0.00029991567,0.004694812,9.934107e-07,4.9564987e-06,5.1148236e-06,True
2017-03-20,141.56,17.9,7.3428574,12.371429,2.1571429,75.25715,1.4285713,1.3142856,1.5428572,9.957143,7.0857143,0.00061796606,0.0049995184,1.8619355e-06,1.7711893e-05,1.7046928e-05,True
2017-03-27,141.67,6.0,6.871429,12.357142,1.2285715,73.02857,1.7285713,1.5714285,1.6,9.985714,8.942857,0.00011257827,0.0052785054,-7.345365000000001e-25,1.4901161e-07,0.0,True
2017-04-03,141.6,1.9,12.457144,18.785715,5.8142858,71.6,2.3999999,1.9142855,2.3142855,9.042857,13.271428,5.1796436e-05,0.0054312274,-7.345365000000001e-25,7.450581e-09,0.0,True
2017-04-10,141.53,16.2,9.428572,14.0,5.1714287,81.25714,1.9,1.5857143,1.8000001,8.857142,11.228572,0.00022274256,0.0053768754,1.1353266e-08,2.9802322e-07,2.8312206e-07,True
2017-04-17,141.48,12.099999,7.7000003,11.728572,4.1857142,75.15715,1.9285713,1.7714285,1.9571428,8.6285715,9.571428,0.00028698146,0.0052682236,5.676633e-08,2.9057264e-07,4.7683716e-07,True
2017-04-24,141.43,4.8999996,5.4857144,10.114286,0.5857143,69.01429,2.085714,1.8428571,2.1142857,8.414286,7.6571426,0.0001737997,0.0051511824,0.0001294102,0.00055237114,0.0005945135,True
2017-05-01,141.34,1.6000001,6.9428573,12.228572,0.41428572,71.54286,2.1714287,1.6857145,1.9714286,8.057143,10.042857,3.2797456e-05,0.004999906,6.2442965e-08,1.0877848e-06,0.0,True
2017-05-08,141.35,5.8999996,10.1,14.400001,5.571429,85.64286,1.6714286,1.3857144,1.6999999,7.614286,12.328571,0.00017724931,0.0048311353,-7.345365000000001e-25,0.0,0.0,True
2017-05-15,141.38,14.6,12.114286,18.985714,4.8857145,76.314285,3.0,2.3,2.8857143,7.3714285,15.3714285,0.00019690394,0.0046402737,-7.345365000000001e-25,3.7252903e-09,0.0,True
2017-05-22,141.3,0.0,17.042858,23.042858,8.8714285,62.728573,4.3857145,2.0714285,4.357143,6.571429,20.685715,1.0058284e-05,0.0043837205,-7.345365000000001e-25,3.7252903e-09,0.0,True
2017-05-29,141.2654377321658,2.7,17.300001,23.985716,8.900001,65.17143,4.714286,1.5142858,4.3142858,5.8285713,20.528572,2.257526e-05,0.004088238,-7.345365000000001e-25,3.7252903e-09,0.0,True
2017-06-05,141.26,18.7,17.614286,24.571428,8.857142,69.57143,4.2000003,1.8142859,4.0142856,5.642857,21.828571,0.000107467175,0.0037523955,-7.345365000000001e-25,0.0,0.0,True
2017-06-12,141.1,4.3,18.47143,24.628572,11.328572,61.228573,4.942857,2.4714284,5.071429,5.4857144,21.6,0.00019365549,0.0034386665,-7.345365000000001e-25,1.1175871e-08,0.0,True
2017-06-19,141.06,13.3,17.557144,24.128572,10.085714,68.34286,4.457143,1.3000001,4.2714286,5.114286,21.671429,4.4569373e-05,0.0031312704,-7.345365000000001e-25,7.450581e-09,0.0,True
2017-06-26,140.97,12.900001,20.342855,27.085714,13.185715,64.8,5.0142856,2.1285715,5.057143,5.2714286,23.5,5.2541494e-05,0.0028250962,-7.345365000000001e-25,1.1175871e-08,0.0,True
2017-07-03,141.19,52.0,17.6,22.571428,12.842857,77.057144,3.371429,2.6714287,3.4285715,6.6714287,20.514286,0.014557876,0.0032552034,-7.345365000000001e-25,1.4901161e-08,0.0,True
2017-07-10,141.08,9.3,19.600002,25.742859,13.2,72.62858,3.8999996,2.885714,4.0142856,6.428571,23.171429,0.00014036894,0.0024206191,-7.345365000000001e-25,1.1175871e-08,0.0,True
2017-07-17,141.13,41.4,16.557142,21.7,11.271429,80.114296,3.2,2.857143,2.7857144,7.257143,20.528572,0.00026276708,0.0022872165,-7.345365000000001e-25,1.4901161e-08,0.0,True
2017-07-24,141.16,20.4,20.914288,27.157145,14.7,71.27143,4.1857147,3.3571432,4.285714,6.5,24.785715,0.00023855269,0.0021561831,-7.345365000000001e-25,7.450581e-09,0.0,True
2017-07-31,141.238672946357,23.7,19.5,25.100002,14.414286,74.28571,3.6857142,3.1571426,3.6571429,7.6857142,21.614286,0.001997918,0.0020488799,-7.345365000000001e-25,1.8626451e-08,0.0,False
2017-08-07,141.13,15.5,20.985716,26.857143,14.757143,71.42857,4.0,3.2428572,3.9428573,6.8,24.442858,0.000104397535,0.001952529,-7.345365000000001e-25,1.1175871e-08,0.0,True
2017-08-14,141.16,45.2,18.5,22.828571,13.457144,77.61428,3.0142858,2.4857144,2.8999999,7.1285715,21.342857,0.000505805,0.001861915,-7.345365000000001e-25,1.1175871e-08,0.0,True
2017-08-21,141.28,11.3,18.685715,23.828571,12.885715,73.97143,3.085714,2.6857142,3.2142856,7.3714285,21.814285,0.0016233474,0.0017895699,-7.345365000000001e-25,1.3038516e-08,0.0,True
2017-08-28,141.15,9.5,16.428572,23.014286,9.414286,76.54286,2.6571429,1.9142857,2.8428571,6.714286,20.857143,4.6409667e-05,0.0017205849,-7.345365000000001e-25,3.7252903e-09,0.0,True
2017-09-04,141.08,20.2,16.285715,21.87143,10.442858,76.67143,2.5285716,1.8857143,2.585714,6.5142856,19.12857,0.0003831759,0.0016532317,-7.345365000000001e-25,7.450581e-09,0.0,True
2017-09-11,141.08,6.7000003,15.342857,20.228573,11.085714,74.6,1.9142857,1.5571429,2.2714286,6.6,16.528572,4.9471855e-05,0.0016018525,-7.345365000000001e-25,1.4901161e-08,0.0,True
2017-09-18,140.98,5.4,12.271429,17.357143,7.4428573,78.58572,1.5428572,1.2285713,1.8571428,6.2714286,14.257143,0.00011393428,0.0015567467,-7.345365000000001e-25,1.1175871e-08,0.0,True
2017-09-25,140.93,19.7,11.457144,16.27143,6.728572,88.68572,1.057143,0.8428572,1.1285714,6.428571,14.0,0.00022360682,0.0015177354,-7.345365000000001e-25,1.8626451e-09,0.0,True
2017-10-02,140.93,7.7000003,14.2,18.614286,10.057143,79.71429,1.4,1.1,1.6857144,6.6857142,15.457143,0.00014093518,0.0014836043,-7.345365000000001e-25,7.450581e-09,0.0,True
2017-10-09,140.95,29.2,10.457144,13.557143,7.6857147,82.88572,1.1428572,1.0857142,1.2285715,7.785714,10.942857,0.000552848,0.0014555603,-7.345365000000001e-25,5.5879354e-09,0.0,True
2017-10-16,141.03,2.0,14.114286,18.814287,9.6285715,80.04286,1.1285714,1.0,1.3714286,8.285714,13.471429,7.1033835e-05,0.0014470667,-7.345365000000001e-25,1.3038516e-08,0.0,True
2017-10-23,140.98,12.5,12.071428,17.185715,7.285714,83.61428,0.87142855,0.78571427,0.94285715,8.028571,13.085714,0.00019387901,0.0014471933,-7.345365000000001e-25,5.5879354e-09,0.0,True
2017-10-30,140.9654124155296,21.900002,9.914286,12.728571,6.9857144,82.85714,0.98571426,0.9714286,0.9857143,8.771428,9.785714,0.0007392168,0.0014570281,-7.345365000000001e-25,7.450581e-09,0.0,True
2017-11-06,141.03,10.4,7.942857,10.342857,4.957143,85.62858,0.5142857,0.5,0.6571428,9.228572,7.7,0.00031515956,0.0015290678,-7.345365000000001e-25,7.450581e-09,0.0,True
2017-11-13,141.08,8.1,5.514286,7.2428575,3.4857144,87.957146,0.35714287,0.35714287,0.5142857,9.457143,5.6,0.00024914742,0.0016726181,3.0653817e-05,0.00014629774,0.00035615638,True
2017-11-20,141.06,8.9,4.257143,6.9000006,0.9714286,87.71429,0.3857143,0.3857143,0.41428572,9.471429,4.0,0.00022873282,0.0018649921,4.662786e-05,0.00022204965,1.3165176e-05,True
2017-11-27,141.13,21.2,6.3428574,8.857142,2.9428573,82.47143,0.5,0.5,0.5857143,9.971429,4.885714,0.0013452917,0.0021597967,2.071971e-06,1.2820587e-05,4.0456653e-06,True
2017-12-04,141.17,10.3,1.0714287,3.1571429,-1.1285714,89.957146,0.24285714,0.24285714,0.21428572,9.971429,1.6285714,0.0002028048,0.0027671084,0.00050346623,0.0007926114,0.002351988,True
2017-12-11,141.21,4.7,3.8285716,5.7714286,1.6,77.25715,0.55714285,0.55714285,0.7285714,10.1285715,2.2571428,0.00033079088,0.0033856109,0.0010418381,0.0039291754,0.0038582347,True
2017-12-18,141.25,14.299999,1.6285714,3.7000003,-1.3142859,83.942856,0.37142855,0.37142855,0.45714286,10.314285,1.2428571,0.00027826428,0.00394772,0.0030012983,0.0022712387,0.0071278736,True
2017-12-25,141.32,2.4,4.542857,6.2714286,1.7428571,87.057144,0.29999998,0.2857143,0.5714286,10.271428,3.0285714,0.00038994104,0.004525058,0.0027044613,0.0076191314,0.0011359341,True
2018-01-01,141.42,10.900001,4.4714284,7.714286,1.1714287,78.114296,0.48333335,0.48333335,0.7714286,10.25,2.2,0.00044174492,0.005250767,0.00058341026,0.0018596221,0.0018744282,True
2018-01-08,141.43,19.3,4.6142855,6.914286,2.2857144,82.3,0.5857143,0.5857143,0.6714286,10.685715,3.442857,0.0017149225,0.0062037036,2.5993302e-05,0.00018286519,0.00016594678,True
2018-01-15,141.43,3.6,1.9285715,4.357143,-0.58571434,84.07143,0.3,0.3,0.45714286,10.328571,1.2,8.3722174e-05,0.0072523355,9.531066e-06,6.7278743e-06,9.462237e-05,True
2018-01-22,141.43,15.4,1.0142858,3.2428572,-1.2571429,84.72858,0.47142857,0.47142857,0.5,10.528571,0.37142858,0.00021342188,0.0077318475,0.004462895,0.0039178655,0.010747232,True
2018-01-29,141.46384171025295,4.3999996,6.214286,8.171429,3.557143,83.12858,0.5714286,0.5714286,0.78571427,10.314285,4.114286,0.0002900064,0.007905789,0.001395129,0.007426854,0.00054743513,True
2018-02-05,141.41,7.9,2.1142857,4.942857,-1.8000001,81.200005,0.59999996,0.59999996,0.59999996,10.185715,2.3857143,0.00019069016,0.008018807,0.0002589623,3.8886443e-05,0.0011414923,True
2018-02-12,141.33,0.4,-1.0142858,2.4428573,-4.3142858,79.14286,0.35714287,0.34285715,0.4857143,10.1285715,-0.14285715,2.1256506e-05,0.008085541,0.0010877962,0.0004903134,0.00050703064,True
2018-02-19,141.31,0.0,0.21428572,4.414286,-4.0142856,77.700005,0.61428577,0.5571429,0.5857143,9.9,0.74285716,3.0733645e-05,0.0080436915,0.0009521303,0.0011165198,0.0010032319,True
2018-02-26,141.28,0.0,-4.9000006,-0.24285714,-9.485715,70.02857,0.3142857,0.27142859,0.64285713,9.6285715,-0.4857143,1.9520521e-06,0.007928088,0.0007133711,9.726733e-05,0.0003511347,True
2018-03-05,141.23,0.0,-6.571429,-1.1285714,-11.757143,61.9,0.2857143,0.24285714,0.88571423,9.571428,-2.9,2.5257468e-06,0.0077591985,0.0007095791,0.00012855977,6.13071e-05,True
2018-03-12,141.23,20.2,5.657143,9.585715,1.4857142,79.471436,1.0285714,0.99999994,1.1428572,9.8714285,2.6714287,0.0003387779,0.0075249895,0.0013581911,0.0054081753,0.0049459524,True
2018-03-19,141.21,5.5,0.5714285,3.6285713,-2.557143,71.41429,0.64285713,0.64285713,1.1285714,10.142858,2.8142858,8.203089e-05,0.007255949,0.0051476783,3.0325726e-05,0.012552373,True
2018-03-26,141.28,3.7,1.6000001,6.1,-3.357143,76.48572,1.0714287,0.98571426,1.0714285,9.942857,2.9285715,0.00024321675,0.0070392415,0.006200109,0.009322772,0.001474075,True
2018-04-02,141.28,4.6,4.3142858,8.357142,0.18571432,76.91429,1.2714287,1.1857144,1.3571428,9.8714285,5.285714,0.00023721904,0.0068226084,0.0003722452,0.0017692391,0.00052940845,True
2018-04-09,141.24,4.3999996,11.685715,18.7,3.614286,60.77143,3.2,2.6714287,3.0571427,9.1285715,12.242857,7.632375e-05,0.006583467,5.4041543e-06,6.959401e-05,0.0,True
2018-04-16,141.26,43.3,15.0,20.642857,8.957143,69.442856,3.1428568,2.542857,2.9714284,8.228572,15.785714,0.00033573806,0.0062597245,-7.345365000000001e-25,7.450581e-09,0.0,True
2018-04-23,141.34,0.3,15.599999,22.885715,6.914286,71.74286,3.6571429,2.8285713,3.2,7.928571,18.785715,5.9455633e-05,0.0059119835,-7.345365000000001e-25,7.450581e-09,0.0,True
2018-04-30,141.28942422195908,4.5,13.957144,20.385714,6.5285716,69.52857,3.6142857,2.542857,3.2571428,6.957143,16.942858,4.029274e-05,0.0055248365,-7.345365000000001e-25,3.7252903e-09,0.0,True
2018-05-07,141.24,15.8,12.857142,19.257143,4.6142855,65.92857,3.885714,1.8142856,3.1714287,6.2714286,17.22857,1.4334917e-05,0.005103186,-7.345365000000001e-25,0.0,0.0,True
2018-05-14,141.28,7.1,17.442858,23.585714,9.157143,66.98572,4.6,1.1285714,4.2000003,5.742857,20.4,3.928691e-05,0.004650049,-7.345365000000001e-25,7.450581e-09,0.0,True
2018-05-21,141.18,11.2,14.328572,19.814287,7.7000003,70.442856,3.3857143,1.4285715,3.1285713,5.8285713,17.942858,9.019673e-05,0.004226759,-7.345365000000001e-25,3.7252903e-09,0.0,True
2018-05-28,141.18,0.8,19.928572,26.885714,10.942858,57.714287,5.357143,1.0571429,5.0142856,5.428571,22.942858,2.682209e-06,0.0037886798,-7.345365000000001e-25,1.1175871e-08,0.0,True
2018-06-04,141.13,19.199999,21.785715,28.5,15.328572,68.00001,4.8857145,1.6,4.8142858,5.4857144,24.885714,8.907914e-05,0.0033560842,-7.345365000000001e-25,3.7252903e-09,0.0,True
2018-06-11,141.02,16.0,20.357143,27.37143,13.614286,64.61429,4.9714284,2.1142857,4.642857,5.457143,24.485714,2.2873282e-05,0.0029905215,-7.345365000000001e-25,0.0,0.0,True
2018-06-18,140.93,2.1,18.228573,23.857143,12.785714,64.17143,3.9714284,1.7285715,3.7714286,5.742857,22.8,3.33786e-05,0.0026673526,-7.345365000000001e-25,3.7252903e-09,0.0,True
2018-06-25,140.88,15.7,16.328571,21.84286,11.542857,71.71429,3.5714285,1.5714285,3.4428573,5.2285714,20.0,3.85195e-05,0.00238505,-7.345365000000001e-25,1.1175871e-08,0.0,True
2018-07-02,140.78,0.3,17.671429,23.585714,10.257143,58.714287,4.7428575,1.1714286,4.571429,4.928571,21.214285,2.6389956e-05,0.0021595657,-7.345365000000001e-25,3.7252903e-09,0.0,True
2018-07-09,140.78,4.4,20.142857,27.428572,11.514285,52.700005,5.3714285,0.9285715,5.1857142,4.5571427,23.685715,2.2500753e-06,0.0019118115,-7.345365000000001e-25,7.450581e-09,0.0,True
2018-07-16,140.8,25.9,17.814287,23.314287,11.8,71.942856,3.714286,2.5571427,3.7142856,5.5,21.785715,0.00019555539,0.0017266124,-7.345365000000001e-25,1.1175871e-08,0.0,True
2018-07-23,140.68,0.0,21.128572,27.942858,13.314286,58.714287,4.928571,1.8999999,4.8285713,4.8285713,24.714285,5.4985285e-06,0.0015600547,-7.345365000000001e-25,1.1175871e-08,0.0,True
2018-07-30,140.65652286542385,2.3,24.0,31.957144,15.714286,58.600002,5.3571424,1.8142856,5.285714,4.457143,26.72857,4.1365623e-05,0.001391694,-7.345365000000001e-25,1.1175871e-08,0.0,True
2018-08-06,140.58,13.1,25.4,33.142857,16.47143,53.785713,5.4857144,1.0714285,5.5285716,4.1,27.828571,1.2040138e-05,0.0012363419,-7.345365000000001e-25,3.7252903e-09,0.0,True
2018-08-13,140.5,2.3,22.7,31.185715,12.442857,51.55714,5.3714285,1.2285713,5.1857142,4.0285716,25.171429,7.033348e-06,0.0011014566,-7.345365000000001e-25,5.5879354e-09,0.0,True
2018-08-20,140.66,3.4,21.985716,28.728573,14.457144,59.457146,4.2714286,0.8428572,4.4714284,3.8714285,25.028572,2.4288893e-06,0.000990957,-7.345365000000001e-25,1.1175871e-08,0.0,True
2018-08-27,140.5,4.5,18.885715,25.671429,11.3,61.142857,3.4142857,0.81428576,3.4714284,3.7571428,22.27143,9.544194e-06,0.00089823455,-7.345365000000001e-25,3.7252903e-09,0.0,True
2018-09-03,140.5,8.6,17.042858,22.485716,11.028572,72.6,2.4428573,0.7142858,2.5857143,3.857143,19.642857,0.00015553832,0.00082719326,-7.345365000000001e-25,1.1175871e-08,0.0,True
2018-09-10,140.56,3.0,17.785715,24.914288,10.214286,66.35714,2.7,0.8142857,2.7714286,4.0857143,20.614286,1.733005e-05,0.0007735193,-7.345365000000001e-25,3.7252903e-09,0.0,True
2018-09-17,140.54,2.4,17.2,23.728573,10.828572,65.91429,2.5285716,0.5857143,2.7142856,3.9285715,19.7,1.3783574e-05,0.0007208213,-7.345365000000001e-25,1.8626451e-09,0.0,True
2018-09-24,140.53,40.4,17.042858,23.542858,10.614286,63.714287,2.5285716,0.85714287,2.942857,4.2285714,18.042856,0.0006274283,0.0006723404,-7.345365000000001e-25,5.5879354e-09,0.0,True
2018-10-01,140.58,0.6,9.814286,16.414286,2.4285715,67.457146,1.542857,1.1285714,1.7571429,4.928571,12.171429,5.3942204e-06,0.00063562393,-7.345365000000001e-25,0.0,0.0,True
2018-10-08,140.55,2.6999998,11.3714285,16.84286,5.642857,71.08572,1.3857143,1.0285715,1.7714285,4.5857143,12.6,1.3709068e-05,0.0006043464,-7.345365000000001e-25,7.450581e-09,0.0,True
2018-10-15,140.52,0.0,16.257143,23.285715,9.214286,60.600002,1.9714288,1.0714285,2.3428571,4.114286,15.2,1.4901161e-08,0.000573799,-7.345365000000001e-25,5.5879354e-09,0.0,True
2018-10-22,140.5,1.7,10.057143,16.014286,4.085715,80.37144,0.84285706,0.3285714,0.87142855,3.8,12.014286,8.761883e-06,0.0005450547,-7.345365000000001e-25,0.0,0.0,True
2018-10-29,140.49622473407584,18.1,7.6857147,10.3,4.8857145,81.72857,0.8285714,0.6714286,1.0142858,4.4,8.0,0.00018007308,0.0005243197,2.6850473e-06,2.018921e-05,2.642721e-05,True
2018-11-05,140.5,0.3,10.6,14.985715,5.785714,76.542854,0.9142857,0.6571428,1.0142858,4.6,9.814285,3.5986304e-06,0.0005050525,2.0435878e-07,7.3350966e-06,0.0,True
2018-11-12,140.48,0.0,9.67143,14.357142,4.8142858,83.28571,0.5714286,0.3857143,0.61428577,4.4142857,9.342857,1.1518598e-05,0.0004875213,-7.345365000000001e-25,1.1175871e-08,0.0,True
2018-11-19,140.46,5.1,3.9428573,7.8,-0.25714287,84.74286,0.40000004,0.31428573,0.41428572,4.6571426,4.7714286,2.809614e-05,0.0004720539,0.00015300796,0.00033389404,0.001118958,True
2018-11-26,140.45,0.6,2.5142858,4.3142858,0.15714285,86.74286,0.25714287,0.20000002,0.47142857,4.614286,2.1285715,1.6979873e-05,0.00045818835,0.0010766472,0.0016297121,0.0011686757,True
2018-12-03,140.43,9.2,1.8000001,4.7571435,-0.6142858,75.41429,0.31428576,0.2857143,0.62857145,4.928571,1.3428571,0.00017074496,0.00044544786,0.00023688021,0.0005586762,0.00032453611,True
2018-12-10,140.43,15.2,5.5285716,8.514286,2.5714285,80.27143,0.71428573,0.7,0.8,5.6571426,4.5285716,0.00018772483,0.00043399632,1.8659091e-05,6.6462904e-05,0.00033196807,True
2018-12-17,140.48,16.6,0.41428572,1.4857143,-1.0857142,86.90001,0.14285716,0.12857144,0.35714287,6.4,0.9142857,0.00018118322,0.0004246533,0.0025173028,0.0014239345,0.004288748,True
2018-12-24,140.56,25.900002,3.914286,6.7428575,1.7857143,86.5,0.42857143,0.41428572,0.55714285,6.9,2.5285714,0.0005788952,0.00041797757,0.0010521639,0.0035578366,0.0011553392,True
2018-12-31,140.65999774932712,8.599999,4.642857,5.8142858,3.2428572,88.71429,0.34285715,0.32857147,0.4857143,7.6285715,3.557143,0.00028027594,0.0004150048,0.00016605854,0.0009001922,0.00018990412,True
2019-01-07,140.65,18.5,1.8428574,3.957143,-1.3285714,86.58572,0.3571429,0.3571429,0.5142857,7.9714284,1.5142857,0.0003772527,0.00041682273,0.0022736448,0.0052543953,0.0069769956,True
2019-01-14,140.78,36.399998,2.2857144,4.3714285,0.24285713,87.41429,0.54285717,0.54285717,0.5428571,9.257143,1.7571429,0.0014552549,0.0008635521,0.0092492215,0.022910422,0.02316298,True
2019-01-21,141.38,4.0,0.028571537,2.9285715,-3.114286,81.542854,0.42857143,0.42857143,0.5285714,9.414286,1.1285714,0.00025996566,0.00056925416,0.0017502194,0.0035923645,0.002599176,True
2019-01-28,141.29,9.7,-1.7285715,0.9571429,-4.1714287,82.24286,0.21428572,0.21428572,0.41428572,9.485714,-1.3142858,0.00029361248,0.0007590428,0.0028023096,0.0049335416,0.0063264854,True
2019-02-04,141.23,19.2,0.15714286,2.6000001,-2.2142856,84.98572,0.35714287,0.34285715,0.42857143,9.757143,0.057142857,8.9503825e-05,0.0009299442,0.0077286446,0.0016930886,0.019039214,True
2019-02-11,141.23,8.0,2.9142857,5.542857,-0.07142858,75.21429,0.8714286,0.84285724,0.9285714,9.728572,1.3571428,0.00056423247,0.0010984987,0.012461521,0.018120345,0.000389494,True
2019-02-18,141.43,1.8000001,4.7000003,11.514287,-0.90000004,74.25714,1.0857142,1.0,0.85714287,9.5,4.0142856,7.459521e-05,0.0013302863,0.0005789938,0.0019196514,0.00080248713,True
2019-02-25,141.38,7.3999996,3.9714284,9.414286,-1.1714287,67.65714,1.1142857,1.0,1.0714285,9.228572,3.9,0.00020106137,0.001580894,1.4912514e-05,6.31921e-05,1.4040619e-05,True
2019-03-04,141.4,4.3,6.942857,11.714286,1.7,72.57143,1.3000001,1.1428572,1.3714286,8.971429,5.5571427,0.00016380101,0.0017763972,1.3680685e-06,7.228926e-06,1.1697412e-06,True
2019-03-11,141.36,22.3,6.6142855,10.471429,2.7142856,71.65714,1.6571428,1.5571429,1.6285714,8.928572,5.8714285,0.0005889535,0.0019256324,4.4737542e-05,0.00014430471,0.00053537637,True
2019-03-18,141.48,19.9,6.7999997,10.414286,3.8,70.4,1.7142857,1.6999999,1.8000001,9.614285,6.114286,0.0005491376,0.0020904616,7.899034e-05,0.0003676582,3.516674e-06,True
2019-03-25,141.46,3.2,7.3,13.1285715,1.4571428,74.814285,1.6571429,1.4428571,1.6142857,9.228572,8.785714,9.1165304e-05,0.0023982003,2.3274194e-07,1.2554228e-06,1.5199184e-06,True
2019-04-01,141.37,2.5,7.0285716,11.742858,1.5857143,78.35714,1.6285714,1.3428571,1.4857142,8.842857,8.8,0.00011065602,0.0026285723,5.1089696e-08,3.46452e-07,0.0,True
2019-04-08,141.29,0.1,12.228572,19.542858,4.057143,60.157143,3.1428568,2.357143,3.0142858,7.857143,13.557143,3.1888485e-06,0.0027312264,-7.345365000000001e-25,0.0,0.0,True
2019-04-15,141.23,2.1,5.057143,9.457144,0.4714286,64.52857,1.9714286,1.4285715,1.9714286,7.0142856,9.1285715,4.3675303e-05,0.0027237833,1.2647538e-05,8.1602484e-05,9.6425414e-05,True
2019-04-22,141.18,0.0,11.214286,19.442858,0.32857147,52.642857,4.114286,1.7857143,3.5,6.242857,13.542857,2.6077032e-07,0.0026590675,1.8165225e-06,1.4252961e-05,0.0,True
2019-04-29,141.15848473059998,16.8,13.785715,18.928572,8.614286,66.74286,3.2857144,1.2428571,3.3285713,5.785714,15.414286,0.000191167,0.002549842,-7.345365000000001e-25,3.7252903e-09,0.0,True
2019-05-06,141.18,9.1,7.8857145,13.17143,2.1285715,71.700005,2.4714286,1.2714287,2.3714287,5.8142858,11.5,9.679794e-05,0.0024553984,5.534717e-06,2.335757e-05,2.9064715e-05,True
2019-05-13,141.13,14.599999,10.471429,15.457144,4.0571427,69.28571,2.9,1.6428572,2.6714287,5.7,13.328571,0.00024689734,0.0023571998,6.8687257e-07,5.4202974e-06,0.0,True
2019-05-20,141.13,15.2,11.814286,16.842857,6.0428576,76.48572,2.7000003,1.8142856,2.5857143,5.9,14.685715,0.0022018105,0.0022616833,2.1003541e-07,2.130866e-06,2.0712614e-06,True
2019-05-27,141.23,18.8,15.071428,20.957142,8.114286,71.1,3.642857,2.3999999,3.5857143,5.9857144,18.828571,0.00018949807,0.0021666735,-7.345365000000001e-25,7.450581e-09,0.0,True
2019-06-03,141.24,6.2,17.642857,23.585714,9.428572,66.67143,4.3142858,2.0285714,4.1,5.9,21.1,0.0001937449,0.0020706207,-7.345365000000001e-25,3.7252903e-09,0.0,True
2019-06-10,140.93,15.7,20.785715,27.242859,12.471429,63.385715,5.1,2.4142857,4.928571,5.257143,24.442858,0.00018423796,0.0019509718,-7.345365000000001e-25,1.4901161e-08,0.0,True
2019-06-17,140.83,16.0,21.671429,28.814285,13.614286,67.6,5.3142858,3.4857142,5.2428575,5.3428574,25.828571,5.045533e-05,0.0018336326,-7.345365000000001e-25,1.1175871e-08,0.0,True
2019-06-24,140.74,2.6,21.485716,28.171429,12.714286,60.37143,5.6142855,2.3714287,5.3857145,4.757143,25.385714,3.8415194e-05,0.0017081946,-7.345365000000001e-25,7.450581e-09,0.0,True
2019-07-01,140.75,0.0,24.057144,31.34286,14.971429,49.74286,6.8857145,1.3142856,6.6857142,4.114286,27.114286,1.8328428e-06,0.0015639886,-7.345365000000001e-25,3.7252903e-09,0.0,True
2019-07-08,140.62,1.2,17.042858,23.214285,9.242858,53.485718,4.585715,0.6714286,4.785714,3.8285713,21.957144,6.4224005e-06,0.0014234334,-7.345365000000001e-25,3.7252903e-09,0.0,True
2019-07-15,140.56,26.0,16.671429,21.67143,12.0,70.61429,3.2285714,1.3714285,3.2714286,4.428571,20.057142,0.00015366077,0.0013176203,-7.345365000000001e-25,1.1175871e-08,0.0,True
2019-07-22,140.6,4.4,19.385715,25.428572,12.642858,66.27143,4.1285715,2.6428568,3.957143,4.542857,22.928572,1.4916062e-05,0.001234822,-7.345365000000001e-25,1.1175871e-08,0.0,True
2019-07-29,140.73588785225658,6.6,24.4,31.914288,15.800001,56.457146,5.5428576,1.7714285,5.7714286,3.9,26.757143,1.00284815e-05,0.0011304691,-7.345365000000001e-25,1.1175871e-08,0.0,True
2019-08-05,141.13,7.0,19.642857,26.557144,12.785714,71.78571,3.2857144,1.442857,3.4714284,4.071429,23.485714,0.00011835992,0.0010375828,-7.345365000000001e-25,3.7252903e-09,0.0,True
2019-08-12,140.88,8.4,21.214285,26.985716,14.885715,65.4,3.9285717,1.8714286,3.8999999,4.0,23.471428,9.121746e-05,0.00096295774,-7.345365000000001e-25,1.4901161e-08,0.0,True
2019-08-19,140.78,18.400002,18.571428,25.157145,11.8,64.88572,3.3428571,1.2571429,3.5285716,3.8714285,21.12857,7.6033175e-05,0.00089518726,-7.345365000000001e-25,3.7252903e-09,0.0,True
2019-08-26,140.77,5.7000003,20.057144,27.485716,12.314286,68.54286,3.7142856,1.6142858,3.6714287,3.9285715,22.87143,9.4369054e-05,0.000837028,-7.345365000000001e-25,5.5879354e-09,0.0,True
2019-09-02,140.81,1.5,22.914288,30.314285,15.514287,64.07143,3.757143,0.9428572,3.957143,3.5285714,24.885714,1.7046928e-05,0.0007763207,-7.345365000000001e-25,7.450581e-09,0.0,True
2019-09-09,140.78,32.5,15.17143,20.97143,8.6285715,67.02857,2.3,0.5571429,2.5857143,3.5285714,18.614286,0.00026468933,0.0007241592,-7.345365000000001e-25,5.5879354e-09,0.0,True
2019-09-16,140.81,1.6,14.914286,21.085714,8.042857,71.557144,2.0714285,1.4714286,2.3428571,4.214286,17.457144,2.1964312e-05,0.00068730116,-7.345365000000001e-25,3.7252903e-09,0.0,True
2019-09-23,140.76,1.9,11.814286,18.7,5.214286,68.37143,1.9142858,1.1714287,2.2428572,3.8,14.257143,1.6838312e-05,0.00065449625,-7.345365000000001e-25,7.450581e-09,0.0,True
2019-09-30,140.75227147446714,17.4,15.328572,19.457144,11.328572,79.52857,1.3714286,1.0714287,1.7428571,3.7428572,15.742857,0.00010409951,0.00062544644,-7.345365000000001e-25,1.1175871e-08,0.0,True
2019-10-07,140.85,33.0,8.885715,13.571428,4.3714285,83.3,1.0,0.90000004,1.1,4.9428573,10.6,0.00022549927,0.00060233474,-7.345365000000001e-25,7.450581e-09,0.0,True
2019-10-14,140.98,8.1,14.414286,18.714285,9.942857,72.97143,1.4142858,1.2142857,1.8428571,6.1,13.057143,0.00015829504,0.0005821213,-7.345365000000001e-25,1.4901161e-08,0.0,True
2019-10-21,140.88,1.6,14.042857,18.928572,9.314286,78.4,1.1285714,0.92857134,1.2571429,5.8285713,14.114285,3.683567e-05,0.0005631745,-7.345365000000001e-25,9.313226e-09,0.0,True
2019-10-28,140.8,1.9,12.142858,18.057142,6.6571426,83.27143,0.9,0.7,0.9857143,5.5571427,13.242857,2.3022294e-05,0.0005476624,-7.345365000000001e-25,1.8626451e-09,0.0,True
2019-11-04,140.73,7.3999996,5.7285714,9.928572,1.1142857,85.88572,0.5857143,0.5142857,0.55714285,5.5142856,7.257143,0.00010546297,0.00053426623,-7.345365000000001e-25,1.527369e-07,1.4528632e-07,True
2019-11-11,140.7,3.1000001,6.1714287,10.057143,1.9857142,85.08571,0.4,0.34285715,0.5142857,5.885714,6.9857144,2.4586916e-05,0.00052271783,-7.345365000000001e-25,1.8626451e-09,0.0,True
2019-11-18,140.68,4.4,6.3428574,9.8714285,1.6571429,84.942856,0.42857143,0.37142855,0.5428571,6.0142856,5.428571,0.00012500584,0.0005127117,2.9518492e-07,1.2405217e-06,1.1920929e-06,True
2019-11-25,140.67,3.0,6.642857,8.814286,4.228572,87.12858,0.34285715,0.2857143,0.44285718,6.2,5.8714285,0.000106699765,0.0005040392,-7.345365000000001e-25,0.0,0.0,True
2019-12-02,140.65,6.0,4.7000003,7.2857146,1.5,84.51429,0.4,0.37142855,0.6,6.2714286,3.9857142,8.549541e-05,0.00049667805,9.531066e-06,3.5269186e-05,0.00012638047,True
2019-12-09,140.64,8.3,4.542857,7.142857,1.4857142,77.87144,0.5285714,0.5,0.6571428,6.285714,2.8857143,0.00012096763,0.00049066544,3.4025736e-05,9.619072e-05,4.8689544e-06,True
2019-12-16,140.64,10.3,3.5857143,6.3142858,0.7,79.02857,0.47142857,0.42857143,0.6571428,6.457143,2.3428571,0.00018207729,0.0004856214,0.00015208268,0.0005186554,0.0005320497,True
2019-12-23,140.64,3.5,6.7428575,9.642858,2.457143,85.01429,0.4,0.34285715,0.44285718,6.7714286,4.9857144,6.28531e-05,0.00048211962,1.4418647e-06,1.4331192e-05,0.0,True
2019-12-30,140.69018624743512,6.5,3.3285716,5.071429,1.3999999,80.971436,0.34285715,0.32857147,0.4857143,7.1714287,2.6857142,0.00018838048,0.00048037618,0.00026612054,8.932501e-05,0.0007271357,True
2020-01-06,140.64,5.5,2.8142858,6.2000003,-1.0571429,79.8,0.5,0.4,0.5857143,7.1,1.7,0.000118494034,0.00048044324,0.00016805672,0.0005585626,1.2300909e-05,True
2020-01-13,140.64,9.2,4.7000003,6.871429,1.6142858,84.78571,0.4857143,0.4714286,0.5285714,7.5142856,3.3142858,0.00022809207,0.00048363954,6.5905706e-06,2.9105693e-05,2.682209e-07,True
2020-01-20,140.68,0.6,3.8,6.8857145,0.67142856,80.457146,0.5714286,0.4857143,0.55714285,7.4857144,2.8714285,2.4020672e-05,0.0004921034,3.9168768e-07,7.431954e-07,2.30968e-06,True
2020-01-27,140.68,0.4,0.64285713,3.7000003,-2.7,85.91429,0.29999998,0.24285714,0.31428573,7.3714285,0.67142856,1.7121434e-05,0.00050392,6.080809e-05,8.842908e-05,0.00012541935,True
2020-02-03,140.67,37.899998,7.2428575,9.428572,4.4857144,78.62858,1.0142858,1.0,1.0428572,7.8714285,5.1571426,0.00052312016,0.0005164519,5.6868506e-05,0.00028303266,0.00024615228,True
2020-02-10,140.97,14.5,4.3142858,7.442857,1.1142857,81.24286,0.9714286,0.9714286,0.87142855,8.9,3.8714285,0.00055556,0.0005487278,0.00034327735,0.0009915438,0.00101953,True
2020-02-17,141.0,1.6,6.085715,9.285714,2.857143,70.28571,1.2428572,1.2,1.4571428,8.885715,4.5,0.00014616549,0.0006235242,1.66893e-05,5.4324046e-05,4.5668334e-05,True
2020-02-24,141.0,32.0,6.3142858,9.314285,2.9285715,71.957146,1.3428572,1.3000001,1.4714286,9.0,5.1571426,0.0015512407,0.0007126853,7.947286e-08,5.5879354e-07,3.9860606e-07,True
2020-03-02,141.26,14.4,4.9,8.485715,1.6714287,80.34286,1.1571429,1.1571429,1.0285714,9.6,4.8714285,0.0004081428,0.0008550957,0.0009976795,0.0056190677,0.0058140866,True
2020-03-09,141.26,11.599999,4.957143,8.571428,0.91428566,79.17143,0.98571426,0.95714283,1.0142857,9.571428,4.9,0.00033949316,0.0010831133,4.6599478e-05,0.00021520816,8.970499e-06,True
2020-03-16,141.33,10.900001,6.7571425,11.642858,1.4857143,65.65714,1.9428571,1.8285714,1.8285714,9.6285715,6.8,0.00054875016,0.0013488382,1.9868214e-07,2.041459e-06,1.6763806e-07,True
2020-03-23,141.26,2.1,5.057143,10.571428,-1.2285715,70.78571,1.5857142,1.3142856,1.4,8.914286,7.4428573,5.416572e-05,0.00160487,1.3913427e-05,2.514571e-06,6.856769e-05,True
2020-03-30,141.23922344448124,2.2,3.3714287,9.985715,-4.071429,59.128574,2.0857143,1.6142857,2.0142858,8.271428,6.1,3.157556e-05,0.0017575994,5.4035867e-05,7.0532784e-05,0.0004277639,True
2020-04-06,141.18,0.0,5.714286,12.057143,-2.0142858,57.87143,2.5142856,1.8428572,2.3428571,7.5571427,7.7285714,1.6897917e-05,0.0018249378,0.00036671048,0.00096757524,0.00068700314,True
2020-04-13,141.11,2.1,11.328572,19.142857,2.3,54.899998,3.3142855,1.942857,3.1571429,6.5,13.5,1.5288591e-05,0.0018175691,1.2488593e-07,2.225861e-06,1.1175871e-08,True
2020-04-20,141.08,0.0,8.8714285,16.085714,0.59999996,53.0,3.457143,1.1142857,3.3,5.8714285,12.428572,3.4868717e-06,0.0017746687,7.498832e-06,3.7811697e-05,4.0452927e-05,True
2020-04-27,141.03,0.0,11.442858,18.87143,2.3999999,53.642857,3.9142857,0.6571428,3.5142858,5.4428573,14.442857,6.094575e-06,0.0017089844,-7.345365000000001e-25,1.4901161e-08,0.0,True
2020-05-04,140.97,15.400001,12.485715,17.985714,6.8857145,71.24286,2.6857142,1.2142857,2.7,5.6857142,14.671429,0.00013652444,0.0016413927,-7.345365000000001e-25,3.7252903e-09,0.0,True
2020-05-11,140.94,17.7,11.428572,18.514286,3.614286,69.314285,3.2285714,1.3714285,2.957143,5.642857,14.971429,0.00014771521,0.0015742406,5.392801e-07,3.1292439e-06,1.6953796e-05,True
2020-05-18,140.92,0.1,10.285714,16.47143,2.7285714,61.3,3.2571428,2.0,3.3,5.8142858,14.3,8.627772e-06,0.0014999285,2.2820063e-06,1.3727695e-05,0.0,True
2020-05-25,140.9,11.4,13.771429,19.385714,6.914286,68.314285,3.2999997,1.5142858,3.1571429,5.3428574,17.185715,0.00014199317,0.0014188513,-7.345365000000001e-25,3.7252903e-09,0.0,True
2020-06-01,140.88,1.8,13.957143,20.37143,6.914286,63.757145,3.9285715,1.7714285,3.857143,5.2,17.542856,4.7422945e-05,0.0013436079,-7.345365000000001e-25,0.0,0.0,True
2020-06-08,140.86,12.1,15.1285715,20.942858,9.014286,72.1,3.5142856,1.5857142,3.3142858,4.9428573,18.785715,0.000106573105,0.0012606904,-7.345365000000001e-25,7.450581e-09,0.0,True
2020-06-15,140.82,6.1,19.157145,25.357143,12.357142,72.057144,3.7285714,1.6571429,3.6571426,5.0142856,21.571428,8.7454915e-05,0.0011945516,-7.345365000000001e-25,3.7252903e-09,0.0,True
2020-06-22,140.82,17.6,18.628572,23.785715,13.085714,73.814285,3.5857143,1.9285713,3.3714287,5.242857,21.585714,0.00034585595,0.0011250153,-7.345365000000001e-25,1.1175871e-08,0.0,True
2020-06-29,140.81423433512404,6.1,19.785715,26.100002,12.642858,69.65714,4.585715,2.5857143,4.285714,5.242857,23.485714,0.00012986362,0.0010645837,-7.345365000000001e-25,1.4901161e-08,0.0,True
2020-07-06,140.77,2.5,20.7,26.37143,14.142858,59.24286,5.1142855,2.5714285,5.414286,4.9142857,23.0,1.8298626e-05,0.0009974316,-7.345365000000001e-25,1.1175871e-08,0.0,True
2020-07-13,140.74,3.8000002,16.37143,22.814287,9.285714,67.52857,3.6571426,1.6,3.585714,4.571429,20.428572,8.5935e-05,0.00093809515,-7.345365000000001e-25,7.450581e-09,0.0,True
2020-07-20,140.7,9.4,18.642857,25.800001,11.142858,69.14286,3.6857145,1.6857141,3.857143,4.5142856,21.87143,6.2301755e-05,0.0008829534,-7.345365000000001e-25,7.450581e-09,0.0,True
2020-07-27,140.67,3.5,18.885714,25.742857,11.242858,62.24286,4.157143,1.3857143,4.1285715,4.242857,22.87143,5.1751733e-05,0.0008274242,-7.345365000000001e-25,1.1175871e-08,0.0,True
2020-08-03,140.63,15.000001,20.285715,27.4,12.300001,59.285713,4.4857144,1.1999999,4.6285715,4.0571427,23.471428,0.00015285611,0.00076886266,-7.345365000000001e-25,7.450581e-09,0.0,True
2020-08-10,140.63,0.4,21.814287,28.542858,13.585714,65.58572,4.285714,1.4285715,4.1285715,4.3,24.214285,8.9854e-06,0.0007179007,-7.345365000000001e-25,7.450581e-09,0.0,True
2020-08-17,140.61,25.2,23.185715,30.600002,15.828572,62.885715,4.428571,1.7857141,4.4,4.1571426,25.557142,3.5002828e-05,0.0006677434,-7.345365000000001e-25,7.450581e-09,0.0,True
2020-08-24,140.58,19.3,20.785715,26.957142,15.2,71.8,3.4428573,1.942857,3.4285715,4.428571,23.385714,0.00013720989,0.000626646,-7.345365000000001e-25,1.8626451e-08,0.0,True
2020-08-31,140.70375885951236,53.899998,17.657145,22.328571,12.457144,71.64286,2.642857,1.8428571,3.0142858,4.642857,19.528572,0.000845775,0.00059141964,-7.345365000000001e-25,1.1175871e-08,0.0,True
2020-09-07,141.06,3.4,15.114286,20.328571,9.942857,78.457146,2.0714285,1.8142856,2.2142856,5.9714284,18.057142,8.191168e-05,0.0005670637,-7.345365000000001e-25,9.313226e-09,0.0,True
2020-09-14,140.75,0.4,17.128572,25.114286,8.385715,70.85714,2.642857,1.9714285,2.8999999,5.242857,19.642857,1.0102987e-05,0.0005427003,-7.345365000000001e-25,7.450581e-09,0.0,True
2020-09-21,140.66,0.0,16.057142,24.242857,7.157143,65.08572,2.6285713,1.457143,2.7714286,4.4142857,19.471428,7.8976154e-07,0.00051710755,-7.345365000000001e-25,3.7252903e-09,0.0,True
2020-09-28,140.59,40.9,13.728572,19.042858,7.857143,79.057144,1.4857142,0.88571423,1.6857144,5.428571,15.285714,0.00095173717,0.0004951805,-7.345365000000001e-25,3.7252903e-09,0.0,True
2020-10-05,140.64,7.8,12.771429,18.300001,7.228572,84.6,1.1428572,1.0142858,1.2857143,6.6857142,14.6285715,4.066527e-05,0.00048027933,-7.345365000000001e-25,9.313226e-09,0.0,True
2020-10-12,140.64,10.599999,10.842857,14.485715,6.9428573,83.41429,0.9,0.8285714,1.0714285,6.714286,11.914286,0.00014971197,0.0004677102,-7.345365000000001e-25,5.5879354e-09,0.0,True
2020-10-19,141.18,66.4,8.414286,10.614286,6.1857142,90.814285,0.5857143,0.5714286,0.6857143,8.5,9.1,0.00188452,0.00045930594,-7.345365000000001e-25,3.7252903e-09,0.0,True
2020-10-26,141.07,0.90000004,12.2,15.785714,8.67143,79.65715,0.8428572,0.8,1.1142857,8.514286,11.4,0.000112228096,0.00045446306,-7.345365000000001e-25,1.1175871e-08,0.0,True
2020-11-02,141.03,24.8,11.5,13.928572,8.742857,85.28571,0.7,0.67142856,0.8,9.142858,10.828571,0.0010466129,0.00045188516,-7.345365000000001e-25,1.1175871e-08,0.0,True
2020-11-09,141.02,0.0,6.957143,11.614286,2.414286,84.64286,0.4142857,0.4285714,0.4857143,9.357142,7.8714285,4.991889e-06,0.0004580766,-7.345365000000001e-25,0.0,0.0,True
2020-11-16,140.92,1.9,7.7428575,10.157143,5.371429,82.58572,0.48571426,0.42857143,0.62857145,9.1,7.0,3.1217933e-05,0.00047110766,-7.345365000000001e-25,3.7252903e-09,0.0,True
2020-11-23,140.89,2.0,6.6142855,9.1,3.1142857,81.57143,0.5285714,0.50000006,0.6857143,8.957143,5.6714287,7.613003e-05,0.00048479438,5.6993395e-06,1.9721687e-05,2.0965934e-05,True
2020-11-30,140.8598963180001,0.2,2.2142856,4.657143,-0.71428573,86.18572,0.21428572,0.18571429,0.3,8.842857,2.0285714,3.1016767e-05,0.0004985109,3.292447e-06,4.6119094e-06,2.0205975e-05,False
2020-12-07,140.84,0.8,3.5285716,6.3,-0.028571334,77.84286,0.3571429,0.3,0.5714286,8.757143,1.8285714,2.8073788e-05,0.0005121678,0.00078524294,0.0016317591,0.0017238259,True
2020-12-14,140.82,0.0,3.1000001,5.1857147,0.9285714,86.21429,0.17142858,0.15714286,0.32857147,8.7,2.1,2.2232533e-05,0.0005251989,1.1540595e-05,4.0769577e-05,1.2613833e-05,True
2020-12-21,140.8,3.4,3.6571429,6.1714287,1.1999999,83.85714,0.25714284,0.22857141,0.35714287,8.6,2.7571428,2.3156404e-05,0.00053774565,3.7465776e-07,2.9802322e-06,0.0,True
2020-12-28,140.77,13.5,4.571429,7.085715,2.2714286,81.75714,0.42857146,0.41428572,0.62857145,9.242857,3.5142858,0.0016027689,0.0005511567,0.00016419661,1.9919127e-05,0.00041952357,True
2021-01-04,140.77,11.1,1.6,3.9,-0.7285714,86.17143,0.33333334,0.33333334,0.2857143,9.166667,1.2333333,6.902963e-05,0.00057442486,0.0021314337,0.0017418731,0.008578312,True
2021-01-11,140.81,6.4,0.22857143,1.3571428,-1.3857144,89.34286,0.12857144,0.12857144,0.29999998,9.828571,0.31428573,6.368756e-05,0.0006041378,0.011267424,0.0022093374,0.008711558,True
2021-01-18,140.88,12.6,-1.2857143,0.5714286,-4.414286,86.314285,0.14285715,0.14285715,0.37142858,10.071428,0.057142857,0.00014227629,0.0006381199,0.02376339,0.0029899143,0.020462636,True
2021-01-25,141.01,25.3,3.371429,5.785714,1.2285715,82.1,0.5857143,0.5857143,0.62857145,10.342857,1.6571429,0.0009571314,0.00069472194,0.0142773045,0.029562129,0.016105048,True
2021-02-01,141.25,13.8,-1.4428571,1.5428572,-4.7714286,84.042854,0.25714287,0.25714287,0.35714287,10.542857,0.4857143,0.00027706474,0.0008601025,0.020986551,0.0035981424,0.017306782,True
2021-02-08,141.46,19.6,-0.22857141,2.2857146,-2.5857143,86.87142,0.25714287,0.25714287,0.45714286,10.685715,1.0857143,0.002373919,0.003421925,0.009995,0.028194655,0.016944967,True
2021-02-15,141.4,1.4,-9.071428,-4.3142858,-15.542857,83.91429,0.028571429,0.028571429,0.3,10.442857,-0.25714287,0.0,0.0020910576,0.019180678,0.0,0.0054971315,True
2021-02-22,141.55,2.9,4.8428574,9.328572,0.17142858,77.25714,1.0,0.94285715,0.9571429,10.142858,3.2142856,0.00069145113,0.002580978,0.005987576,0.024342628,0.0013791993,True
2021-03-01,141.48,2.6,6.357143,12.3714285,1.1571429,79.15715,1.0714285,0.91428566,0.9857143,9.714286,6.1857142,5.2914023e-05,0.0031302422,9.428887e-06,6.634556e-05,0.0,True
2021-03-08,141.45,1.3,2.5857143,7.914286,-2.6714287,73.6,1.0571429,0.9142858,1.0857142,9.3714285,3.9857142,5.6922436e-05,0.0034849867,0.0005091429,0.000519637,0.002235271,True
2021-03-15,141.49,22.6,4.157143,8.385715,0.32857153,70.21429,1.3999999,1.3,1.3857143,9.271428,4.614286,0.00024697185,0.0036475733,0.0005233515,0.001623299,7.431209e-05,True
2021-03-22,141.63,13.1,1.4571428,5.2000003,-2.2428572,81.87144,0.95714283,0.9285714,0.9857143,9.657143,3.0285714,0.00030189753,0.0037342533,0.0017289434,0.0035675485,0.0053887777,True
2021-03-29,141.51767912116512,2.1,7.9857144,13.614286,2.1714287,69.97143,1.8,1.542857,1.8857143,9.271428,8.257143,8.959323e-05,0.003843151,0.00029937993,0.0015956406,0.0,False
2021-04-05,141.52,4.7,8.114286,14.914286,1.3714286,66.84286,2.2428572,1.8142856,2.142857,8.442857,10.214286,0.000111177564,0.0038781688,1.2454532e-05,5.1632524e-06,0.00028906018,True
2021-04-12,141.44,8.7,5.1857142,9.7,0.87142855,70.51429,1.8999999,1.6,1.9714286,8.057143,6.857143,0.00016343594,0.0038418323,0.00080865336,0.002720423,0.002913393,True
2021-04-19,141.42,11.3,4.971429,9.014286,0.82857144,78.92857,1.4571428,1.2714285,1.4,7.9142857,7.3285713,0.00034728646,0.003788352,0.00058366003,0.0028732978,0.0027282424,True
2021-04-26,141.4,3.6,6.928571,12.385715,0.6999999,65.27143,2.5285716,1.9571428,2.5142858,7.6571426,10.614285,4.297495e-05,0.0037277862,8.798781e-06,8.810684e-05,0.0,True
2021-05-03,141.33,19.9,8.542857,13.771429,3.2285714,68.28571,2.4285715,1.9285713,2.4714284,7.1857142,11.2,0.00032031536,0.0036402047,-7.345365000000001e-25,2.2351742e-08,0.0,True
2021-05-10,141.35,7.0,11.657144,17.071428,5.6,58.957146,3.8142855,3.042857,3.7571428,7.5285716,12.614285,0.00014057755,0.0035529584,-7.345365000000001e-25,0.0,0.0,True
2021-05-17,141.5,30.199999,13.457144,18.071428,8.214286,78.90001,2.7285714,2.3,2.7,7.642857,16.028572,0.0007517636,0.0034418032,-7.345365000000001e-25,0.0,0.0,True
2021-05-24,141.51,4.7000003,12.557143,17.585714,7.2000003,69.314285,3.2428572,2.5,3.3428571,7.3428574,15.328571,0.00019782782,0.0033663884,-7.345365000000001e-25,3.7252903e-09,0.0,True
2021-05-31,141.44958418857956,13.200001,11.300001,16.671429,5.728572,74.67143,2.9428573,2.2714286,2.8857143,6.8285713,14.7,0.00023582578,0.0032835528,-7.345365000000001e-25,3.7252903e-09,0.0,True
2021-06-07,141.36,3.8,18.514286,26.0,10.057143,65.38572,4.642857,2.2714286,4.5142856,5.957143,22.37143,4.9620867e-06,0.0031658262,-7.345365000000001e-25,3.7252903e-09,0.0,True
2021-06-14,141.28,6.3999996,18.314287,24.728573,11.1,66.700005,4.4,1.7857141,4.4142857,5.428571,22.62857,6.881356e-05,0.0029951632,-7.345365000000001e-25,1.1175871e-08,0.0,True
2021-06-21,141.2,4.2,24.485716,31.628572,16.071428,57.985718,6.428571,1.2428571,6.2428575,4.857143,27.057142,2.8535724e-06,0.0028000176,-7.345365000000001e-25,7.450581e-09,0.0,True
2021-06-28,141.13,21.2,18.957142,23.800001,14.057143,76.44286,3.6714287,1.9714285,3.4714284,5.5,23.657143,0.00020965934,0.0026085824,-7.345365000000001e-25,3.7252903e-09,0.0,True
2021-07-05,141.38,37.800003,19.042858,24.428572,14.214286,75.457146,3.5285714,2.957143,3.6571429,7.242857,22.485714,0.00016620755,0.0024455339,-7.345365000000001e-25,1.1175871e-08,0.0,True
2021-07-12,141.35,32.5,19.5,25.47143,13.942858,79.200005,3.742857,3.4285715,3.7857144,7.428571,23.214285,0.00053977966,0.0022911504,-7.345365000000001e-25,1.1175871e-08,0.0,True
2021-07-19,141.35,48.9,20.800001,25.742859,15.300001,77.42857,4.0,3.6000001,4.042857,7.8142858,24.614286,0.0016873777,0.0021483675,-7.345365000000001e-25,1.1175871e-08,0.0,True
2021-07-26,141.45,8.1,19.628572,25.628572,13.414286,71.87143,3.7857144,2.6285713,3.5857143,7.257143,23.942858,0.0001527518,0.002034746,-7.345365000000001e-25,7.450581e-09,0.0,True
2021-08-02,141.23,4.6,19.314287,24.77143,13.614286,69.41429,4.042857,2.4142857,4.0,6.5,23.22857,4.6804547e-05,0.0019204244,-7.345365000000001e-25,7.450581e-09,0.0,True
2021-08-09,141.16,12.6,17.557144,23.300001,12.357142,77.21429,3.2,2.057143,3.1000001,6.4142857,21.671429,0.00019791722,0.0018196777,-7.345365000000001e-25,7.450581e-09,0.0,True
2021-08-16,141.08,1.3000001,19.857143,26.414288,12.642858,68.78571,3.8999999,2.0857143,4.042857,5.885714,24.1,2.5063753e-05,0.0017141178,-7.345365000000001e-25,1.1175871e-08,0.0,True
2021-08-23,141.01,23.8,16.914286,21.557144,12.357142,75.957146,2.2142856,1.1571428,2.5571427,5.757143,19.614286,0.00061038136,0.0016171336,-7.345365000000001e-25,1.3038516e-08,0.0,True
2021-08-30,141.07433966725273,40.4,14.157143,18.628572,10.057143,86.02857,1.9,1.8142856,1.9285715,7.8,17.142857,0.0010133684,0.0015526265,-7.345365000000001e-25,5.5879354e-09,0.0,False
2021-09-06,141.04,3.7,15.1,21.928572,8.957143,81.87144,2.2,1.8571428,2.5,8.242857,18.342857,9.319186e-05,0.0015160888,-7.345365000000001e-25,1.1175871e-08,0.0,True
2021-09-13,140.99,3.5,17.885715,24.028574,12.071428,75.828575,2.4142857,1.9142858,2.6571429,7.457143,20.77143,0.00014857948,0.0014746413,-7.345365000000001e-25,9.313226e-09,0.0,True
2021-09-20,140.94,6.2,14.485715,18.314285,10.857142,82.78571,1.3428571,1.1428572,1.5571429,7.3142858,17.028572,0.00011537969,0.0014417022,-7.345365000000001e-25,7.450581e-09,0.0,True
2021-09-27,140.91,2.0,15.514287,20.028574,10.957144,77.78571,1.5000001,1.2,1.9571428,6.9714284,16.22857,6.355345e-05,0.0014161691,-7.345365000000001e-25,9.313226e-09,0.0,True
2021-10-04,140.87,0.7,13.957144,18.457144,9.142858,74.27143,1.442857,1.1,1.8142856,6.6714287,15.728572,7.839501e-05,0.0013895705,-7.345365000000001e-25,7.450581e-09,0.0,True
2021-10-11,140.82,1.5,9.614286,15.514287,3.0714285,79.18572,1.0,0.78571427,1.1999999,6.4428573,12.357142,0.00018075109,0.0013635084,-7.345365000000001e-25,1.8626451e-09,0.0,True
2021-10-18,140.81,4.1,8.385715,12.985715,3.957143,85.04286,0.7571429,0.6571428,0.8714286,6.4142857,9.571428,0.00012465566,0.0013435185,-7.345365000000001e-25,3.7252903e-09,0.0,True
2021-10-25,140.79,3.1,9.971429,14.514287,4.571429,70.685715,1.1571428,0.91428566,1.5571429,6.1571426,9.771428,6.0506165e-05,0.0013236105,-7.345365000000001e-25,5.5879354e-09,0.0,True
2021-11-01,140.76,17.7,10.414286,14.957144,5.428571,70.72858,0.9142857,0.64285713,1.2571429,6.042857,9.485714,0.00012990087,0.0013045445,-7.345365000000001e-25,1.8626451e-09,0.0,True
2021-11-08,140.88,32.3,7.457143,9.828572,4.8285713,85.08572,0.59999996,0.5857143,0.7285714,8.057143,7.428571,0.0013483763,0.001291737,-7.345365000000001e-25,7.450581e-09,0.0,True
2021-11-15,140.86,3.1999998,4.8428574,8.471429,1.2857143,87.200005,0.35714287,0.31428573,0.3857143,8.514286,5.4142857,2.3983419e-05,0.0013052896,-7.345365000000001e-25,-1.8626451e-09,0.0,True
2021-11-22,140.86,1.9,7.057143,8.842857,4.414286,84.32857,0.38571426,0.35714287,0.71428573,8.471429,6.2285714,7.535517e-05,0.001333423,-7.345365000000001e-25,5.5879354e-09,5.2154064e-08,True
2021-11-29,140.8308596799536,2.2,2.2428572,4.2285714,-1.0571429,85.957146,0.22857143,0.20000002,0.42857143,8.414286,2.3285713,2.4594367e-05,0.001364544,0.00015762306,8.581206e-05,0.0025263876,False
2021-12-06,140.89,11.0,2.1857142,4.5571427,-0.51428574,82.22858,0.4714286,0.4714286,0.59999996,8.8,1.4,0.00033324212,0.0013986677,0.0030142863,0.007380372,0.012030408,True
2021-12-13,140.88,6.4,0.042857103,2.3428574,-2.9714286,90.12858,0.12857144,0.114285715,0.2,8.985714,0.27142859,0.00021155924,0.0014552921,0.008326701,0.0078485515,0.0045483336,True
2021-12-20,140.88,3.7,4.9857144,6.1571426,3.2857144,91.24286,0.20000002,0.17142858,0.41428572,9.0,3.5,0.0002400428,0.0015407205,0.00057530403,0.0039827023,0.0001266785,True
2021-12-27,140.83,11.200001,-1.8285714,1.7857144,-5.728572,82.74286,0.12857144,0.12857144,0.31428573,9.471429,0.014285714,0.00038571656,0.0016871244,0.0025623753,0.0024827942,0.0062299743,True
2022-01-03,140.87,6.4,8.542857,10.785714,5.428571,81.35714,0.375,0.375,0.90000004,9.825,2.55,0.00043637305,0.00196027,0.00089071476,0.003978381,5.5879354e-08,True
2022-01-10,140.94,15.3,2.1285715,4.114286,-0.7142858,85.48572,0.3857143,0.3857143,0.45714286,10.114285,1.9,0.0005095601,0.0024293065,0.0012097473,0.0011260547,0.0026522093,True
2022-01-17,140.98,3.9,1.4571428,4.114286,-2.1142857,85.62858,0.25714287,0.27142856,0.41428572,9.857142,1.0285715,0.00015310198,0.0030251667,0.00085931167,0.0014362913,0.0001248531,True
2022-01-24,141.02,8.3,2.0285716,3.9142857,-0.4857143,85.88572,0.4571429,0.4571429,0.4714286,9.9,1.1714286,0.00025553256,0.0034988225,0.0031856468,0.005010169,0.007772997,True
2022-01-31,141.02776938565697,8.5,3.2428572,5.0285716,1.2714287,80.542854,0.6714286,0.6714286,0.9285714,9.971429,2.2571428,0.00036988407,0.003922574,0.0013785703,0.0037253238,0.0021233223,True
2022-02-07,141.06,12.0,4.114286,6.6,1.5857143,80.12858,0.9142857,0.9142857,0.95714283,10.228572,2.9285715,0.0006310567,0.0045613945,0.0011294399,0.005011067,0.0046802275,True
2022-02-14,141.13,8.3,4.8,8.0,1.3714286,74.91429,0.98571426,0.9714285,1.0285714,10.142858,3.9,0.00035350025,0.0056174025,0.00030846824,0.0012483802,0.0006759353,True
2022-02-21,141.21,27.2,6.9857144,11.142858,3.5285716,67.54286,1.6714284,1.6571428,1.8714286,10.1285715,5.142857,0.0018035397,0.006755717,9.12462e-05,0.00078258105,0.0006535314,True
2022-02-28,141.31,3.7,3.5714285,7.4857144,-0.4714286,75.88572,1.1142857,1.1,1.1142857,10.028571,3.857143,0.00016891956,0.007830471,7.154261e-05,0.00022166409,0.00027212873,True
2022-03-07,141.3,0.1,0.14285715,5.714286,-4.1,73.12858,0.90000004,0.7571429,0.85714287,9.642858,2.2428572,2.2441149e-05,0.008429006,0.00048229808,0.00058798864,0.0013647638,True
2022-03-14,141.24,1.3,3.4428573,10.17143,-2.9714286,51.9,2.0428574,1.6285714,2.1,9.057143,4.385714,3.5472214e-05,0.008419834,0.00025659514,0.0007091798,1.4714897e-06,True
2022-03-21,141.19,3.1,6.557143,12.314286,-0.071428575,62.68571,2.0,1.5285714,1.9142857,8.471429,7.7285714,2.9347837e-05,0.008188561,6.635984e-06,4.063733e-05,1.6953796e-05,True
2022-03-28,141.16,0.0,7.928571,17.257143,-1.557143,60.12857,2.5285716,1.8428572,2.2285714,7.571429,10.142858,1.1026859e-06,0.00780116,4.7683716e-07,2.5685877e-06,0.0,True
2022-04-04,141.11,8.8,3.2714288,7.1285715,-1.0,66.97143,1.5571429,1.1428572,1.6857144,7.0857143,6.242857,0.00011713058,0.007349819,0.0006843294,0.00088524446,0.0025100335,True
2022-04-11,141.11,15.2,7.1714287,11.442858,3.4714286,71.74286,2.1,1.9285715,2.0285714,7.3142858,7.742857,0.0003336519,0.006897345,0.000112334885,0.0012616366,1.6901642e-05,True
2022-04-18,141.08,2.9,8.942858,15.6,1.2571429,64.75715,2.8714283,2.1428573,2.642857,6.642857,11.971429,5.9761107e-05,0.0064272806,6.8687257e-07,3.2763928e-06,2.078712e-06,True
2022-04-25,141.06,11.7,7.914286,12.6,2.0857143,77.957146,2.0285714,1.2857144,1.8428571,6.214286,10.828571,0.00020623207,0.0059899837,-7.345365000000001e-25,2.6077032e-07,0.0,True
2022-05-02,141.04,0.0,10.6,18.157145,1.9142858,63.857143,3.0714285,1.3142859,2.9285715,6.0285716,14.957143,8.7320805e-06,0.005556911,-7.345365000000001e-25,0.0,0.0,True
2022-05-09,140.98,0.1,13.557143,20.557144,4.728572,63.600002,3.485714,1.0000001,3.3999999,5.6,18.085714,2.9802322e-05,0.005092494,-7.345365000000001e-25,0.0,0.0,True
2022-05-16,140.94,9.0,17.042858,24.0,7.614286,55.514286,4.7714286,1.0,4.714286,5.3428574,20.242857,8.21054e-06,0.004611008,-7.345365000000001e-25,3.7252903e-09,0.0,True
2022-05-23,140.95,8.1,16.9,22.428572,10.2,64.98572,4.4571424,2.2142859,4.3285713,5.5285716,20.685715,0.00027136505,0.0041451827,-7.345365000000001e-25,3.7252903e-09,0.0,True
2022-05-30,140.93600408072203,11.6,14.214286,19.271427,8.442858,64.957146,3.3285716,1.6285713,3.642857,5.3285713,17.514286,9.173155e-05,0.003750205,-7.345365000000001e-25,7.450581e-09,0.0,True
2022-06-06,140.89,12.1,16.685715,23.514286,7.657143,66.82857,4.2571425,1.7857143,4.157143,5.1571426,20.842857,5.095452e-05,0.0033949167,-7.345365000000001e-25,7.450581e-09,0.0,True
2022-06-13,140.85,1.7,18.342855,24.37143,11.028572,64.92857,4.142857,1.6571428,4.1285715,5.285714,22.12857,3.8176775e-05,0.0030679181,-7.345365000000001e-25,7.450581e-09,0.0,True
2022-06-20,140.83,1.5,20.171429,27.785717,11.142858,55.32857,5.557143,1.4,5.7571425,4.8714285,23.5,5.812943e-05,0.0027355254,-7.345365000000001e-25,7.450581e-09,0.0,True
2022-06-27,140.79,8.7,21.87143,29.628572,12.900001,59.457146,5.7,2.2142856,5.4714284,4.7714286,25.028572,0.00017938018,0.0024333745,-7.345365000000001e-25,1.1175871e-08,0.0,True
2022-07-04,140.77,6.0,20.385715,26.34286,14.057143,69.200005,4.2000003,2.3142855,4.3285713,4.885714,24.185715,0.0043421835,0.0022003353,-7.345365000000001e-25,7.450581e-09,0.0,True
2022-07-11,140.77,22.8,16.557142,22.085714,11.3,66.51429,3.5142856,1.7714285,3.8,4.614286,19.971428,6.650388e-05,0.0020086095,-7.345365000000001e-25,1.1175871e-08,0.0,True
2022-07-18,140.75,5.2999997,18.485716,25.242857,9.857142,54.828575,4.914285,1.2142857,4.6857142,4.1571426,22.242857,8.001924e-06,0.0018451214,-7.345365000000001e-25,7.450581e-09,0.0,True
2022-07-25,140.71,1.6999999,23.5,31.442858,13.842857,53.857143,5.714286,0.90000004,5.542857,3.857143,25.72857,5.082786e-05,0.0016677231,-7.345365000000001e-25,1.1175871e-08,0.0,True
2022-08-01,140.67,2.3,19.314287,25.47143,11.157143,61.642857,4.0142856,0.90000004,4.0,3.8428571,23.328571,0.0001001209,0.001514189,-7.345365000000001e-25,7.450581e-09,0.0,True
2022-08-08,140.63,2.2,21.928572,29.942858,12.114286,52.228573,5.128571,0.9571428,5.2285714,3.7,25.414286,5.289912e-06,0.001382634,-7.345365000000001e-25,7.450581e-09,0.0,True
2022-08-15,140.61,1.2,20.542858,28.628572,11.571428,62.085716,4.2285714,0.7428571,3.9857142,3.5285714,24.22857,5.6415796e-05,0.0012549758,-7.345365000000001e-25,7.450581e-09,0.0,True
2022-08-22,140.63,35.0,21.185715,26.557144,15.185715,72.057144,3.1,1.3142856,3.1142857,4.4142857,23.828571,0.00029192865,0.0011539012,-7.345365000000001e-25,1.1175871e-08,0.0,True
2022-08-29,140.70908752583793,34.0,19.414288,24.757143,14.614286,85.3,2.2142854,1.7571429,2.5,5.785714,21.828571,0.0026835948,0.0010870248,-7.345365000000001e-25,1.4901161e-08,0.0,True
2022-09-05,140.77,0.0,16.27143,22.5,9.857142,71.828575,2.6857142,1.9285715,2.8999999,5.9142857,20.014286,9.670854e-06,0.0010269061,-7.345365000000001e-25,1.1175871e-08,0.0,True
2022-09-12,140.64,15.1,16.457144,22.300001,11.157143,81.614296,2.0,1.6142857,2.0571427,5.8714285,19.214285,0.00023888052,0.0009743273,-7.345365000000001e-25,7.450581e-09,0.0,True
2022-09-19,140.6,47.3,12.757143,17.085714,9.514285,82.971436,1.4857142,1.3857144,1.6428572,6.5571427,14.914286,0.0007865131,0.00093526393,-7.345365000000001e-25,3.7252903e-09,0.0,True
2022-09-26,140.68,10.4,10.685715,16.985714,5.3142858,80.54286,1.3714286,1.2142857,1.4714286,7.257143,13.514286,0.00012794137,0.00090830773,-7.345365000000001e-25,1.8626451e-09,0.0,True
2022-10-03,140.64,14.9,10.042857,14.414286,5.7285714,83.08571,1.0142858,0.94285715,1.2428571,7.385714,11.557143,0.00022786856,0.00088888407,-7.345365000000001e-25,1.1175871e-08,0.0,True
2022-10-10,140.63,0.1,11.857142,17.614286,5.214286,77.557144,1.2285715,1.0,1.4142857,7.142857,13.228572,1.08629465e-05,0.0008730069,-7.345365000000001e-25,9.313226e-09,0.0,True
2022-10-17,140.59,0.5,12.714286,18.285715,7.2428575,81.8,1.1,0.84285706,1.1285714,6.8142858,14.042857,2.631545e-05,0.000857912,-7.345365000000001e-25,7.450581e-09,0.0,True
2022-10-24,140.57,10.599999,11.857142,15.842858,7.357143,84.64286,0.8428572,0.7714286,0.9142857,7.142857,12.728572,0.0005842298,0.0008469075,-7.345365000000001e-25,7.450581e-09,0.0,True
2022-10-31,140.5860779815382,2.0,13.985715,19.914288,8.428572,81.8,0.9857144,0.78571427,0.87142855,7.042857,14.342857,9.432435e-06,0.000837408,-7.345365000000001e-25,9.313226e-09,0.0,True
2022-11-07,140.56,20.0,9.185715,13.757143,3.7142856,83.02857,0.62857145,0.5428571,0.67142856,7.214286,10.114285,0.00022357702,0.00082944334,-7.345365000000001e-25,1.8626451e-09,0.0,True
2022-11-14,140.55,0.3,8.614286,13.142858,4.542857,81.74286,0.64285713,0.55714285,0.59999996,7.3285713,8.828571,4.3347478e-05,0.00082440674,-7.345365000000001e-25,5.5879354e-09,0.0,True
2022-11-21,140.55,11.1,1.3,4.3714285,-2.1285715,86.17143,0.20000002,0.18571429,0.34285715,7.5857143,2.9714286,0.00019262731,0.0008227527,0.0005000943,7.972494e-05,0.001800146,True
2022-11-28,140.56,2.9,3.8714287,7.0,0.37142855,88.814285,0.27142856,0.22857144,0.25714284,7.6571426,3.1857142,0.00016847998,0.0008272305,0.0006748892,0.0017149448,4.541129e-06,True
2022-12-05,140.54,2.3999999,1.7428572,3.2,0.21428572,89.25714,0.18571432,0.17142859,0.34285715,7.614286,1.7142857,4.2304397e-05,0.00083906204,0.00081190607,0.0016665682,0.002346594,True
2022-12-12,140.53,10.4,0.35714287,1.8000001,-0.9714286,89.68572,0.12857144,0.12857144,0.3,7.785714,1.0428572,0.000116698444,0.0008571446,0.0030403535,0.0011980571,0.0115581155,True
2022-12-19,140.53,0.9,-4.8428574,-1.8142859,-8.657143,84.90001,0.028571429,0.028571429,0.22857143,7.9142857,-0.8,3.2149255e-05,0.0008814335,0.011111804,0.00013456494,0.00047887862,True
2022-12-26,140.53,20.7,6.2571435,8.6285715,2.8857143,86.32857,0.40000004,0.40000004,0.5714286,8.5,3.3,0.0007913187,0.0009142533,0.0028922388,0.010939432,0.0,True
