,GWL,HYRAS_pr,HYRAS_tas,HYRAS_tasmax,HYRAS_tasmin,HYRAS_hurs,DWD_evapo_p,DWD_evapo_r,DWD_evapo_fao,DWD_soil_moist,DWD_soil_temp5cm,ERA5_sro,ERA5_ssro,ERA5_sdwe,ERA5_sm,ERA5_sf,GWL_flag
1991-01-07,31.037142857142857,15.7,5.728572,7.5,3.2,76.41429,0.85714287,0.8428572,0.7428571,9.857142,3.5,0.0004720539,0.00035707653,9.698527e-05,0.0006162487,4.8730522e-05,True
1991-01-14,31.03428571428572,3.8000002,5.085715,7.7571435,2.857143,72.92857,0.82857144,0.7857142,0.9142857,9.642858,3.5285714,9.4518065e-05,0.00043358654,2.8383164e-07,8.0652535e-07,1.8589199e-06,True
1991-01-21,31.042857142857144,3.9,-0.9571429,2.4,-4.471429,73.21429,0.24285714,0.22857143,0.3857143,9.571428,-1.4428571,3.093481e-05,0.0005089566,5.552882e-05,0.00020466931,0.00055364147,True
1991-01-28,31.06714285714286,0.1,1.7714285,2.8714287,0.7,87.94286,0.21428572,0.20000002,0.42857143,9.557143,0.057142857,3.9592385e-05,0.00057501346,0.00027134304,0.00048760884,0.00047156587,True
1991-02-04,31.086666666666662,0.0,-4.657143,-1.4142858,-7.642857,63.285713,0.071428575,0.057142857,0.6571428,9.414286,-2.9714286,5.4240227e-06,0.00063203275,0.0003716832,8.745119e-05,0.00046860427,True
1991-02-11,31.11,13.8,-5.3857145,-3.0714285,-7.8,79.12858,0.014285714,0.014285714,0.45714286,9.485714,-3.9714286,6.5118074e-06,0.0006816089,0.003232689,0.0003356412,0.009851467,True
1991-02-18,31.117142857142856,7.0,-2.6000001,-0.42857143,-4.9857144,84.4,0.1,0.1,0.4714286,9.928572,-0.071428575,2.7447939e-05,0.0007238686,0.013637548,0.0014329106,0.009723313,True
1991-02-25,31.08,4.6,2.7714286,7.1714287,-1.4428571,81.6,0.71428573,0.67142856,0.64285713,9.828571,0.4857143,0.00040780008,0.0007599667,0.007973881,0.016120927,4.9062073e-06,True
1991-03-04,31.071428571428573,0.0,2.2142856,5.8428574,-0.64285713,75.58572,0.78571427,0.68571424,0.9714286,9.6,1.1285714,8.687377e-06,0.0008051768,0.0002112786,0.00036353618,7.915869e-05,True
1991-03-11,31.104285714285712,3.5,7.0,11.157143,2.957143,77.21429,0.9428571,0.8,1.1428572,9.157143,4.614286,4.4956803e-05,0.0008563474,5.801519e-06,3.8653612e-05,0.0,True
1991-03-18,31.088,0.8,9.0,14.214286,5.057143,78.38572,1.1285714,0.9285714,1.3142856,8.785714,8.257143,3.7431717e-05,0.000898093,-7.345365000000001e-25,3.7252903e-09,0.0,True
1991-03-25,31.09,35.100002,8.585714,11.971429,5.785714,77.37144,1.2285715,1.2142857,1.3000001,9.285714,8.157143,0.00091317296,0.0009306744,-7.345365000000001e-25,7.450581e-09,0.0,True
1991-04-01,31.071428571428573,6.1,5.1142855,8.6,1.2142857,64.057144,1.4714285,1.2714285,1.7714285,9.0,5.8285713,4.388392e-05,0.0009724647,6.5224513e-06,2.020225e-05,2.207607e-05,True
1991-04-08,31.11428571428572,6.6,10.371429,15.300001,6.1714287,69.42857,1.9142858,1.6857144,2.0714285,8.828571,10.428572,0.00019523501,0.0010072514,2.8383164e-08,9.853393e-07,0.0,True
1991-04-15,31.08428571428572,0.0,12.271429,17.714285,5.3285713,52.8,2.9,2.2428572,3.1000001,8.114285,12.171429,4.133582e-05,0.001025632,-7.345365000000001e-25,0.0,0.0,True
1991-04-22,31.142857142857142,16.5,3.2857144,7.7571435,-0.35714287,70.78571,1.6285714,1.4142858,1.7142857,7.5857143,6.7714286,0.00021962821,0.0010294765,0.0014549437,0.0048156306,0.006077431,True
1991-04-29,31.15142857142857,3.1000001,8.3,12.571428,3.457143,66.27143,1.6571428,1.3714285,2.1142857,7.4428573,9.785714,0.00011972338,0.0010283738,0.00015865621,0.00095928274,0.0,True
1991-05-06,31.178000000000004,27.8,7.4000006,10.657143,4.4857144,78.62858,1.5142858,1.3000001,1.7857143,7.6285715,9.542857,0.00034035742,0.0010231361,8.889607e-06,5.6125224e-05,0.00014228374,True
1991-05-13,31.197142857142858,7.1,10.657144,14.242857,6.728572,72.17143,2.0571427,1.7285713,2.3714287,7.8142858,11.457143,0.00014347583,0.0010200664,1.1960666e-05,8.968264e-05,0.0,True
1991-05-20,31.212857142857143,5.1,10.085715,14.557143,4.357143,66.814285,2.5571427,2.1714284,2.6857142,7.7285714,11.957143,0.0001885891,0.0010179803,-7.345365000000001e-25,0.0,0.0,True
1991-05-27,31.23,3.6999998,11.185715,15.142858,7.057143,64.4,2.885714,2.2999997,3.1857142,6.8428574,13.285714,4.930049e-05,0.0010088459,-7.345365000000001e-25,0.0,0.0,True
1991-06-03,31.255714285714284,2.5,14.685715,19.9,8.385715,56.5,3.5857143,2.2285714,4.0285716,5.9428573,17.457144,3.1642616e-05,0.0009882525,-7.345365000000001e-25,0.0,0.0,True
1991-06-10,31.270000000000003,12.4,13.957143,18.657145,8.7,65.328575,3.1857142,1.6285714,3.5,5.3428574,16.37143,6.6801906e-05,0.000958696,-7.345365000000001e-25,0.0,0.0,True
1991-06-17,31.276,29.8,14.842857,19.085714,11.6,66.57143,3.3428571,1.6428572,3.3,5.2714286,16.642857,0.00013747811,0.00092700124,-7.345365000000001e-25,3.7252903e-09,0.0,True
1991-06-24,31.29,19.199999,16.342857,21.47143,11.514285,69.314285,3.6571426,3.0,3.7142856,5.9857144,18.385714,0.00021709502,0.0008954033,-7.345365000000001e-25,7.450581e-09,0.0,True
1991-07-01,31.29714285714285,11.7,16.742857,21.100002,12.185715,70.700005,3.0714285,2.5857143,3.457143,6.071429,17.842857,0.00014071167,0.0008628443,-7.345365000000001e-25,7.450581e-09,0.0,True
1991-07-08,31.287142857142857,0.0,24.028574,29.242859,17.042858,53.757145,5.4857144,3.157143,6.1857142,5.257143,24.557142,8.940697e-08,0.00082327425,-7.345365000000001e-25,7.450581e-09,0.0,True
1991-07-15,31.31571428571428,21.8,21.585714,26.642857,16.042858,64.3,4.0571427,1.842857,4.428571,4.8285713,24.257143,6.656349e-05,0.0007733032,-7.345365000000001e-25,3.7252903e-09,0.0,True
1991-07-22,31.33285714285714,3.5,17.314287,21.628572,13.842857,69.02857,3.4714284,1.7142856,3.7,4.642857,20.357143,2.7634203e-05,0.0007325411,-7.345365000000001e-25,1.1175871e-08,0.0,True
1991-07-29,31.332857142857144,10.5,20.085714,25.914288,13.485715,59.700005,4.042857,1.5857142,4.542857,4.3142858,22.085714,5.7443976e-05,0.000690341,-7.345365000000001e-25,3.7252903e-09,0.0,True
1991-08-05,31.33428571428572,5.1000004,21.97143,26.414288,17.485716,69.314285,3.542857,1.1,3.9285715,4.2,23.442858,0.00010924041,0.000647828,-7.345365000000001e-25,1.1175871e-08,0.0,True
1991-08-12,31.34714285714286,10.7,21.257143,26.528574,16.7,66.58572,3.6571429,1.7285715,3.8142858,4.2285714,22.928572,8.380413e-05,0.0006122589,-7.345365000000001e-25,1.1175871e-08,0.0,True
1991-08-19,31.358000000000004,4.6000004,17.457144,22.357143,12.7,65.557144,2.8999999,1.5,3.3,4.071429,19.571428,3.6612153e-05,0.00058083236,-7.345365000000001e-25,7.450581e-09,0.0,True
1991-08-26,31.364,5.3999996,17.628572,22.228573,12.6285715,68.97143,2.6428568,1.1571428,3.057143,4.0142856,19.028572,3.2901764e-05,0.00055263937,-7.345365000000001e-25,1.1175871e-08,0.0,True
1991-09-02,31.366666666666664,0.8,17.557142,23.02857,11.942858,66.814285,2.4714286,0.5714286,3.1000001,3.8142858,18.7,1.052022e-05,0.0005257949,-7.345365000000001e-25,3.7252903e-09,0.0,True
1991-09-09,31.37,1.2,15.757143,21.27143,10.7,64.75715,2.257143,0.32857147,2.7142856,3.6285715,17.9,6.6533685e-06,0.0004968345,-7.345365000000001e-25,3.7252903e-09,0.0,True
1991-09-16,31.365,7.5,15.042857,21.614286,8.985715,65.0,2.1285713,0.3,2.4428573,3.5428572,16.542856,1.9535422e-05,0.00047186762,-7.345365000000001e-25,0.0,0.0,True
1991-09-23,31.35099538303172,5.8999996,14.757143,20.114286,10.7,73.5,1.7285715,0.88571435,1.9285715,3.7857144,15.9,0.00015124679,0.00045058876,-7.345365000000001e-25,9.313226e-09,0.0,True
1991-09-30,31.37,4.4,15.785714,20.185715,11.728571,71.328575,1.557143,0.71428573,2.0285714,3.7428572,15.657143,4.1618943e-05,0.00043246895,-7.345365000000001e-25,5.5879354e-09,0.0,True
1991-10-07,31.312857142857144,5.9,13.0,17.842857,8.885715,70.71429,1.4285716,0.7714286,1.7285715,3.6857142,12.9,2.7261674e-05,0.0004171878,-7.345365000000001e-25,5.5879354e-09,0.0,True
1991-10-14,31.28428571428572,6.5,14.242858,19.628572,10.085714,74.9,1.1285714,0.41428572,1.4857143,3.6,13.771428,3.9592385e-05,0.0004017204,-7.345365000000001e-25,3.7252903e-09,0.0,True
1991-10-21,31.268571428571427,9.799999,8.442857,12.942857,4.785714,72.828575,1.1,0.7285714,1.2857143,3.8142858,8.985714,3.1128526e-05,0.00038861483,-7.345365000000001e-25,3.7252903e-09,0.0,True
1991-10-28,31.21,1.8,4.5,8.828572,0.35714287,74.057144,0.6285714,0.40000004,0.78571427,3.7571428,4.885714,3.695488e-06,0.00037717074,-7.345365000000001e-25,0.0,0.0,True
1991-11-04,31.212857142857143,7.2999997,5.2428575,8.971429,1.6857141,71.38572,0.7571429,0.5428571,0.9714286,3.6857142,4.0142856,3.97861e-05,0.0003665164,-7.345365000000001e-25,6.891787e-08,7.4505806e-08,True
1991-11-11,31.19,39.8,5.5285716,7.971429,3.2,83.557144,0.7428571,0.67142856,0.7,4.714286,4.9428573,0.00026227534,0.00035712868,4.6151026e-06,0.0001244042,0.00011917949,True
1991-11-18,31.15142857142857,0.5,5.2571425,7.3142858,3.3714287,79.18572,0.4,0.35714287,0.6571428,5.5,4.385714,3.4086406e-05,0.00034897774,-7.345365000000001e-25,3.7252903e-09,0.0,True
1991-11-25,31.085714285714285,3.6000001,2.5857143,4.7571425,0.028571397,84.78571,0.21428573,0.18571429,0.3857143,5.5857143,1.9714285,4.094839e-05,0.00034194067,4.2007082e-07,7.227063e-07,1.0579824e-06,True
1991-12-02,31.02428571428572,0.0,3.0285716,4.6857142,1.5285714,87.88572,0.114285715,0.071428575,0.3285714,5.614286,2.2285714,7.8231096e-07,0.00033591688,1.0842368e-06,3.663823e-06,6.3739717e-06,True
1991-12-09,30.978571428571428,0.9,0.7428571,3.457143,-1.3857144,82.17143,0.14285715,0.11428572,0.44285712,5.6,0.78571427,2.886355e-05,0.00033047795,8.481457e-05,0.00021402165,0.00031322613,True
1991-12-16,30.942500000000003,0.0,-1.0000001,1.457143,-4.3857145,74.37142,0.15714286,0.12857144,0.37142855,5.6,-1.5285715,9.834766e-07,0.00032558292,8.6523236e-05,4.9600378e-05,3.1292439e-06,True
1991-12-23,30.95142857142857,32.8,4.1285715,6.2571435,1.1857144,83.442856,0.61428577,0.61428577,0.6857143,6.8285713,1.1571429,0.00028317422,0.0003211014,0.00041590986,0.0025276858,0.0024330616,True
1991-12-30,30.898571428571422,7.0,3.142857,5.6285715,0.3142857,82.828575,0.45714286,0.45714286,0.5714286,7.6571426,1.7428571,0.00014846027,0.00031735748,0.00041030135,0.003007589,0.0029255226,True
1992-01-06,30.898571428571422,8.9,4.4857144,6.714286,2.1285715,80.40001,0.2,0.1,0.82857144,7.8,1.4,0.0001116097,0.00031476468,1.6541708e-05,6.31921e-05,1.1608005e-05,True
1992-01-13,30.892857142857142,2.3000002,2.3142858,5.2571435,-0.67142856,84.614296,0.34285712,0.34285712,0.47142857,8.457143,1.8285714,9.510666e-05,0.00031306595,8.242471e-06,9.363517e-06,8.505583e-05,True
1992-01-20,30.897142857142857,23.7,3.057143,5.6714287,0.48571423,84.48572,0.5,0.47142857,0.62857145,8.914286,2.6285715,0.00035630167,0.000312306,0.00015945094,9.0567395e-05,0.0010218397,True
1992-01-27,30.872857142857143,0.6,-3.357143,-1.0857142,-6.1714287,85.314285,0.014285714,0.014285714,0.25714287,9.685715,-2.2857144,9.007752e-06,0.0003138259,0.0009966124,0.00025328808,0.00041284785,True
1992-02-03,30.912857142857145,5.6,1.0428572,2.2285714,-0.27142859,91.24286,0.2,0.2,0.3857143,9.614285,-0.24285714,6.93351e-05,0.00031851232,0.0012930008,0.001987759,0.0030132271,True
1992-02-10,30.937142857142856,4.7000003,4.557143,7.3428574,1.757143,82.18572,0.61428577,0.61428577,0.7285714,9.671429,1.3857143,0.0001533106,0.00032449514,0.0005459615,0.0021379814,0.00013488531,True
1992-02-17,30.955714285714286,18.2,4.714286,7.3,2.4857142,86.28571,0.67142856,0.67142856,0.7285714,9.842857,3.6857142,0.0002225563,0.0003328845,0.00016610396,2.6043504e-05,0.0016341582,True
1992-02-24,30.94142857142857,12.400001,2.3714287,4.7000003,-0.3142857,84.51429,0.55714285,0.5428571,0.7,10.014286,1.5428572,0.00013525039,0.000345923,0.0012784515,0.0025633182,0.0011262968,True
1992-03-02,30.972857142857144,1.0,6.3285713,12.157144,1.9714286,75.200005,0.95714283,0.8714286,1.1142857,9.828571,4.8285713,1.3440847e-05,0.00036261976,1.4208612e-05,5.2275136e-05,0.0,True
1992-03-09,31.002857142857145,7.3,7.3428574,11.385715,4.071429,73.32857,1.2714287,1.1,1.3571428,9.514286,6.4142857,0.0001077652,0.00037910044,-7.345365000000001e-25,2.719462e-07,0.0,True
1992-03-16,31.062857142857144,24.5,3.642857,7.828572,0.15714288,73.542854,1.5428572,1.4857143,1.4428571,9.842857,3.9285715,0.0006712973,0.0003946349,0.0007016545,0.0006449539,0.003197752,True
1992-03-23,31.091428571428573,26.0,6.428571,10.085714,3.0571427,80.40001,1.1142857,1.0857143,1.2142857,10.214286,6.142857,0.0004968941,0.00042052567,0.00047287488,0.0020920094,9.611249e-07,True
1992-03-30,31.15857142857143,18.4,3.4285715,6.1285715,0.90000004,80.82857,0.94285715,0.94285715,1.1285714,10.585714,3.8714285,0.00035329908,0.00047135353,0.00019327232,0.0008422211,0.001017239,True
1992-04-06,31.185714285714287,6.1,6.457143,11.585715,2.2142856,71.92857,1.6285714,1.557143,1.8857144,10.014286,7.0571427,0.00014826655,0.00054898113,1.6036487e-05,0.00015107915,0.0,True
1992-04-13,31.20428571428572,3.8000002,9.828572,14.685715,4.2714286,56.68572,2.2,1.8,2.5571427,9.328571,10.414286,3.1977892e-05,0.0006154552,-7.345365000000001e-25,4.8428774e-08,0.0,True
1992-04-20,31.23428571428571,13.2,6.557143,10.6285715,3.3142858,72.3,2.0857143,1.8714285,2.1142857,8.942857,7.9714284,0.00028415024,0.0006604418,1.1234057e-05,7.498078e-05,7.6413155e-05,True
1992-04-27,31.25857142857143,9.3,12.342857,17.385715,6.6857147,60.0,2.6857142,2.1857142,2.8999999,8.228572,12.571428,0.00013488531,0.000690721,-7.345365000000001e-25,2.1234155e-07,0.0,True
1992-05-04,31.24571428571429,6.1,11.114286,15.471429,5.8142858,64.91428,2.2285714,1.7857143,2.5142858,7.6285715,12.342857,7.8849494e-05,0.00070833415,-7.345365000000001e-25,1.8626451e-09,0.0,True
1992-05-11,31.24857142857143,18.7,11.2,15.757143,6.7571435,69.942856,2.4,2.0285714,2.5857143,7.1714287,12.8714285,0.00026373565,0.00071469694,-7.345365000000001e-25,3.7252903e-09,0.0,True
1992-05-18,31.195714285714285,0.1,16.314287,21.84286,9.8,57.8,3.6285713,2.5571427,4.3285713,6.885714,17.328571,1.1742115e-05,0.00071388483,-7.345365000000001e-25,3.7252903e-09,0.0,True
1992-05-25,31.2025,0.0,20.285715,25.942858,12.67143,42.55714,5.1857142,1.6714286,5.7571425,5.8714285,20.7,5.5134296e-07,0.0006964579,-7.345365000000001e-25,0.0,0.0,True
1992-06-01,31.21,0.0,19.4,24.428572,12.614286,47.11429,4.8285713,0.7714285,5.4857144,5.3714285,20.157143,4.373491e-06,0.0006676167,-7.345365000000001e-25,3.7252903e-09,0.0,True
1992-06-08,31.222857142857144,3.7,21.685715,27.300001,16.357143,49.828575,5.2571435,1.1142857,6.0142856,5.1714287,22.042856,4.9322844e-06,0.00063090026,-7.345365000000001e-25,3.7252903e-09,0.0,True
1992-06-15,31.212857142857143,7.8,18.042858,23.142857,13.014287,63.028572,3.542857,1.1428572,3.8142858,5.0142856,20.2,4.1887164e-05,0.00059513,-7.345365000000001e-25,3.7252903e-09,0.0,True
1992-06-22,31.21142857142857,1.3,20.285715,25.2,14.257143,50.457146,4.7000003,0.78571427,5.1571426,4.757143,22.2,3.0696392e-06,0.0005625859,-7.345365000000001e-25,3.7252903e-09,0.0,True
1992-06-29,31.207142857142856,0.0,21.157145,26.985716,12.928572,43.414284,5.2999997,0.6285714,5.7571425,4.4857144,23.471428,6.854534e-07,0.0005205348,-7.345365000000001e-25,0.0,0.0,True
1992-07-06,31.24714285714285,46.1,20.97143,26.485716,16.014286,59.2,4.2285714,1.0285714,4.2714286,4.5571427,23.014286,8.884072e-05,0.00047428906,-7.345365000000001e-25,1.1175871e-08,0.0,True
1992-07-13,31.30142857142857,8.8,20.357143,25.714285,14.042857,58.628574,4.042857,2.2857144,4.3857145,4.7714286,22.3,5.081296e-05,0.0004452169,-7.345365000000001e-25,0.0,0.0,True
1992-07-20,31.31,13.1,19.714285,24.585714,13.928572,65.28571,3.8857143,2.3285713,3.8285713,4.5285716,21.328571,4.927069e-05,0.00042021275,-7.345365000000001e-25,3.7252903e-09,0.0,True
1992-07-27,31.31,10.5,21.457144,28.128572,16.228573,62.285713,4.5,2.3999999,4.7285714,4.457143,23.985714,2.5764108e-05,0.00039001554,-7.345365000000001e-25,3.7252903e-09,0.0,True
1992-08-03,31.31428571428572,0.0,21.885714,28.114286,15.028572,56.31429,4.371428,1.2714287,4.871429,4.0571427,23.27143,1.23903155e-05,0.00036036223,-7.345365000000001e-25,3.7252903e-09,0.0,True
1992-08-10,31.31142857142857,11.200001,23.942858,31.057144,16.97143,52.44286,5.042857,0.6857143,5.2571425,3.7571428,24.77143,8.068979e-06,0.00032991916,-7.345365000000001e-25,9.313226e-09,0.0,True
1992-08-17,31.32857142857143,15.8,17.242857,21.4,13.828572,70.75715,2.7857144,1.1142856,2.9428573,3.9285715,19.357143,7.741153e-05,0.00030481815,-7.345365000000001e-25,7.450581e-09,0.0,True
1992-08-24,31.325714285714287,14.0,18.942858,23.571428,13.742858,65.51429,2.7428572,1.6428572,3.2285714,3.9571428,19.914286,2.9057264e-05,0.00028956681,-7.345365000000001e-25,0.0,0.0,True
1992-08-31,31.342857142857145,39.3,20.157145,25.557144,15.857142,75.185715,2.642857,1.9571428,2.7714286,4.2,20.785715,0.00039726496,0.0002759993,-7.345365000000001e-25,5.5879354e-09,0.0,True
1992-09-07,31.34,14.799999,13.071428,17.171429,9.314286,77.828575,1.8857143,1.7142857,2.1285713,5.3428574,14.385715,0.00018791854,0.00026518106,-7.345365000000001e-25,1.1175871e-08,0.0,True
1992-09-14,31.324285714285715,0.6,14.028572,19.157145,9.757143,73.72858,1.8000001,1.3571428,2.1714284,5.0,16.071428,1.655519e-05,0.00025548786,-7.345365000000001e-25,0.0,0.0,True
1992-09-21,31.32428571428571,0.5,14.1,18.7,9.5,69.557144,1.6428572,1.1,2.0571427,4.542857,15.1,5.789101e-06,0.0002464354,-7.345365000000001e-25,3.7252903e-09,0.0,True
1992-09-28,31.33285714285714,3.3,15.6285715,21.042858,10.599999,75.557144,1.4428571,0.9142857,1.9285715,4.285714,16.328571,3.1091273e-05,0.00023752451,-7.345365000000001e-25,5.5879354e-09,0.0,True
1992-10-05,31.33857142857143,7.3,10.8714285,15.514287,6.6857147,70.72857,1.0857143,0.6571428,1.6999999,4.042857,12.457143,1.4744699e-05,0.000229612,-7.345365000000001e-25,3.7252903e-09,0.0,True
1992-10-12,31.33857142857143,3.2,8.2,11.6,5.0285716,84.814285,0.6,0.45714286,0.8,4.4142857,9.171429,6.759912e-05,0.00022361428,-7.345365000000001e-25,7.450581e-09,0.0,True
1992-10-19,31.35142857142857,4.6000004,5.0,9.842857,0.7285715,73.957146,0.7285714,0.5428571,0.90000004,4.3428574,5.2714286,1.7404556e-05,0.0002180785,-7.345365000000001e-25,0.0,0.0,True
1992-10-26,31.36285714285714,15.6,4.7428575,8.5,1.8857143,85.471436,0.54285717,0.4857143,0.62857145,4.4857144,5.142857,0.00013381243,0.0002130419,3.8090207e-06,2.351217e-05,3.946945e-05,True
1992-11-02,31.33857142857143,11.7,3.3714287,6.3,0.057142854,85.685715,0.3857143,0.32857147,0.4714286,5.5571427,3.4571428,0.00011423975,0.00020883977,5.7163693e-06,2.090633e-05,6.2696636e-06,True
1992-11-09,31.321428571428573,3.1,7.3857145,10.1,4.871429,80.78571,0.59999996,0.5142857,0.7571429,5.8,6.3142858,6.322563e-05,0.00020503253,9.650276e-08,2.618879e-06,0.0,True
1992-11-16,31.345714285714287,19.0,4.9000006,7.214286,2.2285714,86.87142,0.55714285,0.55714285,0.61428577,6.214286,3.6285715,0.00015825778,0.00020179152,3.7023e-05,0.00013529137,0.00018417463,True
1992-11-23,31.322857142857146,19.699999,4.0285716,6.1857142,2.1285715,85.15714,0.55714285,0.55714285,0.6,6.8428574,2.9714286,0.00017031282,0.00019911677,0.000221383,0.0010197759,0.0011581555,True
1992-11-30,31.29,25.5,5.2428575,7.9000006,3.0428574,88.98572,0.5285714,0.5428571,0.5142857,7.7714286,3.9,0.00019142032,0.00019716471,3.1283922e-05,0.00021251291,0.0,True
1992-12-07,31.28857142857143,9.0,4.3142858,7.1142855,1.6285715,81.542854,0.37142858,0.35714287,0.55714285,8.285714,2.8857143,0.00012494624,0.00019589812,3.8129943e-05,8.878857e-05,0.00015553087,True
1992-12-14,31.25,24.4,4.1285715,4.957143,2.2142856,87.557144,0.37142858,0.35714287,0.4714286,8.842857,2.3285713,0.00025492907,0.00019525737,6.122816e-05,0.000337122,0.00027027354,True
1992-12-21,31.22428571428572,21.8,1.8857144,4.1,0.014285688,89.457146,0.17142858,0.17142858,0.12857144,9.842857,0.94285715,0.00029024482,0.0001956448,0.00035250187,0.00031459518,0.0023234338,True
1992-12-28,31.19666666666667,0.0,-4.3857145,-1.9000002,-6.7428575,83.957146,0.0,0.0,0.14285715,10.228572,-2.0,5.662441e-07,0.00019840151,0.001969309,1.4901161e-07,0.00026480854,True
1993-01-04,31.222857142857144,0.2,-6.414286,-3.8285716,-8.385715,83.47143,0.0,0.0,0.21428572,10.2,-1.8,3.427267e-07,0.00020352751,0.0029954228,8.292496e-06,0.0011547301,True
1993-01-11,31.25142857142857,17.900002,4.6857147,6.914286,0.8714285,82.4,0.5285714,0.5285714,0.59999996,10.314285,0.44285715,0.0004035607,0.00020963699,0.0008449214,0.0032037254,0.0,True
1993-01-18,31.27428571428572,10.700001,7.042857,10.671428,4.0285716,69.74286,1.0142857,0.98571426,1.1714286,10.385715,3.5,0.0002651438,0.00022063404,-7.345365000000001e-25,2.9988587e-07,0.0,True
1993-01-25,31.302857142857142,15.1,6.357143,9.414286,3.5714285,76.057144,1.2714285,1.2571429,1.2571429,10.028571,4.7714286,0.00021319091,0.00023851544,3.1959444e-06,2.4754554e-06,8.973479e-05,True
1993-02-01,31.264285714285712,6.2,-1.8428571,1.0714285,-4.5285716,81.814285,0.18571429,0.18571429,0.40000004,10.257143,-0.12857144,9.459257e-05,0.00025937706,0.003964714,0.00034506805,0.004867688,True
1993-02-08,31.265,7.7999997,0.78571427,2.8285716,-1.8000001,89.90001,0.18571429,0.18571429,0.31428573,10.257143,-0.55714285,0.00018152595,0.00028403848,0.0033444734,0.003727235,0.0003646426,True
1993-02-15,31.265,0.9,1.2,3.2857144,-0.14285715,87.685715,0.20000002,0.20000002,0.45714286,10.214286,0.21428572,3.066659e-05,0.00031090528,0.00062692165,0.0010892563,0.0003535077,True
1993-02-22,31.32,25.1,1.1714286,3.3714287,-1.4142858,80.98572,0.6285714,0.6285714,0.7285715,10.4,0.8428571,0.00028154254,0.00033964217,0.0028483358,0.0042705443,0.0128242895,True
1993-03-01,31.3,2.8,-0.5,2.3,-3.0142858,78.200005,0.35714287,0.34285715,0.7428571,10.285714,-0.071428575,9.936094e-05,0.0003733039,0.0089474,0.0047979485,0.0040729083,True
1993-03-08,31.31714285714286,1.8000001,0.20000002,3.0571427,-2.6571429,73.90001,0.47142857,0.42857143,0.88571423,10.042857,0.31428573,9.075552e-05,0.00041032583,0.0044664256,0.004691202,0.0021431185,True
1993-03-15,31.32,2.7,6.1,11.2,0.50000006,68.557144,1.0714285,0.90000004,1.2714285,9.657143,4.6857142,5.7950616e-05,0.000446558,0.00068799657,0.0019723605,2.656132e-06,True
1993-03-22,31.34857142857143,5.2,9.342857,13.371429,5.7428575,68.74286,1.7285715,1.5,1.7571429,9.2,8.1285715,0.00010395795,0.00047867373,2.3387727e-06,2.8738752e-05,0.0,True
1993-03-29,31.34142857142857,2.9,3.2,7.2000003,0.5571429,67.07143,1.357143,1.2,1.6714286,8.7,4.8,0.00012347102,0.00050441176,0.00019061565,0.00019265525,0.0011695661,True
1993-04-05,31.358571428571427,2.5,6.1142855,9.828572,2.2571428,68.0,1.3142856,1.0428572,1.7285715,8.257143,6.357143,3.2238662e-05,0.0005249083,0.0003904615,0.0013231318,0.0005014278,True
1993-04-12,31.357142857142858,3.8,5.557143,9.885715,1.7428572,64.957146,1.7,1.4,2.0285714,8.042857,6.9428573,0.0001764968,0.00054032356,6.584894e-07,5.673617e-06,2.1234155e-06,True
1993-04-19,31.36285714285714,8.6,10.1285715,14.842857,4.414286,55.014286,2.4714284,1.8999999,2.8,7.4,10.042857,7.132441e-05,0.00054904073,-7.345365000000001e-25,2.5331974e-07,0.0,True
1993-04-26,31.3625,0.0,17.47143,23.5,10.5,47.04286,4.3285713,2.6571429,4.5142856,6.5857143,16.214285,3.3453107e-06,0.0005491227,-7.345365000000001e-25,0.0,0.0,True
1993-05-03,31.365,1.6,18.814285,25.357143,12.728572,47.585716,4.5714283,1.1142857,4.7714286,5.7285714,18.571428,2.861023e-06,0.00053456426,-7.345365000000001e-25,0.0,0.0,True
1993-05-10,31.355,8.700001,15.085714,20.385714,9.142858,56.8,3.4285715,0.7285714,3.7285712,5.5571427,15.985714,1.3038516e-05,0.00051778555,-7.345365000000001e-25,3.7252903e-09,0.0,True
1993-05-17,31.386666666666667,5.3,18.414288,24.157145,12.457144,49.18572,4.642857,0.7285714,4.942857,5.3428574,19.971428,3.7103891e-06,0.0004950538,-7.345365000000001e-25,0.0,0.0,True
1993-05-24,31.37,24.8,18.62857,23.885715,13.471429,64.24286,3.742857,1.3,4.071429,5.8285713,19.442858,0.00026875734,0.00046919286,-7.345365000000001e-25,0.0,0.0,True
1993-05-31,31.40833333333333,36.5,15.157144,19.77143,10.542857,75.12858,2.9142854,2.5714285,2.8428571,6.757143,17.642857,0.000415951,0.0004535541,-7.345365000000001e-25,0.0,0.0,True
1993-06-07,31.40142857142857,2.8999999,17.957144,23.142857,11.442858,56.771427,3.6000001,2.7428572,4.214286,6.5,20.542856,3.4347177e-05,0.0004389882,-7.345365000000001e-25,3.7252903e-09,0.0,True
1993-06-14,31.41142857142857,66.799995,18.114286,22.757143,13.914286,68.24286,3.457143,2.4571426,3.4857142,6.6714287,20.27143,0.0023912638,0.0005580336,-7.345365000000001e-25,0.0,0.0,True
1993-06-21,31.414,17.5,14.928572,18.37143,11.0,73.52857,2.785714,2.585714,2.8714287,8.085714,17.028572,0.00092099607,0.000412412,-7.345365000000001e-25,7.450581e-09,0.0,True
1993-06-28,31.42571428571429,8.1,13.814286,17.585714,10.3,70.08572,2.642857,2.3999999,2.885714,7.757143,16.342857,0.00016906857,0.00040707737,-7.345365000000001e-25,0.0,0.0,True
1993-07-05,31.414285714285715,7.1,18.957142,24.128572,12.257143,60.34286,3.914286,2.9428573,4.342857,7.0142856,21.642857,7.298589e-05,0.00040038675,-7.345365000000001e-25,3.7252903e-09,0.0,True
1993-07-12,31.42428571428572,12.0,15.242858,20.157145,11.514285,69.92857,3.214286,2.7714288,3.3999999,6.9714284,17.214285,0.00029554963,0.0003921464,-7.345365000000001e-25,3.7252903e-09,0.0,True
1993-07-19,31.41714285714286,24.300001,16.942858,21.028574,12.971429,75.471436,2.8142858,2.5714285,3.142857,7.4142857,19.4,0.00018348545,0.0003857687,-7.345365000000001e-25,7.450581e-09,0.0,True
1993-07-26,31.42428571428572,23.5,16.257143,21.02857,12.728572,73.22858,2.914286,2.7285714,3.2857144,7.6,18.242857,0.00021503866,0.00037945807,-7.345365000000001e-25,1.1175871e-08,0.0,True
1993-08-02,31.40285714285714,18.6,18.171429,22.757143,13.2,75.62858,2.9857144,2.7428572,3.1285713,8.0,19.442858,0.00031699985,0.00037407875,-7.345365000000001e-25,1.4901161e-08,0.0,True
1993-08-09,31.40714285714285,22.9,18.4,22.942858,14.714286,75.0,2.6857145,2.357143,3.042857,7.6714287,20.942858,0.00018354505,0.0003689155,-7.345365000000001e-25,1.8626451e-09,0.0,True
1993-08-16,31.4,2.8,18.857143,24.214285,13.157144,66.27143,3.2714286,2.6285713,3.7,7.4714284,20.214285,0.00200589,0.00036529452,-7.345365000000001e-25,7.450581e-09,0.0,True
1993-08-23,31.382,5.0,15.642858,20.4,11.471429,69.88572,2.3142855,1.7714285,2.8142858,6.7714286,19.22857,7.146597e-05,0.00035984814,-7.345365000000001e-25,1.8626451e-09,0.0,True
1993-08-30,31.365,14.1,13.0,17.642859,8.428572,76.18572,1.7857143,1.4,2.2142856,6.642857,15.585714,9.660423e-05,0.00035553426,-7.345365000000001e-25,7.450581e-09,0.0,True
1993-09-06,31.380000000000003,22.5,12.3714285,16.071428,9.2,82.814285,1.4428571,1.3857144,1.7285715,7.3142858,13.671429,0.0002468601,0.0003521815,-7.345365000000001e-25,9.313226e-09,0.0,True
1993-09-13,31.39428571428571,34.699997,13.785714,18.185715,10.285714,84.51429,1.2285715,1.1428572,1.6857144,7.9,15.214286,0.00060519576,0.0003497973,-7.345365000000001e-25,7.450581e-09,0.0,True
1993-09-20,31.367142857142856,8.9,11.557143,15.5,8.114286,80.18572,1.2571429,1.1857144,1.6142857,9.028571,12.228572,0.001113385,0.0003535673,-7.345365000000001e-25,7.450581e-09,0.0,True
1993-09-27,31.33142857142857,1.7,15.157144,18.857143,11.7,81.75715,1.0571429,0.9714286,1.4857142,8.785714,14.985714,0.00011368096,0.00037004054,-7.345365000000001e-25,5.5879354e-09,0.0,True
1993-10-04,31.307142857142857,1.5999999,11.328572,15.257143,8.071428,71.61429,1.1714286,0.9857143,1.8285714,8.5,11.842857,5.8464706e-05,0.00038726628,-7.345365000000001e-25,7.450581e-09,0.0,True
1993-10-11,31.28428571428572,12.2,12.900001,17.671429,8.8,81.700005,0.9714286,0.82857144,1.2571429,8.342857,13.157143,0.00013343245,0.00040087104,-7.345365000000001e-25,3.7252903e-09,0.0,True
1993-10-18,31.22142857142857,4.8,8.8714285,13.6285715,5.285714,78.21429,0.7999999,0.7285714,1.0428572,8.457143,9.442857,7.074326e-05,0.00041274726,-7.345365000000001e-25,5.5879354e-09,0.0,True
1993-10-25,31.24142857142857,2.2,5.6857142,8.3714285,3.0857143,78.828575,0.4857143,0.42857146,0.8428572,8.442857,5.6571426,2.1129847e-05,0.00042373687,-7.345365000000001e-25,0.0,0.0,True
1993-11-01,31.198571428571427,0.0,5.0,8.1285715,1.9142858,84.47143,0.2857143,0.22857144,0.5,8.414286,4.714286,1.1190772e-05,0.00043408573,-7.345365000000001e-25,0.0,0.0,True
1993-11-08,31.207142857142856,7.1,4.1,5.871429,2.2428572,93.28571,0.14285715,0.12857142,0.34285715,8.4,3.7428572,7.854402e-05,0.00044332445,-7.345365000000001e-25,0.0,0.0,True
1993-11-15,31.18428571428572,11.7,4.285714,6.428571,2.3142858,90.1,0.29999998,0.2857143,0.37142858,8.885715,3.8428571,0.00018779933,0.00045209378,-7.345365000000001e-25,5.5879354e-09,4.8428774e-08,True
1993-11-22,31.15857142857143,9.8,-1.9428571,-0.22857144,-3.6714287,83.64286,0.042857144,0.042857144,0.3857143,9.514286,0.3,6.8694353e-06,0.00046221912,0.001988184,2.4586916e-07,0.014140673,True
1993-11-29,31.14428571428571,0.1,-3.5857143,-1.7285715,-5.571429,86.88572,0.0,0.0,0.25714287,9.985714,0.0,2.9802322e-08,0.00047533214,0.015240068,0.0,0.0026165694,True
1993-12-06,31.15714285714285,2.0,2.6571429,4.471429,-0.12857138,84.85714,0.24285714,0.25714284,0.5285714,9.914286,2.2428572,0.00035832822,0.00048939884,0.0076211747,0.018933123,0.0019309558,True
1993-12-13,31.17,38.5,4.457143,6.4857144,2.3428571,83.6,0.7000001,0.7000001,0.6571428,10.442857,3.142857,0.0006698966,0.0005147308,0.00025426206,0.0019697752,0.0031270757,True
1993-12-20,31.15,14.2,5.1,8.071428,2.3428574,81.28571,0.5857143,0.5857143,0.8,10.514286,3.142857,0.00029103458,0.0005790591,0.0003231934,0.0014781654,0.00021922216,True
1993-12-27,31.148571428571422,25.699999,1.5714285,2.5714285,0.5285714,91.47143,0.2857143,0.2857143,0.3,10.7,0.98571426,0.0003309399,0.00068516284,0.005491024,0.004566442,0.015177775,True
1994-01-03,31.11428571428572,20.0,2.0714285,4.2000003,0.15714286,87.457146,0.375,0.375,0.27142859,10.6,1.375,0.00091483444,0.00089205056,0.0054012253,0.013988208,0.005709566,True
1994-01-10,31.125714285714285,7.8999996,3.9857144,6.057143,1.8571428,86.18572,0.35714284,0.35714284,0.3857143,10.485714,2.3714285,0.00037854165,0.0012319162,0.0007042885,0.0036103092,0.0006268099,True
1994-01-17,31.115714285714287,10.3,3.6857145,5.7000003,1.6714287,80.97143,0.4857143,0.4857143,0.59999996,10.328571,3.0142858,0.00024287403,0.001639165,7.4324154e-05,0.000330545,0.000104248524,True
1994-01-24,31.08714285714285,17.4,2.857143,4.2857146,0.7285715,83.200005,0.55714285,0.54285717,0.62857145,10.3714285,1.0571429,0.00034286827,0.0019667447,0.0011542978,0.0035109632,0.0035369694,True
1994-01-31,31.12285714285714,47.100002,4.0285716,6.8857145,1.8142859,82.51429,0.9714287,0.9714287,0.7428571,10.885715,2.9571428,0.0015467554,0.0027945712,0.00018283867,0.00159969,0.0016328581,True
1994-02-07,31.12,0.0,2.4857144,4.1857142,0.8714286,75.87144,0.45714286,0.45714286,0.7571429,10.228572,1.3714286,1.9565225e-05,0.0033144653,9.809221e-05,0.00018799864,0.00015543774,True
1994-02-14,31.1,0.9,-1.0000001,2.057143,-3.2428572,72.72857,0.22857144,0.22857144,0.67142856,10.1,0.2,4.1797757e-05,0.003834419,0.0007232995,0.00020106323,0.0019324794,True
1994-02-21,31.113333333333333,0.9,-3.3142858,-0.12857144,-6.4428573,64.98572,0.08571429,0.08571429,0.8,10.085714,-2.2142856,1.847744e-06,0.004063785,0.0024237633,6.5343454e-05,0.005527217,True
1994-02-28,31.14428571428571,4.6,0.39999995,3.8857143,-3.642857,80.5,0.3,0.27142859,0.5714286,10.185715,-0.18571429,0.00016842037,0.004172392,0.007987505,0.0087563675,0.0050339587,True
1994-03-07,31.115714285714287,18.6,4.414286,7.1714287,1.4714288,82.40001,0.9714285,0.9714285,0.9142857,10.3,2.3428571,0.0004729852,0.0042213723,0.0008344991,0.002768837,0.00075241923,True
1994-03-14,31.12142857142857,14.5,7.6714287,11.214286,4.157143,76.94286,1.2285715,1.1857144,1.2571429,10.228572,6.257143,0.000305973,0.00433553,6.584894e-07,7.526949e-06,0.0,True
1994-03-21,31.15,32.9,3.2142856,6.357143,1.3000001,82.98572,1.1857144,1.1857144,1.0142857,10.8714285,3.942857,0.0009473637,0.004558511,0.00080071174,0.0037504565,0.0059292354,True
1994-03-28,31.162857142857145,21.7,6.8,10.614286,2.6285713,71.64286,1.7714287,1.7428572,1.6857141,10.414286,6.6285715,0.0005082041,0.005205348,0.00029129643,0.0020772945,3.5651028e-06,True
1994-04-04,31.192857142857143,15.900001,8.214286,14.442858,3.642857,74.88572,1.8285714,1.7285713,1.8714286,9.942857,8.3714285,0.00034667552,0.0060388893,5.676633e-08,1.1026859e-06,0.0,True
1994-04-11,31.21857142857143,16.0,6.1,10.914286,1.2428572,73.72858,1.4857142,1.3571428,1.6714286,9.685715,7.4142857,0.0005287379,0.006448254,2.3444494e-05,0.00012435578,0.00012911856,True
1994-04-18,31.24285714285714,34.2,8.028571,11.785714,4.657143,69.65714,1.5857143,1.542857,1.9142857,10.8,8.785714,0.001555711,0.008586042,-7.345365000000001e-25,2.7380884e-07,0.0,True
1994-04-25,31.264,0.0,13.028572,18.671429,4.6571426,49.285713,3.142857,2.4714284,3.5285716,9.4,13.671429,2.965331e-06,0.008544445,-7.345365000000001e-25,0.0,0.0,True
1994-05-02,31.31142857142857,0.4,13.2,18.84286,8.157144,66.0,2.5285716,1.957143,2.7428572,8.285714,15.528571,1.5750527e-05,0.008339323,-7.345365000000001e-25,7.450581e-09,0.0,True
1994-05-09,31.355,2.9,13.571428,18.942858,6.8,53.957146,3.585714,2.4285715,3.8999999,7.428571,15.142858,5.7712197e-05,0.007878102,-7.345365000000001e-25,0.0,0.0,True
1994-05-16,31.375,2.8,16.4,21.657145,10.814286,56.87143,3.6714284,1.5714285,4.0571427,6.5857143,17.72857,3.7759542e-05,0.0072354674,-7.345365000000001e-25,3.7252903e-09,0.0,True
1994-05-23,31.376666666666665,60.4,13.6,18.0,9.314286,76.87144,2.3714287,1.7428571,2.4714284,7.857143,15.771428,0.00075750053,0.0065786242,-7.345365000000001e-25,3.7252903e-09,0.0,True
1994-05-30,31.355064241670828,8.7,12.585715,16.37143,8.828572,74.01428,2.2,1.9857142,2.5142858,8.671429,15.8714285,9.153783e-05,0.006085381,-7.345365000000001e-25,0.0,0.0,False
1994-06-06,31.345911818488588,13.7,14.528572,19.114286,9.5,67.65714,3.0571427,2.614286,3.2857144,8.042857,16.4,0.00014734268,0.0056409165,-7.345365000000001e-25,3.7252903e-09,0.0,True
1994-06-13,31.325451817304764,5.2000003,14.342857,19.171429,9.271429,72.91429,2.5428574,2.0714285,2.8999999,7.8,17.014286,4.7892332e-05,0.0052248463,-7.345365000000001e-25,0.0,0.0,False
1994-06-20,31.369662247599777,8.200001,14.871429,19.171429,10.042857,65.91429,3.142857,2.4,3.3714287,7.142857,16.957144,3.9450824e-05,0.004812479,-7.345365000000001e-25,3.7252903e-09,0.0,False
1994-06-27,31.368660898410926,0.0,20.0,25.057144,12.857142,53.94286,4.6857142,2.3714287,4.9857144,6.0571427,21.528572,1.3872981e-05,0.004381478,-7.345365000000001e-25,3.7252903e-09,0.0,True
1994-07-04,31.36733933316064,16.7,22.557144,28.800001,15.714286,51.728573,5.2,1.7857144,5.6142855,5.4714284,24.928572,6.676465e-05,0.0039048716,-7.345365000000001e-25,3.7252903e-09,0.0,True
1994-07-11,31.386487532945903,35.4,19.228573,24.542858,14.314286,67.01429,3.542857,2.142857,4.142857,5.928571,22.471428,0.00021146238,0.0034797192,-7.345365000000001e-25,7.450581e-09,0.0,False
1994-07-18,31.396666666666665,7.9999995,23.314287,28.657145,17.285715,56.21429,4.8857145,2.257143,5.3857145,5.2285714,25.72857,1.0818243e-05,0.0031024069,-7.345365000000001e-25,0.0,0.0,True
1994-07-25,31.40333333333333,0.0,24.285715,30.457144,16.328571,41.414284,5.6142855,0.7857142,5.957143,4.742857,25.6,2.9802322e-08,0.002729036,-7.345365000000001e-25,3.7252903e-09,0.0,True
1994-08-01,31.40714285714285,0.5,27.9,34.785713,20.257143,49.528572,5.1857147,0.7,5.7571425,4.5285716,28.542856,8.389354e-06,0.0023454428,-7.345365000000001e-25,3.7252903e-09,0.0,True
1994-08-08,31.416000000000004,0.3,23.914288,29.47143,18.071428,52.471428,4.285714,0.6571428,4.7571425,4.3714285,26.62857,2.5257468e-05,0.002014801,-7.345365000000001e-25,7.450581e-09,0.0,True
1994-08-15,31.422857142857143,36.5,17.814287,22.214285,14.614286,70.957146,2.6,1.3714286,2.8714287,5.4428573,20.057142,0.00024071336,0.0017798096,-7.345365000000001e-25,7.450581e-09,0.0,True
1994-08-22,31.42142857142857,36.2,15.771429,21.085714,11.6285715,73.51429,2.4999998,2.1857142,2.8,6.6285715,18.071428,0.0008994192,0.0016359985,-7.345365000000001e-25,7.450581e-09,0.0,True
1994-08-29,31.414285714285715,19.1,17.528572,21.9,13.0,73.9,2.2142856,2.0285714,2.6571429,7.4,19.114286,0.00028663874,0.0015194863,-7.345365000000001e-25,3.7252903e-09,0.0,True
1994-09-05,31.40571428571429,11.0,16.542858,20.300001,12.771429,76.17143,1.857143,1.6714286,2.2285714,7.8428574,18.12857,0.00019413233,0.0014257804,-7.345365000000001e-25,3.7252903e-09,0.0,True
1994-09-12,31.415714285714284,46.0,14.257143,17.27143,11.1285715,81.41429,1.5000001,1.4857143,1.7571429,8.857142,15.257143,0.007662222,0.001621522,-7.345365000000001e-25,3.7252903e-09,0.0,True
1994-09-19,31.395714285714284,11.6,13.257143,16.27143,10.757143,81.0,1.3857144,1.3428572,1.6999999,9.414286,14.2,0.00019976497,0.001305759,-7.345365000000001e-25,7.450581e-09,0.0,True
1994-09-26,31.36285714285714,0.1,13.685715,18.414288,9.900001,83.185715,1.0857142,0.91428566,1.5142858,9.457143,14.5,5.3942204e-06,0.0012707785,-7.345365000000001e-25,1.8626451e-09,0.0,True
1994-10-03,31.35142857142857,4.6,11.557143,15.042857,7.828572,80.94286,0.8428572,0.6857143,1.1428572,9.1285715,12.985714,8.190423e-05,0.001238443,-7.345365000000001e-25,7.450581e-09,0.0,True
1994-10-10,31.33714285714285,3.4,5.371429,10.657144,1.6428572,78.200005,0.7428571,0.6571428,0.9285714,9.171429,7.5285716,2.1241605e-05,0.0012110695,-7.345365000000001e-25,0.0,0.0,True
1994-10-17,31.327142857142857,0.1,7.8285713,13.185715,3.5,82.18572,0.65714294,0.5285714,0.8142857,8.914286,8.9,3.2261014e-06,0.0011840314,-7.345365000000001e-25,0.0,0.0,True
1994-10-24,31.35428571428572,0.8,7.142857,11.685715,2.6571429,65.48572,0.9714286,0.77142864,1.4142857,8.614285,6.742857,7.368624e-06,0.0011573583,-7.345365000000001e-25,0.0,0.0,True
1994-10-31,31.36428571428572,25.5,9.685715,13.1285715,6.214286,81.557144,0.81428576,0.7714285,0.82857144,8.514286,8.828571,0.00030384213,0.0011325553,-7.345365000000001e-25,7.450581e-09,0.0,True
1994-11-07,31.33857142857143,0.8,8.471429,12.542857,5.3142858,75.799995,0.6857143,0.61428565,0.8428572,8.928572,7.3428574,1.9699335e-05,0.0011103898,-7.345365000000001e-25,3.7252903e-09,0.0,True
1994-11-14,31.352857142857143,13.0,4.7285714,6.871429,1.8142856,79.91429,0.34285715,0.31428573,0.62857145,8.857142,4.6,0.000117234886,0.0010922998,1.7966542e-05,8.599833e-05,8.792803e-05,True
1994-11-21,31.365714285714287,22.9,8.171429,10.557143,5.7714286,83.87144,0.6857143,0.6857143,0.64285713,9.8,6.9428573,0.00019845366,0.0010772198,6.81196e-08,3.6600977e-06,0.0,True
1994-11-28,31.406,7.3999996,6.2000003,8.114286,3.2857144,90.07143,0.3,0.3,0.34285715,10.071428,5.5857143,0.00011461228,0.001066789,-7.345365000000001e-25,5.5879354e-09,0.0,True
1994-12-05,31.415714285714284,4.4,4.642857,7.471429,2.2,84.77143,0.22857143,0.24285713,0.27142859,10.157143,3.2571428,4.7169626e-05,0.00106062,-7.345365000000001e-25,5.5879354e-09,0.0,True
1994-12-12,31.388571428571428,31.8,7.0142856,8.957143,3.7000003,81.971436,0.67142856,0.67142856,0.5428571,10.357142,5.0857143,0.00027289987,0.0010578856,-7.345365000000001e-25,5.5879354e-09,0.0,True
1994-12-19,31.40428571428572,1.8000001,2.1714287,4.957143,0.45714286,83.48572,0.31428573,0.31428573,0.34285715,10.485714,1.9,7.407367e-05,0.0010623336,0.0005850849,0.0007705167,0.0016375072,True
1994-12-26,31.422857142857143,3.1,0.25714287,1.4428571,-1.3000001,87.814285,0.08571429,0.08571429,0.29999998,10.2,0.08571429,1.32620335e-05,0.001078561,0.0008232934,0.00028330646,0.00139492,True
1995-01-02,31.46857142857143,20.0,5.2714286,8.057143,3.4857144,81.957146,0.76,0.76,0.7285714,10.54,4.34,0.00055395067,0.0011061952,0.00079879875,0.0040180534,0.005405873,True
1995-01-09,31.40714285714285,8.3,-4.1714287,-2.4285715,-6.657143,83.17143,0.014285714,0.014285714,0.18571427,10.314285,-1.0,3.2275915e-05,0.0011774004,0.004061807,0.00078722276,0.003701657,True
1995-01-16,31.45142857142857,3.2,1.1,2.9285715,-0.9142857,81.82857,0.38571426,0.38571426,0.44285718,10.357142,-0.071428575,0.00022506714,0.0012673438,0.0055080084,0.005777804,0.0034888424,True
1995-01-23,31.48857142857143,20.1,1.7571429,4.557143,-0.51428574,78.44286,0.59999996,0.59999996,0.61428577,10.342857,0.14285715,0.00049978495,0.0013696849,0.0050410996,0.010069486,0.0075245723,True
1995-01-30,31.51,22.5,4.928571,8.3714285,1.7714285,83.52857,0.82857144,0.82857144,0.71428573,10.514286,3.0142858,0.00073023885,0.0015569702,0.0010346628,0.00867461,0.008371152,True
1995-02-06,31.481428571428573,7.7,5.0,7.3714285,1.2571429,79.48572,0.68571424,0.68571424,0.7714286,10.342857,3.0285714,0.00019274652,0.0020325482,5.207743e-05,0.00019482523,1.2490898e-05,True
1995-02-13,31.54714285714285,22.9,3.7000003,7.2714286,0.21428575,82.02857,0.78571427,0.78571427,0.61428577,10.485714,2.9571428,0.00054474175,0.002576694,0.0014559485,0.005834434,0.005710054,True
1995-02-20,31.562857142857144,17.3,6.2714286,9.614286,3.4857142,77.114296,1.2285715,1.2285715,1.0,10.342857,4.9857144,0.0004626885,0.003235735,1.0683423e-05,0.00010993332,0.0,True
1995-02-27,31.58,15.4,3.9428573,7.428571,1.1428572,78.28571,0.9428572,0.9285715,0.9142857,10.142858,3.8857143,0.00010160357,0.0039275363,8.390063e-06,1.3686717e-05,6.895885e-05,True
1995-03-06,31.59857142857143,5.3,5.5,8.8714285,1.6571429,73.542854,1.1714286,1.1142857,1.1142857,10.014286,4.385714,0.00017559528,0.004444644,8.8226225e-05,0.0008005947,0.0009474978,True
1995-03-13,31.571428571428573,0.0,3.7571428,8.057143,-0.25714284,71.828575,1.1,0.9285714,1.1571429,9.528571,3.9857142,3.9458275e-05,0.0047199056,5.677768e-05,0.00019584969,8.590519e-06,True
1995-03-20,31.618571428571425,6.6,3.0428574,6.4428573,-0.042857144,75.814285,1.0428572,1.0,1.2285715,9.4,2.7428572,0.00027032942,0.0048000216,0.00033341136,0.0018624775,0.0018846579,True
1995-03-27,31.594285714285714,21.0,5.857143,10.114286,2.0142858,68.28571,1.7999998,1.642857,1.7571429,9.228572,5.742857,0.0005733818,0.0047816187,9.017899e-05,0.00016386993,0.0013037995,True
1995-04-03,31.58857142857143,14.5,5.414286,9.042857,1.7571429,75.84286,1.5428572,1.4857143,1.5714285,9.657143,5.0857143,0.0002708435,0.0047669783,0.0020140638,0.006089611,0.0053940155,True
1995-04-10,31.595714285714287,9.4,6.828572,10.185715,3.1285713,64.15714,1.8142856,1.6714284,1.9428571,9.3714285,7.3,0.00022363663,0.004826091,-7.345365000000001e-25,4.172325e-07,0.0,True
1995-04-17,31.594285714285714,11.900001,5.6571426,9.957143,2.0857143,80.77143,1.3285713,1.2142857,1.442857,9.342857,6.957143,0.00040870905,0.004863061,9.434564e-06,0.00012677535,0.00018637255,True
1995-04-24,31.610000000000003,17.5,12.742858,17.171429,7.4857144,64.97143,2.9285715,2.6,3.3,9.614285,11.414286,0.00037437677,0.0049009398,3.7919908e-06,6.259233e-05,0.0,True
1995-05-01,31.61428571428572,1.4000001,11.771429,16.585714,6.585714,59.485714,2.6571426,2.0571427,3.3142858,8.442857,13.885715,7.7068806e-05,0.0048860237,-7.345365000000001e-25,1.8626451e-09,0.0,True
1995-05-08,31.602857142857143,4.6,14.457144,19.87143,7.557143,55.67143,3.5857146,2.4714284,3.8142858,7.3714285,16.657143,9.045005e-05,0.004743643,-7.345365000000001e-25,3.7252903e-09,0.0,True
1995-05-15,31.64,18.599998,8.900001,12.814286,5.414286,73.61428,1.9714288,1.6571428,2.2142856,7.2714286,11.085714,0.000143677,0.004566893,-7.345365000000001e-25,0.0,0.0,True
1995-05-22,31.618571428571432,11.7,11.099999,15.485715,6.071429,65.12858,2.4857144,2.0571427,2.857143,7.542857,13.742857,0.00017993152,0.004374467,-7.345365000000001e-25,0.0,0.0,True
1995-05-29,31.622000000000003,13.2,19.542858,26.100002,11.7,52.97143,4.5571427,2.9714284,5.1714287,6.5571427,20.928572,8.235872e-05,0.0041159615,-7.345365000000001e-25,3.7252903e-09,0.0,True
1995-06-05,31.645714285714284,55.7,14.900001,18.47143,11.885714,82.51429,1.9857143,1.7428572,2.3714287,7.7285714,17.571428,0.0006567836,0.003860496,-7.345365000000001e-25,7.450581e-09,0.0,True
1995-06-12,31.65857142857143,18.1,14.271429,17.685715,10.557143,76.38572,2.1142857,1.942857,2.542857,8.328571,17.157143,0.00043343008,0.0036471114,-7.345365000000001e-25,0.0,0.0,True
1995-06-19,31.66857142857143,20.4,14.342857,18.300001,9.742858,77.17143,2.6,2.3999999,2.7,9.114285,16.471428,0.00066165626,0.0034903884,-7.345365000000001e-25,1.1175871e-08,0.0,True
1995-06-26,31.66,18.9,17.228573,22.085714,12.228571,73.457146,3.2571428,2.8285713,3.585714,8.471429,18.857143,4.9486756e-05,0.0033605695,-7.345365000000001e-25,7.450581e-09,0.0,True
1995-07-03,31.675714285714285,17.6,19.77143,24.785715,13.771429,60.8,4.4428573,3.2857144,4.914286,7.257143,22.642857,6.2182546e-05,0.0031827092,-7.345365000000001e-25,7.450581e-09,0.0,True
1995-07-10,31.65,1.1,21.642857,26.814287,15.257143,57.47143,4.4714284,2.7428572,5.0285716,6.4714284,23.342857,1.0594726e-05,0.00298056,-7.345365000000001e-25,3.7252903e-09,0.0,True
1995-07-17,31.6625,19.7,22.485716,28.37143,17.685715,71.17143,3.9,2.2857144,4.585714,5.9714284,25.414286,0.00022509694,0.0027534142,-7.345365000000001e-25,7.450581e-09,0.0,True
1995-07-24,31.642857142857142,1.3000001,21.257143,26.228573,16.185715,63.600002,3.9142857,2.4285715,4.328572,5.7714286,23.785715,6.432086e-05,0.0025634915,-7.345365000000001e-25,7.450581e-09,0.0,True
1995-07-31,31.635714285714283,0.0,23.300001,29.042858,16.457144,48.357143,4.928571,1.0857143,5.6857142,5.257143,24.72857,1.0728836e-06,0.002350144,-7.345365000000001e-25,3.7252903e-09,0.0,True
1995-08-07,31.64,0.0,22.157145,27.77143,15.900001,54.457146,4.385714,0.54285717,5.0142856,4.9428573,24.7,8.1956387e-07,0.0021138415,-7.345365000000001e-25,3.7252903e-09,0.0,True
1995-08-14,31.627142857142854,2.9,21.014286,27.285715,13.6285715,49.68571,4.214286,0.5285714,4.6571426,4.714286,24.014286,2.3543835e-05,0.0018918812,-7.345365000000001e-25,3.7252903e-09,0.0,True
1995-08-21,31.628,1.4,22.2,27.857143,15.357142,58.47143,3.4428573,0.59999996,4.1285715,4.642857,23.414286,9.1046095e-06,0.00170701,-7.345365000000001e-25,5.5879354e-09,0.0,True
1995-08-28,31.65,11.5,19.057144,24.100002,15.157144,66.47143,2.8428571,0.7571429,3.3428571,4.4857144,21.342857,7.5921416e-05,0.0015348718,-7.345365000000001e-25,9.313226e-09,0.0,True
1995-09-04,31.65600035255192,37.1,13.028572,16.9,10.6,78.08572,1.6285715,1.3000001,1.9428571,6.1285715,14.2,0.00024095178,0.0014232099,-7.345365000000001e-25,1.4901161e-08,0.0,False
1995-09-11,31.6696993040025,9.0,16.157145,21.314285,12.014287,73.542854,2.0,1.6999999,2.3142858,6.6285715,17.2,0.00010460615,0.0013344362,-7.345365000000001e-25,7.450581e-09,0.0,True
1995-09-18,31.58666666666667,0.5,16.2,21.071428,12.371429,74.1,1.5428572,1.1714286,2.1571429,6.257143,17.657143,8.459389e-05,0.0012546107,-7.345365000000001e-25,3.7252903e-09,0.0,True
1995-09-25,31.58142857142857,29.099998,13.157144,16.9,9.7,81.51429,1.1714287,1.0142858,1.5,6.8,14.571428,0.00010930002,0.001186043,-7.345365000000001e-25,5.5879354e-09,0.0,True
1995-10-02,31.578571428571426,23.4,9.385714,13.6,6.8428574,80.48572,1.057143,1.0428572,1.4,7.957143,10.414286,0.00019612908,0.0011274517,-7.345365000000001e-25,5.5879354e-09,0.0,True
1995-10-09,31.548571428571428,0.8,16.528572,21.77143,12.314285,76.14286,1.2285715,1.0142857,1.6,7.9428573,15.942857,2.2381544e-05,0.0010761693,-7.345365000000001e-25,1.8626451e-09,0.0,True
1995-10-16,31.58142857142857,0.1,14.157143,17.9,11.185715,85.314285,0.62857145,0.5,0.9714286,7.6714287,15.185715,1.4215708e-05,0.0010307953,-7.345365000000001e-25,1.8626451e-09,0.0,True
1995-10-23,31.610000000000003,0.3,9.3,14.057143,5.6142855,78.328575,0.7571429,0.61428565,1.0714285,7.4714284,10.542857,8.076429e-06,0.0009919927,-7.345365000000001e-25,5.5879354e-09,0.0,True
1995-10-30,31.607142857142858,2.1,9.828572,14.657144,5.142857,78.21429,0.6857143,0.5428571,0.90000004,7.2285714,9.685715,1.21593475e-05,0.00095531344,-7.345365000000001e-25,5.5879354e-09,0.0,True
1995-11-06,31.608571428571427,25.8,3.5285716,6.057143,0.5714286,84.82857,0.54285717,0.54285717,0.5857143,7.6714287,4.114286,0.00018043816,0.00092379004,0.0013341904,0.0028115846,0.0042406507,True
1995-11-13,31.59857142857143,2.8000002,4.342857,6.9857144,1.1714287,82.84286,0.31428573,0.2857143,0.5142857,8.414286,4.1571426,7.05421e-05,0.00089586526,0.0003213996,0.0013072751,2.577901e-06,True
1995-11-20,31.5825,17.900002,3.4714284,6.428572,1.0142857,81.1,0.44285718,0.42857146,0.59999996,8.757143,3.4142857,9.058416e-05,0.000871256,0.001555897,0.00037321448,0.008855011,True
1995-11-27,31.545714285714286,0.0,0.55714285,3.614286,-2.5714285,85.35714,0.17142858,0.14285715,0.22857143,9.4,0.6142857,8.575618e-05,0.0008502677,0.004856592,0.0070578884,1.0058284e-06,True
1995-12-04,31.516666666666666,3.0,-1.1571429,0.042857144,-2.357143,85.299995,0.014285714,0.014285714,0.44285712,9.4,-0.4857143,1.4550984e-05,0.00083265454,0.0016734884,0.0005753152,0.0008032955,True
1995-12-11,31.515,9.0,-1.8000001,-0.49999997,-3.4,86.3,0.042857144,0.028571429,0.41428572,9.557143,-1.2857143,5.298853e-05,0.0008177161,0.006509656,0.00377368,0.008667372,True
1995-12-18,31.53,0.2,-1.9142857,-0.62857145,-3.1000001,86.02857,0.042857144,0.042857144,0.37142855,9.657143,-1.1142857,7.2047114e-06,0.00080452114,0.0069928793,0.00031457655,0.0015368573,True
1995-12-25,31.56428571428572,20.1,-0.028571453,2.885714,-3.0142858,87.32857,0.12857144,0.114285715,0.4,10.114285,-0.87142855,0.00061017275,0.00079292804,0.005791454,0.009293776,0.0037084147,True
1996-01-01,31.555,0.2,-7.6,-5.2285714,-10.0,81.34286,0.0,0.0,0.27142859,10.333333,-2.8166666,4.917383e-07,0.00078587234,0.0039158664,0.0,0.0014640316,True
1996-01-08,31.525,0.70000005,-3.0142858,-1.0857143,-5.571429,81.98572,0.042857144,0.028571429,0.42857143,10.185715,-2.9714286,2.1442771e-05,0.00078254193,0.0038714523,0.00089952536,0.00037283078,True
1996-01-15,31.52142857142857,0.0,0.61428577,2.2857144,-0.85714287,89.97143,0.114285715,0.114285715,0.27142859,10.1,-0.5714286,2.4490058e-05,0.0007805377,0.0023434502,0.0015550144,9.511039e-05,True
1996-01-22,31.50333333333333,0.1,-3.8285716,-1.7428572,-5.228572,82.37144,0.0,0.0,0.41428572,10.014286,-3.2285714,1.5050173e-06,0.0007794425,0.0020034937,8.619204e-05,0.0007337779,True
1996-01-29,31.5,0.0,-8.271429,-5.4857144,-10.857142,66.67143,0.0,0.0,0.5857143,10.0,-7.8,8.940697e-08,0.0007790178,0.0020277102,0.0,0.0007131621,True
1996-02-05,31.516666666666666,1.6,-3.8714287,-1.3142856,-6.6714287,75.14286,0.0,0.0,0.5285714,10.0,-4.3714285,2.7567148e-07,0.0007787347,0.0028604837,2.0191073e-06,0.0026560538,True
1996-02-12,31.51,4.7,-6.428571,-3.2857146,-10.328572,68.0,0.12857142,0.12857142,0.6571428,10.0,-6.071429,2.6419759e-05,0.0007783398,0.004193993,0.0013555046,0.0018248372,True
1996-02-19,31.525714285714287,22.800001,1.2285715,2.9285715,-0.88571435,84.1,0.40000004,0.40000004,0.7,10.214286,-0.14285715,0.0004355833,0.0007778555,0.0054117953,0.010675993,0.010619044,True
1996-02-26,31.51333333333333,3.6,-1.957143,1.8999999,-5.5142856,74.185715,0.37142855,0.35714287,0.8142857,10.342857,-0.042857144,9.196997e-05,0.0007811263,0.006732583,0.0045965333,0.005090479,True
1996-03-04,31.4875,0.1,0.25714287,4.0285716,-2.3,73.48572,0.4857143,0.4142857,1.0,9.928572,0.22857143,5.3741038e-05,0.0007921457,0.0019967954,0.0023971442,0.0015017465,True
1996-03-11,31.471666666666664,1.5999999,-0.31428573,2.8714287,-3.057143,66.457146,0.68571424,0.58571434,1.3571428,9.7,0.0,2.2113323e-05,0.00080926716,0.0028948954,0.0010965168,0.0039011873,True
1996-03-18,31.485,0.3,0.32857147,2.5428574,-1.7857143,72.442856,0.4142857,0.34285715,1.1999999,9.514286,-0.1,3.924966e-05,0.00082790107,0.0022148972,0.00232693,0.0005488135,True
1996-03-25,31.49,7.5,3.7428572,7.714286,0.0,74.24286,0.9285714,0.7714286,1.3000001,9.271428,2.4142857,9.405613e-05,0.00084252656,0.00017061687,0.000599131,6.9886446e-06,True
1996-04-01,31.516,7.2000003,1.8000001,6.0142856,-1.7857143,71.47143,1.1857144,1.0428572,1.4,9.1,2.2571428,8.520484e-05,0.0008528754,0.0007961364,0.0020481963,0.0042126738,True
1996-04-08,31.52333333333333,0.0,6.9857144,11.585715,1.0142857,65.64286,1.5714285,1.2285713,2.0142858,8.728572,5.457143,3.9353967e-05,0.00085989386,0.0005979254,0.001969101,0.00021835044,True
1996-04-15,31.454,3.2,5.6571426,10.242858,1.1142858,65.0,1.6428572,1.3285714,1.9571428,8.3,6.3285713,6.964803e-05,0.000860706,0.00065398787,0.0024524424,0.0028949566,True
1996-04-22,31.453333333333333,0.0,15.771429,23.057144,5.9,35.785713,4.0285716,2.7428572,4.2428575,7.3428574,14.242857,3.6135316e-06,0.0008527711,3.7306832e-05,0.00026454218,0.0,True
1996-04-29,31.481666666666666,5.5,13.828572,19.857143,8.8714285,61.37143,3.0142858,1.8714287,3.3857143,6.4428573,15.357142,5.7555735e-05,0.0008362457,-7.345365000000001e-25,0.0,0.0,True
1996-05-06,31.525,33.1,11.114286,15.442858,6.0285716,67.98572,2.0714285,1.4857143,2.4428573,6.614286,12.714286,0.0001758486,0.00082012266,-7.345365000000001e-25,0.0,0.0,True
1996-05-13,31.540000000000003,24.6,9.1,11.099999,7.2000003,86.0,1.1428573,0.98571426,1.4285715,7.385714,9.828571,7.5653195e-05,0.0008062944,-7.345365000000001e-25,0.0,0.0,True
1996-05-20,31.562,29.0,13.585715,18.47143,9.842857,78.114296,2.1714287,1.9714285,2.4428573,7.5,15.014286,0.00031009316,0.00079166144,-7.345365000000001e-25,7.450581e-09,0.0,True
1996-05-27,31.54428571428572,26.599998,13.657143,18.071428,9.242858,75.685715,2.6142857,2.4714284,2.7142856,8.157143,15.0,0.00029394776,0.0007722303,-7.345365000000001e-25,7.450581e-09,0.0,True
1996-06-03,31.518571428571427,23.9,15.557143,20.0,10.814286,69.92857,2.9285715,2.4428573,3.3428571,7.8142858,16.942858,0.0001013577,0.00075381994,-7.345365000000001e-25,0.0,0.0,True
1996-06-10,31.52285714285714,6.1,22.042858,27.914288,15.300001,60.92857,4.4571433,3.4,5.1857142,6.9857144,23.828571,2.156198e-05,0.0007296279,-7.345365000000001e-25,3.7252903e-09,0.0,True
1996-06-17,31.527142857142856,0.6,17.328571,22.37143,11.257143,61.5,3.9142857,2.357143,4.442857,5.8714285,21.157143,1.50203705e-05,0.0006976053,-7.345365000000001e-25,0.0,0.0,True
1996-06-24,31.558,5.4,13.228572,16.328571,10.2,69.1,2.3428571,1.0857142,2.642857,5.2,15.857142,2.4333596e-05,0.0006691739,-7.345365000000001e-25,3.7252903e-09,0.0,True
1996-07-01,31.54714285714286,16.8,15.385715,19.857143,10.971429,71.557144,2.6285713,1.2142857,2.957143,5.1,16.885714,0.00011062622,0.00064525753,-7.345365000000001e-25,7.450581e-09,0.0,True
1996-07-08,31.56142857142857,31.8,15.614286,20.314287,11.6285715,77.21429,2.7571428,2.1571429,3.0714285,5.8142858,17.457144,0.0011754632,0.0006219521,-7.345365000000001e-25,7.450581e-09,0.0,True
1996-07-15,31.53857142857143,2.1,16.914288,20.357143,13.357142,74.185715,2.7,2.2571428,3.0,7.2714286,17.9,0.00010947883,0.0006038323,-7.345365000000001e-25,1.1175871e-08,0.0,True
1996-07-22,31.5225,3.9,15.971429,21.171429,9.657143,59.657143,3.3999999,2.485714,4.0,6.4142857,19.2,2.6389956e-05,0.0005848259,-7.345365000000001e-25,0.0,0.0,True
1996-07-29,31.535714285714285,33.0,18.357143,22.314285,13.800001,74.40001,2.9285715,2.2,3.0,6.5,20.5,0.00022393465,0.0005642697,-7.345365000000001e-25,3.7252903e-09,0.0,True
1996-08-05,31.52428571428572,15.0,18.4,22.685715,13.771429,70.21429,2.857143,2.1142857,3.3857143,6.2714286,21.071428,0.000104919076,0.0005470067,-7.345365000000001e-25,0.0,0.0,True
1996-08-12,31.52333333333333,4.0,19.914288,24.728573,15.542857,64.02857,3.3857143,2.2285714,4.0857143,5.4142857,21.571428,0.000120431185,0.0005278364,-7.345365000000001e-25,9.313226e-09,0.0,True
1996-08-19,31.518,36.8,18.228573,23.17143,14.328572,79.74286,2.2,1.7428572,2.6571429,5.7,19.842857,0.00025123358,0.0005118847,-7.345365000000001e-25,0.0,0.0,True
1996-08-26,31.5225,6.2000003,21.042858,27.300001,15.828572,64.01429,3.2857144,2.1142857,4.0571427,5.2,22.214285,0.00015421212,0.00049449503,-7.345365000000001e-25,3.7252903e-09,0.0,True
1996-09-02,31.505714285714284,1.1,16.342857,20.914288,12.085714,72.328575,1.942857,1.3857144,2.542857,5.4,17.842857,0.000931859,0.00048021972,-7.345365000000001e-25,1.8626451e-09,0.0,True
1996-09-09,31.46,12.5,13.428572,18.242857,9.585714,71.38572,1.8714286,1.3571428,2.4142857,5.5285716,15.2,5.9977174e-05,0.00046703964,-7.345365000000001e-25,0.0,0.0,True
1996-09-16,31.43285714285714,15.299999,11.400001,15.228572,7.6,76.71429,1.2857143,1.042857,1.7142857,5.8428574,12.514286,0.00016073883,0.0004562959,-7.345365000000001e-25,1.8626451e-09,0.0,True
1996-09-23,31.39428571428571,0.1,10.157143,14.085715,7.057143,72.200005,1.0857142,0.8,1.9,5.757143,10.7,8.359551e-06,0.0004466772,-7.345365000000001e-25,5.5879354e-09,0.0,True
1996-09-30,31.382857142857144,15.200001,11.485715,14.814286,8.357142,83.94286,0.8000001,0.7,1.1142857,6.0,11.514286,0.00015969574,0.00043861568,-7.345365000000001e-25,9.313226e-09,0.0,True
1996-10-07,31.383333333333336,14.900001,10.928572,15.428572,7.614286,82.38572,0.87142855,0.78571427,1.1142857,6.6,11.528571,0.00021159649,0.00043158233,-7.345365000000001e-25,0.0,0.0,True
1996-10-14,31.36,0.1,11.400001,16.057142,7.3428574,81.41429,0.7285715,0.55714285,1.0,6.5,11.214286,5.90086e-06,0.00042574853,-7.345365000000001e-25,1.8626451e-09,0.0,True
1996-10-21,31.37,12.0,10.928572,14.328572,7.8142858,87.54286,0.51428574,0.47142857,0.7285714,6.6571426,10.485714,0.0001887083,0.0004208088,-7.345365000000001e-25,1.8626451e-09,0.0,True
1996-10-28,31.40537282287729,18.0,8.5,11.857142,4.914286,85.200005,0.55714285,0.4857143,0.6571428,7.114286,7.8285713,0.00017754734,0.00041726977,-7.345365000000001e-25,5.5879354e-09,0.0,False
1996-11-04,31.435,6.2000003,10.857142,13.1,8.914286,80.61428,0.9285714,0.90000004,1.1428572,7.571429,9.471429,0.00014975667,0.00041539222,-7.345365000000001e-25,1.1175871e-08,0.0,True
1996-11-11,31.481428571428573,7.9,8.2,11.1,5.357143,78.314285,0.7285715,0.6714286,1.0,7.571429,6.8285713,0.00012370944,0.00041583925,-7.345365000000001e-25,1.8626451e-09,0.0,True
1996-11-18,31.487142857142857,9.4,5.3714285,7.085715,3.2857144,89.71429,0.17142859,0.17142859,0.40000004,7.8428574,4.642857,0.000113770366,0.00041855127,-7.345365000000001e-25,0.0,0.0,True
1996-11-25,31.512,2.9,2.5428574,5.1857142,0.2571429,81.91429,0.35714287,0.35714287,0.5857143,8.242857,1.9857143,8.8214874e-05,0.0004233569,1.2358029e-05,1.8643215e-05,0.00040166453,True
1996-12-02,31.51,19.3,1.3428571,2.4714284,-0.14285715,90.77143,0.22857143,0.22857143,0.31428573,8.8,0.62857145,0.00025223196,0.00043064356,0.0059493724,0.009013047,0.013292752,True
1996-12-09,31.48,0.1,1.6142857,3.7714288,0.24285714,83.64286,0.21428573,0.20000002,0.35714287,9.042857,1.0,0.000103488564,0.00044237077,0.0013057675,0.0038714726,1.6391277e-05,True
1996-12-16,31.476666666666663,0.6,0.31428573,2.1000001,-1.857143,86.51428,0.11428572,0.11428572,0.34285715,9.185715,-0.27142859,4.156679e-05,0.0004619509,0.0009479352,0.0007871073,0.0007148683,True
1996-12-23,31.468,3.3,-1.9285715,0.37142855,-4.114286,80.77143,0.057142857,0.042857144,0.3285714,9.514286,-1.5285715,6.893277e-05,0.00048337132,0.0015537228,0.00040169433,0.0016517974,True
1996-12-30,31.42717138667225,1.9,-8.842857,-5.928571,-11.528572,82.27143,0.0,0.0,0.114285715,9.571428,-5.9428573,1.4156103e-07,0.00050602853,0.0024958225,0.0,0.0033983141,True
1997-01-06,31.432109000012453,0.0,-9.657144,-7.371429,-12.985715,83.34286,0.0,0.0,0.21428572,9.5,-6.8,2.0861626e-07,0.0005284995,0.0055406606,0.0,0.0014192984,True
1997-01-13,31.456666666666667,0.90000004,-3.957143,-2.5142858,-5.9714284,85.0,0.014285714,0.014285714,0.2857143,9.585714,-3.3857143,2.8133392e-05,0.00054914504,0.0064501707,0.0014228914,0.0010522567,True
1997-01-20,31.45,2.1,0.40000004,4.042857,-2.757143,84.88572,0.22857144,0.18571429,0.21428572,9.528571,-1.8285714,0.00015948713,0.00056760013,0.0041015204,0.0035507735,0.0009829178,True
1997-01-27,31.428000000000004,0.7,1.1714287,3.5714285,-0.7000001,80.17143,0.2857143,0.25714284,0.4857143,9.514286,-0.44285715,7.094443e-05,0.0005852431,0.0017090752,0.0021400638,7.02329e-05,True
1997-02-03,31.415,2.6,0.21428578,2.6857142,-2.9285715,86.200005,0.2857143,0.27142856,0.37142855,9.385715,-0.6571429,4.4941902e-05,0.0006059706,0.00036764712,0.0009789336,0.00023281574,True
1997-02-10,31.4075,3.7,4.7000003,7.614286,0.9428572,75.57143,0.8142857,0.71428573,0.9428572,9.328571,0.85714287,5.90384e-05,0.000628829,0.000107992266,0.00034355558,4.8872083e-05,True
1997-02-17,31.40571428571429,17.6,2.8428571,5.871429,0.67142856,77.67143,0.8428572,0.8285714,0.9714286,9.342857,1.8714286,0.00031586736,0.0006528944,0.00023865132,0.00031096675,0.0010795072,True
1997-02-24,31.35571428571429,16.699999,7.2428575,10.085715,3.1857145,74.65715,1.2285713,1.2142857,1.2714285,9.7,3.7571428,0.00037951767,0.0006935373,0.00022583349,0.0016508102,0.00097075105,True
1997-03-03,31.32428571428571,25.8,7.971429,12.414286,4.357143,66.85714,1.8428572,1.7285713,1.7571429,9.814285,6.6714287,0.00042542815,0.00076634437,-7.345365000000001e-25,3.259629e-07,0.0,True
1997-03-10,31.2775,0.0,6.4857144,12.857142,0.54285717,70.75715,1.2285715,0.95714283,1.3571428,9.2,6.3428574,1.0952353e-06,0.0008588582,-7.345365000000001e-25,1.322478e-07,1.3783574e-07,True
1997-03-17,31.3,6.4,5.6714287,9.457143,2.9714284,81.15715,0.87142855,0.74285716,1.042857,8.942857,6.071429,9.3109906e-05,0.0009303242,0.00028202648,0.00023876503,0.0022583082,True
1997-03-24,31.28,8.0,1.2571429,4.957143,-2.757143,71.91429,0.9571429,0.84285724,1.2285715,9.142858,2.4285715,0.00018439442,0.0009834543,0.0031357494,0.0048020817,0.0048521906,True
1997-03-31,31.255,8.2,6.942857,10.828572,2.7,65.5,2.0,1.7714287,2.1571429,8.885715,6.7285714,0.00017537177,0.0010251179,0.00029143834,0.0014772117,2.7224422e-05,True
1997-04-07,31.225,15.800001,5.7000003,11.314286,0.9714286,69.28572,1.8285713,1.6428572,1.9142857,8.671429,6.8285713,0.00021857023,0.001057364,0.00042194413,0.0030233357,0.003596101,True
1997-04-14,31.222857142857144,3.6,6.714286,10.585714,1.8714286,57.84286,1.9714285,1.6857144,2.2714286,8.357142,7.142857,5.558133e-05,0.0010815859,0.00012918313,0.0005650725,6.4074993e-07,True
1997-04-21,31.22714285714286,4.7000003,4.6714287,9.857142,0.25714287,60.0,1.9571428,1.6,2.2857144,7.7714286,6.857143,6.580353e-05,0.001097329,5.300272e-05,0.0003172066,0.00033612736,True
1997-04-28,31.22428571428572,7.6,9.985715,14.857142,3.4857144,57.3,2.7714288,2.0285714,3.0857143,6.928571,10.3714285,6.169081e-05,0.0010972619,1.3850984e-06,9.596348e-06,0.0,True
1997-05-05,31.231428571428573,9.1,12.800001,16.928572,8.942857,76.67143,2.4142857,1.9142857,2.5857143,6.757143,13.585714,0.00013613701,0.0010868013,-7.345365000000001e-25,1.1175871e-08,0.0,True
1997-05-12,31.24714285714285,13.8,12.728572,18.057142,6.328572,63.157143,3.2142856,2.5428574,3.3428571,6.714286,14.085714,0.0005279407,0.0010685399,-7.345365000000001e-25,3.7252903e-09,0.0,True
1997-05-19,31.178000000000004,6.0,19.628572,25.242859,13.914286,67.17143,3.857143,2.3142855,4.3857145,5.785714,20.842857,0.0004287958,0.0010410994,-7.345365000000001e-25,1.1175871e-08,0.0,True
1997-05-26,31.17,26.300001,11.928572,16.442858,7.142857,70.17143,2.3428571,1.8571427,2.6857142,6.3142858,15.328571,0.0004067421,0.0010159463,-7.345365000000001e-25,3.7252903e-09,0.0,True
1997-06-02,31.16714285714286,17.9,11.485715,15.885714,6.2714286,67.97143,2.857143,2.1714287,3.1000001,6.1571426,14.0,0.00017232448,0.0009944513,-7.345365000000001e-25,3.7252903e-09,0.0,True
1997-06-09,31.195,0.0,19.785715,24.942858,12.457144,49.957146,4.9000006,1.8714286,5.571429,5.257143,20.971428,4.455447e-06,0.0009618029,-7.345365000000001e-25,3.7252903e-09,0.0,True
1997-06-16,31.197142857142858,9.0,19.114286,24.300001,14.214286,63.485718,3.8857143,1.7142859,4.4714284,5.0285716,21.542856,0.00017759204,0.0009180084,-7.345365000000001e-25,0.0,0.0,True
1997-06-23,31.196,29.1,15.400001,19.7,10.599999,68.54286,3.0428574,1.8857144,3.4857142,5.0571427,18.142857,0.00017070025,0.0008840412,-7.345365000000001e-25,0.0,0.0,True
1997-06-30,31.217142857142857,10.1,18.37143,23.442858,13.585715,71.92857,3.5142858,2.5285716,3.8714287,5.1,19.62857,0.00018015504,0.0008541271,-7.345365000000001e-25,7.450581e-09,0.0,True
1997-07-07,31.2025,13.700001,18.728573,23.385715,13.885715,68.84286,3.457143,1.9428571,3.9857142,4.6285715,21.071428,7.12648e-05,0.0008199811,-7.345365000000001e-25,7.450581e-09,0.0,True
1997-07-14,31.175509438455283,0.0,20.285715,25.357143,13.585715,55.5,4.357143,1.1857144,4.9857144,4.1285715,23.0,6.698072e-06,0.00078258663,-7.345365000000001e-25,0.0,0.0,True
1997-07-21,31.214931772604945,63.7,18.585714,22.642857,15.685715,77.314285,2.4857142,1.7142857,2.8714287,5.5,20.514286,0.0008186251,0.00074507296,-7.345365000000001e-25,1.1175871e-08,0.0,False
1997-07-28,31.20921524774076,2.7,20.057144,24.785715,15.428572,67.1,3.4714284,2.9714284,4.2285714,7.3428574,22.6,8.056313e-05,0.00071997195,-7.345365000000001e-25,1.1175871e-08,0.0,True
1997-08-04,31.23053860902547,10.0,18.67143,23.957144,13.471429,71.17143,2.8714287,2.357143,3.4285715,7.142857,21.657143,7.5250864e-05,0.00069578737,-7.345365000000001e-25,0.0,0.0,False
1997-08-11,31.224,5.2999997,21.814287,27.628572,15.685715,63.828575,3.8285713,2.5714285,4.5,6.242857,24.028572,1.4781952e-05,0.0006697327,-7.345365000000001e-25,7.450581e-09,0.0,True
1997-08-18,31.235,0.0,22.714285,28.485716,16.157145,56.785713,3.8714287,1.6142857,4.4142857,5.242857,24.671429,2.3968518e-05,0.00063670427,-7.345365000000001e-25,3.7252903e-09,0.0,True
1997-08-25,31.23100718170419,1.1,23.67143,29.628572,17.685715,57.771427,3.7999997,0.75714284,4.285714,4.742857,24.742857,3.7170947e-05,0.00060177594,-7.345365000000001e-25,3.7252903e-09,0.0,True
1997-09-01,31.237142857142857,26.699999,20.257143,26.714285,15.571428,71.3,2.9142857,1.4,3.4428573,5.3428574,22.042856,0.00021084398,0.0005699843,-7.345365000000001e-25,7.450581e-09,0.0,True
1997-09-08,31.245,7.3,18.571428,22.642857,15.085715,76.97143,1.9285715,1.5,2.5714285,5.642857,20.342857,0.00015844405,0.000547871,-7.345365000000001e-25,7.450581e-09,0.0,True
1997-09-15,31.256666666666664,5.5,14.185715,19.02857,9.742858,67.0,2.0,1.5428572,2.7285714,5.5857143,15.171429,8.5659325e-05,0.0005288869,-7.345365000000001e-25,1.8626451e-09,0.0,True
1997-09-22,31.22833333333333,0.0,12.557143,18.285715,6.8428574,68.51429,1.7428571,0.99999994,2.2142856,5.3285713,14.7,1.4901161e-06,0.0005096793,-7.345365000000001e-25,3.7252903e-09,0.0,True
1997-09-29,31.222,2.7,12.814286,19.457144,6.428571,72.15714,1.4142857,0.55714285,1.9571428,5.0142856,14.4,2.7418137e-06,0.0004924238,-7.345365000000001e-25,0.0,0.0,True
1997-10-06,31.23428571428571,3.2,13.357142,16.785715,10.771429,76.185715,1.2571429,0.8,1.8857143,4.928571,13.414286,4.185736e-05,0.00047676265,-7.345365000000001e-25,1.0244548e-08,0.0,True
1997-10-13,31.25,12.6,13.528572,17.385715,10.442857,76.52857,1.2714287,0.9714285,1.8571428,5.1714287,12.842857,0.00011625886,0.0004631877,-7.345365000000001e-25,5.5879354e-09,0.0,True
1997-10-20,31.22571428571428,8.3,7.8285713,12.885715,3.3,76.71429,0.81428576,0.68571424,1.1142857,5.542857,8.157143,6.711483e-05,0.0004517287,-7.345365000000001e-25,1.8626451e-09,0.0,True
1997-10-27,31.22428571428572,11.2,2.6571429,7.8428574,-0.61428577,75.25714,0.61428577,0.5285715,0.94285715,5.4714284,4.0142856,7.6279044e-05,0.00044061244,5.5034954e-05,3.9903447e-05,0.00027387217,True
1997-11-03,31.20142857142857,0.8,3.2714288,6.4000006,-0.22857143,77.07143,0.38571432,0.31428576,0.7714286,5.4857144,2.7571428,1.4781952e-05,0.0004311055,0.00049211865,0.0010213479,0.0009243116,True
1997-11-10,31.25,5.8,7.3428574,10.6,3.557143,75.65715,0.5714286,0.4714286,1.0,5.5285716,4.9142857,0.00010320544,0.00042261183,3.484317e-05,0.00010069087,0.0,True
1997-11-17,31.26142857142857,7.0,5.928571,7.7000003,3.4714286,85.24286,0.27142859,0.21428572,0.5285714,5.6285715,4.9428573,5.9381127e-05,0.0004151091,-7.345365000000001e-25,1.6950071e-07,0.0,True
1997-11-24,31.26,0.0,0.40000004,2.3,-1.0714285,80.114296,0.18571429,0.14285716,0.54285717,5.8,0.6142857,9.0897083e-07,0.00040829182,0.00015843482,3.7029386e-05,0.00050639734,True
1997-12-01,31.2725,8.2,2.357143,4.1857142,0.61428565,88.12858,0.14285715,0.12857144,0.45714286,5.8714285,1.0571429,3.65749e-05,0.00040227175,0.00033202625,0.00038265996,8.5264444e-05,True
1997-12-08,31.295714285714286,9.700001,2.142857,3.7857144,-0.24285714,86.54286,0.114285715,0.114285715,0.45714286,6.5285716,0.62857145,0.00013366342,0.00039698184,0.0025200276,0.005779883,0.0066850036,True
1997-12-15,31.31142857142857,28.800001,4.6857147,6.957143,2.9428573,86.87144,0.3285714,0.31428573,0.54285717,7.6857142,3.8,0.0003015101,0.00039242953,0.0002135606,0.0011300445,0.00020132959,True
1997-12-22,31.327142857142857,8.8,-3.3142858,-1.2571429,-5.6285715,82.6,0.014285714,0.014285714,0.3857143,8.457143,-2.4571428,9.62317e-05,0.00038968772,0.00017721312,5.626306e-05,0.0002824217,True
1997-12-29,31.342857142857145,11.9,5.228572,6.7571435,3.3,87.51429,0.4,0.3857143,0.5857143,9.057143,1.4,0.00021405518,0.00038861483,0.00017453375,0.0007273592,0.0003311932,True
1998-01-05,31.327142857142857,12.7,5.785714,7.8857145,3.3857143,77.41429,0.25,0.25,0.8714286,9.2,1.4,0.0002259016,0.00039022416,1.8392291e-06,6.9588423e-06,0.0,True
1998-01-12,31.34,20.2,6.8428574,9.828572,3.9857144,83.67143,0.61428577,0.61428577,0.55714285,10.2,4.8428574,0.0005597025,0.0003976673,-7.345365000000001e-25,1.1175871e-08,0.0,True
1998-01-19,31.33007786211863,9.6,5.057143,7.471429,2.8,76.814285,0.55714285,0.55714285,0.78571427,10.042857,3.0285714,7.404387e-05,0.0004247129,-7.345365000000001e-25,0.0,0.0,False
1998-01-26,31.30239918458784,4.4,-0.5714286,2.142857,-2.2714286,84.44286,0.17142858,0.17142858,0.44285712,10.171429,0.51428574,0.00010070205,0.00045815855,0.0020498377,0.0006527193,0.005030606,True
1998-02-02,31.323000913087967,5.6,-3.3857143,-0.34285715,-6.957143,78.542854,0.071428575,0.071428575,0.5,10.3,-1.4285715,7.483363e-05,0.00049483776,0.004223154,0.0019933693,0.003014557,True
1998-02-09,31.3475,0.8000001,2.9428573,5.2428575,0.34285712,73.72857,0.61428577,0.57142866,0.9285714,10.1,0.12857144,0.000115156174,0.0005314499,0.0031313328,0.005302159,0.001391761,True
1998-02-16,31.342857142857145,4.0,10.400001,12.614286,7.6714287,72.8,1.1285714,1.0142857,1.6571429,9.757143,6.757143,7.405132e-05,0.0005671531,5.7595116e-05,0.0003419593,0.0,True
1998-02-23,31.33714285714285,0.4,7.228572,11.028572,3.5285716,70.51429,1.0428572,0.88571435,1.2571429,9.385715,5.9714284,2.5592744e-05,0.0006007701,-7.345365000000001e-25,1.8626451e-09,0.0,True
1998-03-02,31.35142857142857,9.299999,7.014286,9.085714,4.3714285,75.98572,0.94285715,0.87142855,1.3000001,9.1285715,5.8285713,0.00011245906,0.0006306395,9.594077e-05,0.00040340982,0.0006524455,True
1998-03-09,31.365714285714287,37.1,5.8,9.785714,3.0857143,76.85714,1.4,1.4,1.3428571,9.9,5.4857144,0.0011584461,0.0006588772,0.00016167617,0.0011231676,0.001227919,True
1998-03-16,31.366000000000003,12.0,2.6285717,5.585714,-0.61428577,70.74286,0.94285715,0.90000004,1.3285714,10.057143,2.8,0.00013154745,0.0007197112,0.0004691737,0.00093292445,0.0007990226,True
1998-03-23,31.367142857142856,4.0,4.4428573,7.8428574,1.7714287,65.54286,1.3857143,1.3,1.6571429,10.014286,5.1,0.00016377866,0.0007983297,3.8816816e-05,0.00016026013,0.00022791326,True
1998-03-30,31.37333333333333,0.0,7.3428574,11.771429,2.3142858,60.31429,1.6857141,1.3714286,2.0857143,9.414286,7.257143,2.5987625e-05,0.00087188184,2.948443e-05,0.00011502206,0.0,True
1998-04-06,31.4,15.2,11.2,14.957144,7.3142858,73.85714,1.6857141,1.5285714,2.0142858,9.171429,10.785714,0.0004157573,0.00092583895,-7.345365000000001e-25,1.09896064e-07,0.0,True
1998-04-13,31.42,10.6,7.7285714,10.985715,4.285714,75.457146,1.5,1.4285713,1.6999999,9.471429,8.471429,0.00028204918,0.0009852648,-7.345365000000001e-25,0.0,0.0,True
1998-04-20,31.377142857142854,4.6,7.971429,12.314285,3.142857,65.65714,1.9999999,1.7142857,2.2428572,9.028571,9.114285,4.5254827e-05,0.0010552183,-7.345365000000001e-25,0.0,0.0,True
1998-04-27,31.342857142857145,2.3,14.514285,18.542858,9.214286,67.78571,2.5571427,2.1,2.9285715,8.528571,14.528571,0.00012275577,0.0011053607,-7.345365000000001e-25,0.0,0.0,True
1998-05-04,31.336666666666662,2.2,15.342858,19.97143,10.914286,66.85714,2.7,2.1571429,3.1857142,7.6571426,16.571428,0.00016278028,0.0011245385,-7.345365000000001e-25,7.450581e-09,0.0,True
1998-05-11,31.305,1.5,16.842857,21.857143,10.685715,60.785713,3.2571428,2.1571429,3.7571428,7.0285716,16.928572,3.5196543e-05,0.0011237487,-7.345365000000001e-25,3.7252903e-09,0.0,True
1998-05-18,31.287142857142857,0.0,15.814286,21.9,8.985715,53.385715,3.8714287,1.442857,4.6,6.0285716,18.557142,7.897615e-06,0.0010962561,-7.345365000000001e-25,3.7252903e-09,0.0,True
1998-05-25,31.304285714285715,2.8999999,13.071428,16.814287,8.671429,61.157143,2.857143,0.9,3.457143,5.642857,15.6285715,4.9307942e-05,0.0010604039,-7.345365000000001e-25,0.0,0.0,True
1998-06-01,31.3175,21.0,18.84286,24.428572,13.357142,67.6,3.6857142,1.4,4.071429,5.614286,20.357143,0.00014021993,0.001024276,-7.345365000000001e-25,0.0,0.0,True
1998-06-08,31.298571428571428,11.2,20.442858,26.0,15.528571,63.871433,4.2857146,2.7,4.8714285,5.7285714,22.542856,8.954108e-05,0.0009798184,-7.345365000000001e-25,7.450581e-09,0.0,True
1998-06-15,31.275258978207606,20.1,16.685715,21.442858,11.3714285,64.51429,3.142857,2.0714285,3.5285716,5.757143,19.328571,0.00020600855,0.0009336248,-7.345365000000001e-25,0.0,0.0,True
1998-06-22,31.26817605013865,9.0,17.357143,22.47143,13.028571,69.042854,3.542857,2.2285714,3.9857142,5.5,19.542856,8.222461e-05,0.0008951202,-7.345365000000001e-25,7.450581e-09,0.0,True
1998-06-29,31.28214382815368,20.0,17.800001,21.985716,13.985715,71.88572,3.4285712,2.5428574,3.7285712,5.4714284,21.014286,0.00010416657,0.0008567795,-7.345365000000001e-25,3.7252903e-09,0.0,True
1998-07-06,31.29172340179141,25.699999,15.514287,18.985714,12.657143,77.47143,2.6571426,2.0142858,2.9285715,5.285714,17.828571,0.00015442818,0.00081975013,-7.345365000000001e-25,1.1175871e-08,0.0,True
1998-07-13,31.301954684115373,22.7,14.842857,19.085714,11.342857,77.74286,2.5142858,2.1714284,2.8428571,5.3,16.6,0.00011907518,0.0007901862,-7.345365000000001e-25,1.4901161e-08,0.0,True
1998-07-20,31.30382206211909,1.0,18.328571,23.057142,12.714286,60.68571,3.857143,2.3999999,4.585714,4.9142857,19.585714,4.2006373e-05,0.00075867027,-7.345365000000001e-25,7.450581e-09,0.0,False
1998-07-27,31.31107909022285,10.6,21.757143,27.185715,16.342857,57.457146,4.028571,2.0285714,4.8428574,4.385714,23.342857,0.00013782084,0.00071724504,-7.345365000000001e-25,3.7252903e-09,0.0,True
1998-08-03,31.29464180994796,10.6,18.342855,23.27143,14.485715,68.828575,3.1285717,1.9142858,3.7428572,4.4428573,20.185715,0.0001064688,0.0006822571,-7.345365000000001e-25,7.450581e-09,0.0,False
1998-08-10,31.28102197070216,1.5,19.542858,24.442858,14.357142,61.74286,3.5285716,1.0857142,4.157143,4.1571426,20.585714,2.0325184e-05,0.0006516129,-7.345365000000001e-25,1.1175871e-08,0.0,True
1998-08-17,31.299035389003546,1.6999999,20.27143,26.485716,14.8,56.142857,3.7714288,0.5857143,4.5142856,3.8857143,21.785715,1.1608005e-05,0.00061419606,-7.345365000000001e-25,3.7252903e-09,0.0,False
1998-08-24,31.31790918289205,23.300001,16.5,21.757143,12.757143,65.22857,2.7999997,0.91428566,3.4285715,4.0142856,18.37143,0.0002296567,0.0005790517,-7.345365000000001e-25,1.4901161e-08,0.0,True
1998-08-31,31.322449509050927,35.3,13.042857,17.428572,10.785714,80.84286,1.6571429,1.5142858,2.0571427,5.2,14.257143,0.00012497604,0.00055506825,-7.345365000000001e-25,5.5879354e-09,0.0,False
1998-09-07,31.315,5.3999996,16.114286,19.557144,12.214286,77.98572,1.7428571,1.442857,2.2714286,5.4,16.842857,6.2808394e-05,0.0005351007,-7.345365000000001e-25,5.5879354e-09,0.0,True
1998-09-14,31.33857142857143,16.2,15.971429,19.442858,12.885715,77.94286,1.6000001,1.4142858,2.2,5.8,16.442858,0.00011442602,0.0005163327,-7.345365000000001e-25,1.1175871e-08,0.0,True
1998-09-21,31.29714285714286,10.8,12.714286,16.328571,9.385715,80.01429,1.1999999,1.1000001,1.5142858,7.1,13.285714,0.00020161271,0.0005008802,-7.345365000000001e-25,3.7252903e-09,0.0,True
1998-09-28,31.31428571428572,3.4,14.071428,18.585714,9.942858,81.01429,1.0142858,0.81428576,1.5142858,6.928571,14.657143,2.272427e-05,0.00048667192,-7.345365000000001e-25,1.8626451e-09,0.0,True
1998-10-05,31.31714285714286,16.6,7.7000003,10.071428,6.0428576,81.814285,0.6571428,0.5285714,1.1285714,7.1857142,9.457143,0.00014039874,0.0004740879,1.7495382e-05,0.00012151897,0.00012404472,True
1998-10-12,31.318571428571428,16.9,9.514287,11.857142,7.371429,82.78571,0.74285716,0.7142858,1.1285714,7.714286,9.114285,0.00014740974,0.0004638955,3.973643e-07,5.092472e-06,0.0,True
1998-10-19,31.31,7.1,10.185715,14.657143,6.0,76.92857,0.95714283,0.91428566,1.3285714,7.957143,9.714286,8.280575e-05,0.0004548654,-7.345365000000001e-25,9.313226e-09,0.0,True
1998-10-26,31.36285714285714,27.400002,10.400001,13.742858,7.328572,78.42857,0.9857143,0.9285715,1.2857143,8.271428,9.1,0.0006611943,0.00044647604,-7.345365000000001e-25,9.313226e-09,0.0,True
1998-11-02,31.40857142857143,59.5,6.857143,9.114286,5.3,82.9,0.90000004,0.90000004,1.0428572,10.3714285,6.542857,0.004040152,0.0007833019,-7.345365000000001e-25,3.7252903e-09,0.0,True
1998-11-09,31.398571428571422,16.5,5.4714284,8.257143,2.8285716,80.9,0.61428565,0.61428565,0.82857144,10.614285,4.6714287,0.0002733767,0.00044789165,-7.345365000000001e-25,0.0,0.0,True
1998-11-16,31.434000000000005,5.3,4.4,6.4,2.2857144,87.74286,0.3,0.3,0.42857143,10.4,3.857143,0.00011438131,0.00046521425,1.8835068e-05,2.5320798e-05,0.00011496246,True
1998-11-23,31.341428571428573,1.2,-2.757143,-0.77142864,-4.2714286,84.25714,0.071428575,0.071428575,0.34285715,10.285714,-0.51428574,7.5027347e-06,0.00049164146,0.0014023213,4.1216612e-05,0.0018799491,True
1998-11-30,31.35571428571429,0.0,-0.64285713,0.7285715,-2.3428571,87.08572,0.042857144,0.042857144,0.34285715,10.242857,-1.0,2.489984e-05,0.000519529,0.0020164535,0.00058781356,0.00077659264,True
1998-12-07,31.365714285714287,5.7999997,-2.9428573,-1.6571429,-4.1714287,84.38572,0.028571429,0.028571429,0.45714286,10.228572,-1.6714286,1.4007092e-06,0.0005458072,0.0044143824,0.0,0.009297691,True
1998-12-14,31.346,17.2,-2.2142856,0.7142858,-6.085715,86.71429,0.22857143,0.22857143,0.31428573,10.442857,-0.014285714,0.0018448606,0.00057002157,0.00809439,0.010543656,0.00021811202,True
1998-12-21,31.354285714285712,13.3,4.8428574,7.3428574,2.6714287,82.12858,0.44285712,0.44285712,0.54285717,10.571428,2.8714285,0.00023013353,0.000603728,3.591038e-05,0.00040495768,5.2846968e-05,True
1998-12-28,31.34714285714286,5.5,4.414286,5.857143,1.6714286,79.74286,0.5142857,0.5142857,0.8142857,10.257143,1.9571428,0.000107720494,0.00066321343,0.00040002665,0.001042923,0.001025077,True
1999-01-04,31.34142857142857,0.0,2.2142856,5.585714,-0.59999996,83.61428,0.2,0.16666667,0.34285715,10.133333,1.7,1.2926757e-05,0.00072874874,6.18753e-07,1.4100224e-06,5.066395e-07,True
1999-01-11,31.34857142857143,10.4,4.6285715,6.9857144,2.8714287,82.957146,0.42857143,0.4142857,0.6714286,10.1285715,3.5714285,0.00012335181,0.0007913485,0.00019018991,3.0213967e-05,0.00219151,True
1999-01-18,31.34857142857143,9.2,4.042857,5.914286,1.3571428,79.90001,0.48571426,0.48571426,0.78571427,10.285714,1.7285714,0.00028147548,0.00085163116,0.002689021,0.007906562,0.0058643967,True
1999-01-25,31.324,10.700001,5.3142858,8.457143,1.3285714,80.828575,0.4714286,0.4714286,0.55714285,10.057143,2.8285713,4.3824315e-05,0.00092595816,5.1430292e-05,0.00018328615,4.9322844e-05,True
1999-02-01,31.33,5.2,-0.2142857,2.5285716,-2.7142856,80.42857,0.21428573,0.21428573,0.5857143,10.228572,1.0142857,0.00015453994,0.0010064244,0.0012963386,0.0009643473,0.003833454,True
1999-02-08,31.368571428571425,19.6,3.0428574,4.8714285,1.2142857,86.84286,0.64285713,0.64285713,0.67142856,10.442857,1.5142857,0.0003034398,0.0010944158,0.0012597868,0.0030709282,0.003767021,True
1999-02-15,31.33,1.4,-2.2,0.78571427,-5.8,77.87142,0.114285715,0.114285715,0.55714285,10.3,-0.24285714,5.2452087e-06,0.0012094975,0.0038432565,0.00024742447,0.000922665,True
1999-02-22,31.378000000000004,30.199999,2.3285716,4.2000003,0.14285715,86.35714,0.5714286,0.5714286,0.6571428,10.514286,0.42857143,0.0004857704,0.0013246983,0.005656288,0.011897564,0.011475034,True
1999-03-01,31.36142857142857,15.299999,4.585714,7.2428575,1.7142857,78.12858,0.98571426,0.9714286,1.1285714,10.285714,3.2142856,0.00040994585,0.001477696,0.002226591,0.0061989706,0.0037162825,True
1999-03-08,31.40928571428572,17.3,5.6285715,9.285714,3.2714286,81.87144,0.87142855,0.87142855,0.9285714,10.542857,5.8285713,0.0005352348,0.001748532,4.0020263e-06,3.607385e-05,8.195639e-08,True
1999-03-15,31.392857142857142,1.5,3.1857142,5.971429,0.6571428,74.71429,0.7571429,0.7285714,1.1428572,10.114285,3.3285713,9.973347e-05,0.0022027344,2.7020772e-06,5.820766e-06,7.5362623e-06,True
1999-03-22,31.415714285714284,8.1,4.6285715,7.8428574,1.6142857,73.4,1.0142858,0.9285714,1.3142856,9.771428,4.642857,0.00011764467,0.0025339872,2.7100245e-05,0.00019573048,0.00021517277,True
1999-03-29,31.43857142857143,9.2,8.471429,13.957144,3.7285714,73.32857,1.4714288,1.3285714,1.7857143,9.6285715,8.171429,0.000107079744,0.0027171373,6.030287e-05,0.00034698285,0.0003209971,True
1999-04-05,31.45,0.9,12.057143,18.442858,4.257143,58.18572,2.142857,1.7285715,2.7,9.085714,11.9,1.1920929e-07,0.0027940497,-7.345365000000001e-25,1.8626451e-07,0.0,True
1999-04-12,31.50333333333333,10.3,11.271429,15.057143,8.342857,73.314285,1.7714285,1.5571429,2.0857143,8.857142,11.171429,0.0001719743,0.0027906,-7.345365000000001e-25,3.7252903e-09,0.0,True
1999-04-19,31.52857142857143,20.599998,6.4428573,10.357142,3.3714287,71.14286,1.6999999,1.6,1.9428571,8.885715,7.385714,0.0003232509,0.0027602017,1.3567153e-06,1.3422221e-05,1.3463199e-05,True
1999-04-26,31.502,7.5,11.857142,17.285715,5.7571435,67.457146,2.4428573,2.085714,2.7857144,8.685715,12.9,0.00019781291,0.0027122796,-7.345365000000001e-25,8.195639e-08,0.0,True
1999-05-03,31.488333333333333,0.1,12.242858,17.07143,6.642857,62.700005,2.7142856,2.0,3.1571429,8.042857,14.614285,1.4662743e-05,0.002655007,-7.345365000000001e-25,0.0,0.0,True
1999-05-10,31.488333333333333,16.8,13.614286,18.171429,7.642857,57.585716,3.414286,2.4857142,3.8285713,7.042857,15.071428,0.00014176965,0.0025701225,-7.345365000000001e-25,0.0,0.0,True
1999-05-17,31.492,6.2,12.142858,16.814287,8.428572,67.84286,2.5714285,2.257143,3.0571427,7.5142856,14.4,0.00017030537,0.0024849921,-7.345365000000001e-25,7.450581e-09,0.0,True
1999-05-24,31.487142857142857,1.5999999,16.214285,21.214285,9.857142,57.642857,3.5571427,2.3999999,4.142857,6.5571427,17.4,2.95192e-05,0.0023766756,-7.345365000000001e-25,0.0,0.0,True
1999-05-31,31.467142857142854,4.8,18.985716,24.928572,12.5,56.857143,4.0571427,2.1,4.7999997,5.785714,21.342857,9.769201e-05,0.0022566393,-7.345365000000001e-25,7.450581e-09,0.0,True
1999-06-07,31.48,10.3,17.728573,22.5,12.542857,62.528572,3.5857143,2.4714284,4.2285714,5.785714,20.028572,0.00013854355,0.0021280497,-7.345365000000001e-25,3.7252903e-09,0.0,True
1999-06-14,31.464,22.7,15.371429,19.842855,10.814286,73.25715,2.6857142,1.9857142,3.142857,6.042857,18.27143,0.0012344718,0.0020208284,-7.345365000000001e-25,0.0,0.0,True
1999-06-21,31.481428571428573,13.0,18.2,22.985714,12.785714,63.085716,3.3714287,2.4857142,4.0142856,5.785714,20.214285,0.00019036233,0.001915969,-7.345365000000001e-25,3.7252903e-09,0.0,True
1999-06-28,31.48428571428571,0.4,16.085714,20.757143,11.014285,60.67143,3.1571429,2.0,4.0,5.4,18.72857,9.037554e-05,0.0018128827,-7.345365000000001e-25,3.7252903e-09,0.0,True
1999-07-05,31.48,13.200001,22.34286,27.657145,15.985715,61.057148,4.428571,2.142857,4.8857145,4.957143,23.642857,8.8617206e-05,0.0017084405,-7.345365000000001e-25,7.450581e-09,0.0,True
1999-07-12,31.457142857142856,11.2,21.34286,26.428572,16.614286,62.24286,4.2,2.0285716,4.914286,4.9142857,22.642857,0.00014359504,0.0016018897,-7.345365000000001e-25,7.450581e-09,0.0,True
1999-07-19,31.49,7.1,21.071428,26.728573,15.514287,56.414284,4.2714286,1.7857143,5.0,4.8428574,22.928572,9.212643e-05,0.0014932379,-7.345365000000001e-25,3.7252903e-09,0.0,True
1999-07-26,31.49,4.7,19.77143,23.785715,16.228573,62.4,3.442857,1.4428571,4.142857,4.428571,21.685715,8.687377e-05,0.0013902038,-7.345365000000001e-25,7.450581e-09,0.0,True
1999-08-02,31.492,0.0,21.957144,27.428572,14.642858,44.328575,4.9714284,0.68571424,5.928571,4.1571426,23.071428,2.5331974e-07,0.0012899935,-7.345365000000001e-25,0.0,0.0,True
1999-08-09,31.52285714285714,4.2,22.285715,29.128572,15.714286,53.371433,4.2,0.58571434,4.8857145,3.9571428,23.814285,1.5854836e-05,0.0011712685,-7.345365000000001e-25,3.7252903e-09,0.0,True
1999-08-16,31.525714285714287,12.2,17.342857,22.214285,13.1285715,62.17143,3.0142858,1.2,3.7428572,4.0571427,19.642857,6.619096e-05,0.0010785833,-7.345365000000001e-25,3.7252903e-09,0.0,True
1999-08-23,31.532,15.0,16.157145,20.142857,11.900001,67.84286,2.3857143,1.5857142,2.857143,4.4142857,17.2,8.259714e-05,0.0010082722,-7.345365000000001e-25,7.450581e-09,0.0,True
1999-08-30,31.53333333333333,4.2,18.485716,23.77143,12.957144,62.728577,2.6857145,1.2142857,3.3428571,4.0285716,19.528572,7.018447e-06,0.00094339997,-7.345365000000001e-25,1.8626451e-09,0.0,True
1999-09-06,31.535714285714285,1.6999999,18.4,23.885714,12.614286,62.514286,2.7428572,0.95714283,3.6142857,3.9142857,18.514286,1.4409423e-05,0.00088351965,-7.345365000000001e-25,5.5879354e-09,0.0,True
1999-09-13,31.53857142857143,0.0,21.042858,27.628572,14.957144,59.657143,2.7571428,0.4,3.8,3.7285714,21.057142,2.090633e-05,0.00082299113,-7.345365000000001e-25,1.8626451e-09,0.0,True
1999-09-20,31.561666666666667,4.2,17.757143,23.514286,12.342857,62.8,2.2999997,0.4,3.1571429,3.7285714,18.571428,3.874302e-05,0.00076336414,-7.345365000000001e-25,7.450581e-09,0.0,True
1999-09-27,31.56,1.3,17.142859,3.114286,13.428572,76.62858,1.4285715,0.6714286,2.0857143,4.0285716,17.471428,6.681681e-05,0.0007208213,-7.345365000000001e-25,5.5879354e-09,0.0,True
1999-10-04,31.57428571428571,6.8,14.614286,9.742858,12.3,73.35714,1.3714285,1.0,2.2142856,4.457143,14.4,7.469952e-05,0.0006863326,-7.345365000000001e-25,9.313226e-09,0.0,True
1999-10-11,31.532857142857143,10.3,11.728572,14.5,9.357142,83.68572,0.8142857,0.64285713,1.1428572,4.571429,11.457143,6.0498714e-05,0.0006573647,-7.345365000000001e-25,9.313226e-09,0.0,True
1999-10-18,31.52333333333333,1.0,8.042857,13.057143,4.3857145,76.87144,0.67142856,0.44285718,1.1,4.5857143,8.585714,4.336238e-06,0.00063209236,-7.345365000000001e-25,3.7252903e-09,0.0,True
1999-10-25,31.55,1.5,8.071428,12.414286,4.0142856,75.0,0.7571429,0.5285714,1.1857144,4.457143,7.428571,8.4117055e-06,0.00060781837,-7.345365000000001e-25,0.0,0.0,True
1999-11-01,31.518571428571427,4.2,11.114286,15.0,7.514286,74.91429,0.8571429,0.5857143,1.2857143,4.4,9.785714,4.261732e-05,0.000585258,-7.345365000000001e-25,7.450581e-09,0.0,True
1999-11-08,31.52,10.6,8.214286,11.385715,5.4428573,84.64286,0.42857143,0.34285715,0.6857143,4.8,7.785714,0.000104904175,0.00056523085,-7.345365000000001e-25,1.8626451e-09,0.0,True
1999-11-15,31.52950049258978,5.2,3.4,6.1285715,1.1999999,86.8,0.27142859,0.24285714,0.3857143,5.3285713,4.0142856,7.519126e-05,0.0005476847,3.5024825e-06,1.1101365e-05,1.6465783e-05,False
1999-11-22,31.515,8.2,0.18571429,2.1285713,-1.9,87.957146,0.15714286,0.14285716,0.35714287,5.4142857,0.47142857,1.551956e-05,0.0005319938,0.0020650965,0.00050189905,0.0066709705,True
1999-11-29,31.48059954110952,0.0,4.0285716,6.8714285,0.28571433,83.71429,0.27142856,0.21428572,0.44285712,5.6285715,2.4142857,6.543845e-05,0.00051800907,0.0026766914,0.0062359013,3.9339066e-06,True
1999-12-06,31.53,26.4,4.7428575,7.114286,2.0285716,78.91429,0.7571429,0.7285715,1.0285714,5.9714284,3.3714285,0.00015050918,0.00050504506,0.00011215891,0.0006841384,0.0011927858,True
1999-12-13,31.52807529208549,17.4,6.6,8.642858,4.328572,78.52857,0.7142857,0.6999999,0.9142857,6.6857142,4.8285713,0.00024146587,0.0004936531,3.336157e-05,0.0005668383,0.0,False
1999-12-20,31.507710724567303,7.1,1.1142857,2.7857144,-0.5714286,83.07143,0.32857138,0.32857138,0.5857143,7.1571426,0.8428571,0.00010471046,0.00048484653,0.0016210306,0.0010483824,0.0034559257,True
1999-12-27,31.524,18.2,0.6857143,2.7285714,-1.3285714,83.14286,0.22857143,0.2,0.5285714,7.5857143,-0.114285715,0.00021312386,0.00047867,0.0031430493,0.0058155656,0.009115726,True
2000-01-03,31.55,4.1000004,2.2285714,3.5714285,0.085714236,90.38572,0.1,0.075,0.34285715,8.375,0.1,0.0001553297,0.00047443062,0.0048368997,0.0074662417,0.002077695,True
2000-01-10,31.442500000000003,4.7999997,3.6571429,5.8857145,1.3142859,86.25714,0.3142857,0.29999998,0.3857143,8.5,2.2857144,0.00011046231,0.00047221035,6.826151e-05,0.0005503837,1.353398e-05,True
2000-01-17,31.41857142857143,4.3,0.54285717,2.6571429,-2.1571429,83.65715,0.18571427,0.18571427,0.4,8.5,-0.014285714,1.7695129e-05,0.000472188,0.00011868136,0.0005213581,0.0005299151,True
2000-01-24,31.44,12.3,-1.2428571,2.0428572,-3.5714285,76.91429,0.4,0.3857143,0.6571428,8.928572,0.6142857,0.00011283904,0.00047359616,0.002106167,4.5506284e-05,0.005823411,True
2000-01-31,31.43857142857143,21.199999,2.7285714,4.7999997,-0.9714285,78.38572,0.78571427,0.7571429,0.88571423,9.414286,1.4,0.0003836155,0.00047693402,0.0025017771,0.006143203,0.00083203614,True
2000-02-07,31.42428571428572,12.9,6.642857,9.542857,3.857143,79.47143,0.8428572,0.82857144,0.9857143,9.857142,5.0142856,0.0001770109,0.0004870668,2.5090717e-06,3.4322962e-05,0.0,True
2000-02-14,31.445714285714285,25.5,4.7571425,7.571429,2.5571427,76.85714,1.0714285,1.0571429,1.0714285,10.042857,3.8714285,0.00030900538,0.0005098954,0.00015363807,0.00024245866,0.0011051558,True
2000-02-21,31.47142857142857,7.1,1.8571428,5.014286,-0.08571429,82.35714,0.5857143,0.5857143,0.6857143,10.1285715,2.1285715,0.00016374141,0.000545837,0.0010133868,0.0020414647,0.002557058,True
2000-02-28,31.455714285714286,9.5,4.3428574,7.5285716,0.74285716,81.90001,0.85714287,0.8428572,1.0428572,10.2,2.8714285,0.0002487749,0.0005928129,0.0008697794,0.002975572,0.0015523098,True
2000-03-06,31.478571428571428,14.6,4.4428573,7.5285716,1.9571428,72.72857,1.2142857,1.1857144,1.3714286,10.014286,3.9285715,0.00021925569,0.0006471053,0.000470468,0.0018563243,0.0024297722,True
2000-03-13,31.43857142857143,31.5,6.785714,9.900001,3.8,79.17143,1.2714285,1.2714285,1.2428571,10.4,6.3,0.0015910864,0.0007176548,0.00014296031,0.0015693512,0.0011545718,True
2000-03-20,31.397142857142857,20.8,4.471429,7.6714287,1.0142858,73.614296,1.1857144,1.1714287,1.3142856,10.557143,4.9,0.00059626997,0.0008650124,0.0013391348,0.004852293,0.0053514317,True
2000-03-27,31.478571428571428,6.9999995,6.957143,11.657143,3.6571429,75.17143,1.1571429,1.0571429,1.5857143,9.885715,7.357143,0.00017947704,0.0010726005,4.240445e-05,0.00032011978,0.0,True
2000-04-03,31.542857142857144,12.3,7.4000006,10.242858,3.871429,80.74286,1.1428572,1.0857142,1.4428571,10.142858,7.242857,0.00022707134,0.0012526661,-7.345365000000001e-25,2.0675361e-07,0.0,True
2000-04-10,31.53428571428572,1.5,5.828572,9.971429,1.8857144,70.42857,1.4285715,1.1857144,1.8428571,9.571428,7.257143,5.930662e-05,0.0014195815,-7.345365000000001e-25,0.0,0.0,True
2000-04-17,31.58142857142857,28.2,9.714286,14.742858,3.8142858,69.47143,2.1714284,1.9714285,2.4142857,9.314285,9.671429,0.00027964264,0.0015285164,-7.345365000000001e-25,0.0,0.0,True
2000-04-24,31.57857142857143,0.7,17.185715,23.17143,11.67143,59.8,3.3428571,2.6285713,3.9714284,8.571428,17.414286,3.0174851e-05,0.0015806556,-7.345365000000001e-25,3.7252903e-09,0.0,True
2000-05-01,31.585,7.7,18.87143,24.214285,12.8,58.285713,3.7714286,2.6000001,4.342857,7.385714,18.971428,3.8459897e-05,0.0015785694,-7.345365000000001e-25,3.7252903e-09,0.0,True
2000-05-08,31.59142857142857,0.0,17.97143,24.285715,10.714286,41.24286,4.7999997,1.8428572,5.571429,6.3428574,19.3,0.0,0.0015296713,-7.345365000000001e-25,0.0,0.0,True
2000-05-15,31.58857142857143,0.3,18.828571,25.085714,11.328572,45.24286,4.3142858,0.8142857,5.057143,5.8285713,21.014286,2.8848648e-05,0.0014568493,-7.345365000000001e-25,0.0,0.0,True
2000-05-22,31.61285714285714,20.9,15.528572,20.714285,10.957143,65.54286,2.9857142,1.2285715,3.5142858,5.9142857,18.085714,0.00014290214,0.0013794228,-7.345365000000001e-25,3.7252903e-09,0.0,True
2000-05-29,31.67,4.7,15.242858,20.142857,9.8714285,62.514286,3.4285715,1.8285713,3.7285714,5.8142858,17.342857,3.9108098e-05,0.0013243258,-7.345365000000001e-25,7.450581e-09,0.0,True
2000-06-05,31.57857142857143,7.3,18.27143,23.385715,12.014285,57.785713,3.9714284,1.0714285,4.542857,5.5285716,19.842857,9.357929e-05,0.0012540445,-7.345365000000001e-25,3.7252903e-09,0.0,True
2000-06-12,31.562857142857144,7.7000003,19.342855,24.414288,13.67143,55.97143,4.4857144,1.6428572,5.2285714,5.4714284,20.828571,3.3289194e-05,0.0011771843,-7.345365000000001e-25,3.7252903e-09,0.0,True
2000-06-19,31.54714285714286,5.2999997,19.0,24.585714,11.985715,52.81429,4.2714286,1.1142857,5.0,5.242857,20.842857,2.9191375e-05,0.0010923892,-7.345365000000001e-25,0.0,0.0,True
2000-06-26,31.568571428571428,8.8,20.02857,26.085714,15.328572,57.485718,4.5285716,1.2428571,4.942857,5.0285716,21.928572,6.99684e-05,0.0010013729,-7.345365000000001e-25,3.7252903e-09,0.0,True
2000-07-03,31.56571428571429,8.1,15.142858,18.985714,11.042857,64.15714,2.9428573,0.8714286,3.3857143,4.9142857,16.87143,4.9471855e-05,0.0009371564,-7.345365000000001e-25,3.7252903e-09,0.0,True
2000-07-10,31.56714285714286,7.1000004,16.885715,21.314287,13.457144,68.37143,2.714286,1.6000001,3.4142857,4.957143,18.414286,0.00013884902,0.0008816719,-7.345365000000001e-25,7.450581e-09,0.0,True
2000-07-17,31.568571428571428,3.1000001,16.057142,20.385714,12.185715,65.08572,2.8,1.4142857,3.5285716,4.8142858,17.485714,6.15716e-05,0.00083182007,-7.345365000000001e-25,0.0,0.0,True
2000-07-24,31.554,7.0,16.342857,19.714285,12.757143,72.72857,2.2285714,1.2428571,2.8428571,4.8285713,17.37143,7.983297e-05,0.00078994036,-7.345365000000001e-25,1.1175871e-08,0.0,True
2000-07-31,31.548571428571428,39.7,17.914288,21.800001,15.614286,77.27143,2.4,1.7428571,2.8142858,5.0571427,19.514286,0.00023430586,0.0007515028,-7.345365000000001e-25,7.450581e-09,0.0,True
2000-08-07,31.535714285714285,1.9,18.857143,24.157145,13.528572,65.200005,3.3142858,2.2571428,4.0,5.2,21.057142,6.214529e-05,0.0007148236,-7.345365000000001e-25,3.7252903e-09,0.0,True
2000-08-14,31.518571428571427,5.9000006,19.1,24.242857,13.442858,63.985714,2.942857,1.5428572,3.5142858,4.8142858,20.442858,3.5256147e-05,0.0006782487,-7.345365000000001e-25,3.7252903e-09,0.0,True
2000-08-21,31.518571428571427,73.0,19.942858,25.571428,16.2,75.08572,2.9857142,2.3,3.3,5.3714285,22.171429,0.00018282235,0.00064050406,-7.345365000000001e-25,5.5879354e-09,0.0,True
2000-08-28,31.505714285714287,9.0,16.97143,21.357143,12.528572,63.485718,2.7571428,2.142857,3.4714284,5.6714287,19.12857,4.386902e-05,0.0006084144,-7.345365000000001e-25,3.7252903e-09,0.0,True
2000-09-04,31.51142857142857,24.6,15.300001,19.857143,12.385714,77.9,1.9571428,1.6714286,2.2857144,5.9,17.942858,0.00017881393,0.0005795732,-7.345365000000001e-25,1.1175871e-08,0.0,True
2000-09-11,31.49285714285714,12.7,15.67143,19.4,12.085714,80.24286,1.442857,1.2857143,1.9571428,6.757143,16.528572,0.00011713803,0.0005583316,-7.345365000000001e-25,1.8626451e-09,0.0,True
2000-09-18,31.505714285714284,20.800001,14.271429,17.828571,11.428572,78.77143,1.3714286,1.1571428,1.9,6.8,15.885715,5.6892633e-05,0.0005387962,-7.345365000000001e-25,1.1175871e-08,0.0,True
2000-09-25,31.47142857142857,1.0,11.300001,16.057142,6.514286,71.328575,1.3428571,1.0714285,2.142857,6.714286,12.2,5.00679e-06,0.0005208701,-7.345365000000001e-25,1.8626451e-09,0.0,True
2000-10-02,31.478571428571428,5.9999995,16.642857,21.9,12.042857,72.814285,1.5142858,1.2285715,2.2571428,6.5285716,16.085714,7.18981e-05,0.00050261617,-7.345365000000001e-25,1.8626451e-09,0.0,True
2000-10-09,31.44,13.1,12.385715,15.400001,10.242857,86.314285,0.6571428,0.55714285,0.9857143,6.614286,13.385715,9.025633e-05,0.00048686564,-7.345365000000001e-25,0.0,0.0,True
2000-10-16,31.455714285714286,3.8,12.571428,15.871429,9.542857,83.21429,0.7,0.64285713,1.1285714,6.8428574,12.042857,5.182624e-05,0.0004747808,-7.345365000000001e-25,7.450581e-09,0.0,True
2000-10-23,31.40142857142857,0.7,11.2,15.67143,7.9000006,80.87142,0.6571428,0.5,1.0,6.6285715,11.1,5.7667494e-06,0.00046250224,-7.345365000000001e-25,0.0,0.0,True
2000-10-30,31.41714285714286,2.6,11.800001,14.485715,8.828572,71.957146,0.88571435,0.7285714,1.6571429,6.4428573,10.142858,2.1606684e-05,0.0004511252,-7.345365000000001e-25,9.313226e-09,0.0,True
2000-11-06,31.377142857142854,6.1,7.971429,11.714286,5.142857,77.65714,0.5714286,0.45714286,1.0,6.3428574,7.571429,5.0850213e-05,0.0004407391,-7.345365000000001e-25,5.5879354e-09,0.0,True
2000-11-13,31.34,0.4,8.142858,11.728571,5.057143,71.04286,0.67142856,0.5714286,1.0857142,6.4,6.5142856,2.2932887e-05,0.00043144077,-7.345365000000001e-25,1.8626451e-09,0.0,True
2000-11-20,31.29142857142857,9.3,5.6714287,8.585714,3.5714285,82.957146,0.3857143,0.37142858,0.5,6.8285713,5.1857142,0.00011487305,0.0004227832,-7.345365000000001e-25,0.0,0.0,True
2000-11-27,31.25714285714286,6.4,6.057143,7.971429,3.2714288,87.87144,0.21428573,0.18571429,0.3857143,7.0,4.8285713,7.5399876e-05,0.00041541457,-7.345365000000001e-25,0.0,0.0,True
2000-12-04,31.221666666666664,1.0,6.8714285,9.8,3.8857143,89.200005,0.21428573,0.15714288,0.31428573,7.071429,5.3714285,1.6093254e-05,0.00040902942,-7.345365000000001e-25,0.0,0.0,True
2000-12-11,31.212,7.0,6.5428576,9.114286,3.8428571,85.01429,0.3,0.3,0.3857143,7.071429,4.8285713,7.7195466e-05,0.00040327758,-7.345365000000001e-25,0.0,0.0,True
2000-12-18,31.22571428571429,18.3,6.3428574,8.328571,4.542857,81.24286,0.6285714,0.61428565,0.8428572,7.6285715,5.5,0.0002830252,0.00039808452,0.00037798428,0.0019282848,0.0024041533,True
2000-12-25,31.21857142857143,7.0,-1.6714287,0.15714285,-3.6000001,83.44286,0.014285714,0.014285714,0.3285714,8.057143,-0.6571429,2.7418137e-06,0.00039437413,0.0015880947,3.306195e-05,0.00818032,True
2001-01-01,31.25714285714286,10.0,-0.58571434,0.88571435,-2.757143,85.71429,0.083333336,0.083333336,0.31428573,8.4,-0.033333335,4.3585896e-05,0.00039200485,0.013103707,0.00074634515,0.0065732636,True
2001-01-08,31.25714285714286,12.8,3.857143,6.2571435,1.4428571,86.35714,0.37142858,0.37142858,0.37142858,8.814285,1.4857143,0.00046177208,0.00039041787,0.0041196574,0.015310893,0.0,True
2001-01-15,31.222857142857144,0.0,-0.14285712,1.3428572,-2.2428572,86.47143,0.10000001,0.10000001,0.32857147,8.942857,0.2857143,5.6400895e-06,0.00039281696,0.00011931715,6.0658902e-05,0.0002924502,True
2001-01-22,31.258,1.6,-1.5,0.5,-4.2285714,84.02857,0.042857144,0.042857144,0.35714287,8.985714,-1.8428571,1.1324883e-06,0.00039863586,0.00074704486,6.669015e-05,0.0026707165,True
2001-01-29,31.305714285714284,19.8,2.9714286,5.1285715,0.7571429,89.42857,0.4142857,0.4142857,0.3857143,9.185715,0.32857144,0.0003523156,0.00040576607,0.0010326874,0.0038067289,0.0017829575,True
2001-02-05,31.29,12.4,-1.0857142,0.88571435,-3.857143,84.457146,0.114285715,0.114285715,0.45714286,9.614285,0.028571429,0.00027967244,0.00041770935,0.0037513177,0.008417558,0.011647612,True
2001-02-12,31.29142857142857,5.0,7.071429,10.3,3.6714287,76.27143,0.7857143,0.75714296,1.1142857,9.928572,3.942857,0.00045706332,0.00044358522,0.0003196228,0.004900623,7.8398734e-05,True
2001-02-19,31.282857142857143,2.9,2.6571429,6.714286,-0.78571427,83.21429,0.5,0.45714286,0.64285713,9.7,2.8428571,5.38826e-05,0.0004918054,8.111909e-06,3.2369047e-05,4.6141446e-05,True
2001-02-26,31.345714285714283,16.1,-0.22857141,3.014286,-2.6571429,79.28571,0.6571428,0.61428565,0.90000004,9.657143,1.7571429,7.790327e-05,0.0005400032,0.0034998485,0.00048858486,0.007986531,True
2001-03-05,31.368571428571425,2.8,0.24285714,3.257143,-2.6000001,77.77143,0.5714286,0.5142857,0.8428572,9.714286,0.27142859,0.000104904175,0.0005858913,0.0057001794,0.005126385,0.005751975,True
2001-03-12,31.37142857142857,9.8,7.4714284,11.17143,3.6857145,76.41429,1.0285715,0.9857143,1.2428571,9.714286,5.742857,0.0003543496,0.0006297827,0.0021236795,0.006753914,4.6938658e-07,True
2001-03-19,31.398571428571422,18.5,4.1285715,7.6857147,2.3714287,80.42857,0.9571429,0.94285715,1.1142857,9.8714285,4.8142858,0.0003990829,0.0006873086,0.00013425236,0.00072874315,0.0022702552,True
2001-03-26,31.40428571428572,16.3,0.31428573,2.3857143,-1.6571429,79.41429,0.61428577,0.61428577,1.0,10.385715,1.3285714,0.00023320317,0.00077509135,0.006020126,0.0053689256,0.020337049,True
2001-04-02,31.40571428571429,0.9,6.5142856,10.528571,1.6857145,67.11429,1.5,1.3428571,1.9571428,10.071428,5.857143,0.00031331182,0.0008952394,0.0065749995,0.012594996,5.4884702e-05,True
2001-04-09,31.43857142857143,7.5,9.5,14.514287,5.728572,72.15714,1.7285713,1.6285715,2.0571427,9.557143,9.742857,0.0014770776,0.0010405257,1.3567153e-05,0.00014705956,0.0,True
2001-04-16,31.45428571428572,6.9,5.0142856,8.457143,1.7714287,74.98572,1.2571429,1.1571429,1.5142858,9.314285,6.2,0.00021860003,0.0011941642,0.0003627936,0.0011638887,0.0015021674,True
2001-04-23,31.48,3.9,5.642857,9.042857,2.557143,72.77143,1.3857144,1.2714285,1.6285714,9.2,6.571429,0.0001405403,0.0013204888,4.320485e-05,0.0002873484,7.0780516e-08,True
2001-04-30,31.48,14.3,12.514287,18.085714,6.8142858,64.98572,2.7857144,2.457143,2.9285715,8.8714285,12.728572,0.00018365681,0.0014126673,-7.345365000000001e-25,2.30968e-07,0.0,True
2001-05-07,31.481428571428573,16.7,13.685715,18.428572,8.685715,67.72857,2.8285716,2.2714286,3.357143,8.1,14.885715,0.00024943054,0.0014532134,-7.345365000000001e-25,7.450581e-09,0.0,True
2001-05-14,31.48428571428571,0.1,16.357143,22.67143,9.314285,53.44286,4.1142855,2.9285715,4.542857,7.3714285,18.085714,1.8775463e-06,0.0014560074,-7.345365000000001e-25,0.0,0.0,True
2001-05-21,31.50714285714286,6.3,14.314286,18.857143,9.928572,66.942856,3.1857142,2.2428572,3.5571427,6.428571,17.142857,0.00010544062,0.0014264137,-7.345365000000001e-25,0.0,0.0,True
2001-05-28,31.514285714285712,6.3,16.728573,22.100002,10.2,56.228573,3.9714284,1.4428571,4.285714,5.714286,19.62857,2.8505921e-05,0.0013831705,-7.345365000000001e-25,7.450581e-09,0.0,True
2001-06-04,31.535714285714285,22.3,13.042857,16.9,10.071428,76.614296,2.6571429,1.7857144,2.8,6.0285716,15.171429,0.00021517277,0.0013357326,-7.345365000000001e-25,3.7252903e-09,0.0,True
2001-06-11,31.532857142857143,9.3,13.157143,17.214285,9.357142,73.88572,2.3285716,1.8428571,2.7857144,6.0571427,15.571428,0.000121600926,0.0012970641,-7.345365000000001e-25,0.0,0.0,True
2001-06-18,31.537142857142857,23.5,15.428572,20.9,10.042857,72.328575,3.0142856,2.2714286,3.457143,5.9,18.214285,0.00011968613,0.0012524053,-7.345365000000001e-25,0.0,0.0,True
2001-06-25,31.532857142857143,7.0,15.314286,20.642857,10.785714,72.08572,3.0714283,2.1714284,3.7000003,5.6285715,17.957144,9.2856586e-05,0.0012030378,-7.345365000000001e-25,7.450581e-09,0.0,True
2001-07-02,31.53142857142857,14.0,19.428572,24.27143,14.014287,64.91429,3.8999999,2.0714285,4.571429,5.2,22.457144,7.978082e-05,0.0011489615,-7.345365000000001e-25,3.7252903e-09,0.0,True
2001-07-09,31.548571428571428,16.1,21.628572,26.542858,15.828572,64.28571,4.2285714,1.3571428,4.7285714,5.0,23.157143,0.0004415214,0.0010889769,-7.345365000000001e-25,3.7252903e-09,0.0,True
2001-07-16,31.548571428571428,16.2,18.0,22.157145,14.085715,68.54286,3.4285712,2.2714286,3.8428571,5.242857,20.142857,0.00014702976,0.0010350347,-7.345365000000001e-25,7.450581e-09,0.0,True
2001-07-23,31.542857142857144,0.0,19.114286,24.557142,12.742857,63.31429,3.5285716,2.3714283,4.3,5.2714286,21.157143,1.0944903e-05,0.0009874254,-7.345365000000001e-25,7.450581e-09,0.0,True
2001-07-30,31.52,9.700001,23.071428,29.071428,16.171429,57.81429,4.6142855,1.7142857,5.3142858,4.7285714,25.042856,1.8522143e-05,0.00092703104,-7.345365000000001e-25,1.8626451e-09,0.0,True
2001-08-06,31.52857142857143,22.7,18.77143,24.6,14.028572,70.78572,3.2,2.1142857,3.6571429,4.785714,21.285715,0.00017662346,0.00086901337,-7.345365000000001e-25,5.5879354e-09,0.0,True
2001-08-13,31.54142857142857,14.8,17.642859,22.185715,13.642858,71.88572,2.857143,1.9714286,3.385714,4.614286,18.942858,0.0001565516,0.0008265078,-7.345365000000001e-25,5.5879354e-09,0.0,True
2001-08-20,31.537142857142857,7.8999996,21.942858,27.457144,17.171429,72.35714,3.3142858,1.6857141,3.8142858,4.428571,23.27143,0.00015380979,0.0007860288,-7.345365000000001e-25,1.3038516e-08,0.0,True
2001-08-27,31.52857142857143,9.0,22.114286,27.614286,16.885715,68.314285,2.9428573,1.1714287,3.8285713,4.3142858,23.528572,5.3733587e-05,0.0007465482,-7.345365000000001e-25,7.450581e-09,0.0,True
2001-09-03,31.54428571428572,4.8,16.457144,20.728573,12.5,71.185715,2.0714285,1.0857142,2.857143,4.2714286,18.042856,8.273125e-05,0.000709787,-7.345365000000001e-25,1.1175871e-08,0.0,True
2001-09-10,31.562857142857144,40.7,13.514285,16.757143,10.742858,81.18572,1.6714286,1.3714285,1.9571428,5.1285715,14.8,0.0003592521,0.0006816238,-7.345365000000001e-25,1.1175871e-08,0.0,True
2001-09-17,31.555714285714284,20.0,11.914286,15.6285715,9.5,87.14286,1.1857141,1.1428571,1.4142857,7.2,13.157143,0.0002489686,0.0006602779,-7.345365000000001e-25,3.7252903e-09,0.0,True
2001-09-24,31.56,41.8,12.057143,15.67143,9.285714,83.814285,1.1,1.0571429,1.5,8.771428,12.728572,0.00039492548,0.00064480305,-7.345365000000001e-25,1.1175871e-08,0.0,True
2001-10-01,31.57428571428571,32.3,12.714286,15.300001,10.257143,88.32857,0.7571429,0.7428571,1.0714285,9.328571,13.442857,0.00061656535,0.0006354004,-7.345365000000001e-25,7.450581e-09,0.0,True
2001-10-08,31.595714285714283,14.8,14.542857,19.1,10.514287,85.28571,1.0142858,1.0142858,1.4,9.814285,14.614285,0.0009971559,0.00063449144,-7.345365000000001e-25,5.5879354e-09,0.0,True
2001-10-15,31.58857142857143,3.8,14.642858,19.414288,10.557143,79.74286,1.0428572,0.9,1.5,9.571428,14.214286,5.9381127e-06,0.0006406978,-7.345365000000001e-25,3.7252903e-09,0.0,True
2001-10-22,31.61142857142857,3.5,12.357142,15.114286,9.842857,87.94286,0.54285717,0.4571429,0.9142857,9.328571,12.457143,0.00012791157,0.0006475076,-7.345365000000001e-25,1.8626451e-09,0.0,True
2001-10-29,31.6,6.8999996,9.914286,12.800001,7.557143,87.28571,0.4857143,0.4714286,0.78571427,9.271428,9.885715,8.561462e-05,0.00065431,-7.345365000000001e-25,7.450581e-09,0.0,True
2001-11-05,31.60571428571429,1.5,10.285714,12.714286,7.2428575,73.28571,0.8142857,0.7285715,1.5714285,9.2,9.157143,2.3290515e-05,0.00066085905,-7.345365000000001e-25,5.5879354e-09,0.0,True
2001-11-12,31.61428571428572,10.4,4.257143,6.8714285,1.4857143,84.25715,0.42857146,0.42857146,0.6857143,9.571428,4.214286,0.00021092594,0.0006681457,4.843871e-05,0.000112833455,0.00013059378,True
2001-11-19,31.577142857142857,0.2,3.6142857,6.714286,-0.62857145,87.685715,0.22857144,0.21428573,0.41428572,9.8,3.357143,1.23381615e-05,0.0006792098,7.328533e-06,1.9747764e-05,3.4198165e-06,True
2001-11-26,31.608571428571427,20.0,2.7428572,5.6285715,-0.5714286,84.44286,0.37142855,0.35714284,0.51428574,9.9,2.642857,0.00012785196,0.00069276243,5.51939e-05,4.0575862e-05,0.00012278743,True
2001-12-03,31.60142857142857,11.4,2.0,3.2285714,0.7428571,89.61428,0.12857144,0.12857144,0.4,10.285714,1.7285714,0.00015401095,0.0007085204,2.6475816e-05,7.1167946e-05,7.390976e-06,True
2001-12-10,31.58428571428572,12.7,2.2428572,3.8285716,0.41428572,88.54286,0.11428572,0.11428572,0.35714287,10.5,1.6428572,0.00020739436,0.000733003,2.129305e-05,5.214289e-05,0.0001375936,True
2001-12-17,31.59142857142857,2.3,-0.6714286,1.6142857,-3.1285717,84.08572,0.071428575,0.071428575,0.37142855,10.3,-0.44285715,2.0988286e-05,0.00077079237,0.00037479968,0.0002670698,0.0014902614,True
2001-12-24,31.64,17.0,-1.4857142,0.9571429,-4.085715,82.02857,0.08571429,0.08571429,0.5285714,10.414286,-0.12857144,0.0001425147,0.0008119568,0.003848195,0.0015143305,0.014335133,True
2001-12-31,31.65714285714285,12.6,0.29999998,1.9,-1.8000001,84.15715,0.31428573,0.31428573,0.61428577,10.528571,0.0,0.000440076,0.0007356629,0.007541299,0.011973355,0.0063989945,True
2002-01-07,31.58714285714285,3.7,-2.4,0.90000004,-6.585715,79.67143,0.15714286,0.15714286,0.35714287,10.328571,-0.8857143,0.00021573901,0.000952512,0.00594138,0.005150523,0.0011957772,True
2002-01-14,31.61142857142857,2.4,-0.77142864,0.5714286,-2.0857143,93.57143,0.042857144,0.042857144,0.18571429,10.3,-0.34285715,2.4087727e-05,0.0010693744,0.004884141,0.000899544,0.00363845,True
2002-01-21,31.65714285714285,9.3,1.3428572,3.7000003,-0.84285724,86.042854,0.25714287,0.25714287,0.47142857,10.314285,-0.3,0.00044123083,0.0011830255,0.004608137,0.0067776535,0.00047166273,True
2002-01-28,31.68285714285714,20.4,7.9428573,10.900001,4.9,72.97143,1.2714285,1.2714285,1.4285715,10.285714,5.0285716,0.0008878261,0.0013125241,9.52539e-06,0.00010777265,2.2135675e-05,True
2002-02-04,31.647142857142857,2.6,9.657144,13.1,6.157143,66.28572,1.3571428,1.2428572,1.7285715,10.171429,6.8142858,2.2158027e-05,0.0015207306,-7.2791902999999985e-25,3.7252903e-09,0.0,True
2002-02-11,31.67142857142857,34.0,8.571428,11.242858,5.657143,78.88572,1.0285714,1.0,1.1999999,9.942857,6.714286,0.0010577813,0.0017292127,-7.2791902999999985e-25,7.450581e-09,0.0,True
2002-02-18,31.615714285714287,3.6,3.6857145,8.014286,-0.2714286,69.91429,0.9714286,0.92857134,1.1,10.228572,3.6857142,0.00015689433,0.0020053014,4.7116052e-07,3.054738e-07,7.003546e-07,True
2002-02-25,31.63714285714286,33.4,1.957143,4.928571,-0.6285715,81.828575,0.78571427,0.78571427,0.90000004,10.357142,1.5142857,0.00046680123,0.0023485199,0.0037811655,0.010006322,0.017505541,True
2002-03-04,31.59142857142857,17.5,4.9857144,7.971429,1.6142857,75.91429,1.2428572,1.2428572,1.2714285,10.614285,4.214286,0.0008121878,0.0033403859,0.00051938917,0.0075956546,0.0003724955,True
2002-03-11,31.58428571428572,17.7,7.471429,10.657143,4.6,69.328575,1.5857141,1.5142858,1.7571429,10.114285,6.142857,0.00023937225,0.0036928728,1.0524477e-05,7.502176e-05,1.3943762e-05,True
2002-03-18,31.554285714285715,11.9,5.9857144,9.985715,2.4,77.957146,0.9714285,0.9142857,1.2571429,9.957143,5.642857,0.00013117492,0.0041423514,0.00040095192,0.0015446618,0.0016624667,True
2002-03-25,31.532857142857143,7.3,4.7428575,7.4714284,2.7285714,78.12858,0.9571429,0.9571429,1.2571429,10.042857,5.0,0.00027097762,0.0043754876,1.6933396e-05,9.485148e-05,0.00014983863,True
2002-04-01,31.48,0.0,6.9857144,12.914286,1.1714286,57.2,1.5857143,1.3428572,2.0857143,9.7,7.785714,3.7401915e-06,0.0044958517,3.6438305e-05,0.00015051477,5.3443015e-05,True
2002-04-08,31.444,0.0,6.4857144,11.614286,0.85714287,53.11429,2.3285716,1.7857143,2.8142858,8.757143,8.414286,6.735325e-06,0.004471548,1.461733e-05,3.651902e-05,6.080419e-05,True
2002-04-15,31.44142857142857,18.3,8.8,11.5,5.8857145,74.38572,1.2428571,0.97142845,1.6571429,8.357142,8.657143,0.00040967762,0.004378155,4.285858e-06,2.2189692e-05,0.0,True
2002-04-22,31.4,8.299999,9.442858,14.328572,4.871429,77.4,1.5714285,1.4428571,2.0,9.542857,11.142858,0.0002026707,0.004291877,-7.2791902999999985e-25,0.0,0.0,True
2002-04-29,31.43142857142857,12.0,11.057143,15.042857,6.914286,75.34286,1.8142859,1.7,2.1571429,9.185715,11.9,0.00019662827,0.0042002425,-7.2791902999999985e-25,0.0,0.0,True
2002-05-06,31.395714285714288,9.5,12.957144,16.614286,9.614286,77.91429,1.8000001,1.6571429,2.2428572,8.985714,13.742857,0.004570797,0.004763156,-7.2791902999999985e-25,3.7252903e-09,0.0,True
2002-05-13,31.381428571428568,4.5,17.157145,22.514286,12.1285715,66.27143,3.4428575,2.8285713,4.1,8.614285,18.114286,0.00012503564,0.004198447,-7.2791902999999985e-25,0.0,0.0,True
2002-05-20,31.37,8.5,15.814286,20.4,10.914286,67.72857,3.1285713,2.3714287,3.7285714,7.7,18.485714,0.0001296252,0.0042022243,-7.2791902999999985e-25,0.0,0.0,True
2002-05-27,31.37857142857143,36.3,17.0,21.7,12.342857,74.07143,3.0142856,2.4571426,3.5571427,7.385714,19.142857,0.0005145073,0.0040914565,-7.2791902999999985e-25,0.0,0.0,True
2002-06-03,31.362857142857145,2.6,15.928572,21.042858,10.6,65.42857,3.357143,2.6285713,4.1,7.3428574,19.0,7.2434545e-05,0.0039773285,-7.2791902999999985e-25,0.0,0.0,True
2002-06-10,31.395714285714288,11.8,18.028572,21.87143,13.928572,72.200005,3.057143,2.242857,3.642857,6.571429,20.014286,0.00024267286,0.0038251355,-7.2791902999999985e-25,1.4901161e-08,0.0,True
2002-06-17,31.365714285714287,11.1,17.457144,21.600002,13.257143,72.8,3.0714285,2.3285716,3.5,6.8,19.085714,0.00018718839,0.0036916584,-7.2791902999999985e-25,1.1175871e-08,0.0,True
2002-06-24,31.36142857142857,3.2,21.085714,26.014286,15.585714,63.014286,4.2428575,2.8,5.0,6.142857,23.385714,4.2416155e-05,0.003511019,-7.2791902999999985e-25,7.450581e-09,0.0,True
2002-07-01,31.39,5.3,16.457144,20.757143,11.985715,64.314285,3.4428573,1.7999998,3.9714284,5.6,18.942858,6.9364905e-05,0.0033090636,-7.2791902999999985e-25,3.7252903e-09,0.0,True
2002-07-08,31.414285714285715,10.299999,17.97143,23.328571,12.571428,69.72857,3.2714288,1.5571429,3.7142856,5.357143,19.285715,5.109608e-05,0.0031219125,-7.2791902999999985e-25,7.450581e-09,0.0,True
2002-07-15,31.422857142857143,19.199999,21.34286,26.742859,15.714286,62.957146,4.228571,1.9571428,4.7571425,5.2,23.0,0.00023919344,0.002892971,-7.2791902999999985e-25,1.1175871e-08,0.0,True
2002-07-22,31.462857142857143,20.6,18.042858,21.685715,15.214286,80.02857,2.5285716,2.0714285,2.9285715,6.1571426,19.671429,0.00038097054,0.002707824,-7.2791902999999985e-25,1.8626451e-08,0.0,True
2002-07-29,31.478571428571428,7.8999996,19.085714,23.67143,14.542857,70.41429,3.2,2.4285712,3.8285713,6.042857,19.814285,0.000117868185,0.0025562719,-7.2791902999999985e-25,7.450581e-09,0.0,True
2002-08-05,31.49857142857143,52.0,22.042858,27.442858,17.428572,72.17143,3.385714,2.3714287,4.071429,5.885714,23.971428,0.0017695129,0.0023858026,-7.2791902999999985e-25,3.7252903e-09,0.0,True
2002-08-12,31.53142857142857,87.200005,20.242859,24.9,16.571428,79.35714,2.5142858,2.2142856,3.0857143,7.742857,22.5,0.0048092455,0.0024695396,-7.2791902999999985e-25,1.1175871e-08,0.0,True
2002-08-19,31.55928571428572,6.0,20.728573,25.157145,16.257143,73.88572,2.9571426,2.5571427,3.5714285,10.085714,22.085714,0.0007181987,0.0023831949,-7.2791902999999985e-25,9.313226e-09,0.0,True
2002-08-26,31.59,2.9,22.171429,28.37143,16.428572,59.92857,3.557143,2.642857,4.6142855,8.485714,24.171429,1.6994774e-05,0.0021735802,-7.2791902999999985e-25,1.8626451e-09,0.0,True
2002-09-02,31.627142857142854,10.8,20.84286,26.1,15.614286,64.21429,2.9,1.8142855,3.8714287,7.3142858,23.3,1.6577542e-05,0.002107136,-7.2791902999999985e-25,3.7252903e-09,0.0,True
2002-09-09,31.6525,0.0,19.600002,25.314287,14.071428,64.54286,2.7142856,1.1857144,3.6857142,6.6857142,21.085714,8.299947e-06,0.0020326674,-7.2791902999999985e-25,5.5879354e-09,0.0,True
2002-09-16,31.638571428571428,4.0,16.214285,21.300001,11.2,68.700005,1.9714285,0.9142858,2.9142857,6.428571,18.057142,5.4106116e-05,0.0019478425,-7.2791902999999985e-25,5.5879354e-09,0.0,True
2002-09-23,31.645714285714288,37.8,13.0,16.114286,10.857142,80.557144,1.1142857,0.64285713,1.6142857,6.457143,14.585714,0.00035709143,0.0018758252,-7.2791902999999985e-25,7.450581e-09,0.0,True
2002-09-30,31.61642857142857,1.6,10.914286,15.17143,6.6285715,77.41429,1.0142857,0.8,1.5142858,7.3428574,11.5,8.265674e-05,0.0018165112,-7.2791902999999985e-25,3.7252903e-09,0.0,True
2002-10-07,31.622857142857143,39.3,11.542857,16.1,7.285714,80.328575,1.0714287,0.9285715,1.4142857,7.6,12.557143,0.00014218688,0.0017595962,-7.2791902999999985e-25,5.5879354e-09,0.0,True
2002-10-14,31.615714285714287,14.3,5.214286,8.814286,1.9,78.01429,0.62857145,0.55714285,1.1999999,8.557143,6.0,0.00011651218,0.0017102137,0.0012754997,0.0037486758,0.007270891,True
2002-10-21,31.63428571428572,10.3,8.171429,11.271429,5.3142858,85.299995,0.6571428,0.64285713,0.88571423,8.942857,7.8285713,0.00038018823,0.0016706139,0.00032709894,0.0037477966,0.0,True
2002-10-28,31.632857142857144,40.6,9.257143,12.871429,6.0285716,82.98572,1.0714287,1.0714287,1.1285714,9.8,8.328571,0.0015367791,0.001648441,-7.2791902999999985e-25,7.4505806e-08,0.0,True
2002-11-04,31.612142857142857,12.1,5.557143,8.285714,2.7,82.34286,0.44285712,0.44285712,0.71428573,10.328571,5.5571427,0.00023429096,0.0016720966,0.0003893035,0.00051826425,0.0033273213,True
2002-11-11,31.642857142857142,20.3,1.5571429,4.357143,-1.2428571,83.01429,0.3857143,0.3857143,0.5285714,10.5,1.7714286,0.00043991208,0.0017514676,0.0027922392,0.0072896797,0.0064405594,True
2002-11-18,31.65714285714285,4.2999997,7.6857147,10.457144,4.9,86.21429,0.37142858,0.37142858,0.5714286,10.357142,6.114286,0.00019367039,0.0019218549,0.00030732722,0.0020439513,0.0,True
2002-11-25,31.65285714285714,5.5,3.3285713,5.714286,0.8000001,91.84286,0.15714288,0.15714288,0.22857143,10.5,3.1,0.00029480457,0.0021698922,3.0086153e-06,8.743256e-06,7.1190298e-06,True
2002-12-02,31.646,9.8,5.6142855,7.2714286,3.5142858,93.057144,0.14285716,0.14285716,0.31428573,10.614285,4.8428574,0.00035084784,0.0024799034,3.973643e-08,5.9604645e-07,0.0,True
2002-12-09,31.607142857142858,0.0,-2.3,-0.61428565,-3.8857143,83.42857,0.042857144,0.042857144,0.47142857,10.385715,-0.24285714,4.9471855e-06,0.0028740466,0.00012842815,4.4703484e-07,0.00027077273,True
2002-12-16,31.61428571428572,1.2,-5.6285715,-2.8285716,-8.257143,80.057144,0.0,0.0,0.35714287,10.271428,-4.6714287,1.463294e-05,0.0032169297,0.00026551314,1.128763e-06,0.00038366392,True
2002-12-23,31.624285714285715,1.3,-1.1,0.17142856,-2.5,89.057144,0.0,0.0,0.29999998,10.328571,-1.3142858,3.3974648e-05,0.0034304038,0.0023786852,0.000116277486,0.0050024204,True
2002-12-30,31.662857142857145,10.1,0.81428576,2.8714287,-1.0428572,77.47143,0.11428572,0.11428572,0.6714286,10.385715,-1.2,0.00021708012,0.0035489649,0.003252546,0.004498832,0.003859438,True
2003-01-06,31.65,30.699999,-2.5,0.4571429,-6.1857142,84.85714,0.0,0.0,0.35714287,10.8,-0.2,0.0004042983,0.0036581308,0.00410441,0.0041142553,0.0074574947,True
2003-01-13,31.625714285714285,6.4,-6.3,-3.3714287,-9.771429,88.71429,0.042857144,0.042857144,0.18571427,10.414286,-1.1857142,0.00015595555,0.0039561316,0.007960938,0.004242733,0.005493272,True
2003-01-20,31.66857142857143,2.1,4.214286,6.328572,1.9285715,81.557144,0.5285714,0.5142857,0.7285714,10.242857,0.82857144,0.00024560094,0.0042711347,0.0007324559,0.008594362,1.9572675e-05,True
2003-01-27,31.678571428571427,9.0,3.6571429,5.942857,1.2714287,86.02857,0.34285715,0.3285714,0.5714286,10.114285,1.5142857,0.00010752678,0.00462649,0.00021762507,0.0014620759,0.0014510974,True
2003-02-03,31.715,16.8,-0.38571432,2.2428572,-3.0428574,89.28571,0.31428573,0.31428573,0.42857143,10.357142,0.9,0.00020055473,0.0048938096,0.0037312168,0.0016114656,0.007791225,True
2003-02-10,31.69142857142857,2.0,-1.2142857,0.8,-3.457143,83.17143,0.14285715,0.14285715,0.54285717,10.3,-0.1,2.5577843e-05,0.005127363,0.007123459,0.0011959244,0.0031674542,True
2003-02-17,31.68285714285714,0.0,-3.4714286,0.4142857,-6.785714,70.47143,0.1,0.1,0.7285714,10.228572,-1.7142857,7.5548887e-06,0.0052646697,0.006731828,0.0003548041,0.0006380789,True
2003-02-24,31.728571428571428,0.1,-0.32857147,3.2428572,-3.2857144,80.02857,0.40000004,0.37142855,0.7571429,10.1285715,-1.0285715,7.996708e-05,0.005304858,0.004710368,0.0041135848,0.00042482838,True
2003-03-03,31.75857142857143,1.6,1.6571429,6.728572,-2.142857,69.814285,0.71428573,0.64285713,1.1,9.757143,0.14285715,9.3221664e-05,0.0052834973,0.00082185725,0.0018048789,0.00055673346,True
2003-03-10,31.76142857142857,9.3,3.8285713,7.7714286,0.38571426,76.67143,0.82857144,0.7571429,1.1857144,9.6285715,2.057143,0.00020637363,0.0052327365,0.0006149667,0.0022939816,0.0016375408,True
2003-03-17,31.73428571428571,9.1,5.0,9.342857,1.0428572,74.35714,1.0714285,1.0142857,1.3714285,9.9,5.0,0.00021231174,0.005175002,2.6566643e-06,2.19848e-05,5.8598816e-06,True
2003-03-24,31.754285714285714,0.1,4.2000003,9.857142,-1.5857143,55.457146,1.5,1.2285713,2.0,9.414286,4.6571426,5.0514936e-06,0.0051281154,9.52539e-06,2.7116388e-05,3.1128526e-05,True
2003-03-31,31.78428571428572,0.4,8.971429,14.800001,3.3857143,66.9,1.6857144,1.3428572,2.142857,8.842857,8.985714,2.6978552e-05,0.005040191,2.8950828e-07,2.566725e-06,0.0,True
2003-04-07,31.76571428571429,13.8,4.785714,8.857142,0.4,66.21429,1.8428572,1.5285715,2.0571427,8.428572,6.3142858,0.00010454655,0.0049093068,0.00010225886,6.70962e-05,0.00071737915,True
2003-04-14,31.76571428571429,0.8,4.7285714,9.814285,-1.0428573,58.585716,1.957143,1.4714286,2.3999999,7.9714284,6.0,5.108863e-05,0.0047544986,0.0013075386,0.002906844,0.0025213845,True
2003-04-21,31.755714285714284,1.5,12.3714285,17.814287,6.3857145,47.785713,3.6857142,2.4571426,4.2,6.957143,11.671429,1.898408e-05,0.004537873,5.676633e-06,6.435998e-05,0.0,True
2003-04-28,31.79142857142857,1.9000001,14.257143,20.042858,8.057143,52.885715,3.2714283,1.3857143,3.8999999,6.114286,14.257143,3.4838915e-05,0.0042659417,-7.2791902999999985e-25,0.0,0.0,True
2003-05-05,31.78,4.8,15.957144,21.614286,9.142858,58.342857,3.9285715,1.3,4.1714287,5.8142858,15.685715,6.748736e-05,0.0039912984,-7.2791902999999985e-25,3.7252903e-09,0.0,True
2003-05-12,31.77142857142857,3.0,16.114286,21.328571,10.771429,60.42857,3.2142854,0.6999999,3.8285713,5.5857143,18.27143,3.33488e-05,0.0036721304,-7.2791902999999985e-25,0.0,0.0,True
2003-05-19,31.78857142857143,25.1,12.5,17.414286,7.557143,72.057144,2.6285717,1.4714285,2.9857142,5.6714287,15.271428,0.00013642013,0.0033873469,-7.2791902999999985e-25,3.7252903e-09,0.0,True
2003-05-26,31.782857142857143,5.0,16.842857,21.857143,11.485715,65.21429,3.7285714,1.6142856,4.2428575,5.5285716,18.4,1.6205013e-05,0.003114514,-7.2791902999999985e-25,3.7252903e-09,0.0,True
2003-06-02,31.77285714285714,0.4,19.828571,26.228573,12.685715,51.37143,4.6714287,0.7428571,5.557143,5.1285715,22.142857,3.747642e-06,0.0028069168,-7.2791902999999985e-25,0.0,0.0,True
2003-06-09,31.768571428571427,19.400002,22.728573,28.9,16.1,54.642857,5.514286,1.9571428,6.1714287,5.0571427,24.428572,1.9744039e-05,0.0024664626,-7.2791902999999985e-25,1.1175871e-08,0.0,True
2003-06-16,31.76142857142857,0.90000004,19.800001,24.728573,13.442858,54.74286,4.6571426,1.3000001,5.2999997,4.8428574,23.3,5.155802e-06,0.002158381,-7.2791902999999985e-25,3.7252903e-09,0.0,True
2003-06-23,31.77428571428572,22.4,17.628572,22.514286,13.114286,64.50001,3.942857,1.6428572,4.2,4.8,20.071428,8.3461404e-05,0.0019226894,-7.2791902999999985e-25,7.450581e-09,0.0,True
2003-06-30,31.76142857142857,0.4,19.142857,24.300001,13.414286,57.785713,4.2714286,1.0285715,4.8285713,4.5857143,21.442858,8.1807375e-06,0.0017253235,-7.2791902999999985e-25,3.7252903e-09,0.0,True
2003-07-07,31.763571428571428,10.6,17.27143,21.028574,14.457144,73.88572,2.857143,1.457143,3.3,4.542857,18.957144,7.236749e-05,0.0015472397,-7.2791902999999985e-25,1.4901161e-08,0.0,True
2003-07-14,31.728571428571428,11.3,18.528574,23.699999,12.800001,64.04286,3.914286,1.2857143,4.3857145,4.3428574,20.87143,1.579523e-05,0.0014098659,-7.2791902999999985e-25,3.7252903e-09,0.0,True
2003-07-21,31.722857142857144,8.1,23.942858,30.185715,17.628572,57.57143,4.942857,1.5285715,5.6,4.2,25.085714,0.00010474026,0.0012611449,-7.2791902999999985e-25,1.1175871e-08,0.0,True
2003-07-28,31.717142857142854,19.3,22.185715,27.857143,18.157145,68.942856,3.642857,2.2857144,4.3142858,4.428571,24.4,0.00015768409,0.0011372119,-7.2791902999999985e-25,7.450581e-09,0.0,True
2003-08-04,31.69,0.5,23.457144,29.171429,17.428572,60.34286,3.9285715,1.8571428,4.714286,4.3142858,25.37143,4.798174e-06,0.0010369867,-7.2791902999999985e-25,0.0,0.0,True
2003-08-11,31.67571428571429,0.0,23.428572,30.0,16.457144,48.81429,4.7428575,0.6571428,5.6142855,3.8,25.62857,0.0,0.0009235516,-7.2791902999999985e-25,0.0,0.0,True
2003-08-18,31.678571428571427,4.3999996,21.742859,28.071428,15.400001,51.57143,4.3285713,0.54285717,5.214286,3.6285715,23.485714,9.715557e-06,0.00081638247,-7.2791902999999985e-25,3.7252903e-09,0.0,True
2003-08-25,31.665714285714284,2.5,19.357143,24.67143,14.142858,64.41428,3.1857142,0.5285714,3.9428573,3.6571429,21.214285,1.0564923e-05,0.0007411316,-7.325276e-25,7.450581e-09,0.0,True
2003-09-01,31.676428571428573,26.5,15.642858,20.742859,11.6,68.200005,2.3428574,0.90000004,3.142857,3.9285715,17.528572,6.7315996e-05,0.0006844774,-7.345365000000001e-25,9.313226e-09,0.0,True
2003-09-08,31.648571428571422,0.7,15.942858,21.285715,9.914286,62.18572,2.5285716,1.3428571,3.2285712,4.0857143,16.77143,4.440546e-06,0.0006405413,-7.345365000000001e-25,1.8626451e-09,0.0,True
2003-09-15,31.65,20.9,15.17143,19.385714,11.557143,77.685715,1.4571428,1.1285714,2.0,4.9142857,16.557142,0.00016081333,0.00060006976,-7.345365000000001e-25,3.7252903e-09,0.0,True
2003-09-22,31.65285714285714,0.0,18.528574,26.757143,11.7,63.157143,2.6142857,1.6571429,3.3857143,4.6285715,18.542856,2.9802322e-08,0.00056584924,-7.345365000000001e-25,3.7252903e-09,0.0,True
2003-09-29,31.648571428571422,11.8,12.857142,18.47143,7.557143,66.61429,1.6285714,0.98571426,2.3142858,4.2,14.257143,7.238984e-05,0.0005320981,-7.345365000000001e-25,3.7252903e-09,0.0,True
2003-10-06,31.66142857142857,21.2,10.714286,14.900001,6.585715,83.41429,0.94285715,0.7428571,1.2714285,4.4857144,11.685715,0.00013037026,0.00050635636,-7.345365000000001e-25,3.7252903e-09,0.0,True
2003-10-13,31.65428571428572,13.9,9.714286,13.371429,6.6857142,78.62858,0.9857143,0.88571423,1.4571428,4.885714,9.6,0.00014161319,0.00048594177,-7.345365000000001e-25,5.5879354e-09,0.0,True
2003-10-20,31.63142857142857,0.0,5.514286,10.785714,0.78571427,72.82857,0.6571428,0.45714286,1.0,4.757143,6.4142857,1.206994e-06,0.00046765804,-7.345365000000001e-25,7.264316e-08,2.30968e-07,True
2003-10-27,31.65714285714285,15.599999,2.5,6.142857,-0.90000004,77.47143,0.44285718,0.37142858,0.7714286,4.8142858,3.557143,6.5900385e-05,0.00045184046,3.093765e-06,1.960434e-05,2.2422522e-05,True
2003-11-03,31.685714285714287,11.3,6.428571,10.042857,3.042857,80.67143,0.5142857,0.42857143,0.88571423,5.285714,5.0571427,7.005036e-05,0.00043807924,8.0040525e-07,2.7846545e-06,0.0,True
2003-11-10,31.62142857142857,0.5,5.3714285,7.728572,2.6714287,85.57143,0.31428573,0.24285714,0.6571428,5.3428574,4.7714286,2.257526e-06,0.00042548776,-7.345365000000001e-25,0.0,0.0,True
2003-11-17,31.665714285714284,16.300001,3.057143,6.7285714,0.1428571,84.42857,0.35714287,0.27142859,0.44285718,5.385714,2.3714285,8.5264444e-05,0.0004140213,-7.345365000000001e-25,1.8626451e-09,0.0,True
2003-11-24,31.69142857142857,6.7,9.742858,12.728571,6.8142858,83.814285,0.41428572,0.34285715,0.6857143,6.214286,7.6714287,3.772974e-05,0.00040395558,-7.345365000000001e-25,5.5879354e-09,0.0,True
2003-12-01,31.698571428571427,14.4,7.2000003,9.357142,5.2285714,93.1,0.20000002,0.18571429,0.21428572,6.4857144,6.385714,7.903576e-05,0.00039491802,-7.345365000000001e-25,0.0,0.0,True
2003-12-08,31.66857142857143,3.5,3.4714286,5.6285715,1.1857145,84.48572,0.27142859,0.25714287,0.5,6.642857,3.2571428,1.8253922e-05,0.0003869608,1.566183e-05,1.8626451e-09,5.760044e-05,True
2003-12-15,31.70214285714286,31.4,2.7714288,5.857143,-0.41428572,81.971436,0.41428572,0.4,0.54285717,7.2285714,1.1428572,0.00030765682,0.0003797412,0.00013420696,0.00061414205,0.0006326623,True
2003-12-22,31.687142857142856,8.5,3.5571427,6.2714286,0.42857146,80.84286,0.42857146,0.41428572,0.64285713,8.242857,1.9428571,0.00010674447,0.00037383288,0.0001692261,0.0005540177,0.0006968975,True
2003-12-29,31.69,0.0,2.2000003,4.728572,-0.028571367,72.27143,0.31428573,0.27142856,0.88571423,8.4,0.2857143,2.8207898e-05,0.00036960095,0.0001304547,0.00022596866,2.2649765e-06,True
2004-01-05,31.678571428571427,0.0,-2.142857,0.20000005,-4.428571,78.61428,0.1,0.1,0.3,8.4,0.25,3.799796e-07,0.0003663674,0.0003228812,2.797693e-06,0.00083898753,True
2004-01-12,31.70428571428572,22.7,1.3142859,4.0142856,-1.5571429,91.700005,0.18571427,0.18571427,0.24285714,9.0,-0.4857143,0.0002812147,0.00036390126,0.0029863005,0.008201072,0.0075634047,True
2004-01-19,31.727857142857143,40.0,2.642857,4.328572,0.5142857,88.17143,0.4142857,0.4142857,0.5142857,10.257143,0.85714287,0.0005956292,0.0003625527,0.0016616526,0.004365457,0.0106971,True
2004-01-26,31.70428571428572,0.4,-4.7000003,-2.3,-7.2000003,80.314285,0.028571429,0.028571429,0.41428572,10.3714285,-0.6142857,1.18762255e-05,0.00036744773,0.007658425,0.00036739744,0.0029782243,True
2004-02-02,31.75142857142857,26.0,2.0142858,4.3428574,-0.65714294,84.8,0.45714286,0.45714286,0.6571428,10.428572,0.54285717,0.0007104352,0.00037828833,0.0074597085,0.012405049,0.004075907,True
2004-02-09,31.737142857142857,23.9,8.6,11.157143,6.142857,79.38572,1.1,1.0857142,1.3285714,10.585714,6.4428573,0.00036361814,0.000404872,0.00044491177,0.0001912564,0.0032526143,True
2004-02-16,31.72714285714286,9.5,1.1857141,3.2857144,-1.3571428,87.65715,0.25714284,0.25714284,0.5,10.428572,0.95714283,0.00027142465,0.0004613176,0.0051453,0.008830668,0.0072441846,True
2004-02-23,31.770714285714284,0.1,1.3142856,4.428571,-1.7,64.77143,0.7285714,0.6571428,1.2142857,10.057143,0.8428571,3.965199e-05,0.0005405322,0.000805219,0.0010588057,0.00063737854,True
2004-03-01,31.79,3.2,-0.2857143,3.2,-3.457143,78.942856,0.55714285,0.5142857,0.8142857,9.757143,0.17142858,5.1945448e-05,0.00061837584,0.0026004429,0.0019144267,0.0060105696,True
2004-03-08,31.75714285714286,0.90000004,0.8142857,4.0,-2.7142856,71.92857,0.7571429,0.6714286,1.0857142,9.614285,0.9714286,9.575486e-05,0.0006857142,0.0016986246,0.0040356163,0.0019286722,True
2004-03-15,31.76,0.8,5.6714287,9.157143,2.5714285,74.11428,1.1,0.9428572,1.4857142,9.385715,4.257143,0.00015093386,0.00074349344,0.0010719583,0.0031895079,0.0014319308,True
2004-03-22,31.77928571428572,15.700001,11.1,15.114286,7.3285713,70.88572,1.957143,1.7714287,2.2,8.971429,9.771428,0.0002310425,0.000790596,3.5195123e-07,6.103888e-06,0.0,True
2004-03-29,31.75,0.1,4.357143,8.042857,0.6,70.17143,1.1285714,0.9285714,1.5285714,8.857142,5.1714287,1.3872981e-05,0.0008308366,0.000121258556,0.00035283156,0.00043699145,True
2004-04-05,31.737142857142857,4.5,9.67143,15.614286,4.142857,59.528572,2.5,2.0857143,2.957143,8.157143,9.442857,3.2819808e-05,0.0008626431,9.1904685e-06,6.9625676e-05,0.0,True
2004-04-12,31.74285714285714,14.599999,6.085715,10.414286,2.057143,79.98572,1.4142857,1.1999999,1.5571429,8.071428,7.714286,0.00016488135,0.00088207424,3.8714634e-06,3.6161393e-05,3.62508e-05,True
2004-04-19,31.73,0.6,11.928572,17.571428,5.357143,60.24286,2.642857,1.9714285,3.1142857,7.4714284,12.642858,9.1165304e-05,0.00089060515,7.947286e-08,9.853393e-07,0.0,True
2004-04-26,31.69428571428572,3.9,11.957144,16.714285,6.8142858,68.62858,2.1142857,1.5428572,2.4285715,6.9,13.214286,0.00010931492,0.0008870065,-7.2791902999999985e-25,0.0,0.0,True
2004-05-03,31.697142857142858,1.5,15.042857,20.057144,10.0,57.77143,3.542857,2.1142857,4.071429,6.1857142,15.6,2.6091933e-05,0.00087527186,-7.2791902999999985e-25,3.7252903e-09,0.0,True
2004-05-10,31.70285714285714,16.7,13.871429,18.47143,9.557143,78.24286,2.3428571,1.8142855,2.6857142,6.3285713,15.571428,0.0003040284,0.000856854,-7.2791902999999985e-25,3.7252903e-09,0.0,True
2004-05-17,31.63428571428572,3.8000002,12.1285715,15.371429,8.114286,76.77143,1.8714285,1.4285715,2.4142857,6.5,13.928572,7.328391e-05,0.0008440241,-7.2791902999999985e-25,0.0,0.0,True
2004-05-24,31.63,6.8,11.957144,16.428572,7.0,64.38572,2.9285715,2.0714285,3.3999999,5.8,14.342857,9.0420246e-05,0.0008269325,-7.2791902999999985e-25,0.0,0.0,True
2004-05-31,31.610000000000003,3.9,13.67143,19.085714,7.1857147,61.014286,3.3142855,1.7285715,3.957143,5.357143,16.171429,2.9355288e-05,0.0008067265,-7.2791902999999985e-25,0.0,0.0,True
2004-06-07,31.604285714285712,11.5,16.642857,21.985716,11.857142,67.85714,3.1428573,1.5285714,3.7571428,5.242857,19.114286,8.901209e-05,0.0007772967,-7.2791902999999985e-25,3.7252903e-09,0.0,True
2004-06-14,31.59142857142857,17.8,17.37143,21.942858,12.814286,74.24286,3.2857144,2.1285713,3.6857142,5.4142857,19.928572,0.00015833974,0.00075000525,-7.2791902999999985e-25,1.1175871e-08,0.0,True
2004-06-21,31.61428571428572,17.900002,14.785714,19.757143,9.657143,69.65714,3.1285713,2.2857144,3.6857142,5.4714284,17.042856,0.00013035536,0.0007246807,-7.2791902999999985e-25,7.450581e-09,0.0,True
2004-06-28,31.59357142857143,15.8,16.214285,20.442858,11.442857,69.04286,3.2999997,2.4285715,3.6714287,5.2,17.7,4.4569373e-05,0.00069755316,-7.2791902999999985e-25,3.7252903e-09,0.0,True
2004-07-05,31.58714285714285,14.799999,16.114286,20.857143,11.485715,70.44286,3.442857,2.2999997,3.8142855,4.714286,18.37143,0.00011689961,0.0006696433,-7.2791902999999985e-25,7.450581e-09,0.0,True
2004-07-12,31.59142857142857,22.8,16.9,21.785715,12.542857,69.0,3.442857,2.2428572,3.957143,5.1285715,19.071428,0.00012677908,0.00064089894,-7.2791902999999985e-25,1.4901161e-08,0.0,True
2004-07-19,31.57428571428571,23.6,18.457144,22.97143,14.157143,74.25714,3.1571429,2.5,3.6857142,5.4142857,19.928572,0.00013051927,0.00061572343,-7.284705e-25,1.1175871e-08,0.0,True
2004-07-26,31.572857142857146,32.5,19.071428,23.942858,13.985715,76.64286,3.0,2.6571426,3.642857,6.385714,21.885714,0.00014629215,0.00058822334,-7.345365000000001e-25,7.450581e-09,0.0,True
2004-08-02,31.56571428571429,1.7,19.785715,25.47143,13.342857,63.37143,3.7142856,2.7857144,4.5,5.757143,22.385714,3.155321e-05,0.00056163967,-7.345365000000001e-25,3.7252903e-09,0.0,True
2004-08-09,31.56,0.0,23.328571,29.142857,17.042858,55.028572,4.7285714,1.9571428,5.642857,4.614286,24.328571,3.9190054e-06,0.0005300641,-7.345365000000001e-25,5.5879354e-09,0.0,True
2004-08-16,31.56,15.299999,21.7,27.357143,16.0,64.84286,3.6857142,1.542857,4.4,4.4142857,23.171429,7.6048076e-05,0.00049415976,-7.345365000000001e-25,9.313226e-09,0.0,True
2004-08-23,31.56142857142857,7.0,19.542858,24.47143,14.585715,65.9,2.957143,1.5285714,3.7,4.257143,20.942858,5.096197e-05,0.00046686828,-7.345365000000001e-25,0.0,0.0,True
2004-08-30,31.58428571428572,34.6,16.728573,20.942858,13.771429,83.04286,1.9428571,1.6,2.1857142,4.7,18.028572,0.00014923513,0.00044476986,-7.345365000000001e-25,3.7252903e-09,0.0,True
2004-09-06,31.562857142857144,3.2,17.114286,23.1,11.214286,69.27143,2.4285715,1.6999999,3.1285713,5.071429,18.485714,3.3080578e-06,0.00042665005,-7.345365000000001e-25,3.7252903e-09,0.0,True
2004-09-13,31.56714285714286,2.2,16.242857,21.97143,10.314286,64.15714,2.4,1.5857143,3.1142857,4.2714286,17.87143,4.6655536e-05,0.00040524453,-7.345365000000001e-25,1.8626451e-09,0.0,True
2004-09-20,31.557142857142857,1.5,15.157144,20.557144,9.685715,65.5,2.1714284,0.98571426,2.7857144,3.8428571,16.1,2.361834e-06,0.0003875345,-7.345365000000001e-25,3.7252903e-09,0.0,True
2004-09-27,31.56571428571429,13.3,11.971429,15.285714,9.6,83.74286,1.1428572,0.90000004,1.4857142,4.042857,12.4,6.418675e-05,0.0003728345,-7.345365000000001e-25,9.313226e-09,0.0,True
2004-10-04,31.532857142857143,14.0,12.657143,17.0,8.728572,84.457146,1.0000001,0.7714286,1.2857143,4.5,12.8714285,6.0260296e-05,0.00036208332,-7.345365000000001e-25,3.7252903e-09,0.0,True
2004-10-11,31.52857142857143,0.1,10.8714285,15.6285715,6.585715,76.799995,0.9714285,0.71428573,1.4428571,4.242857,11.585714,5.967915e-06,0.0003504753,-7.345365000000001e-25,1.8626451e-09,0.0,True
2004-10-18,31.557142857142857,13.700001,7.7571435,11.271429,4.542857,79.828575,0.7714286,0.57142854,1.1571429,4.214286,7.785714,5.336106e-05,0.00033988804,-7.345365000000001e-25,0.0,0.0,True
2004-10-25,31.54714285714286,1.6,11.928572,17.114286,6.6285715,76.52857,1.057143,0.82857144,1.3428571,4.357143,10.342857,3.837794e-05,0.00033083558,-7.345365000000001e-25,1.3038516e-08,0.0,True
2004-11-01,31.535714285714285,8.9,10.528572,12.471429,8.8714285,88.08571,0.37142855,0.2857143,0.61428577,4.5285716,10.385715,0.00012746453,0.00032237172,-7.345365000000001e-25,0.0,0.0,True
2004-11-08,31.518571428571427,1.8,7.957143,10.342857,5.357143,84.34286,0.44285718,0.35714287,0.74285716,4.7714286,7.5142856,4.3347478e-05,0.00031501055,-7.345365000000001e-25,1.8626451e-09,0.0,True
2004-11-15,31.52,14.3,3.4285715,5.9000006,0.48571435,91.5,0.29999998,0.29999998,0.37142855,5.3428574,3.4142857,9.713322e-05,0.00030841678,-7.345365000000001e-25,3.7252903e-09,0.0,True
2004-11-22,31.54428571428572,39.6,4.6714287,7.3857145,1.8000001,88.67143,0.5714286,0.55714285,0.5285714,6.7285714,3.7857144,0.00041832775,0.00030261278,0.0018509853,0.0062771477,0.0072586257,True
2004-11-29,31.532857142857143,5.8,3.2714288,5.857143,0.44285718,87.28571,0.3285714,0.3285714,0.41428572,7.9142857,2.3857143,7.663667e-05,0.00029835105,0.0002649398,0.0010764599,2.310425e-05,True
2004-12-06,31.53,0.1,3.7857144,5.514286,1.8571428,90.22858,0.14285715,0.14285715,0.41428572,8.214286,2.8428571,5.90086e-06,0.00029565394,1.1864163e-05,4.7121197e-05,0.0,True
2004-12-13,31.50142857142857,0.1,2.9142857,4.428571,0.9571429,89.04286,0.10000001,0.10000001,0.34285715,8.142858,1.8857143,1.02594495e-05,0.00029360503,3.0954678e-05,4.025735e-05,0.00012554973,True
2004-12-20,31.54714285714285,9.2,0.8714286,3.3428574,-1.7857143,84.04286,0.32857147,0.3,0.4,8.214286,0.12857144,6.005168e-05,0.0002919361,0.00065709295,0.00035531633,0.0020686276,True
2004-12-27,31.554285714285715,11.8,2.5142858,5.414286,-0.88571435,87.78571,0.3857143,0.37142858,0.44285712,8.757143,1.0714285,0.00023512542,0.00029058754,0.0008772044,0.003032744,0.0015554279,True
2005-01-03,31.53,20.3,3.8142858,5.6142855,1.8714286,86.98572,0.25,0.25,0.5714286,9.275,1.45,0.00018533319,0.00028992444,0.00031028475,0.0010380596,0.0006999634,True
2005-01-10,31.535,1.1,7.642857,10.0,5.0,74.28571,1.0142857,0.9428572,1.2571429,9.571428,5.1714287,0.00010532886,0.00029073656,1.6462235e-07,3.8333237e-06,0.0,True
2005-01-17,31.527142857142856,0.3,4.0142856,6.457143,1.3714286,82.471436,0.42857146,0.35714287,0.62857145,9.257143,2.8142858,2.7135015e-05,0.00029350072,5.9036984e-07,1.0374933e-06,1.4789402e-06,True
2005-01-24,31.575714285714287,27.9,2.2714286,4.4,0.24285717,87.75715,0.5428571,0.5428571,0.4857143,9.942857,1.4428571,0.0002637729,0.000297755,0.0014870337,0.0024335124,0.007910594,True
2005-01-31,31.54,7.6000004,-1.7285715,0.114285745,-3.7714286,90.6,0.071428575,0.071428575,0.31428573,10.242857,0.31428573,0.00016875938,0.00030481815,0.0061710393,0.0059032794,0.0029551648,True
2005-02-07,31.53428571428572,0.7,0.38571426,3.5571427,-2.5857143,77.41429,0.38571426,0.38571426,0.64285713,10.085714,0.51428574,5.660206e-05,0.00031502545,0.0013952482,0.0016934723,0.00023807213,True
2005-02-14,31.58142857142857,31.8,1.857143,4.857143,-0.9857143,80.71429,0.62857145,0.61428577,0.67142856,10.314285,0.3857143,0.00038478523,0.00032918155,0.0008005812,0.0009329766,0.0037587397,True
2005-02-21,31.572857142857146,0.70000005,-0.34285715,1.4,-2.142857,82.74286,0.21428572,0.2,0.62857145,10.3714285,0.14285715,4.066527e-05,0.0003496185,0.005627059,0.00206103,0.004678048,True
2005-02-28,31.58857142857143,8.8,-1.9714288,-0.07142859,-4.928571,86.91429,0.1,0.1,0.5,10.357142,0.1,6.296486e-05,0.00037512183,0.010909444,0.0032392219,0.01326336,True
2005-03-07,31.610000000000003,2.0,-2.3714287,0.62857145,-5.157143,74.61428,0.08571429,0.08571429,0.8,10.3,0.1,1.9833446e-05,0.0004017204,0.0160027,0.0010865144,0.006514143,True
2005-03-14,31.610000000000003,10.6,1.2142857,4.257143,-1.6285714,79.12858,0.7571429,0.7571429,0.9857143,10.242857,0.7,0.00041925907,0.0004286766,0.010734712,0.0144549925,0.006372839,True
2005-03-21,31.58285714285714,3.3000002,6.8142858,10.785714,2.257143,66.08572,1.5142858,1.3714286,1.7857143,9.9,6.2285714,0.00023195148,0.00046623498,0.00091841107,0.006393822,5.0224364e-05,True
2005-03-28,31.60428571428572,0.6,8.885715,13.557143,4.5285716,74.98572,1.3571428,1.1285714,1.6999999,9.385715,8.9,8.761883e-05,0.0005166307,5.767459e-06,2.804771e-05,0.0,True
2005-04-04,31.57857142857143,0.0,9.071428,15.6285715,2.2857144,44.728573,2.9142857,2.2142856,3.3714287,8.571428,9.214286,6.183982e-06,0.0005582571,-7.345365000000001e-25,0.0,0.0,True
2005-04-11,31.615714285714287,9.0,8.657144,13.014287,4.114286,73.11429,1.8428571,1.5714285,2.0,7.8714285,9.671429,0.00016655028,0.00058467686,-7.345365000000001e-25,0.0,0.0,True
2005-04-18,31.64,0.0,13.6285715,19.285715,7.871429,66.92857,2.5285716,1.7,3.0,7.2714286,14.071428,1.5348196e-05,0.0006010458,-7.345365000000001e-25,3.7252903e-09,0.0,True
2005-04-25,31.62142857142857,0.0,8.1,13.757143,2.2,48.75714,2.957143,1.2714287,3.4857142,6.4142857,11.757143,7.5101852e-06,0.00060424954,-7.345365000000001e-25,0.0,0.0,True
2005-05-02,31.62142857142857,3.6,15.0,21.0,8.6,61.4,3.2428572,1.357143,3.6714287,6.1,15.557143,0.00010211766,0.0005988851,-7.345365000000001e-25,0.0,0.0,True
2005-05-09,31.642857142857142,23.2,11.014285,15.528572,7.7571435,77.84286,2.3142858,1.6142857,2.4428573,6.285714,13.7,0.00039984286,0.00058912486,-7.345365000000001e-25,3.7252903e-09,0.0,True
2005-05-16,31.627142857142854,44.5,9.728571,14.371429,5.7428575,78.72858,2.3142855,1.942857,2.357143,6.957143,12.214286,0.00031992048,0.00058184564,-7.345365000000001e-25,0.0,0.0,True
2005-05-23,31.632857142857144,8.8,13.614286,18.014286,8.428572,68.91428,2.5857143,2.1142857,3.0285716,7.071429,15.585714,0.00018092245,0.00057383627,-7.345365000000001e-25,3.7252903e-09,0.0,True
2005-05-30,31.63,11.8,20.285715,25.857143,13.971429,61.557148,4.457143,3.2000003,4.957143,6.3285713,22.457144,5.2422285e-05,0.0005630478,-7.345365000000001e-25,0.0,0.0,True
2005-06-06,31.64428571428571,21.2,14.214286,17.942858,9.771429,70.92857,2.8714287,2.0000002,3.1000001,5.957143,16.642857,7.133931e-05,0.00054873526,-7.345365000000001e-25,3.7252903e-09,0.0,True
2005-06-13,31.647142857142857,7.6000004,11.985715,16.685715,6.9857144,70.75715,2.7142856,1.9857143,2.9857142,5.642857,14.485714,9.5397234e-05,0.0005361289,-7.345365000000001e-25,3.7252903e-09,0.0,True
2005-06-20,31.642857142857142,3.7,19.34286,25.100002,12.857142,66.84286,4.1857142,1.6571428,4.6285715,5.0285716,21.614286,2.8699636e-05,0.00052055717,-7.345365000000001e-25,3.7252903e-09,0.0,True
2005-06-27,31.64428571428571,3.4,21.314287,27.642857,14.314286,59.81429,4.985714,1.3999999,5.414286,4.8285713,24.185715,5.1006675e-05,0.000496462,-7.345365000000001e-25,7.450581e-09,0.0,True
2005-07-04,31.65714285714285,16.3,19.714285,24.685715,13.742858,63.24286,4.2285714,1.2714285,4.7000003,4.742857,22.828571,0.00016286969,0.00046987832,-7.345365000000001e-25,0.0,0.0,True
2005-07-11,31.65428571428572,53.8,17.300001,22.042858,13.428572,81.67143,2.8142858,2.4428573,3.1285713,6.3,19.914286,0.00047072768,0.00045387447,-7.345365000000001e-25,7.450581e-09,0.0,True
2005-07-18,31.65571428571429,5.0,21.585714,27.142857,16.085714,62.37143,4.471429,3.1857145,5.085714,5.4,24.542856,3.59267e-05,0.00043640286,-7.345365000000001e-25,3.7252903e-09,0.0,True
2005-07-25,31.678571428571427,53.5,17.0,20.699999,14.157144,78.957146,2.6714287,2.2999997,2.8285713,6.1,18.571428,0.0003374666,0.00042126328,-7.345365000000001e-25,1.4901161e-08,0.0,True
2005-08-01,31.67571428571429,26.100002,20.600002,25.142857,16.414286,74.0,3.6,3.2428572,3.8714287,6.9714284,23.057142,0.0012408197,0.00040940195,-7.345365000000001e-25,7.450581e-09,0.0,True
2005-08-08,31.67571428571429,23.1,15.514287,19.785715,11.514287,77.5,2.4285715,2.2714286,2.857143,7.1571426,18.714285,0.00024925172,0.00039720535,-7.345365000000001e-25,0.0,0.0,True
2005-08-15,31.687142857142856,15.8,15.414286,18.614286,12.385715,79.314285,1.8857143,1.7428571,2.3142858,7.5857143,16.457144,0.0001437068,0.0003886968,-7.345365000000001e-25,1.1175871e-08,0.0,True
2005-08-22,31.67142857142857,11.900001,19.800001,25.714285,13.571428,70.12858,3.2714286,2.557143,3.9714284,7.0285716,21.971428,8.404255e-06,0.00037930906,-7.345365000000001e-25,3.7252903e-09,0.0,True
2005-08-29,31.65285714285714,5.3,17.114286,21.828571,12.67143,75.12858,2.2571428,1.8142859,2.7714286,6.6571426,19.242857,0.00016005337,0.0003694892,-7.345365000000001e-25,3.7252903e-09,0.0,True
2005-09-05,31.595714285714287,0.5,19.285715,25.17143,13.357142,66.24286,2.8000004,1.7857141,3.6285713,5.7714286,21.185715,3.2179058e-05,0.00035887957,-7.345365000000001e-25,3.7252903e-09,0.0,True
2005-09-12,31.58857142857143,22.2,19.97143,25.585714,14.328572,74.47143,2.4714286,1.3714285,2.9428573,5.242857,21.22857,0.000101700425,0.0003470853,-7.345365000000001e-25,5.5879354e-09,0.0,True
2005-09-19,31.55857142857143,18.0,13.257143,18.128572,8.585714,78.3,1.5428572,1.2571429,1.9714286,6.2285714,15.528571,0.00017517805,0.0003387481,-7.345365000000001e-25,5.5879354e-09,0.0,True
2005-09-26,31.53857142857143,2.1,14.942857,20.557144,10.028571,78.28571,1.5142859,1.1571429,1.9714286,6.2714286,15.928572,2.9459596e-05,0.000331223,-7.345365000000001e-25,0.0,0.0,True
2005-10-03,31.53142857142857,19.9,12.328572,15.971429,8.914286,86.21429,0.87142855,0.7714286,1.1857144,6.5857143,13.085714,0.00014540553,0.0003247261,-7.345365000000001e-25,0.0,0.0,True
2005-10-10,31.51714285714285,0.0,14.285714,19.77143,10.242858,78.11428,1.1571429,0.9142858,1.7571429,6.742857,13.842857,9.685755e-08,0.00031916052,-7.345365000000001e-25,9.313226e-09,0.0,True
2005-10-17,31.51714285714285,0.0,10.828572,16.642859,6.3142858,76.6,0.9142857,0.6857143,1.3428571,6.3428574,11.3714285,6.854534e-07,0.0003129542,-7.345365000000001e-25,1.8626451e-09,0.0,True
2005-10-24,31.55857142857143,26.2,10.3714285,14.257143,6.857143,84.8,0.7714286,0.64285713,0.9142857,6.385714,10.342857,0.00017277896,0.0003079474,-7.345365000000001e-25,5.5879354e-09,0.0,True
2005-10-31,31.554285714285715,3.1,11.785714,16.4,8.114285,75.94286,0.9142857,0.7714286,1.2571429,6.957143,10.428572,2.3834407e-05,0.0003036782,-7.345365000000001e-25,5.5879354e-09,0.0,True
2005-11-07,31.56,8.0,9.542857,13.342857,5.785714,86.52857,0.51428574,0.45714286,0.5857143,6.957143,8.742857,8.444488e-05,0.0002996847,-7.345365000000001e-25,3.7252903e-09,0.0,True
2005-11-14,31.55857142857143,0.2,8.214286,11.3714285,4.7714286,86.72858,0.37142855,0.2857143,0.4714286,7.142857,7.1714287,2.3245811e-06,0.00029642135,-7.345365000000001e-25,0.0,0.0,True
2005-11-21,31.58428571428572,12.6,2.5714285,4.414286,0.55714285,91.971436,0.22857144,0.21428573,0.3285714,8.0,2.6571429,0.00015726686,0.00029373914,0.00027428355,0.00083263963,0.0014943518,True
2005-11-28,31.60142857142857,2.2,0.9857143,3.0571427,-1.1714287,85.21429,0.15714286,0.14285715,0.42857143,8.2,0.74285716,1.3306737e-05,0.00029163808,0.0010737919,0.0005186405,0.0022984035,True
2005-12-05,31.607857142857146,1.1,1.4,3.8142858,-1.1142857,87.38572,0.17142858,0.15714288,0.37142858,8.228572,-0.12857144,8.293986e-05,0.00028996915,0.0016557148,0.0021897983,8.196011e-05,True
2005-12-12,31.572857142857146,0.4,2.2571428,4.414286,-0.5857143,92.84286,0.10000001,0.10000001,0.17142858,8.3,1.0,1.7516315e-05,0.00028871745,0.0002630495,0.00047256798,5.8617443e-05,True
2005-12-19,31.61285714285714,21.0,2.5714285,4.5,0.45714286,91.314285,0.3142857,0.3142857,0.42857143,8.914286,1.7857143,0.00027612597,0.0002880916,0.0007361287,0.00067019835,0.00468193,True
2005-12-26,31.59,21.599998,3.4857142,5.2000003,1.7428571,90.90001,0.2857143,0.2857143,0.37142858,10.171429,2.2285714,0.0002470538,0.00028897822,0.0010648682,0.0042933337,0.004871048,True
2006-01-02,31.622857142857143,9.0,-2.0428572,0.78571427,-5.3857145,90.328575,0.02,0.02,0.25714287,10.42,0.2,0.00013422966,0.0002930686,0.0115605425,0.006651491,0.013513226,True
2006-01-09,31.574285714285715,0.0,-1.7285715,-0.27142856,-3.2714286,89.22858,0.042857144,0.042857144,0.2857143,10.228572,-0.014285714,2.2768974e-05,0.00030004978,0.010620112,0.0013317764,0.0009771548,True
2006-01-16,31.594285714285714,1.9,-1.9285715,1.0857143,-4.6285715,85.74286,0.10000001,0.114285715,0.21428572,10.2,-1.0285715,7.5280666e-05,0.00030948967,0.008546608,0.0028872415,4.827231e-05,True
2006-01-23,31.62,18.6,-4.9857144,-1.9857142,-8.428572,82.88572,0.057142857,0.057142857,0.32857147,10.457143,-1.4285715,0.00046767294,0.00032038242,0.012786304,0.008446559,0.012042113,True
2006-01-30,31.615714285714287,0.0,-6.571429,-2.2142856,-10.6285715,74.21429,0.0,0.0,0.35714287,10.3,-4.3428574,1.1920929e-07,0.00033541024,0.01130582,0.0,0.0004108101,True
2006-02-06,31.618571428571432,9.799999,-2.2428572,0.11428571,-5.042857,87.01429,0.057142857,0.057142857,0.35714287,10.214286,-1.9428571,2.7224422e-05,0.00035321712,0.011546237,0.0014126785,0.005311504,True
2006-02-13,31.64428571428571,23.5,1.4714286,3.0285716,-0.25714284,89.61428,0.4,0.4,0.45714286,10.742857,3.9650823999999995e-18,0.0012553558,0.00037705153,0.0075901463,0.01710177,0.010591224,True
2006-02-20,31.66857142857143,7.7000003,2.5,5.3428574,-0.25714284,86.78571,0.45714286,0.45714286,0.5714286,10.314285,0.5,0.00044753402,0.0004253015,0.0033084778,0.0079492405,0.000139229,True
2006-02-27,31.62857142857143,0.1,-0.6857143,1.9714286,-3.2714286,74.685715,0.35714287,0.34285715,0.8428572,10.157143,-0.08571429,1.5437603e-05,0.000503473,0.0008945749,0.0004214663,0.0018962193,True
2006-03-06,31.68285714285714,4.2,-0.44285718,3.2000003,-3.7285714,78.78571,0.55714285,0.5285714,0.82857144,9.985714,-0.12857144,4.7564507e-05,0.00058393925,0.002751254,0.0015531182,0.0050994754,True
2006-03-13,31.662857142857145,9.099999,-1.6428572,0.9428572,-4.3428574,83.98572,0.21428572,0.21428572,0.64285713,10.171429,0.0,3.593415e-05,0.000652872,0.009218108,0.0016770065,0.012905162,True
2006-03-20,31.662857142857145,0.1,0.3285714,2.7000003,-2.1714284,81.15715,0.31428573,0.28571433,0.82857144,10.185715,0.0,0.00020627677,0.0007123351,0.00908377,0.010283273,0.0012197793,True
2006-03-27,31.697142857142858,17.6,4.2571425,9.242858,0.0285714,72.75715,1.2428571,1.1428572,1.4285715,9.971429,3.3428571,0.001250118,0.00088213384,0.0011289177,0.003082564,2.8882176e-05,True
2006-04-03,31.702857142857145,14.5,9.857142,14.257143,5.285714,77.042854,1.757143,1.7428572,1.8571428,10.171429,8.914286,0.00062578917,0.0008808002,2.0379111e-06,2.4981797e-05,0.0,True
2006-04-10,31.70428571428572,7.4,6.1714287,10.685715,1.8571428,67.6,1.9571428,1.7142857,2.0857143,9.828571,7.285714,7.919222e-05,0.0010854304,-7.345365000000001e-25,1.09896064e-07,1.1920929e-07,True
2006-04-17,31.715714285714284,16.2,7.914286,11.657143,4.5142856,78.3,1.6571429,1.5,1.6857144,9.285714,8.6285715,0.00043916702,0.0012500733,-7.345365000000001e-25,0.0,0.0,True
2006-04-24,31.71,4.9,11.8,16.328571,7.328572,73.38572,2.085714,1.7142857,2.3999999,8.885715,13.014286,0.00016136467,0.0013559759,-7.345365000000001e-25,0.0,0.0,True
2006-05-01,31.722857142857144,8.099999,11.585714,16.071428,6.642857,70.942856,2.1857142,1.8714286,2.5571427,8.6,13.6,0.00018465519,0.001424551,-7.345365000000001e-25,0.0,0.0,True
2006-05-08,31.7,0.0,16.9,22.97143,10.185715,50.385715,4.357143,3.1000001,4.9,7.642857,17.12857,9.998679e-06,0.0014492497,-7.345365000000001e-25,0.0,0.0,True
2006-05-15,31.715714285714284,0.4,16.014286,21.942858,8.5,53.485718,3.9428573,1.7999998,4.4142857,6.3714285,18.114286,3.632903e-05,0.0014171377,-7.345365000000001e-25,0.0,0.0,True
2006-05-22,31.732857142857146,21.0,14.728572,19.428572,10.271429,73.48572,2.8857143,1.9857142,3.1000001,6.2,15.8714285,0.00024308264,0.001376763,-7.345365000000001e-25,3.7252903e-09,0.0,True
2006-05-29,31.697142857142858,23.400002,12.242858,16.185715,8.242857,73.57143,2.8857143,2.1285713,2.9285715,6.0857143,14.542857,0.00015982985,0.0013371706,-7.345365000000001e-25,3.7252903e-09,0.0,True
2006-06-05,31.69,15.5,10.900001,14.900001,6.642857,74.24286,2.2999997,1.8,2.642857,6.3714285,13.685715,0.00015960634,0.0012995526,-7.345365000000001e-25,0.0,0.0,True
2006-06-12,31.66857142857143,4.0,17.414288,23.142857,10.257143,59.642857,4.0142856,2.4285715,4.7285714,5.8428574,20.357143,3.0383468e-05,0.0012557283,-7.345365000000001e-25,0.0,0.0,True
2006-06-19,31.68857142857143,9.0,21.542858,27.228573,15.771429,63.928577,4.214286,1.6285714,4.785714,5.357143,23.828571,0.00021193922,0.0011891127,-7.345365000000001e-25,3.7252903e-09,0.0,True
2006-06-26,31.69,0.1,22.157145,27.728573,15.985715,60.028572,4.8285713,1.7428572,5.3285713,5.114286,24.614286,3.874302e-05,0.0011312291,-7.345365000000001e-25,3.7252903e-09,0.0,True
2006-07-03,31.66142857142857,0.0,20.414288,25.52857,14.828572,55.2,4.714286,0.7714286,5.4,4.757143,23.185715,1.4156103e-06,0.0010610148,-7.345365000000001e-25,0.0,0.0,True
2006-07-10,31.69142857142857,64.2,23.814285,30.300001,17.585714,58.085716,5.514286,1.3857143,6.014286,4.6571426,25.928572,0.00022631884,0.0009749755,-7.345365000000001e-25,0.0,0.0,True
2006-07-17,31.71142857142857,0.1,22.27143,27.9,15.957144,57.42857,5.085714,1.2142859,5.557143,4.5142856,25.8,7.5101852e-06,0.00090411305,-7.345365000000001e-25,3.7252903e-09,0.0,True
2006-07-24,31.702857142857145,0.0,25.942858,32.2,18.385715,50.357143,5.6714287,0.6999999,6.1714287,4.1714287,27.557142,3.874302e-06,0.00082448125,-7.345365000000001e-25,7.450581e-09,0.0,True
2006-07-31,31.7,10.3,24.857143,30.37143,19.328571,55.985714,4.7857146,0.8571429,5.3428574,4.0142856,27.285715,1.17868185e-05,0.0007429868,-7.345365000000001e-25,7.450581e-09,0.0,True
2006-08-07,31.70285714285714,19.8,19.014286,23.928572,15.028572,70.04286,3.2285717,1.3857143,3.6714287,4.285714,21.62857,0.000103875995,0.00068243593,-7.345365000000001e-25,1.1175871e-08,0.0,True
2006-08-14,31.69428571428572,11.900001,16.857143,21.057144,13.3,73.457146,2.4571426,1.6142856,3.042857,4.4142857,19.77143,4.3675303e-05,0.00064147264,-7.345365000000001e-25,3.7252903e-09,0.0,True
2006-08-21,31.685714285714287,16.9,19.014286,24.457144,14.328572,74.0,2.8857143,2.2857141,3.3714287,4.6285715,20.585714,8.589029e-05,0.000603497,-7.345365000000001e-25,9.313226e-09,0.0,True
2006-08-28,31.68285714285714,47.7,16.428572,20.614286,13.17143,79.58572,1.9857141,1.6999999,2.4857142,4.9,18.3,0.000112861395,0.000570029,-7.345365000000001e-25,9.313226e-09,0.0,True
2006-09-04,31.672857142857143,14.4,16.97143,20.171429,14.357142,77.114296,2.1571429,1.8428572,2.5285716,5.2714286,17.114286,0.00014163554,0.00054425746,-7.345365000000001e-25,1.4901161e-08,0.0,True
2006-09-11,31.64,1.8,17.042858,22.77143,11.871429,71.22857,2.2714286,1.6571428,3.0571427,4.785714,18.057142,4.4614077e-05,0.0005187094,-7.345365000000001e-25,0.0,0.0,True
2006-09-18,31.65428571428572,0.0,19.77143,26.285715,13.614286,60.557148,2.9714284,1.4285715,3.857143,4.114286,19.62857,1.1324883e-06,0.0004912168,-7.345365000000001e-25,5.5879354e-09,0.0,True
2006-09-25,31.63714285714285,0.0,18.171429,24.157145,12.585714,63.77143,2.457143,0.5142857,3.3285713,3.8285713,18.528572,2.0861626e-06,0.00046455115,-7.345365000000001e-25,5.5879354e-09,0.0,True
2006-10-02,31.638571428571428,3.0,17.014286,21.914288,12.985715,77.37144,1.4714285,0.5714286,1.9571428,3.7857144,17.757143,1.25691295e-05,0.0004406497,-7.345365000000001e-25,3.7252903e-09,0.0,True
2006-10-09,31.635714285714283,8.0,13.300001,17.514286,9.714286,79.54286,1.0142857,0.6999999,1.5,4.0142856,13.471429,2.9094517e-05,0.00042247772,-7.345365000000001e-25,5.5879354e-09,0.0,True
2006-10-16,31.604285714285712,0.0,11.585714,16.057142,8.114286,85.5,0.64285713,0.3285714,0.9857143,3.9571428,13.014286,2.3245811e-06,0.00040689856,-7.345365000000001e-25,1.8626451e-09,0.0,True
2006-10-23,31.65428571428572,2.8000002,11.771429,17.27143,7.3142858,78.12858,0.91428566,0.48571426,1.2142857,3.857143,11.442857,1.3567507e-05,0.0003928244,-7.345365000000001e-25,7.450581e-09,0.0,True
2006-10-30,31.615714285714287,12.4,13.042857,16.714285,9.157143,75.62858,1.1999999,0.6857143,1.5285714,3.8,12.214286,9.808689e-05,0.0003793463,-7.345365000000001e-25,9.313226e-09,0.0,True
2006-11-06,31.608571428571427,12.4,6.4000006,9.871429,3.2142856,82.471436,0.78571427,0.7,0.94285715,4.3428574,6.2,5.480647e-05,0.00036783516,6.244296e-05,0.0001799129,0.00017755851,True
2006-11-13,31.61428571428572,12.700001,7.114286,9.942857,4.257143,83.14286,0.7,0.64285713,0.8428572,4.8,6.542857,9.75579e-05,0.00035760552,-7.345365000000001e-25,4.4703484e-08,0.0,True
2006-11-20,31.62142857142857,4.4,10.328572,13.800001,7.428571,82.38572,0.5285714,0.42857143,0.78571427,5.2,8.414286,4.002452e-05,0.00034821033,-7.345365000000001e-25,1.8626451e-09,0.0,True
2006-11-27,31.64428571428571,8.4,8.3714285,11.114286,5.357143,84.185715,0.44285718,0.41428572,0.5857143,5.428571,6.757143,7.776916e-05,0.00033973157,-7.345365000000001e-25,0.0,0.0,True
2006-12-04,31.62642857142857,6.8,6.5142856,9.585714,3.3,87.42857,0.3285714,0.2857143,0.3285714,5.5571427,5.1571426,3.1918287e-05,0.00033213198,-7.345365000000001e-25,3.7252903e-09,0.0,True
2006-12-11,31.66,9.9,8.342857,11.1285715,5.2000003,77.328575,0.64285713,0.54285717,0.94285715,5.4857144,6.385714,6.391108e-05,0.0003251657,-7.345365000000001e-25,3.7252903e-09,0.0,True
2006-12-18,31.641428571428573,6.0,6.2000003,8.257143,3.8857143,82.67143,0.4571429,0.4142857,0.62857145,5.885714,4.8428574,9.261072e-05,0.0003188625,-7.345365000000001e-25,0.0,0.0,True
2006-12-25,31.62,1.5,4.928571,6.457143,3.2000003,90.92857,0.15714286,0.12857144,0.34285715,5.9,3.9142857,1.3589859e-05,0.00031351298,-7.345365000000001e-25,0.0,0.0,True
2007-01-01,31.665714285714284,11.1,3.4428573,5.2571425,1.5285715,88.37142,0.3,0.28333333,0.58571434,6.0666666,1.8,9.740889e-05,0.00030883402,0.0007149719,0.0026193336,0.0025914945,True
2007-01-08,31.685714285714287,17.800001,6.6142855,8.2,4.9714284,86.34286,0.6,0.5857143,0.64285713,6.5142856,5.214286,0.00036358833,0.00030454993,7.2093235e-07,5.6251884e-06,0.0,True
2007-01-15,31.678571428571427,15.5,8.814286,11.028571,5.557143,74.15715,1.2428572,1.1999999,1.3571428,6.9714284,6.614286,0.00012306869,0.00030124187,-7.345365000000001e-25,3.7252903e-09,0.0,True
2007-01-22,31.70142857142857,53.3,6.4,9.428572,3.4142857,82.0,1.0142857,0.99999994,0.9285714,8.4,5.1571426,0.0020274818,0.00029920042,1.07856025e-07,3.7252903e-09,2.540648e-06,True
2007-01-29,31.707142857142856,10.0,-0.37142855,2.4428573,-3.9714286,78.38572,0.37142855,0.37142855,0.6571428,9.071428,-0.14285715,0.00015750527,0.0003001392,0.0015873398,0.0045162234,0.005655419,True
2007-02-05,31.70428571428572,6.9,5.5285716,7.1857147,3.3285713,84.67143,0.6714286,0.65714294,0.7285714,9.357142,4.1857142,9.0390444e-05,0.0003043115,0.000107521104,0.00097243674,4.9725175e-05,True
2007-02-12,31.74571428571429,15.0,0.29999998,2.614286,-2.1142857,89.52857,0.25714287,0.25714287,0.41428572,9.614285,0.8428571,0.00019066781,0.00031155348,0.004216966,0.005974641,0.009590391,True
2007-02-19,31.72142857142857,12.7,4.957143,7.471429,2.8285713,80.17143,0.7428571,0.71428573,0.88571435,10.114285,3.9285715,0.00029836595,0.00032301992,0.0004047496,0.0033780634,0.0,True
2007-02-26,31.74428571428572,11.7,4.0571427,7.5285716,1.0857143,78.87142,0.7,0.6857143,0.94285715,9.971429,3.6,0.00020627677,0.00034423172,0.00021134104,0.0010483041,0.0010755993,True
2007-03-05,31.75,23.1,5.8428574,8.914286,2.857143,82.87144,1.0,1.0,0.95714283,10.271428,5.1,0.00056729466,0.00037462264,6.1250867e-06,7.2553754e-05,3.8333237e-05,True
2007-03-12,31.70428571428572,3.2,8.6285715,13.5,4.1714287,73.34286,1.3857143,1.2428571,1.5428572,9.857142,7.4142857,6.528944e-05,0.0004335791,-7.345365000000001e-25,1.6763806e-08,0.0,True
2007-03-19,31.735714285714288,10.1,7.9714284,12.328572,3.5285716,74.114296,1.4999999,1.3142856,1.5857143,9.342857,7.8428574,0.00015610456,0.00049015135,-7.345365000000001e-25,3.7252903e-09,0.0,True
2007-03-26,31.731428571428573,32.1,6.3714285,10.271429,2.914286,72.88572,1.6285714,1.5571429,1.9428571,10.142858,5.957143,0.0011828244,0.0005430579,0.0013348318,0.0080070775,0.007923555,True
2007-04-02,31.715714285714284,0.0,11.142858,16.914288,5.585715,52.81429,2.6571429,2.0714285,3.2142856,9.257143,10.357142,3.3035874e-05,0.00062404573,3.973643e-07,4.2710453e-06,0.0,True
2007-04-09,31.74285714285714,0.4,8.142858,11.828572,4.571429,69.71429,1.8714286,1.3857144,2.1,8.414286,9.6285715,1.9803643e-05,0.0006829053,-7.345365000000001e-25,1.8626451e-09,0.0,True
2007-04-16,31.728571428571428,0.4,14.814286,21.071428,7.828572,56.34286,3.2714286,2.1142857,3.6714287,7.542857,14.1285715,9.045005e-06,0.0007145852,-7.345365000000001e-25,1.8626451e-09,0.0,True
2007-04-23,31.738571428571426,1.2,10.614286,16.357143,3.8857143,54.628574,3.2000003,1.2142857,3.3428574,6.742857,12.942857,7.197261e-06,0.0007187575,-7.345365000000001e-25,0.0,0.0,True
2007-04-30,31.728571428571428,0.0,15.6,22.34286,8.385715,53.257145,3.8285716,0.9285714,4.285714,6.1857142,17.414286,1.7881393e-06,0.000705488,-7.345365000000001e-25,0.0,0.0,True
2007-05-07,31.737142857142857,27.2,14.257143,20.157145,7.5,49.842857,3.8571432,0.64285713,4.114286,5.9428573,16.928572,0.00020104647,0.0006813556,-7.345365000000001e-25,0.0,0.0,True
2007-05-14,31.75714285714286,55.800003,13.7,18.442858,9.342857,78.35714,3.0428576,2.6285713,2.7857144,6.757143,14.828571,0.00043399632,0.0006621182,-7.345365000000001e-25,3.7252903e-09,0.0,True
2007-05-21,31.740714285714287,15.7,15.757143,21.028574,9.642858,66.3,3.6142857,2.9142857,4.071429,6.8428574,17.557142,0.00067459047,0.00064639,-7.345365000000001e-25,3.7252903e-09,0.0,True
2007-05-28,31.752857142857145,44.7,20.214285,26.071428,14.885715,75.542854,3.6857145,2.9142857,4.1,6.357143,22.9,0.00019209087,0.0006255135,-7.345365000000001e-25,3.7252903e-09,0.0,True
2007-06-04,31.755714285714284,15.2,16.185715,20.52857,12.071428,76.971436,2.385714,1.9714285,3.0,7.1857142,19.142857,0.00012350082,0.0006100908,-7.345365000000001e-25,7.450581e-09,0.0,True
2007-06-11,31.764285714285712,2.6,22.085714,27.800001,15.971429,66.185715,4.428571,3.1714287,5.042857,6.357143,24.514286,2.6240945e-05,0.0005937293,-7.345365000000001e-25,0.0,0.0,True
2007-06-18,31.775714285714287,67.5,20.557144,26.157145,15.914286,71.14286,4.014286,3.0714285,4.2571425,6.142857,23.442858,0.0001565218,0.0005670339,-7.345365000000001e-25,7.450581e-09,0.0,True
2007-06-25,31.78857142857143,44.8,19.17143,24.67143,13.957144,74.85714,3.7142856,3.2714288,4.071429,7.614286,21.857143,0.0010764599,0.00054553896,-7.345365000000001e-25,1.1175871e-08,0.0,True
2007-07-02,31.785714285714285,12.8,16.242857,20.128572,12.157143,73.42857,3.1571429,2.8285716,3.3857143,7.7,17.971428,0.00035953522,0.00052796304,-7.345365000000001e-25,7.450581e-09,0.0,True
2007-07-09,31.78857142857143,42.0,16.014286,20.485716,12.685715,77.8,3.0285714,2.6857142,3.1571429,7.785714,18.085714,0.0002246499,0.00051377714,-7.345365000000001e-25,1.1175871e-08,0.0,True
2007-07-16,31.795714285714286,18.7,19.885714,25.714285,14.3714285,74.37144,3.8999999,3.257143,4.1714287,7.5,21.12857,0.0002452284,0.0005007386,-7.345365000000001e-25,7.450581e-09,0.0,True
2007-07-23,31.79428571428572,30.5,21.4,25.557144,16.37143,65.61429,4.0571427,2.957143,4.585714,7.0,24.057142,0.005256936,0.0004818663,-7.345365000000001e-25,7.450581e-09,0.0,True
2007-07-30,31.787142857142857,14.3,17.585714,21.571428,13.271429,71.98572,3.2714286,2.8714283,3.542857,7.4714284,19.442858,0.00029880553,0.0004670173,-7.345365000000001e-25,7.450581e-09,0.0,True
2007-08-06,31.73,0.7,17.785715,23.042858,11.985715,66.61429,3.3857143,2.6142857,3.9857142,7.257143,19.72857,1.6659498e-05,0.00045619905,-7.345365000000001e-25,3.7252903e-09,0.0,True
2007-08-13,31.74,27.8,20.328571,25.671429,16.128572,80.87144,2.7142856,2.1,3.2571428,6.757143,22.785715,8.633733e-05,0.00044181943,-7.345365000000001e-25,5.5879354e-09,0.0,True
2007-08-20,31.702857142857145,32.5,19.5,24.714285,13.657144,68.957146,3.042857,2.357143,3.642857,6.7285714,21.457144,9.134412e-05,0.00043049455,-7.345365000000001e-25,3.7252903e-09,0.0,True
2007-08-27,31.7,53.7,18.657145,23.071428,14.471429,78.65714,2.385714,2.2,2.957143,8.057143,20.857143,0.0022703707,0.00041951984,-7.345365000000001e-25,1.1175871e-08,0.0,True
2007-09-03,31.721428571428568,21.6,14.457144,18.228573,10.342857,76.08572,1.8428571,1.557143,2.4142857,7.7,16.842857,0.00066191703,0.00040961802,-7.345365000000001e-25,7.450581e-09,0.0,True
2007-09-10,31.69428571428572,14.5,12.914286,16.728573,9.514285,81.01429,1.5285714,1.4,1.9857142,8.314285,14.457143,0.00016017258,0.00040254742,-7.345365000000001e-25,1.1175871e-08,0.0,True
2007-09-17,31.68142857142857,4.9,14.2,18.314285,10.1285715,73.35714,1.7142857,1.4714285,2.3,8.414286,14.857142,2.6106834e-05,0.00039694458,-7.345365000000001e-25,7.450581e-09,0.0,True
2007-09-24,31.66142857142857,5.8,13.957144,19.757143,8.685715,73.814285,1.7571428,1.4428571,2.2142856,8.285714,14.5,9.162724e-05,0.000390701,-7.345365000000001e-25,5.5879354e-09,0.0,True
2007-10-01,31.665714285714284,35.9,13.028572,15.914286,9.971429,85.057144,0.9714286,0.9142857,1.1857144,9.171429,13.814285,0.0024005473,0.00038538128,-7.345365000000001e-25,1.1175871e-08,0.0,True
2007-10-08,31.64,0.2,11.014287,15.114286,7.014286,85.42857,0.67142856,0.6285714,1.0428572,9.642858,12.385715,6.327033e-05,0.000384368,-7.345365000000001e-25,1.8626451e-09,0.0,True
2007-10-15,31.62714285714286,0.5,9.071428,13.385715,5.214286,74.1,0.8,0.67142856,1.1428572,9.3714285,9.728572,9.074807e-06,0.00038535148,-7.345365000000001e-25,1.8626451e-09,0.0,True
2007-10-22,31.617142857142856,2.6,7.871429,11.857142,3.857143,77.68572,0.7571429,0.6714286,1.1,9.142858,7.8428574,5.0522387e-05,0.00038602948,-7.345365000000001e-25,1.8626451e-09,0.0,True
2007-10-29,31.61285714285714,0.70000005,7.2428575,9.342857,5.1142855,86.08571,0.34285715,0.3285714,0.67142856,9.057143,6.8,9.23872e-06,0.000386931,-7.345365000000001e-25,0.0,0.0,True
2007-11-05,31.612857142857145,10.799999,8.714286,10.900001,5.7714286,87.77143,0.4142857,0.37142858,0.59999996,8.985714,8.042857,3.5360456e-05,0.00038789958,-7.345365000000001e-25,3.7252903e-09,0.0,True
2007-11-12,31.66,33.2,4.7428575,6.9714284,2.3285716,87.15715,0.6571428,0.6571428,0.62857145,10.042857,4.3142858,0.00042774528,0.00038909912,0.0010549965,0.001993604,0.0058806315,True
2007-11-19,31.641428571428573,0.90000004,2.457143,4.7714286,-0.21428572,89.828575,0.20000002,0.20000002,0.34285715,10.328571,2.142857,7.3604286e-05,0.0003941059,0.0022357702,0.003698226,0.00010087341,True
2007-11-26,31.65571428571429,6.8,3.2285717,5.957143,0.6857143,84.957146,0.3285714,0.3285714,0.5,10.2,2.0,6.343424e-05,0.00040391088,0.00044086433,0.0013573561,0.0016716011,True
2007-12-03,31.67,24.1,4.057143,6.3428574,1.457143,85.17143,0.5142857,0.5142857,0.55714285,10.285714,2.6285715,0.0004837066,0.00041573495,0.00034524145,0.0007782243,1.2293458e-06,True
2007-12-10,31.67428571428572,10.9,6.8,9.285714,4.385714,81.97143,0.5714286,0.5714286,0.7428571,10.414286,5.042857,0.00020488352,0.00043509156,4.5413064e-08,8.8103116e-07,0.0,True
2007-12-17,31.61285714285714,1.2,1.9428571,3.4428573,-0.042857118,83.52857,0.14285715,0.14285715,0.44285712,10.228572,1.7142857,6.017834e-05,0.00047016144,0.0001678637,8.042902e-06,0.0004779324,True
2007-12-24,31.65,0.0,-2.1428573,-0.88571423,-3.5142858,91.84286,0.0,0.0,0.17142858,10.2,-1.0142857,1.9595027e-06,0.0005102381,0.00057340803,4.2978674e-05,0.00018593296,True
2007-12-31,31.68,1.1,1.6428572,3.614286,-0.62857145,84.04286,0.21428573,0.20000002,0.4714286,10.114285,-0.44285715,3.3073127e-05,0.00054745376,0.00041587013,0.00047256798,5.9641898e-06,True
2008-01-07,31.69857142857143,12.1,-1.2428571,0.21428575,-3.4428573,86.185715,0.10000001,0.08571429,0.42857143,10.171429,-0.98571426,0.00017295778,0.0005801469,0.0031030462,0.0027906895,0.007188499,True
2008-01-14,31.705714285714286,0.7,4.1714287,7.3857145,0.8142857,80.0,0.50000006,0.50000006,0.5714286,10.214286,0.4857143,0.00011496246,0.00061205775,0.0010914064,0.0045196656,3.6925077e-05,True
2008-01-21,31.715,77.0,7.2571435,9.814286,4.214286,86.41429,0.6999999,0.6571428,0.55714285,10.514286,4.9857144,0.0015993267,0.0021275878,1.1671157e-05,8.7771565e-05,0.0,True
2008-01-28,31.717142857142857,16.6,5.442857,8.214286,1.8285714,82.700005,0.7857142,0.7714285,0.8,10.942857,4.3,0.00045657903,0.001186572,-7.345365000000001e-25,1.0803342e-07,1.0803342e-07,True
2008-02-04,31.78,3.3000002,4.0,6.514286,1.4857143,77.90001,0.67142856,0.67142856,0.82857144,10.328571,2.9142857,5.7175756e-05,0.0012039319,4.0985287e-05,0.0001383964,0.00018620118,True
2008-02-11,31.74,1.4,6.1285715,10.028572,2.7857144,79.38572,0.6571428,0.64285713,0.7714286,9.985714,4.242857,0.00012259185,0.0014759675,6.198883e-06,3.9838254e-05,0.0,True
2008-02-18,31.731428571428573,0.6,1.8285714,4.6285715,-1.0714285,75.114296,0.42857143,0.37142855,0.7285714,9.814285,1.5714285,2.3946166e-05,0.0016743168,0.00010391644,0.00018554367,0.0002882555,True
2008-02-25,31.75714285714286,4.5,7.3428574,9.657143,4.7714286,77.58571,1.0714285,1.0142858,1.1428572,9.6,5.742857,7.5533986e-05,0.0018091872,1.0779926e-05,8.141063e-05,0.0,True
2008-03-03,31.76142857142857,29.400002,6.928571,10.328572,3.457143,78.457146,1.3285714,1.2857143,1.1714286,9.671429,5.6857142,0.00049063563,0.0018904805,1.0274705e-06,2.7205795e-05,2.6982278e-05,True
2008-03-10,31.72428571428572,3.7,5.785714,9.3,2.4142857,76.042854,1.1428572,1.0714285,1.3142856,10.014286,4.8,8.623302e-05,0.0019915774,0.00017094612,0.00058612414,0.0006483011,True
2008-03-17,31.742142857142856,19.9,6.371429,9.5,3.4857144,77.17143,1.4571428,1.4142857,1.3714286,9.842857,6.0142856,0.00037356466,0.002113402,9.650276e-08,1.4323741e-06,1.1622906e-06,True
2008-03-24,31.74714285714285,14.7,1.7428571,5.428571,-1.4,79.91429,0.99999994,0.99999994,1.1,10.057143,3.0,0.0003425777,0.0022441149,0.001728932,0.0040929373,0.0071833134,True
2008-03-31,31.721428571428568,4.6,5.871429,10.685715,1.2,70.328575,1.7,1.5714285,1.8428571,9.928572,5.6714287,0.00020234287,0.0024305433,0.0012349968,0.0037182681,0.0011614151,True
2008-04-07,31.74285714285714,14.9,7.1714287,10.814285,3.6571429,82.957146,1.0714285,1.0571429,1.2571429,9.8,7.9714284,0.0002824813,0.0025956705,3.0086153e-07,3.2950193e-06,0.0,True
2008-04-14,31.79,34.8,6.7999997,10.414286,3.5142858,83.41429,1.3571428,1.3428571,1.4428571,10.471429,7.4428573,0.0006269589,0.002763532,5.9332167e-05,0.00047853962,0.00046678632,True
2008-04-21,31.81,17.4,7.471429,10.7,4.257143,80.71429,1.4571428,1.3857144,1.7285715,10.614285,8.314285,0.00096707046,0.003242761,1.1001314e-05,0.000104531646,0.00010154769,True
2008-04-28,31.818571428571428,0.5,13.071428,18.585714,6.828572,58.285713,3.2428572,2.6285713,3.7142856,9.285714,14.171429,5.738437e-05,0.0038378686,-7.345365000000001e-25,7.0780516e-08,0.0,True
2008-05-05,31.83285714285714,3.1,13.7,19.0,8.442858,68.3,2.7000003,2.2571428,3.142857,8.6,15.585714,0.00013647974,0.003947735,-7.345365000000001e-25,0.0,0.0,True
2008-05-12,31.842857142857145,0.0,17.314287,23.742859,9.214286,53.12857,4.1714287,2.6571429,4.6571426,7.4857144,19.6,1.3709068e-06,0.003846839,-7.345365000000001e-25,0.0,0.0,True
2008-05-19,31.865714285714287,4.6000004,14.6285715,20.014286,8.8714285,68.08572,2.8142855,1.4285715,3.3714287,6.6571426,18.414286,0.00011409819,0.0036627129,-7.345365000000001e-25,0.0,0.0,True
2008-05-26,31.84142857142857,0.0,15.0,20.414288,9.085714,58.628574,3.2857144,1.1571429,4.0285716,6.214286,17.742857,1.35451555e-05,0.0034690574,-7.345365000000001e-25,0.0,0.0,True
2008-06-02,31.83285714285714,0.0,21.02857,27.17143,14.585715,48.61429,5.357143,0.75714284,6.3714285,5.8285713,21.442858,5.2154064e-08,0.003213033,-7.345365000000001e-25,7.450581e-09,0.0,True
2008-06-09,31.81428571428572,0.0,21.97143,27.914288,15.471429,44.757145,5.542857,0.6999999,6.4857144,5.5571427,23.485714,4.3958426e-07,0.002879478,-7.345365000000001e-25,0.0,0.0,True
2008-06-16,31.812142857142856,15.900001,15.228572,20.0,10.728571,65.12858,3.5142858,1.1571428,3.9142857,5.5857143,19.042856,0.00014423579,0.0025774315,-7.345365000000001e-25,0.0,0.0,True
2008-06-23,31.787142857142857,13.6,18.985716,24.857143,12.157144,58.899998,4.842857,2.0428572,5.042857,5.4714284,21.27143,4.87715e-05,0.002343975,-7.345365000000001e-25,3.7252903e-09,0.0,True
2008-06-30,31.77428571428572,4.5,18.428572,23.442858,12.471429,63.5,4.157143,1.5,4.4857144,5.3285713,20.842857,3.9085746e-05,0.0021121055,-7.345365000000001e-25,3.7252903e-09,0.0,True
2008-07-07,31.782857142857143,13.400001,21.028574,27.0,14.528572,60.700005,4.7285714,1.6142856,5.071429,5.242857,23.12857,2.6598573e-05,0.0018904582,-7.345365000000001e-25,3.7252903e-09,0.0,True
2008-07-14,31.76,9.4,17.528572,22.37143,13.228572,76.48572,2.8714287,2.1285713,3.1714287,5.5571427,19.485714,0.00010316074,0.0017072037,-7.345365000000001e-25,7.450581e-09,0.0,True
2008-07-21,31.74428571428572,11.2,16.87143,20.97143,13.328572,75.314285,2.5714285,1.9285715,2.957143,5.542857,18.5,0.00012983382,0.0015713051,-7.345365000000001e-25,1.1175871e-08,0.0,True
2008-07-28,31.72142857142857,0.0,22.27143,28.728573,15.928572,61.600002,4.4714284,2.3428571,5.2571425,5.1,22.885714,6.504357e-06,0.0014422163,-7.345365000000001e-25,9.313226e-09,0.0,True
2008-08-04,31.72,11.1,22.714285,28.157145,17.6,57.8,4.4,1.7142857,4.9714284,4.614286,23.585714,2.194196e-05,0.0012854338,-7.345365000000001e-25,1.8626451e-09,0.0,True
2008-08-11,31.71857142857143,5.5,19.857143,25.157145,13.985715,65.78571,3.6857145,1.4,4.1285715,4.457143,21.0,2.8043985e-05,0.0011627972,-7.345365000000001e-25,9.313226e-09,0.0,True
2008-08-18,31.708571428571428,9.4,18.300001,22.7,14.1285715,71.200005,2.7571428,1.4571428,3.2714286,4.642857,19.428572,9.846687e-05,0.0010674223,-7.345365000000001e-25,7.450581e-09,0.0,True
2008-08-25,31.70142857142857,22.6,17.785715,22.34286,13.014287,75.62858,2.4714284,1.7142856,2.7857144,4.8428574,18.928572,0.00010763109,0.000988923,-7.345365000000001e-25,7.450581e-09,0.0,True
2008-09-01,31.685714285714287,16.7,18.1,22.985716,13.457144,73.78571,2.3,1.7571429,2.8285713,4.9857144,19.22857,1.5959144e-05,0.000925228,-7.345365000000001e-25,1.1175871e-08,0.0,True
2008-09-08,31.708571428571428,28.199999,17.285715,21.52857,12.7,80.9,1.9285715,1.5714285,2.1285713,5.142857,18.714285,0.00011302531,0.0008619055,-7.345365000000001e-25,5.5879354e-09,0.0,True
2008-09-15,31.68285714285714,0.0,14.5,19.085714,9.7,71.28571,1.6571428,1.2428571,2.357143,5.3285713,16.37143,6.1243773e-06,0.00080803037,-7.345365000000001e-25,5.5879354e-09,0.0,True
2008-09-22,31.66857142857143,4.8,11.557143,14.67143,8.5,72.442856,0.9714285,0.7428571,1.6142857,4.9142857,12.8714285,1.8671155e-05,0.0007636845,-7.345365000000001e-25,0.0,0.0,True
2008-09-29,31.672857142857143,7.9,12.17143,16.642857,8.471429,79.97143,1.0428572,0.82857144,1.6,5.1857142,12.757143,5.006045e-05,0.0007261783,-7.345365000000001e-25,1.8626451e-09,0.0,True
2008-10-06,31.717142857142857,29.300001,9.7,13.271429,6.728572,83.51429,0.9285714,0.87142855,1.1857144,5.8142858,9.9,0.0001623854,0.0006922595,-7.345365000000001e-25,7.450581e-09,0.0,True
2008-10-13,31.66857142857143,0.8,11.757143,16.814285,7.2000003,87.700005,0.7,0.5285714,0.95714283,5.957143,11.6,8.024275e-06,0.0006635636,-7.345365000000001e-25,0.0,0.0,True
2008-10-20,31.68428571428572,10.0,11.228572,14.67143,7.785714,80.41429,0.84285706,0.71428573,1.1285714,5.9857144,10.4,5.646795e-05,0.0006372109,-7.345365000000001e-25,3.7252903e-09,0.0,True
2008-10-27,31.665714285714284,12.4,9.685715,13.657144,6.071429,82.6,0.6571428,0.5714286,0.9285714,6.1571426,8.957143,0.00011062622,0.000613071,-7.345365000000001e-25,3.7252903e-09,0.0,True
2008-11-03,31.7,32.6,5.9428573,8.271429,4.071429,90.21429,0.25714284,0.25714284,0.41428572,8.071428,5.9714284,0.00029228628,0.0005930215,0.00044873782,0.0021913871,0.0021430627,True
2008-11-10,31.69,2.0,10.671428,12.1285715,8.642858,89.25714,0.3142857,0.29999998,0.65714294,8.657143,9.171429,3.041327e-05,0.0005775094,2.7474903e-06,2.3383647e-05,0.0,True
2008-11-17,31.69142857142857,1.2,7.714286,10.5,4.214286,80.14286,0.51428574,0.4857143,0.8428572,8.514286,6.6857142,1.4424324e-05,0.00056394935,-7.345365000000001e-25,7.450581e-09,0.0,True
2008-11-24,31.74571428571429,26.9,2.8285713,5.042857,0.6142858,85.75714,0.47142857,0.45714286,0.55714285,9.185715,2.8,0.00014726818,0.00055234134,0.0013155313,8.7700784e-05,0.0039251484,True
2008-12-01,31.72,12.9,2.3,4.157143,-0.32857147,87.814285,0.21428573,0.21428573,0.3857143,9.485714,1.2285714,0.00014968216,0.00054270774,0.0014329071,0.0038023032,0.00032614917,True
2008-12-08,31.715714285714284,6.8999996,3.2428572,5.0285716,0.9142857,89.114296,0.25714287,0.25714287,0.40000004,10.114285,1.8571428,0.00017002225,0.00053515285,0.0012298992,0.0034507234,0.003247736,True
2008-12-15,31.705714285714286,5.6,1.7714285,2.6000001,0.62857145,89.38572,0.12857142,0.12857142,0.34285715,10.242857,1.0,7.195771e-05,0.0005299002,0.0013238078,0.0036679916,0.0037760958,True
2008-12-22,31.70428571428572,6.2,4.3714285,5.9714284,2.6571429,86.71429,0.38571426,0.38571426,0.5428571,10.242857,2.7857144,8.761138e-05,0.0005263388,0.00014652524,0.00044891052,8.9630485e-06,True
2008-12-29,31.672857142857143,6.1,0.22857149,2.0142858,-2.3999999,83.88572,0.08571429,0.08571429,0.34285715,10.285714,0.8428571,4.890561e-05,0.0005238578,5.2554267e-05,1.7955899e-06,0.000145711,True
2009-01-05,31.72,8.9,-3.2857144,-0.12857144,-7.071429,87.84286,0.0,0.0,0.2,10.3,-3.15,6.943941e-06,0.0005226806,0.0038783494,0.00019007921,0.012670424,True
2009-01-12,31.71,0.0,-6.4000006,-2.7,-10.771429,83.557144,0.014285714,0.014285714,0.25714287,10.314285,-0.6857143,4.4703484e-08,0.0005224347,0.0130572375,0.0,0.00087194145,True
2009-01-19,31.731428571428573,7.3,0.2857143,2.5,-2.3142858,83.08572,0.22857143,0.22857143,0.42857143,10.257143,-0.071428575,0.00025340915,0.0005225763,0.010532175,0.009524567,0.00023844838,True
2009-01-26,31.74428571428572,1.9000001,1.2571429,3.714286,-1.7142857,91.25714,0.24285713,0.24285713,0.27142859,10.285714,0.0,0.0001796335,0.00052399933,0.0020386209,0.0036463793,0.00056521595,True
2009-02-02,31.685714285714287,0.3,-0.90000004,0.6857143,-2.7714288,86.942856,0.08571429,0.08571429,0.42857143,10.214286,-0.51428574,6.273389e-06,0.000530906,0.0015031099,0.00030152686,0.0019682646,True
2009-02-09,31.73428571428571,0.90000004,1.8285714,4.1,-0.35714287,84.17143,0.32857147,0.31428573,0.55714285,10.114285,-0.014285714,5.2511692e-05,0.0005418658,0.0010851792,0.0018495787,2.2683293e-05,True
2009-02-16,31.697857142857146,20.2,-0.41428575,1.8000001,-2.4428573,85.28571,0.24285717,0.24285717,0.5285714,10.271428,-0.028571429,0.00016650558,0.0005548224,0.0053671086,0.0027861036,0.018116899,True
2009-02-23,31.68142857142857,15.700001,-0.42857146,1.4285715,-2.7571428,88.24286,0.17142858,0.17142858,0.4714286,10.471429,0.014285714,0.00045150518,0.00057207793,0.016395189,0.017744418,0.010510728,True
2009-03-02,31.7,13.4,4.8857145,7.2285714,3.1285717,83.971436,0.61428577,0.61428577,0.8142857,10.385715,3.1142857,0.00035482645,0.0006066039,0.002080872,0.007768171,0.00015833601,True
2009-03-09,31.74,7.5,4.928571,8.185715,1.8142859,84.700005,0.67142856,0.67142856,0.8428572,10.2,4.3285713,0.00019919872,0.00068320334,5.160059e-06,3.20822e-05,2.4460256e-05,True
2009-03-16,31.710714285714285,14.6,6.142857,8.857142,3.757143,82.542854,0.8142857,0.8142857,1.0142858,10.3714285,5.614286,0.00032863766,0.0007722378,1.4645713e-06,1.1000782e-05,0.0,True
2009-03-23,31.722857142857144,9.599999,5.3857145,8.742857,1.7857143,65.11429,1.5428572,1.4428571,1.7857143,9.928572,5.885714,0.00021452457,0.00088415295,6.6530138e-06,2.0636246e-05,2.2072345e-05,True
2009-03-30,31.76571428571429,6.4,4.8714285,8.642858,1.2,76.77143,1.1285714,1.1,1.3142856,10.028571,5.285714,0.0001893267,0.0009911656,0.00021129563,0.000718154,0.0007555373,True
2009-04-06,31.73428571428571,0.0,11.400001,17.657145,4.4428573,61.8,2.357143,1.8857143,2.8142858,9.385715,11.471429,5.364418e-07,0.0010879859,6.244296e-07,3.827736e-06,0.0,True
2009-04-13,31.76571428571429,0.0,14.157144,20.114286,8.385715,61.028572,2.9142857,2.2,3.457143,8.5,14.671429,8.703768e-05,0.0011455417,-7.345365000000001e-25,0.0,0.0,True
2009-04-20,31.76571428571429,0.6,12.771429,18.657145,6.585714,53.914284,3.128571,2.0857143,3.7285714,7.385714,14.171429,4.87715e-05,0.0011592284,-7.345365000000001e-25,0.0,0.0,True
2009-04-27,31.76142857142857,2.6999998,13.614286,20.328571,7.0,56.3,3.642857,1.5000001,3.9142857,6.6,14.6285715,1.2896955e-05,0.001144439,-7.345365000000001e-25,0.0,0.0,True
2009-05-04,31.75714285714286,1.2,15.342857,22.114286,8.2,55.67143,3.6571429,1.0,4.1142855,6.071429,17.357143,1.7173588e-05,0.0011073425,-7.345365000000001e-25,0.0,0.0,True
2009-05-11,31.75857142857143,34.1,12.67143,17.314287,6.871429,70.75715,2.6571429,1.6714286,2.8142855,6.1571426,14.614285,0.00018268824,0.0010733455,-7.345365000000001e-25,3.7252903e-09,0.0,True
2009-05-18,31.754285714285714,7.7999997,13.914286,19.314287,7.828572,58.0,3.6571426,2.0714285,4.0285716,6.0142856,16.542856,9.8884106e-05,0.0010337383,-7.345365000000001e-25,3.7252903e-09,0.0,True
2009-05-25,31.74,8.5,16.628572,22.128572,10.871429,64.685715,3.5571427,2.1142857,4.1857142,5.885714,19.671429,7.043779e-05,0.0009911209,-7.345365000000001e-25,0.0,0.0,True
2009-06-01,31.731428571428573,45.8,15.557143,21.457142,10.857142,71.057144,3.2571428,2.5285716,3.6000001,6.2,17.471428,0.00027565658,0.00094506145,-7.345365000000001e-25,7.450581e-09,0.0,True
2009-06-08,31.768571428571427,13.1,12.785714,17.442858,8.014285,69.01429,2.957143,2.1285713,3.3285713,6.1714287,15.7,0.0001000762,0.0009061843,-7.345365000000001e-25,0.0,0.0,True
2009-06-15,31.74285714285714,31.400002,15.285715,20.0,10.428572,68.11429,3.4,2.7142856,3.7142856,6.2285714,17.028572,0.00024360418,0.00086919963,-7.345365000000001e-25,3.7252903e-09,0.0,True
2009-06-22,31.731428571428573,15.4,15.5,20.457142,10.828572,66.38572,3.2714286,2.4714284,3.8999999,5.928571,18.62857,0.00012999773,0.0008290261,-7.345365000000001e-25,7.450581e-09,0.0,True
2009-06-29,31.731428571428573,9.2,18.34286,22.2,14.5,75.28571,2.7714286,1.8142856,3.357143,5.7714286,19.542856,7.523596e-05,0.00079289824,-7.345365000000001e-25,7.450581e-09,0.0,True
2009-07-06,31.76571428571429,14.6,21.942858,27.414288,17.214285,72.34286,3.7857144,2.4428573,4.2285714,5.757143,24.9,0.00016702712,0.00075969845,-7.345365000000001e-25,7.450581e-09,0.0,True
2009-07-13,31.77142857142857,15.8,17.171429,22.100002,13.157143,69.51429,3.442857,2.5714285,3.957143,5.385714,19.9,0.00019614398,0.00072425604,-7.345365000000001e-25,1.1175871e-08,0.0,True
2009-07-20,31.75,18.1,20.414288,25.585714,15.385715,68.700005,3.6285713,2.542857,4.0142856,5.214286,22.114286,0.00040338933,0.0006913394,-7.345365000000001e-25,7.450581e-09,0.0,True
2009-07-27,31.74142857142857,17.8,19.542858,24.800001,14.1285715,67.814285,3.6857142,2.8428571,4.1142855,5.3285713,21.1,0.001375623,0.00066224486,-7.345365000000001e-25,1.1175871e-08,0.0,True
2009-08-03,31.72,2.4,20.100002,25.314287,13.7,59.157143,3.9714286,2.3428571,4.585714,4.6714287,22.485714,0.00014775991,0.00063259155,-7.345365000000001e-25,3.7252903e-09,0.0,True
2009-08-10,31.697142857142858,2.9,21.428572,27.642857,15.314286,59.642857,4.042857,1.357143,4.8428574,4.428571,23.385714,8.031726e-06,0.00060257316,-7.345365000000001e-25,0.0,0.0,True
2009-08-17,31.69428571428572,2.6,19.957142,25.285715,14.657144,62.4,3.4857142,1.1428572,4.2,4.1571426,21.414286,1.0728836e-05,0.0005733818,-7.345365000000001e-25,1.1175871e-08,0.0,True
2009-08-24,31.67142857142857,18.7,19.857143,25.614286,13.142858,60.457146,3.5285716,1.2285715,4.142857,4.1857142,21.428572,3.8146973e-05,0.00054163486,-7.345365000000001e-25,3.7252903e-09,0.0,True
2009-08-31,31.68,2.5,19.87143,25.87143,13.8,60.257145,3.1285713,1.0,4.0,4.0285716,21.157143,9.484589e-06,0.0005106032,-7.345365000000001e-25,3.7252903e-09,0.0,True
2009-09-07,31.67714285714285,24.4,17.328571,22.114286,12.842857,68.6,2.5571427,1.3857143,3.1571429,4.242857,18.0,7.171929e-05,0.00048296154,-7.345365000000001e-25,1.1175871e-08,0.0,True
2009-09-14,31.65285714285714,3.1999998,16.357143,21.485716,11.542857,70.27143,2.042857,1.0714287,2.642857,4.042857,17.814285,3.0495226e-05,0.00046119094,-7.345365000000001e-25,7.450581e-09,0.0,True
2009-09-21,31.65571428571429,0.0,16.071428,22.0,10.614286,69.88572,1.8714286,0.7714286,2.6000001,3.8,17.185715,7.301569e-07,0.0004420802,-7.345365000000001e-25,5.5879354e-09,0.0,True
2009-09-28,31.63714285714286,0.3,14.842857,20.314287,9.471429,71.057144,1.4857143,0.25714287,2.1285713,3.6285715,16.042856,4.157424e-06,0.00042267144,-7.345365000000001e-25,5.5879354e-09,0.0,True
2009-10-05,31.672857142857143,11.1,11.300001,14.728572,6.914286,74.8,1.1857141,0.8142857,1.6857144,3.9285715,11.642858,6.0655177e-05,0.00040771812,-7.345365000000001e-25,7.450581e-09,0.0,True
2009-10-12,31.67428571428572,57.800003,10.8714285,14.514287,7.6,85.14286,0.87142855,0.74285716,1.0714285,5.142857,11.442857,0.001195848,0.00039524585,-7.345365000000001e-25,5.5879354e-09,0.0,True
2009-10-19,31.67142857142857,11.099999,4.9428573,7.6285715,2.614286,82.12858,0.5714286,0.5285714,0.8428572,6.714286,5.5285716,0.00014595687,0.0003851652,-7.345365000000001e-25,0.0,0.0,True
2009-10-26,31.69,4.1,7.3,9.67143,4.971429,87.82857,0.3571429,0.32857147,0.64285713,7.0571427,6.7285714,9.5553696e-05,0.0003771335,-7.345365000000001e-25,1.8626451e-09,0.0,True
2009-11-02,31.67142857142857,26.8,6.0285716,8.714286,3.1857145,86.34286,0.3857143,0.34285715,0.55714285,7.4428573,6.357143,0.00022991747,0.0003709942,-7.345365000000001e-25,1.8626451e-09,0.0,True
2009-11-09,31.71857142857143,18.8,5.214286,8.057143,2.7285714,88.614296,0.31428573,0.31428573,0.5,9.257143,4.7,0.00043657422,0.0003665015,2.8939474e-05,0.00016695261,0.00016284361,True
2009-11-16,31.69857142857143,5.3,8.042857,10.385715,5.714286,87.67143,0.34285715,0.34285715,0.4857143,9.685715,6.8,0.00011987984,0.00036475807,4.5980727e-07,2.6635826e-06,0.0,True
2009-11-23,31.687142857142856,11.8,10.228572,13.2,7.2571435,79.74286,0.61428577,0.61428577,0.9285714,9.828571,7.9,0.0001540482,0.00036481768,-7.345365000000001e-25,9.313226e-09,0.0,True
2009-11-30,31.715714285714284,14.2,8.928572,11.057143,6.7714286,73.14286,0.7857142,0.75714284,1.2714285,9.857142,6.957143,0.00015346706,0.00036673248,-7.345365000000001e-25,7.450581e-09,0.0,True
2009-12-07,31.7,14.0,3.7000003,5.6285715,0.90000004,91.314285,0.17142858,0.17142858,0.25714287,10.3714285,3.2,0.00030117482,0.00037243962,-7.345365000000001e-25,0.0,0.0,True
2009-12-14,31.68285714285714,16.3,2.1857142,3.4142857,0.44285724,91.48572,0.08571429,0.08571429,0.25714287,10.557143,2.357143,0.0002148971,0.00038532168,3.0114537e-05,3.2782555e-07,0.00014272332,True
2009-12-21,31.71857142857143,2.6,-6.2285714,-4.0571427,-8.942858,82.98572,0.0,0.0,0.2857143,10.3,-2.0,2.682209e-07,0.00040857494,0.0020729473,4.4703484e-08,0.005406499,True
2009-12-28,31.74285714285714,15.3,1.5714285,3.7714288,-0.61428577,87.40001,0.3,0.3,0.4714286,10.5,-0.042857144,0.00034803152,0.00043554232,0.0052938634,0.011300981,0.007859517,True
2010-01-04,31.714285714285715,15.0,-2.457143,-1.4142858,-3.6857142,89.34286,0.0,0.0,0.29999998,10.533334,-0.1,5.736947e-07,0.0004715696,0.01370942,2.6190653e-05,0.018302608,True
2010-01-11,31.70142857142857,7.0,-4.9714284,-3.4714286,-7.2571425,87.057144,0.0,0.0,0.31428573,10.442857,-0.028571429,0.0,0.0005134791,0.026516074,0.0,0.021449938,True
2010-01-18,31.68428571428572,3.9,-2.3285716,-1.1142857,-3.9285715,88.98572,0.014285714,0.014285714,0.34285715,10.342857,0.014285714,2.2351742e-07,0.0005530119,0.04115133,0.0,0.0025635436,True
2010-01-25,31.66142857142857,0.6,-7.2571425,-5.2428575,-9.685715,80.700005,0.014285714,0.014285714,0.37142855,10.3,0.071428575,4.698336e-05,0.0005887002,0.04529243,0.0011711363,0.0033007339,True
2010-02-01,31.711428571428574,9.700001,-4.214286,-0.78571427,-7.728572,80.91429,0.15714286,0.15714286,0.45714286,10.328571,0.042857144,1.0877848e-06,0.0006213188,0.05303477,0.0,0.014311247,True
2010-02-08,31.675714285714285,8.7,-1.4857143,0.48571438,-3.8428571,83.25715,0.24285714,0.24285714,0.5285714,10.314285,0.1,1.1630356e-05,0.0006507486,0.06683241,0.000641102,0.008940004,True
2010-02-15,31.69142857142857,4.2,-3.0285716,-1.4714286,-4.285714,82.75714,0.0,0.0,0.4857143,10.285714,0.1,1.4901161e-08,0.0006768778,0.072642095,0.0,0.008675069,True
2010-02-22,31.72,3.7,0.67142856,3.8857143,-2.5714285,79.67143,0.44285712,0.44285712,0.7285714,10.242857,0.14285715,0.0002103895,0.00069984794,0.07256568,0.010820638,0.00035221502,True
2010-03-01,31.74571428571429,9.3,4.728572,7.828572,1.6714286,77.22858,0.9,0.9,1.1428572,10.171429,1.8,0.0024395287,0.0015092641,0.040703468,0.06258188,0.0039742254,True
2010-03-08,31.728571428571428,1.0,-0.4714286,2.7714286,-3.6714287,69.6,0.5142857,0.4714286,1.0285714,9.985714,0.6857143,0.0001116544,0.0011377037,0.005656435,0.0029424876,0.0025424324,True
2010-03-15,31.79,16.2,0.81428576,4.471429,-2.6000001,81.48572,0.68571424,0.6571428,0.8428572,9.985714,1.1857142,0.00044822693,0.0015473962,0.0030944292,0.0065459087,0.0033548065,True
2010-03-22,31.798571428571428,7.5,8.714286,12.7,4.4428573,70.47143,1.4428571,1.3857144,1.6857144,10.014286,7.2,0.0002502352,0.001875788,0.00060510065,0.002431564,0.00030817837,True
2010-03-29,31.82,14.1,10.385715,15.400001,5.214286,70.08572,1.7857143,1.6,2.0428572,9.742857,9.928572,0.00026717037,0.002170369,-7.345365000000001e-25,1.8812716e-07,0.0,True
2010-04-05,31.825714285714287,0.70000005,8.571428,12.971429,3.3857143,66.15714,1.7714287,1.5285714,2.085714,9.557143,9.142858,7.340312e-05,0.002392128,-7.345365000000001e-25,3.7252903e-09,0.0,True
2010-04-12,31.81,2.8000002,8.757143,13.8714285,3.7142856,67.185715,1.9714286,1.6,2.357143,8.885715,9.8,6.303191e-05,0.0025199652,-7.345365000000001e-25,0.0,0.0,True
2010-04-19,31.842857142857145,0.5,9.071428,14.928572,3.0285716,59.61429,2.357143,1.8000001,2.7142856,8.228572,10.3714285,1.4960766e-05,0.0025480315,-7.345365000000001e-25,0.0,0.0,True
2010-04-26,31.84142857142857,10.1,9.3,15.085715,3.0857143,60.04286,2.7285714,2.1142857,2.9857142,7.4714284,11.257143,8.675456e-05,0.0025087222,-7.345365000000001e-25,0.0,0.0,True
2010-05-03,31.852857142857143,11.700001,13.67143,18.171429,8.657143,67.41428,2.7714288,1.8857143,3.0142858,6.928571,14.914286,0.00010152161,0.002438508,-7.345365000000001e-25,0.0,0.0,True
2010-05-10,31.858571428571427,10.599999,9.057143,12.2,5.4,76.91429,1.5857142,1.3,1.8428571,7.3285713,11.171429,0.000121206045,0.00237073,-7.345365000000001e-25,0.0,0.0,True
2010-05-17,31.865714285714287,18.8,10.042857,13.014285,6.157143,76.41429,1.7714285,1.5142858,2.0571427,7.857143,11.228572,0.00033319741,0.0023025945,-7.345365000000001e-25,3.7252903e-09,0.0,True
2010-05-24,31.84857142857143,19.3,14.342857,18.414288,10.571428,79.87144,2.085714,1.9285713,2.5285716,8.685715,15.485714,0.0012512952,0.0022389665,-7.345365000000001e-25,1.1175871e-08,0.0,True
2010-05-31,31.87142857142857,17.3,12.457144,16.542858,7.7714286,72.14286,2.3857143,2.1571429,2.7857144,8.785714,15.242857,0.00040151924,0.0021847486,-7.345365000000001e-25,3.7252903e-09,0.0,True
2010-06-07,31.860000000000003,1.6,16.4,21.300001,10.685715,69.22857,3.4428573,2.9142857,3.9714284,9.014286,18.114286,0.00015455484,0.002142258,-7.345365000000001e-25,1.1175871e-08,0.0,True
2010-06-14,31.868571428571432,0.3,19.385714,24.114286,13.557143,65.328575,3.6714284,2.7428572,4.285714,7.928571,22.242857,2.1323562e-05,0.0020758286,-7.345365000000001e-25,1.1175871e-08,0.0,True
2010-06-21,31.84142857142857,0.0,15.585715,20.914288,9.585714,60.100002,3.871429,2.0,4.4142857,6.714286,19.785715,8.799136e-06,0.0019960254,-7.345365000000001e-25,3.7252903e-09,0.0,True
2010-06-28,31.81714285714286,0.0,19.4,25.285715,12.071428,56.37143,4.385714,1.1857144,5.071429,5.957143,22.3,3.2782555e-06,0.0018955618,-7.345365000000001e-25,3.7252903e-09,0.0,True
2010-07-05,31.802857142857142,9.9,24.671429,30.528574,17.985714,52.271427,5.428572,1.0285715,6.057143,5.571429,26.842857,9.894371e-06,0.0017528608,-7.345365000000001e-25,3.7252903e-09,0.0,True
2010-07-12,31.78428571428572,0.3,24.885715,31.457144,17.4,49.642857,5.7000003,1.3000001,6.357143,5.5285716,26.257143,1.0624528e-05,0.0015937537,-7.345365000000001e-25,3.7252903e-09,0.0,True
2010-07-19,31.76571428571429,7.1000004,23.828571,29.157145,17.671429,56.514286,4.6857147,1.1714286,5.2714286,5.385714,26.1,6.6682696e-05,0.0014278442,-7.345365000000001e-25,7.450581e-09,0.0,True
2010-07-26,31.787142857142857,34.3,20.957144,25.84286,15.67143,64.057144,3.8714287,1.8142859,4.457143,5.9857144,23.257143,0.00068323314,0.0012967959,-7.345365000000001e-25,7.450581e-09,0.0,True
2010-08-02,31.78,4.2,20.4,25.97143,14.957143,60.285713,3.6714287,2.3714287,4.4714284,5.957143,22.828571,1.2636185e-05,0.0011990219,-7.345365000000001e-25,0.0,0.0,True
2010-08-09,31.76571428571429,16.6,19.385715,23.97143,15.214286,74.85714,2.6000001,1.9285713,3.1000001,6.2714286,21.171429,9.928644e-05,0.0011135787,-7.345365000000001e-25,7.450581e-09,0.0,True
2010-08-16,31.76142857142857,59.2,19.514286,23.800001,16.0,78.85714,2.3428571,2.0571427,2.8714287,7.714286,21.4,0.0043557137,0.0010421872,-7.345365000000001e-25,3.7252903e-09,0.0,True
2010-08-23,31.78142857142857,16.2,19.642857,24.485716,14.785714,73.17143,2.9285717,2.6857142,3.3857143,9.057143,20.928572,0.00025773048,0.0009936392,-7.345365000000001e-25,7.450581e-09,0.0,True
2010-08-30,31.792857142857144,32.899998,15.414286,18.414288,12.6285715,78.92857,1.9571428,1.7714287,2.3999999,9.1285715,17.314285,0.00237903,0.0010216981,-7.345365000000001e-25,7.450581e-09,0.0,True
2010-09-06,31.755714285714284,4.3,13.0,18.157145,8.314286,75.85714,1.6714286,1.5428572,2.2714286,9.714286,15.1,8.1539154e-05,0.0009376481,-7.345365000000001e-25,0.0,0.0,True
2010-09-13,31.764285714285712,11.0,15.2,19.571428,10.8714285,78.91429,1.6714286,1.5,2.1857142,9.471429,16.514286,0.00016358495,0.00092511624,-7.345365000000001e-25,7.450581e-09,0.0,True
2010-09-20,31.787142857142857,21.7,13.057143,16.442858,9.857142,74.4,1.5714284,1.5142857,2.1571429,10.028571,13.771428,0.0017505735,0.0009165928,-7.345365000000001e-25,3.7252903e-09,0.0,True
2010-09-27,31.79,48.8,14.2,18.4,9.814286,83.84286,1.2571429,1.1,1.6,10.114285,14.957143,0.0017744154,0.0010600388,-7.345365000000001e-25,3.7252903e-09,0.0,True
2010-10-04,31.788571428571423,0.1,9.971429,14.028572,6.0285716,80.12858,0.9142857,0.85714287,1.3857143,10.5,10.928572,1.5839934e-05,0.00096566975,-7.345365000000001e-25,5.5879354e-09,0.0,True
2010-10-11,31.77857142857143,0.0,10.957144,15.1285715,7.4428573,77.471436,0.99999994,0.82857144,1.4571428,9.7,12.3714285,1.2665987e-06,0.0010442585,-7.345365000000001e-25,5.5879354e-09,0.0,True
2010-10-18,31.79142857142857,12.2,6.6285715,10.7,2.4,83.542854,0.54285717,0.4857143,0.7714286,9.642858,7.9428573,0.00013186038,0.0010950342,-7.345365000000001e-25,3.7252903e-09,0.0,True
2010-10-25,31.81142857142857,10.099999,6.2571435,9.071428,3.2142856,79.01429,0.6999999,0.68571424,1.0428572,9.971429,5.785714,8.274615e-05,0.0011302531,-7.345365000000001e-25,1.8626451e-09,0.0,True
2010-11-01,31.79428571428572,0.2,8.071428,12.1285715,4.3142858,75.24286,0.6571428,0.5714286,0.9857143,9.742857,6.9,8.508563e-06,0.0011559874,-7.345365000000001e-25,0.0,0.0,True
2010-11-08,31.818571428571428,39.899998,8.557143,10.728571,5.7285714,87.62858,0.61428565,0.61428565,0.7571429,10.357142,8.171429,0.001264818,0.0011992753,-7.345365000000001e-25,9.313226e-09,0.0,True
2010-11-15,31.83857142857143,18.7,8.2,11.1,5.2428575,81.42857,0.68571424,0.68571424,0.82857144,10.528571,6.957143,0.00042408705,0.0012608394,-7.345365000000001e-25,3.7252903e-09,0.0,True
2010-11-22,31.818571428571428,35.2,5.1,6.3428574,3.8428571,92.42857,0.21428575,0.21428575,0.35714287,11.214286,5.1571426,0.0011024699,0.0018444806,3.300962e-05,0.00014554523,0.00014536083,True
2010-11-29,31.87,4.9,-0.42857143,1.057143,-2.2285714,84.21429,0.12857144,0.12857144,0.44285712,10.657143,0.94285715,8.499622e-05,0.0021584257,0.0018492653,9.563193e-05,0.0041192807,True
2010-12-06,31.872857142857143,8.7,-5.414286,-3.1714287,-9.3714285,79.74286,0.057142857,0.057142857,0.44285718,10.385715,-0.55714285,1.6391277e-07,0.0027267933,0.010411285,0.0,0.014014527,True
2010-12-13,31.87285714285714,19.4,-1.1428572,0.85714287,-3.414286,88.47143,0.12857144,0.12857144,0.37142858,10.614285,0.1,0.0006688088,0.0030625537,0.01941191,0.019751351,0.015477743,True
2010-12-20,31.89,15.000001,-5.3142858,-2.957143,-8.585714,88.52857,0.0,0.0,0.22857143,10.557143,0.028571429,1.4901161e-08,0.0034575611,0.024862835,0.0,0.024423283,True
2010-12-27,31.867142857142856,14.799999,-4.0285716,-2.0714285,-6.357143,90.85714,0.014285714,0.014285714,0.24285714,10.585714,0.1,6.950647e-05,0.0038417429,0.041032344,0.0004988611,0.01258909,True
2011-01-03,31.84857142857143,0.8,-3.414286,-1.3000001,-5.971429,88.47143,0.025,0.025,0.3285714,10.45,0.175,0.00012909621,0.0040797517,0.048120953,0.005884018,0.002068609,True
2011-01-10,31.865714285714287,8.799999,1.4142857,4.3857145,-2.0714285,85.37144,0.21428572,0.21428572,0.41428572,10.3,0.7,0.00209409,0.0055000633,0.029103165,0.044641234,0.0020805262,True
2011-01-17,31.89428571428571,17.8,5.7999997,8.185715,3.9142857,87.042854,0.4571429,0.4571429,0.47142857,10.514286,3.942857,0.00051523745,0.006866701,0.0018420843,0.005737452,5.9604645e-08,True
2011-01-24,31.92428571428572,3.4,1.4285715,2.8285716,0.042857178,86.98572,0.17142858,0.17142858,0.3857143,10.328571,1.2714286,0.000108249485,0.009046115,0.0008160841,0.0006104633,0.0036799312,True
2011-01-31,31.92428571428572,6.5,-1.6999999,0.7,-4.457143,86.8,0.10000001,0.10000001,0.35714287,10.328571,-0.15714286,0.00013232231,0.009790078,0.0026683863,0.0015856475,0.0013246685,True
2011-02-07,31.94,18.3,3.9714286,5.642857,1.8714286,83.957146,0.61428577,0.61428577,0.82857144,10.385715,1.8142858,0.00033922493,0.009877756,0.001383753,0.0042379033,0.0015240684,True
2011-02-14,31.937142857142856,6.8,2.0857143,4.3,-0.67142856,69.08572,0.61428577,0.6,1.0857142,10.3,2.0142858,0.00014460087,0.0097507015,0.00022663956,1.2945384e-06,0.001161661,True
2011-02-21,31.937142857142856,0.0,-2.6142857,-0.64285713,-4.285714,64.78571,0.12857142,0.12857142,1.0,10.2,-0.7714286,9.685755e-07,0.00958351,0.0013151453,3.3669174e-05,0.0008536875,True
2011-02-28,31.912142857142857,0.0,-3.5142858,1.9428571,-8.3714285,64.28571,0.4714286,0.4142857,0.9571429,10.071428,-1.9571428,9.834766e-06,0.009359546,0.0011020048,0.0005258098,4.04194e-06,True
2011-03-07,31.890000000000004,0.0,0.62857145,6.4000006,-4.0,61.42857,0.9571429,0.8000001,1.2857143,9.671429,0.24285714,7.942319e-06,0.009044953,0.0002698501,0.00043295696,1.1753291e-05,True
2011-03-14,31.92571428571429,1.8000001,7.2285714,12.528572,1.7857143,61.12857,1.557143,1.2714287,1.8571428,9.142858,4.5,6.265193e-05,0.0086392835,2.169609e-05,9.5166266e-05,0.0,True
2011-03-21,31.882857142857144,11.5,4.785714,8.1,1.8571428,80.11428,0.9857143,0.87142855,1.1571429,9.414286,5.1857142,0.00020074844,0.008184202,-7.345365000000001e-25,9.313226e-08,0.0,True
2011-03-28,31.877142857142854,1.4,6.7428575,11.657143,1.7428571,64.97143,1.7142857,1.4,2.0,9.042857,7.457143,1.9744039e-05,0.0077074766,-7.345365000000001e-25,1.937151e-07,3.5762787e-07,True
2011-04-04,31.877142857142854,9.8,12.099999,17.857143,7.1142855,67.185715,2.2142856,1.8142859,2.457143,8.471429,11.571428,6.671995e-05,0.007213302,-7.345365000000001e-25,1.6763806e-07,0.0,True
2011-04-11,31.85,0.0,11.728572,16.928572,6.3,60.5,2.6000001,1.9571428,3.0285716,8.057143,11.657143,7.4356794e-06,0.0067014024,-7.345365000000001e-25,1.8626451e-09,0.0,True
2011-04-18,31.84857142857143,14.2,9.3714285,13.5,4.8857145,70.21429,1.9428571,1.6,2.1142857,7.6,10.585714,0.00014502555,0.006197773,-7.345365000000001e-25,0.0,0.0,True
2011-04-25,31.842857142857145,0.0,15.685715,21.828571,8.757143,47.657143,3.8428571,2.4,4.357143,6.6857142,16.242857,7.1525574e-07,0.0056737885,-7.345365000000001e-25,0.0,0.0,True
2011-05-02,31.865714285714287,14.900001,13.114286,18.714285,8.057143,59.357143,3.2,1.5285714,3.5857143,5.9857144,15.471429,0.000112727284,0.0051372275,-7.345365000000001e-25,0.0,0.0,True
2011-05-09,31.83428571428572,0.4,12.142858,18.442858,4.557143,48.55714,3.8857143,0.8571428,4.214286,5.6,14.414286,4.8428774e-06,0.004638277,-7.345365000000001e-25,0.0,0.0,True
2011-05-16,31.83142857142857,6.7999997,15.114286,21.34286,9.3714285,63.57143,3.2999997,1.2571429,3.5714285,5.4857144,17.27143,5.3994358e-05,0.0041249692,-7.345365000000001e-25,3.7252903e-09,0.0,True
2011-05-23,31.81428571428572,11.200001,17.6,23.628572,11.714286,64.042854,3.6571426,1.5142857,4.214286,5.428571,19.642857,5.5491924e-05,0.0037050322,-7.345365000000001e-25,7.450581e-09,0.0,True
2011-05-30,31.81642857142857,0.1,17.157145,23.314287,10.271429,51.842857,4.6571426,0.7571429,4.985714,5.1285715,19.2,5.349517e-06,0.0032774508,-7.345365000000001e-25,0.0,0.0,True
2011-06-06,31.802857142857142,14.0,20.557144,27.642859,13.557143,56.44286,4.9857144,1.3285714,5.6285715,4.928571,22.328571,7.729232e-05,0.002870746,-7.345365000000001e-25,7.450581e-09,0.0,True
2011-06-13,31.805714285714284,8.2,18.414288,23.728573,13.1,61.700005,3.8714287,2.0857143,4.428571,5.114286,21.828571,7.405877e-05,0.002525732,-7.345365000000001e-25,3.7252903e-09,0.0,True
2011-06-20,31.79714285714285,16.8,18.114286,23.214285,13.528572,63.328575,3.942857,2.0285716,4.3714285,4.785714,20.642857,6.7837536e-05,0.0022415891,-7.345365000000001e-25,7.450581e-09,0.0,True
2011-06-27,31.77142857142857,23.2,17.37143,22.628572,12.371429,69.457146,3.6142857,2.5857143,4.0142856,5.1,19.857143,6.610155e-05,0.0020099953,-7.345365000000001e-25,7.450581e-09,0.0,True
2011-07-04,31.787857142857145,29.2,17.128572,20.785715,12.971429,73.47143,3.042857,1.6285714,3.357143,5.0857143,19.671429,0.00020392239,0.0018009543,-7.345365000000001e-25,1.1175871e-08,0.0,True
2011-07-11,31.782857142857143,22.7,20.514286,25.857143,15.285715,66.25715,4.042857,3.5142858,4.7285714,6.3142858,23.314285,0.007336572,0.0016456842,-7.345365000000001e-25,7.450581e-09,0.0,True
2011-07-18,31.79,23.9,19.214285,23.714285,14.357142,62.57143,3.8714283,3.3571432,4.4142857,6.5285716,21.37143,0.00026351213,0.0015056953,-7.345365000000001e-25,1.1175871e-08,0.0,True
2011-07-25,31.804285714285715,35.7,16.1,19.428572,12.728571,71.5,2.785714,2.3285713,3.1000001,7.5857143,18.042856,0.0022715852,0.0013999864,-7.345365000000001e-25,1.1175871e-08,0.0,True
2011-08-01,31.805714285714284,91.0,17.057142,20.557144,14.014287,83.3,2.1285713,1.8714286,2.2285714,9.171429,19.142857,0.0073241666,0.0033704787,-7.345365000000001e-25,7.450581e-09,0.0,True
2011-08-08,31.868571428571432,24.9,19.714285,24.257143,14.971429,75.0,3.1000001,2.8142855,3.5285716,9.685715,22.114286,0.0012501776,0.0013224259,-7.345365000000001e-25,1.4901161e-08,0.0,True
2011-08-15,31.875714285714285,23.8,17.571428,21.942858,14.071428,71.78572,2.5857143,2.3999999,3.1714287,9.3,19.028572,0.000523597,0.0013203397,-7.345365000000001e-25,1.1175871e-08,0.0,True
2011-08-22,31.858571428571427,1.1,19.100002,23.97143,13.1285715,67.957146,2.9428573,2.4285715,3.5,8.771428,21.657143,2.4944544e-05,0.0013144761,-7.345365000000001e-25,5.5879354e-09,0.0,True
2011-08-29,31.860714285714288,24.5,18.97143,24.085714,14.614286,76.64286,2.4714284,2.2142859,3.0142858,8.8714285,20.957144,0.00011613965,0.0012927428,-7.345365000000001e-25,1.1175871e-08,0.0,True
2011-09-05,31.85428571428572,7.7,16.814287,21.828571,11.685715,72.92857,2.0857143,1.6857141,2.614286,8.514286,18.7,7.260591e-05,0.0012667924,-7.345365000000001e-25,7.450581e-09,0.0,True
2011-09-12,31.852857142857143,30.4,16.714285,20.442858,13.385715,78.27143,2.0285714,1.9142858,2.3428571,9.2,17.642857,0.0019999892,0.0012388974,-7.345365000000001e-25,1.1175871e-08,0.0,True
2011-09-19,31.845714285714287,16.3,14.928572,18.885715,10.514287,72.47143,1.6857141,1.5,2.3714287,9.457143,16.514286,0.00020931661,0.0012111142,-7.345365000000001e-25,5.5879354e-09,0.0,True
2011-09-26,31.825714285714287,0.0,14.085715,20.128572,8.0,74.15715,1.5857143,1.3571428,2.0571427,9.557143,15.785714,4.0978193e-06,0.0011882037,-7.345365000000001e-25,3.7252903e-09,0.0,True
2011-10-03,31.80928571428572,1.9,16.128572,23.642857,9.314286,76.557144,1.3999999,1.0857142,1.8428571,8.985714,17.428572,5.64754e-06,0.0011648685,-7.345365000000001e-25,0.0,0.0,True
2011-10-10,31.845714285714283,20.8,12.685715,16.571428,9.028571,78.42857,1.1857144,1.0428572,1.5714285,8.742857,13.671429,0.0001404509,0.0011416599,-7.345365000000001e-25,1.3038516e-08,0.0,True
2011-10-17,31.81714285714286,13.2,7.957143,13.2,3.2428572,78.64286,0.81428576,0.78571427,1.0428572,9.642858,9.214286,0.00023056567,0.0011240616,-7.345365000000001e-25,1.8626451e-09,0.0,True
2011-10-24,31.825714285714287,1.8000001,6.3142858,11.585715,2.1142857,81.87142,0.61428577,0.5428571,0.88571423,9.471429,6.6857142,3.672391e-05,0.001108177,-7.345365000000001e-25,5.5879354e-09,0.0,True
2011-10-31,31.82,1.0,10.3714285,14.157144,6.8857145,86.77143,0.45714286,0.38571432,0.7285714,9.257143,9.585714,4.2274594e-05,0.0010953099,-7.345365000000001e-25,1.8626451e-09,0.0,True
2011-11-07,31.825714285714287,0.0,8.357142,13.400001,4.9,86.057144,0.41428572,0.3285714,0.55714285,9.071428,7.7,2.682209e-07,0.0010837018,-7.345365000000001e-25,5.5879354e-09,0.0,True
2011-11-14,31.78142857142857,0.0,3.0714285,7.371429,-0.25714284,86.32857,0.24285714,0.18571429,0.37142858,8.971429,3.357143,2.6226044e-06,0.0010726303,3.587632e-06,7.8603625e-07,7.25165e-05,True
2011-11-21,31.79428571428572,0.0,2.7142856,5.4714284,0.07142858,90.14286,0.114285715,0.1,0.3285714,8.9,2.3428571,7.286668e-06,0.001062572,0.00013569991,0.00021753274,0.00022249296,True
2011-11-28,31.78,0.6,4.8142858,7.7571435,1.9428571,83.61428,0.34285715,0.31428573,0.61428577,8.857142,3.3285713,7.286668e-06,0.0010529831,2.9819352e-05,8.5694715e-05,8.195639e-08,True
2011-12-05,31.8,10.1,5.3428574,8.885715,1.6285715,81.4,0.51428574,0.48571426,0.7,8.828571,3.8142858,0.00015501678,0.0010426939,-7.345365000000001e-25,4.284084e-08,0.0,True
2011-12-12,31.77428571428572,13.8,3.8142858,5.8428574,1.4,78.25714,0.55714285,0.55714285,0.8,9.457143,2.4714286,0.0001565069,0.0010333583,1.0263352e-05,4.207529e-05,5.278364e-05,True
2011-12-19,31.777142857142856,35.899998,3.9285715,6.071429,1.9,82.18572,0.5428571,0.5428571,0.7428571,10.142858,2.5142858,0.0005759746,0.0010273308,0.001718436,0.006102033,0.008214019,True
2011-12-26,31.73928571428572,10.5,4.7714286,6.414286,2.5285716,89.77143,0.2857143,0.27142859,0.41428572,10.3,3.2,0.00023534894,0.0010421947,0.0010509888,0.0031410437,0.0010752976,True
2012-01-02,31.75857142857143,13.1,6.1,8.1,3.357143,84.75714,0.38000003,0.38000003,0.62857145,10.28,4.44,0.00032390654,0.0010878295,1.9533294e-05,9.4123185e-05,8.770451e-05,True
2012-01-09,31.77142857142857,21.1,4.4857144,6.8142858,2.4142857,82.0,0.6999999,0.6999999,0.8142857,10.614285,3.5142858,0.0006095022,0.001175195,3.3134507e-05,0.00027835555,0.00028550625,True
2012-01-16,31.75857142857143,3.4,3.6285717,5.471429,1.4,79.85714,0.52857137,0.52857137,0.7285714,10.328571,2.8142858,0.00013329089,0.001390174,3.1806172e-05,0.00012193993,0.00035652518,True
2012-01-23,31.8,25.3,2.5714285,4.1714287,0.55714285,87.67143,0.44285718,0.44285718,0.45714286,10.614285,1.5714285,0.00077331066,0.0016673207,0.0015096437,0.0062816553,0.008178502,True
2012-01-30,31.77428571428572,0.6,-3.3285713,-1.1285715,-5.642857,75.957146,0.057142857,0.057142857,0.5142857,10.471429,-0.9285714,4.5225024e-06,0.0021566749,0.0029970293,0.000115720555,0.002218593,True
2012-02-06,31.77428571428572,0.4,-10.742857,-7.071429,-14.585715,72.457146,0.0,0.0,0.35714287,10.3,-6.3714285,1.7136335e-07,0.0026313812,0.0037464472,0.0,0.0008196384,True
2012-02-13,31.792857142857144,0.90000004,-7.0,-3.8000004,-11.885715,77.814285,0.0,0.0,0.40000004,10.271428,-5.071429,2.7567148e-07,0.0029304326,0.0054219337,0.0,0.003371548,True
2012-02-20,31.825714285714287,15.6,2.3428571,4.928571,-0.4857143,78.1,0.7857143,0.7857143,0.8428572,10.314285,0.114285715,0.00043448806,0.003103368,0.004201503,0.009459816,0.0039435923,True
2012-02-27,31.81357142857143,14.8,5.1142855,8.328572,1.5142858,77.62858,1.0,0.9857143,1.0571429,10.214286,2.8,0.0003016889,0.0032834113,0.0004887127,0.0034985822,0.0031168014,True
2012-03-05,31.80857142857143,2.3,6.042857,9.428572,2.614286,74.75714,0.9285714,0.85714287,1.1999999,10.057143,4.9428573,8.3863735e-05,0.0035544857,2.8156098e-06,4.1041523e-05,1.0430813e-07,True
2012-03-12,31.81,3.3999999,5.1142855,8.900001,1.8,70.42857,1.0857142,0.9714285,1.3571428,9.685715,4.614286,9.49502e-05,0.003789641,-7.345365000000001e-25,3.3527613e-08,0.0,True
2012-03-19,31.82857142857143,0.0,8.471429,13.542857,3.7285714,70.14286,1.542857,1.2714285,1.7142857,9.285714,7.757143,5.698204e-05,0.0039066523,-7.345365000000001e-25,0.0,0.0,True
2012-03-26,31.81,0.0,9.928572,15.7,3.8285713,67.54286,1.8142856,1.3714286,1.9285715,8.6,10.271428,6.03497e-07,0.003903009,-7.345365000000001e-25,0.0,0.0,True
2012-04-02,31.852857142857143,5.7,7.7285714,11.528572,3.914286,68.71429,1.9714286,1.6142857,2.1571429,7.928571,8.814285,8.356571e-05,0.0038390756,-7.345365000000001e-25,1.8626451e-09,0.0,True
2012-04-09,31.84714285714286,9.4,4.585715,8.728571,0.22857144,71.0,1.4714285,1.1714286,1.6,7.8142858,6.0142856,0.00013279915,0.0037643313,4.9534297e-05,0.0001352951,0.00020043552,True
2012-04-16,31.844285714285714,2.7,8.642858,13.328572,3.642857,67.057144,1.9285715,1.5428572,2.2285714,7.4857144,9.457143,6.656349e-05,0.0036691353,4.4902167e-06,5.6624413e-05,0.0,True
2012-04-23,31.83428571428572,3.5,9.7,15.114286,3.6571429,58.87143,2.7285712,2.0285714,2.8142858,6.8,11.528571,6.170571e-05,0.0035374463,-7.345365000000001e-25,0.0,0.0,True
2012-04-30,31.802857142857142,11.1,16.457144,22.800001,10.242858,57.885715,3.7999997,2.0714288,3.8999999,6.1857142,16.257143,8.8721514e-05,0.0033771172,-7.345365000000001e-25,3.7252903e-09,0.0,True
2012-05-07,31.787142857142857,12.7,14.185715,18.914288,9.400001,71.67143,2.7571428,1.2714285,2.9142857,5.8714285,16.357143,0.00025832653,0.0031864345,-7.345365000000001e-25,3.7252903e-09,0.0,True
2012-05-14,31.755714285714284,10.8,14.457143,19.628572,7.871429,65.41429,3.4714284,1.9285713,3.4142857,5.714286,16.414286,0.00011135638,0.003012091,-7.345365000000001e-25,7.450581e-09,0.0,True
2012-05-21,31.77,1.1,14.442858,20.5,7.6857147,55.957146,4.1285715,0.8857142,4.2285714,5.4142857,16.157143,1.8060207e-05,0.0028213114,-7.345365000000001e-25,0.0,0.0,True
2012-05-28,31.732857142857146,0.0,19.77143,25.885715,12.985715,48.757145,5.371429,0.6571428,5.785714,5.0857143,22.085714,1.2502074e-05,0.002587311,-7.345365000000001e-25,3.7252903e-09,0.0,True
2012-06-04,31.74142857142857,29.6,12.67143,16.542858,8.67143,66.27143,2.8714287,1.2714287,3.2142856,5.3142858,16.457144,0.00020837784,0.0023662448,-7.345365000000001e-25,3.7252903e-09,0.0,True
2012-06-11,31.732857142857146,2.2,15.6,20.414286,9.114286,63.0,3.4857144,2.2285714,3.7142856,5.385714,17.957144,0.00017806888,0.0022004694,-7.345365000000001e-25,0.0,0.0,True
2012-06-18,31.71142857142857,12.7,17.485714,22.657145,12.242858,67.77143,3.7571428,1.8142856,3.8714287,4.8714285,19.928572,0.00014725327,0.0020376071,-7.345365000000001e-25,7.450581e-09,0.0,True
2012-06-25,31.71,30.6,16.742857,21.128572,12.285714,73.25714,3.357143,2.4,3.2571428,5.2714286,19.185715,0.0003118813,0.0018919781,-7.345365000000001e-25,7.450581e-09,0.0,True
2012-07-02,31.712857142857143,28.2,19.128572,23.714285,14.242858,72.071434,3.5428574,2.8428574,3.7571428,5.2714286,21.2,0.0059781745,0.001767017,-7.345365000000001e-25,1.1175871e-08,0.0,True
2012-07-09,31.72571428571428,41.6,20.428572,25.285715,15.757143,78.1,3.3,2.7571428,3.5857143,5.857143,23.1,0.0040242523,0.0016595051,-7.345365000000001e-25,7.450581e-09,0.0,True
2012-07-16,31.735714285714288,37.4,16.171429,20.414288,12.485715,76.57143,3.0714283,2.7857144,3.0571427,6.0,19.042856,0.00031898916,0.0015795752,-7.345365000000001e-25,7.450581e-09,0.0,True
2012-07-23,31.73,25.7,16.157145,20.928572,11.828572,72.9,3.2,2.6857142,3.4142857,6.5571427,18.657143,0.00022505224,0.0015219152,-7.345365000000001e-25,7.450581e-09,0.0,True
2012-07-30,31.74428571428572,18.0,22.185715,27.757143,15.800001,64.5,4.3142858,3.2714286,4.6,5.7285714,24.22857,0.00017242134,0.00145334,-7.345365000000001e-25,7.450581e-09,0.0,True
2012-08-06,31.75714285714286,20.8,20.014286,25.0,15.042857,71.92857,3.3714287,2.6,3.6285713,5.8428574,22.785715,0.00010237098,0.001390107,-7.345365000000001e-25,7.450581e-09,0.0,True
2012-08-13,31.735714285714288,2.1,16.485714,21.128572,12.242858,68.15714,2.9857142,1.8571428,3.4714284,5.3,19.985714,9.417534e-06,0.0013287663,-7.345365000000001e-25,0.0,0.0,True
2012-08-20,31.735714285714288,2.2,20.52857,27.142857,13.885715,66.700005,3.6571429,1.3857143,3.9857142,4.7,22.6,1.630187e-05,0.0012617037,-7.345365000000001e-25,3.7252903e-09,0.0,True
2012-08-27,31.752857142857145,24.5,18.5,23.057144,14.242858,73.07143,2.742857,1.6142856,3.1857142,4.8714285,21.214285,0.00012053549,0.0011898652,-7.345365000000001e-25,3.7252903e-09,0.0,True
2012-09-03,31.731428571428573,4.6,17.185715,22.142857,11.585715,74.314285,2.1857142,1.2571429,2.5285716,4.7714286,19.62857,3.914535e-05,0.0011325851,-7.345365000000001e-25,1.8626451e-09,0.0,True
2012-09-10,31.72571428571428,5.2,16.87143,21.957144,11.957143,74.042854,2.2285714,1.0,2.5,4.5,18.785715,1.2949109e-05,0.0010794252,-7.345365000000001e-25,3.7252903e-09,0.0,True
2012-09-17,31.73428571428571,2.8000002,15.300001,20.757143,10.242858,70.94286,1.9571428,1.2,2.5285716,4.457143,16.942858,0.00010059774,0.0010266304,-7.345365000000001e-25,3.7252903e-09,0.0,True
2012-09-24,31.728571428571428,5.7,12.357142,17.357143,7.114286,69.65714,1.7142857,0.94285715,2.1285713,4.385714,14.0,5.8159232e-05,0.000978589,-7.345365000000001e-25,5.5879354e-09,0.0,True
2012-10-01,31.72428571428572,13.6,13.685715,19.2,8.5,73.77143,1.4571428,1.057143,1.8571428,4.6,14.285714,0.00011827052,0.0009364262,-7.345365000000001e-25,3.7252903e-09,0.0,True
2012-10-08,31.722857142857144,21.5,11.6,16.87143,6.6,79.88572,1.1285714,0.91428566,1.4,5.1714287,12.1285715,0.0005121976,0.00089918077,-7.345365000000001e-25,7.450581e-09,0.0,True
2012-10-15,31.73,6.5,8.3714285,12.6285715,4.285714,82.37144,0.75714284,0.6571428,1.0285714,5.757143,8.7,9.2461705e-05,0.0008701235,-7.345365000000001e-25,3.7252903e-09,0.0,True
2012-10-22,31.705714285714286,0.4,12.542857,18.228573,7.5714293,80.44286,0.8428572,0.62857145,1.1,5.542857,11.428572,6.3180923e-06,0.0008436963,-7.345365000000001e-25,0.0,0.0,True
2012-10-29,31.717142857142857,2.3,6.042857,9.400001,2.8142858,76.3,0.5285714,0.40000004,0.87142855,5.4857144,7.1285715,1.7404556e-05,0.00082132965,3.6358833e-05,3.677793e-05,0.00013783202,True
2012-11-05,31.74714285714285,15.099999,6.1142855,9.0,3.2714286,85.65715,0.5285714,0.4857143,0.6571428,5.885714,5.6285715,0.00019049644,0.0008016601,0.00014298303,0.00074104965,0.00061714277,True
2012-11-12,31.714285714285715,4.6,8.071428,10.228572,5.7714286,80.78571,0.5285714,0.4857143,0.8285714,6.1714287,7.114286,6.374717e-05,0.0007844493,-7.345365000000001e-25,2.0116568e-07,0.0,True
2012-11-19,31.70142857142857,0.8,2.4285715,5.0285716,-0.27142864,92.21429,0.12857144,0.11428572,0.24285714,6.2,2.5714285,7.405877e-06,0.00077005476,5.804357e-05,0.00010238215,0.00013858452,True
2012-11-26,31.707142857142856,6.1000004,5.728572,8.271429,3.042857,88.94286,0.27142856,0.22857143,0.4,6.285714,4.6,5.801022e-05,0.00075796247,8.39574e-06,4.175864e-05,0.0,True
2012-12-03,31.73428571428571,26.099998,2.7857144,3.9857142,0.8714286,90.02857,0.17142858,0.17142858,0.32857147,7.4714284,2.7857144,0.0002702251,0.00074733794,9.907427e-05,5.1036477e-06,0.0010452867,True
2012-12-10,31.73,13.1,-2.6285713,0.2571428,-5.928571,88.74286,0.10000001,0.10000001,0.27142859,8.085714,-0.1,2.835691e-05,0.0007398948,0.0048724753,0.0006814487,0.0145467,True
2012-12-17,31.717142857142857,8.2,-0.4,1.2142857,-2.5428574,90.957146,0.057142857,0.057142857,0.25714287,8.728572,0.028571429,0.00037094206,0.00073524565,0.01423775,0.010573154,0.0027018525,True
2012-12-24,31.707142857142856,13.1,0.6,2.4857144,-0.8,92.814285,0.057142857,0.057142857,0.31428573,9.4,0.028571429,0.00038401783,0.0007372871,0.0058115097,0.009411173,0.0039210245,True
2012-12-31,31.72928571428572,4.6,5.871429,8.814286,2.8714287,76.25715,0.5714286,0.55714285,0.88571423,9.957143,3.1571429,0.00015540421,0.00064854324,0.00021240447,0.002857186,1.3038516e-07,True
2013-01-07,31.715714285714284,20.9,6.1714287,7.8428574,4.3857145,88.957146,0.41428572,0.41428572,0.5857143,10.271428,5.1,0.00028197467,0.0008061826,-7.345365000000001e-25,4.04194e-07,0.0,True
2013-01-14,31.74,13.200001,0.6000001,1.9714286,-1.6428572,89.042854,0.10000001,0.10000001,0.37142858,10.685715,1.9857143,0.0003554076,0.00088412315,0.0009813706,1.1920929e-07,0.002580624,True
2013-01-21,31.77285714285714,3.3000002,-4.114286,-2.7714288,-5.7571425,82.828575,0.0,0.0,0.4,10.314285,-0.85714287,3.2782555e-07,0.0010151193,0.0034789755,0.0,0.004441172,True
2013-01-28,31.764285714285712,6.0,-4.714286,-2.0428572,-7.6714287,83.07143,0.08571429,0.08571429,0.31428573,10.3,-0.87142855,4.632771e-05,0.0011368617,0.008423459,0.0019589104,0.0050134286,True
2013-02-04,31.79,36.5,4.342857,6.942857,1.4714286,82.957146,0.7142858,0.7142858,0.8142857,10.9,1.6142857,0.0012057498,0.0012681708,0.002278277,0.013481818,0.0063791387,True
2013-02-11,31.795714285714286,4.1,-0.44285718,1.7714287,-3.3,83.957146,0.24285713,0.24285713,0.5285714,10.471429,0.44285715,9.8608434e-05,0.0015509278,0.0028728475,0.0010474175,0.0026638545,True
2013-02-18,31.78857142857143,5.0,0.21428573,1.4857142,-0.94285715,82.85714,0.14285715,0.14285715,0.5428571,10.242857,-0.028571429,4.61936e-05,0.0018633306,0.0034370876,0.0022183806,0.0019117147,True
2013-02-25,31.81357142857143,5.5,-0.9142857,0.37142855,-2.1285715,85.38572,0.12857144,0.12857144,0.55714285,10.3714285,0.0,0.00016361475,0.0020961538,0.010407164,0.006947385,0.015017491,True
2013-03-04,31.801428571428573,0.0,1.8857143,5.2571435,-1.5142858,80.457146,0.6857143,0.64285713,0.8142857,10.171429,1.3428571,0.00020734966,0.0022753105,0.004014657,0.0089588165,0.0003887266,True
2013-03-11,31.83857142857143,9.4,1.2285715,5.1285715,-1.9142858,74.457146,0.7285714,0.6571428,1.0714285,9.8714285,2.4,2.8073788e-05,0.0024416447,0.0038097813,0.0008997191,0.014774501,True
2013-03-18,31.825714285714287,2.6,-2.3714287,1.8142856,-6.714286,67.85714,0.44285712,0.42857143,1.1285714,10.142858,0.12857144,5.222857e-05,0.0025779381,0.012344423,0.0026284922,0.0045541897,True
2013-03-25,31.798571428571428,6.9,-2.8428571,-0.057142872,-5.7714286,72.5,0.18571427,0.18571427,1.0142857,10.342857,0.1,1.859665e-05,0.0026777238,0.021590862,0.0010099337,0.014404442,True
2013-04-01,31.81714285714286,3.0,-0.20000002,2.2571428,-2.5428574,72.5,0.78571427,0.75714284,1.1428572,10.142858,0.17142858,0.0001809746,0.0027464554,0.01844741,0.009072579,0.0060040727,True
2013-04-08,31.802857142857142,0.0,1.8142859,5.042857,-2.3428571,68.77143,1.1142857,0.9714286,1.3000001,9.8714285,2.1,0.00024838746,0.002799973,0.007481433,0.011638794,0.0006824918,True
2013-04-15,31.81571428571429,10.5,9.557143,14.457144,4.5285716,70.65714,2.0142858,1.8142856,2.1571429,9.514286,8.971429,0.0003479421,0.0028734207,0.00024784746,0.0013923775,1.2464821e-05,True
2013-04-22,31.79,0.7,13.357142,18.585714,8.157144,56.54286,3.1285713,2.4142857,3.3,8.6,14.542857,2.4691224e-05,0.0029794797,-7.345365000000001e-25,1.8253922e-07,0.0,True
2013-04-29,31.804285714285715,13.799999,12.757143,17.314287,8.042857,64.72857,2.7000003,2.1857142,2.9285715,7.8428574,13.914286,0.000262551,0.0029796883,-7.345365000000001e-25,0.0,0.0,True
2013-05-06,31.795714285714286,3.8,13.300001,18.314287,6.9428573,54.24286,2.9571426,2.1000001,3.357143,7.242857,14.914286,1.9520521e-06,0.0029247776,-7.345365000000001e-25,0.0,0.0,True
2013-05-13,31.82,5.4,14.985715,20.1,9.742858,75.28571,2.6142857,2.0714288,2.6714287,6.8,17.257143,0.00020705163,0.0028426722,-7.345365000000001e-25,3.7252903e-09,0.0,True
2013-05-20,31.83714285714285,6.8,17.028572,22.328571,10.942857,65.32857,3.7000003,2.0285716,3.9285715,6.257143,18.571428,0.00011447072,0.0027404204,-7.345365000000001e-25,7.450581e-09,0.0,True
2013-05-27,31.83142857142857,43.0,10.942858,14.77143,6.9857144,76.28571,2.1142857,1.3857143,2.2,6.8428574,14.014286,0.00056289136,0.0026321039,-7.345365000000001e-25,7.450581e-09,0.0,True
2013-06-03,31.85,37.5,14.442857,19.514286,11.071428,83.82857,2.0428574,2.0000002,2.2,9.457143,15.814285,0.0055560768,0.0025630444,-7.345365000000001e-25,1.4901161e-08,0.0,True
2013-06-10,31.883015662386985,7.5,16.857143,22.84286,9.900001,63.014286,3.857143,3.214286,4.3,9.185715,20.442858,9.715557e-06,0.0025471598,-7.345365000000001e-25,0.0,0.0,True
2013-06-17,31.860882440885856,10.2,18.542858,23.7,12.114286,59.81429,4.414286,3.3714287,4.5,8.014286,21.785715,0.000118255615,0.0024840906,-7.345365000000001e-25,3.7252903e-09,0.0,False
2013-06-24,31.83621591645889,17.0,22.071428,27.057144,16.47143,62.25714,4.8857145,3.7142856,5.1714287,7.214286,24.9,0.00022504479,0.00237789,-7.345365000000001e-25,7.450581e-09,0.0,True
2013-07-01,31.81135811515668,42.5,14.414286,18.84286,10.057143,75.1,2.7571428,2.4714284,2.8285713,8.1285715,17.285715,0.00036904216,0.0022862777,-7.345365000000001e-25,1.1175871e-08,0.0,True
2013-07-08,31.793542544769,0.3,19.828571,24.800001,14.17143,66.41429,4.0,3.1714284,4.4857144,7.257143,23.3,0.00019095838,0.0021981224,-7.345365000000001e-25,3.7252903e-09,0.0,True
2013-07-15,31.78468441270144,0.0,18.128572,22.714285,13.642858,66.77143,3.5285714,1.8000001,3.9428573,6.257143,21.9,1.527369e-05,0.002086766,-7.345365000000001e-25,7.450581e-09,0.0,False
2013-07-22,31.776,0.0,21.557144,27.985716,13.900001,57.11429,4.914285,1.1285714,5.285714,5.642857,24.942858,4.7683716e-07,0.0019687861,-7.345365000000001e-25,0.0,0.0,True
2013-07-29,31.777142857142856,22.6,24.542858,30.385715,18.414288,58.07143,4.771428,1.057143,5.1714287,5.4428573,26.985714,0.0002374798,0.0018099174,-7.345365000000001e-25,3.7252903e-09,0.0,True
2013-08-05,31.77,23.800001,22.600002,28.228573,17.27143,64.88572,4.285714,2.8857143,4.5285716,5.8428574,24.8,0.00013367832,0.0016803816,-7.345365000000001e-25,1.1175871e-08,0.0,True
2013-08-12,31.804285714285715,39.3,19.328571,24.542858,14.857142,75.02857,3.0571427,2.5428574,3.2714286,6.257143,22.6,0.00015817583,0.001574114,-7.345365000000001e-25,1.1175871e-08,0.0,True
2013-08-19,31.79142857142857,4.7,18.085714,23.428572,13.17143,70.42857,3.057143,2.2571428,3.2857144,5.8428574,20.571428,3.8817525e-05,0.0014767498,-7.345365000000001e-25,7.450581e-09,0.0,True
2013-08-26,31.75857142857143,0.3,17.671429,22.9,12.357142,63.3,3.0714285,1.6571429,3.6571429,5.214286,20.27143,9.87947e-06,0.0013850406,-7.345365000000001e-25,0.0,0.0,True
2013-09-02,31.74285714285714,16.0,16.785715,21.914288,11.585714,69.71429,2.3999999,0.7285714,2.7571428,4.7714286,19.357143,6.8195164e-05,0.0012891293,-7.345365000000001e-25,7.450581e-09,0.0,True
2013-09-09,31.73428571428571,15.2,17.442858,22.085714,12.7,74.042854,2.3857143,1.2285715,2.7714286,5.042857,18.77143,0.0001514703,0.0012146458,-7.345365000000001e-25,9.313226e-09,0.0,True
2013-09-16,31.738571428571426,9.7,13.485715,17.514286,9.914286,84.457146,1.2714285,1.0714285,1.4857142,5.571429,15.385715,3.84748e-05,0.0011495426,-7.345365000000001e-25,0.0,0.0,True
2013-09-23,31.715714285714284,15.0,12.442858,15.771429,9.514285,84.34286,1.0857142,0.90000004,1.4571428,5.6714287,13.414286,8.897483e-05,0.0010965392,-7.345365000000001e-25,1.1175871e-08,0.0,True
2013-09-30,31.692857142857143,10.8,9.585714,14.1285715,4.857143,83.58572,0.95714283,0.78571427,1.2285715,6.0857143,11.428572,0.00013497472,0.0010505095,-7.345365000000001e-25,1.8626451e-09,0.0,True
2013-10-07,31.66714285714286,0.6,9.528571,14.257143,5.328572,73.24286,1.0142857,0.7571429,1.4571428,5.857143,10.242857,7.681549e-06,0.001005806,-7.345365000000001e-25,0.0,0.0,True
2013-10-14,31.68,46.7,11.285714,14.714286,6.9857144,87.57143,0.6714286,0.62857145,0.85714287,6.757143,11.8,0.0017495453,0.00096874684,-7.345365000000001e-25,5.5879354e-09,0.0,True
2013-10-21,31.69142857142857,10.0,10.885714,14.657144,6.328572,84.48572,0.7714286,0.74285716,0.95714283,8.142858,10.571428,0.00015373528,0.0009405911,-7.345365000000001e-25,5.5879354e-09,0.0,True
2013-10-28,31.692857142857143,9.1,14.442857,19.028574,9.842857,80.042854,1.1428572,1.0285714,1.3428571,8.1285715,13.071428,0.00017134845,0.00091826916,-7.345365000000001e-25,9.313226e-09,0.0,True
2013-11-04,31.697142857142858,11.1,9.1285715,12.485715,5.4857144,78.62858,0.8000001,0.7285715,1.0142857,8.085714,8.685715,0.00019818544,0.0009003803,-7.345365000000001e-25,3.7252903e-09,0.0,True
2013-11-11,31.70428571428572,16.9,7.728572,10.3714285,4.4,85.957146,0.61428577,0.59999996,0.6571428,8.728572,7.4714284,0.0004349947,0.0008890256,-7.345365000000001e-25,3.7252903e-09,0.0,True
2013-11-18,31.67142857142857,0.9,4.4428573,6.8,1.8428572,89.299995,0.24285717,0.22857144,0.37142855,8.957143,4.385714,2.6613474e-05,0.0008905381,-7.345365000000001e-25,0.0,0.0,True
2013-11-25,31.705714285714286,19.2,3.9857144,5.871429,2.0,88.91429,0.21428572,0.21428572,0.42857143,9.742857,3.7285714,0.0003696382,0.0009027198,2.5431316e-06,1.128763e-05,1.4614314e-05,True
2013-12-02,31.678571428571427,7.0,3.142857,6.0,0.50000006,89.5,0.24285717,0.24285717,0.3285714,9.857142,2.4857142,6.006658e-05,0.0009354502,1.9073486e-06,5.852431e-06,2.078712e-06,True
2013-12-09,31.702857142857145,18.7,2.5285716,4.557143,0.47142854,91.457146,0.3571429,0.3571429,0.42857143,10.057143,1.8428571,0.00031420588,0.0009774715,0.00069559756,0.0023892224,0.0026459899,True
2013-12-16,31.70142857142857,1.0999999,4.042857,6.3142858,2.1285715,93.1,0.15714286,0.15714286,0.29999998,10.314285,3.4142857,2.8789043e-05,0.0010332912,2.1048954e-05,9.20482e-05,1.2293458e-06,True
2013-12-23,31.737142857142857,6.8,4.871429,6.357143,2.1000001,78.82857,0.42857143,0.42857143,0.67142856,10.114285,2.7,6.558001e-05,0.0011049211,9.1961454e-07,2.8852373e-06,0.0,True
2013-12-30,31.76714285714285,15.1,6.657143,0.0,4.714286,78.457146,0.48571426,0.47142857,0.8142857,10.014286,4.7285714,0.00037047267,0.0011715144,-7.345365000000001e-25,3.7252903e-09,0.0,True
2014-01-06,31.76571428571429,10.4,4.085715,6.2714286,0.9142857,84.814285,0.2,0.2,0.4857143,10.0,0.8,9.04575e-05,0.0012511238,-7.345365000000001e-25,1.8626451e-09,0.0,True
2014-01-13,31.764285714285712,7.4,6.114286,8.528571,3.2142856,82.01429,0.68571424,0.68571424,0.7,10.328571,4.542857,0.00032823533,0.0013551414,-7.345365000000001e-25,5.5879354e-09,0.0,True
2014-01-20,31.78428571428572,6.9,2.3714287,4.257143,0.54285717,93.11428,0.14285715,0.14285715,0.2857143,10.3,2.1571429,0.00016948581,0.0015056655,4.0065675e-05,0.00013204291,0.00024200976,True
2014-01-27,31.76714285714285,6.0,-6.871429,-4.9,-9.3,85.957146,0.014285714,0.014285714,0.3,10.3,-1.6428572,4.2766333e-06,0.0016712919,0.004204387,0.0,0.008012399,True
2014-02-03,31.77142857142857,2.3,-1.4285715,0.9857144,-3.5714285,86.78571,0.17142858,0.17142858,0.41428572,10.271428,-0.5714286,9.933114e-05,0.0018191263,0.0069405297,0.0032909177,0.00063583255,True
2014-02-10,31.787142857142857,2.1,4.585714,9.0,0.9285714,72.5,0.9428572,0.87142855,1.0,10.0,1.6285714,0.0001540482,0.0019371286,0.0017568214,0.0046856087,0.0,True
2014-02-17,31.77142857142857,2.1,5.8142858,9.6285715,2.0714285,70.72858,1.0428572,0.9571429,1.2142857,9.671429,3.8857143,0.00010152161,0.0020391345,2.3149309e-05,0.00014805421,0.00011340529,True
2014-02-24,31.74,3.5,5.9857144,10.428572,1.557143,76.14286,0.9857143,0.84285706,1.0142857,9.414286,4.8714285,6.5386295e-05,0.002126962,2.1571205e-07,1.4901161e-06,0.0,True
2014-03-03,31.754285714285714,0.2,5.728572,11.1,0.90000004,78.42857,0.9857144,0.78571427,0.98571426,9.014286,5.885714,4.1261315e-05,0.0021895915,-7.345365000000001e-25,3.7252903e-09,0.0,True
2014-03-10,31.714285714285715,0.5,6.871429,12.985715,1.4714286,72.87143,1.1285714,0.88571423,1.2571429,8.657143,6.714286,1.065433e-05,0.0022239015,-7.345365000000001e-25,0.0,0.0,True
2014-03-17,31.731428571428573,5.7,8.328572,13.5,3.2000003,67.957146,1.6999999,1.3857143,1.7142857,8.1,7.9428573,9.685755e-05,0.0022262186,-7.345365000000001e-25,1.8626451e-09,0.0,True
2014-03-24,31.75,6.7,9.7,13.6,5.2571425,72.25715,1.7571428,1.4285715,1.9,7.7714286,9.428572,0.00013437867,0.0022110268,-7.345365000000001e-25,0.0,0.0,True
2014-03-31,31.73,6.0,7.871429,13.400001,2.614286,77.01429,1.4571428,1.1,1.6428572,7.642857,8.671429,4.5515597e-05,0.0021862984,-7.345365000000001e-25,0.0,0.0,True
2014-04-07,31.74285714285714,1.5,11.742858,17.442858,6.8285713,69.828575,1.9714286,1.5142857,2.2714286,7.0285716,12.285714,9.7736716e-05,0.0021463037,-7.345365000000001e-25,0.0,0.0,True
2014-04-14,31.74142857142857,17.4,9.585714,13.457144,5.3857145,74.557144,1.9714286,1.7142857,1.9714285,6.714286,11.0,0.00017858297,0.0021020696,-7.345365000000001e-25,1.8626451e-09,0.0,True
2014-04-21,31.735714285714288,5.7,10.414286,15.642858,5.0,68.9,2.5714285,2.0,2.5714285,6.428571,11.757143,0.00014095008,0.002052933,-7.345365000000001e-25,1.8626451e-09,0.0,True
2014-04-28,31.74,0.5,15.271429,20.742859,10.0,73.28571,2.8,1.6,3.0571427,5.8714285,16.828571,0.00011570752,0.001993388,-7.345365000000001e-25,0.0,0.0,True
2014-05-05,31.732857142857146,13.0,10.828572,15.771429,5.1285715,63.657143,2.5142858,1.2142857,2.6714287,5.757143,14.3714285,0.0001674071,0.0019225776,-7.345365000000001e-25,0.0,0.0,True
2014-05-12,31.752857142857145,19.3,12.885715,17.728573,8.242858,72.25715,2.8571427,2.242857,2.7714286,5.6285715,14.142858,0.0002194345,0.001855351,-7.345365000000001e-25,7.450581e-09,0.0,True
2014-05-19,31.72571428571428,14.7,12.17143,16.957144,7.9000006,72.47143,2.4714286,1.6857141,2.7857144,5.5571427,14.171429,0.00042972714,0.0017883107,-7.345365000000001e-25,0.0,0.0,True
2014-05-26,31.738571428571426,1.0,20.242857,26.185715,13.814285,63.5,4.5571427,2.542857,4.8142858,5.214286,22.314285,1.4454126e-05,0.0017127544,-7.345365000000001e-25,7.450581e-09,0.0,True
2014-06-02,31.737142857142857,36.9,12.957144,17.585714,7.2714286,72.457146,2.8285716,2.2000003,3.0285716,6.4857144,16.514286,0.0003960654,0.001641266,-7.345365000000001e-25,3.7252903e-09,0.0,True
2014-06-09,31.738571428571426,2.4,20.157145,26.114286,12.771429,57.57143,4.571429,2.8571427,4.957143,5.4714284,22.542856,3.7387013e-05,0.0015673637,-7.345365000000001e-25,3.7252903e-09,0.0,True
2014-06-16,31.72142857142857,7.2000003,18.257143,23.67143,12.814286,68.54286,3.6857142,2.3285713,3.9857142,5.1571426,21.757143,8.751452e-05,0.0014790371,-7.345365000000001e-25,1.1175871e-08,0.0,True
2014-06-23,31.72428571428572,1.7,15.571428,20.457142,11.0,65.52857,3.5142858,1.4142857,3.7571428,4.7285714,19.1,1.9416213e-05,0.0014016852,-7.345365000000001e-25,7.450581e-09,0.0,True
2014-06-30,31.737142857142857,44.4,15.757143,20.585714,10.685715,75.65715,2.957143,2.142857,2.9714284,5.357143,19.042856,0.0002721995,0.0013320744,-7.345365000000001e-25,3.7252903e-09,0.0,True
2014-07-07,31.72142857142857,5.7,20.357143,26.314285,13.928572,61.157143,4.7714286,2.2285714,4.8714285,4.8285713,22.885714,1.0162592e-05,0.0012579113,-7.345365000000001e-25,3.7252903e-09,0.0,True
2014-07-14,31.738571428571426,34.3,19.67143,26.057144,15.014287,77.02857,3.628571,2.957143,3.857143,5.614286,22.157143,0.0038817525,0.0011829212,-7.345365000000001e-25,7.450581e-09,0.0,True
2014-07-21,31.712857142857143,0.0,23.942858,29.728573,17.642857,57.67143,5.042857,2.642857,5.4857144,4.642857,26.157143,5.6624413e-06,0.001120992,-7.345365000000001e-25,1.1175871e-08,0.0,True
2014-07-28,31.707142857142856,17.9,22.228573,27.47143,17.7,69.75715,4.014286,2.0,4.214286,4.5,24.62857,0.0002695024,0.0010519698,-7.345365000000001e-25,7.450581e-09,0.0,True
2014-08-04,31.71857142857143,10.1,21.885715,27.242859,17.671429,74.27143,3.4142857,2.6285713,3.7571428,5.4857144,24.542856,0.0012238622,0.0010007769,-7.345365000000001e-25,7.450581e-09,0.0,True
2014-08-11,31.69428571428572,7.3,20.357143,26.242859,14.242858,68.75715,3.3714287,2.7142856,3.7714286,5.4714284,23.085714,7.3343515e-05,0.0009538308,-7.345365000000001e-25,3.7252903e-09,0.0,True
2014-08-18,31.67571428571429,14.1,17.042858,21.800001,12.8714285,68.28571,2.942857,2.3999999,3.4428573,5.1571426,19.485714,0.0001822412,0.00090735406,-7.345365000000001e-25,0.0,0.0,True
2014-08-25,31.647142857142857,3.7,14.314286,19.828571,9.314286,67.11429,2.5142858,1.7571429,3.042857,4.714286,17.157143,4.078448e-05,0.00086693466,-7.345365000000001e-25,1.8626451e-09,0.0,True
2014-09-01,31.63,9.7,15.6285715,20.77143,10.414286,75.11428,1.9,1.3428572,2.3285713,4.7285714,17.8,0.000109158456,0.000829868,-7.345365000000001e-25,0.0,0.0,True
2014-09-08,31.61428571428572,0.7,18.728573,24.214285,13.685715,70.328575,2.3428571,1.6999999,3.1857142,4.8142858,19.6,7.7702105e-05,0.000797987,-7.345365000000001e-25,3.7252903e-09,0.0,True
2014-09-15,31.6,18.8,16.628572,19.9,13.1,81.77143,1.3857144,1.0857142,1.8285714,5.3,17.671429,7.262081e-05,0.00076619536,-7.345365000000001e-25,1.3038516e-08,0.0,True
2014-09-22,31.59857142857143,6.5,16.442858,21.128572,12.400001,78.91429,1.6857141,1.2714287,2.1285713,5.5857143,17.914286,0.00013791025,0.0007370934,-7.345365000000001e-25,3.7252903e-09,0.0,True
2014-09-29,31.58285714285714,2.7,13.157144,18.157145,8.071428,79.85714,1.3142856,1.0,1.5857143,5.714286,14.414286,1.4618039e-05,0.0007117912,-7.345365000000001e-25,3.7252903e-09,0.0,True
2014-10-06,31.575714285714287,0.1,14.557143,19.514286,10.357142,81.042854,1.0857142,0.71428573,1.5142858,5.6,15.7,2.5093555e-05,0.0006887838,-7.345365000000001e-25,5.5879354e-09,0.0,True
2014-10-13,31.59857142857143,20.1,15.0,18.328571,11.828572,84.22858,0.9571429,0.75714284,1.1857144,5.6571426,15.114285,0.00020615757,0.000667572,-7.345365000000001e-25,9.313226e-09,0.0,True
2014-10-20,31.58714285714285,4.9,13.842857,17.5,10.371429,87.02857,0.78571427,0.7,1.0,5.9857144,13.8714285,0.00010749698,0.00065050274,-7.345365000000001e-25,5.5879354e-09,0.0,True
2014-10-27,31.56142857142857,15.7,9.885714,12.257143,7.2571425,90.18572,0.5571429,0.5142857,0.7,6.8428574,10.442857,0.0001834631,0.000635989,-7.345365000000001e-25,0.0,0.0,True
2014-11-03,31.56,0.4,10.0,14.542857,6.3714285,85.057144,0.5714286,0.47142857,0.67142856,6.8285713,9.571428,4.4927e-06,0.00062426925,-7.345365000000001e-25,3.7252903e-09,0.0,True
2014-11-10,31.57857142857143,0.6,8.828572,11.7,5.914286,87.814285,0.42857143,0.34285712,0.5285714,6.6571426,8.742857,2.719462e-05,0.0006139353,-7.345365000000001e-25,1.8626451e-09,0.0,True
2014-11-17,31.56714285714286,0.4,9.271429,11.285714,7.057143,92.72858,0.27142859,0.18571429,0.47142857,6.6,8.614285,9.670854e-06,0.0006052777,-7.345365000000001e-25,3.7252903e-09,0.0,True
2014-11-24,31.545714285714286,5.6,5.414286,7.1285715,3.8142858,89.17143,0.24285714,0.18571429,0.4857143,6.614286,5.257143,6.477535e-05,0.00059750676,-7.345365000000001e-25,0.0,0.0,True
2014-12-01,31.554285714285715,0.0,0.8428572,1.9428571,-0.45714283,84.542854,0.12857144,0.10000001,0.5714286,6.8,1.6,1.66893e-06,0.00059030205,1.7540796e-06,3.9115548e-08,4.772097e-06,True
2014-12-08,31.555714285714284,4.0,1.5428572,3.2428572,-0.35714287,86.07143,0.14285715,0.14285715,0.35714287,6.8,0.2857143,4.2766333e-05,0.00058365613,1.2681598e-05,2.5227666e-05,3.650412e-05,True
2014-12-15,31.57,8.9,3.4857142,6.0,0.81428576,86.52857,0.3857143,0.35714287,0.5142857,6.9857144,2.057143,0.00013300031,0.0005777702,0.00020933719,0.0009409841,0.00091743097,True
2014-12-22,31.56571428571429,24.4,6.514286,8.557143,3.4142857,88.41429,0.5857143,0.5714286,0.62857145,7.5,5.0571427,0.00030682236,0.0005726591,2.270653e-06,1.2923032e-05,0.0,True
2014-12-29,31.554285714285715,13.3,1.3000001,3.3428571,-1.4714286,89.0,0.35714287,0.35714287,0.42857143,8.214286,2.8285713,0.0001295209,0.0005702451,0.0017058735,4.04194e-06,0.0066246428,True
2015-01-05,31.545714285714286,6.0,3.0142858,4.857143,1.1857144,86.87144,0.05,0.05,0.5857143,8.4,-0.1,0.00025889277,0.00057287514,0.003138196,0.008555483,0.0019062907,True
2015-01-12,31.58714285714285,38.3,4.3285713,7.1571426,1.8285716,87.77143,0.7571429,0.7571429,0.7285714,9.1,3.142857,0.00044682622,0.0005823523,0.00020842893,0.0012509953,0.0010626912,True
2015-01-19,31.61428571428572,9.599999,4.471429,7.1857147,1.1857144,81.71429,0.6571428,0.64285713,0.7,9.471429,3.4857142,0.00020863116,0.0006136298,1.5270142e-06,8.365139e-06,4.3407083e-05,True
2015-01-26,31.608571428571427,8.2,0.64285713,1.6714287,-0.42857143,91.84286,0.14285715,0.14285715,0.37142858,9.528571,0.35714287,0.00012847781,0.00066859275,0.0025105078,0.0020558573,0.006322805,True
2015-02-02,31.66928571428572,16.0,1.6714286,3.357143,-0.45714286,88.88572,0.44285718,0.44285718,0.42857143,9.785714,1.0428572,0.00025698543,0.0007340908,0.0045225564,0.0052905623,0.008033048,True
2015-02-09,31.62,2.3000002,-0.18571432,2.0714285,-2.857143,85.92857,0.34285715,0.34285715,0.54285717,9.771428,0.27142859,0.00015179068,0.00081864,0.0075434903,0.0068769213,0.003452886,True
2015-02-16,31.627142857142854,0.0,2.2714286,5.585715,-0.7,83.40001,0.5,0.42857143,0.59999996,9.542857,1.7285714,5.2034855e-05,0.00090798736,0.0005928732,0.00217711,1.8913299e-05,True
2015-02-23,31.65142857142857,2.8999999,2.857143,7.5,-1.1857144,78.4,0.8142857,0.6857143,0.8428572,9.271428,2.2428572,6.6928566e-05,0.0009955317,7.41425e-05,0.00018994883,3.53083e-05,True
2015-03-02,31.664285714285715,9.3,3.6285717,8.471429,-0.8000001,77.200005,1.0428572,0.9285715,0.9714286,9.071428,3.2571428,7.458776e-05,0.0010667443,1.3130052e-05,4.2662024e-05,3.2037497e-06,True
2015-03-09,31.631428571428568,5.8,6.2000003,10.214286,2.1285713,74.37144,1.3285714,1.1571429,1.2857143,8.942857,5.5,6.394088e-05,0.0011220127,4.7229587e-06,2.4866313e-05,2.400577e-05,True
2015-03-16,31.63428571428572,2.1000001,5.1,8.2,1.7285715,83.9,0.7714286,0.6857143,0.95714283,8.614285,5.042857,4.6938658e-05,0.0011640638,3.984996e-06,2.4024397e-05,2.3923814e-05,True
2015-03-23,31.648571428571422,4.2,5.9000006,11.385715,0.51428574,57.5,1.8571427,1.442857,2.0857143,8.157143,7.0285716,4.5478344e-05,0.0011897907,2.351829e-05,2.7619302e-05,8.98689e-05,True
2015-03-30,31.68428571428572,14.5,7.914286,11.728571,4.1857142,76.24286,1.4857142,1.3285714,1.5142857,7.857143,8.1285715,0.00022472441,0.0011994243,1.1268116e-05,5.9915707e-05,0.0,True
2015-04-06,31.66142857142857,10.5,4.5,9.6,-0.114285715,70.08572,1.7714285,1.6428572,1.8000001,8.385715,5.571429,0.0002842322,0.0012064353,0.00061206025,0.005229268,0.0054223873,True
2015-04-13,31.635714285714283,1.3,10.014285,15.614286,3.6142857,65.74286,2.5714285,1.9714288,2.6142857,7.7714286,11.071428,1.398474e-05,0.0012165233,5.336035e-06,4.3682754e-05,0.0,True
2015-04-20,31.65571428571429,0.0,9.971429,15.585715,3.5,61.54286,2.8714287,1.9857142,2.9857142,6.7714286,11.842857,8.866191e-06,0.0012107566,-7.345365000000001e-25,0.0,0.0,True
2015-04-27,31.66857142857143,5.8,12.314286,18.557144,5.7428575,66.557144,2.9857142,1.5714287,3.042857,6.042857,13.828571,0.00010688603,0.0011887252,-7.345365000000001e-25,0.0,0.0,True
2015-05-04,31.67142857142857,16.8,10.757143,16.3,4.4857144,66.685715,2.985714,2.3999999,2.957143,6.2285714,13.257143,0.00022406876,0.0011652112,-7.345365000000001e-25,0.0,0.0,True
2015-05-11,31.65571428571429,0.6,14.342857,19.857143,7.6,64.1,3.3714287,1.7285713,3.2571428,5.7285714,16.285715,7.0646405e-05,0.0011334866,-7.345365000000001e-25,3.7252903e-09,0.0,True
2015-05-18,31.647142857142857,8.0,12.428572,18.34286,5.6714287,66.47143,3.2142856,1.6,3.2714286,5.357143,15.071428,9.575486e-05,0.0010978654,-7.345365000000001e-25,3.7252903e-09,0.0,True
2015-05-25,31.63714285714286,0.0,14.028572,19.842855,7.057143,61.028572,3.2142856,0.71428573,3.542857,4.9428573,17.442858,9.030104e-06,0.0010587126,-7.345365000000001e-25,0.0,0.0,True
2015-06-01,31.63714285714286,6.7,13.3714285,18.600002,7.2714286,65.11429,3.2142856,0.8571428,3.357143,4.7714286,16.085714,6.136298e-05,0.0010128319,-7.345365000000001e-25,3.7252903e-09,0.0,True
2015-06-08,31.61285714285714,0.0,18.685715,24.785715,11.357142,51.257145,4.942857,0.8142857,5.457143,4.642857,20.385714,5.438924e-06,0.00096248835,-7.345365000000001e-25,7.450581e-09,0.0,True
2015-06-15,31.622857142857143,18.0,17.87143,23.34286,11.714286,57.24286,4.057143,1.2571429,4.5,4.614286,21.028572,2.8595328e-05,0.0008991733,-7.345365000000001e-25,3.7252903e-09,0.0,True
2015-06-22,31.624285714285715,9.3,13.957144,18.7,9.885714,70.58572,2.942857,1.4285715,3.1857142,4.6,17.257143,9.945035e-05,0.0008424893,-7.345365000000001e-25,3.7252903e-09,0.0,True
2015-06-29,31.62142857142857,15.5,16.628572,21.17143,12.642858,74.6,3.042857,2.142857,3.1571429,5.0,18.7,0.00013795495,0.00080139935,-7.345365000000001e-25,7.450581e-09,0.0,True
2015-07-06,31.595714285714287,10.200001,24.5,31.0,17.057144,52.642857,6.2571425,2.2142859,6.3285713,4.2285714,26.185715,6.9886446e-06,0.000746347,-7.345365000000001e-25,7.450581e-09,0.0,True
2015-07-13,31.60571428571429,21.5,17.728573,23.142857,12.599999,67.12858,3.9714284,2.242857,4.0142856,4.1857142,20.5,0.00015108287,0.000684917,-7.345365000000001e-25,3.7252903e-09,0.0,True
2015-07-20,31.604285714285712,21.599998,19.928572,24.857143,15.114286,71.37143,3.8142858,2.242857,3.9142857,4.357143,22.22857,0.00014682114,0.00064718723,-7.345365000000001e-25,7.450581e-09,0.0,True
2015-07-27,31.61428571428572,13.400001,20.17143,25.614286,14.414286,64.75715,4.2142854,3.0142858,4.4428573,4.3285713,22.6,0.00018824637,0.00060781837,-7.345365000000001e-25,7.450581e-09,0.0,True
2015-08-03,31.59857142857143,1.2,18.085714,24.114286,11.8,59.11429,3.957143,1.642857,4.342857,3.8857143,19.8,8.061528e-06,0.0005730316,-7.345365000000001e-25,5.5879354e-09,0.0,True
2015-08-10,31.578571428571426,0.7,24.67143,32.528572,17.585714,58.17143,5.1,0.88571423,5.571429,3.4857142,25.657143,2.965331e-06,0.00052917004,-7.345365000000001e-25,7.450581e-09,0.0,True
2015-08-17,31.58142857142857,7.4,24.300001,30.757143,19.228573,65.4,4.1857142,0.9857143,4.957143,3.5,25.714285,5.016476e-05,0.00048409402,-7.345365000000001e-25,9.313226e-09,0.0,True
2015-08-24,31.56714285714286,9.3,19.585714,25.557144,13.842857,62.157143,3.4142857,1.5571429,3.8,4.614286,21.528572,5.748868e-05,0.00045230985,-7.345365000000001e-25,3.7252903e-09,0.0,True
2015-08-31,31.572142857142858,11.300001,20.228573,26.642857,14.228572,68.84286,3.0714283,1.9142857,3.4714284,4.7,21.342857,0.00011508167,0.00042440742,-7.345365000000001e-25,7.450581e-09,0.0,True
2015-09-07,31.571428571428573,12.9,15.157144,20.17143,10.657144,76.9,2.1285713,1.6714286,2.5714285,4.8142858,17.385714,0.00010700524,0.00040037185,-7.345365000000001e-25,1.1175871e-08,0.0,True
2015-09-14,31.56142857142857,11.1,15.142858,20.442858,10.542857,77.41429,1.8000001,1.3857143,2.2571428,4.8428574,16.342857,6.724149e-05,0.00038318336,-7.345365000000001e-25,3.7252903e-09,0.0,True
2015-09-21,31.572857142857146,9.5,15.0,20.642857,10.285714,79.42857,1.7142859,1.3714286,2.0571427,4.8142858,16.114286,6.784499e-05,0.00036696345,-7.345365000000001e-25,7.450581e-09,0.0,True
2015-09-28,31.548571428571428,1.6,12.385715,18.2,7.142857,78.07143,1.3000001,0.8285714,1.6714286,4.571429,14.142858,9.328127e-06,0.00035273284,-7.345365000000001e-25,1.8626451e-09,0.0,True
2015-10-05,31.54714285714285,0.0,11.67143,18.928572,5.228572,73.15715,1.2714287,0.6571428,1.5857143,4.2285714,13.314285,2.5331974e-07,0.00033875555,-7.345365000000001e-25,0.0,0.0,True
2015-10-12,31.557142857142857,23.8,8.3,11.742858,4.8142858,71.942856,0.90000004,0.6428572,1.3857143,4.6571426,9.8,0.00016935915,0.00032681227,-7.345365000000001e-25,7.450581e-09,0.0,True
2015-10-19,31.56714285714286,39.2,6.7714286,8.1,5.585714,92.68572,0.34285712,0.3285714,0.5285714,6.2,7.457143,0.0004085973,0.00031758845,-7.345365000000001e-25,0.0,0.0,True
2015-10-26,31.562857142857144,1.4,9.028571,12.642858,5.3857145,89.057144,0.50000006,0.44285718,0.64285713,7.0142856,9.1285715,3.3423305e-05,0.00031096488,-7.345365000000001e-25,3.7252903e-09,0.0,True
2015-11-02,31.54714285714286,0.0,7.7714286,13.342857,3.5857143,86.22858,0.5,0.41428572,0.5428571,6.857143,7.6285715,1.1324883e-06,0.00030520558,-7.345365000000001e-25,0.0,0.0,True
2015-11-09,31.552857142857142,3.8,9.857142,14.6,5.6285715,86.057144,0.6571428,0.59999996,0.6571428,6.785714,8.914286,0.000118769705,0.00030026585,9.366444e-07,3.984198e-06,3.885478e-06,True
2015-11-16,31.57428571428571,33.9,11.242858,13.385715,8.428572,83.34286,0.6999999,0.6571428,0.94285715,7.2285714,10.028571,0.00034610927,0.00029604137,-7.345365000000001e-25,1.3038516e-08,0.0,True
2015-11-23,31.61142857142857,13.1,6.914286,8.885715,4.542857,85.24286,0.7285715,0.7285715,0.7714286,8.585714,6.6714287,0.000240013,0.00029304624,0.00010141872,4.9564987e-05,0.0011283532,True
2015-11-30,31.60142857142857,23.599998,3.2,5.9000006,0.29999998,87.957146,0.42857143,0.42857143,0.45714286,8.8,2.4571428,0.0005839318,0.00029218942,0.00080254534,0.0031136218,0.0020508505,True
2015-12-07,31.58714285714285,3.6000001,8.014286,10.142858,5.328572,79.57143,0.5857143,0.5857143,0.78571427,9.342857,5.8428574,7.608533e-05,0.00029375404,6.908462e-06,7.6258555e-05,0.0,True
2015-12-14,31.60571428571429,12.4,4.6857142,7.657143,1.5,89.35714,0.4,0.4,0.34285715,9.357142,3.9857142,0.00018331409,0.00029920042,-7.345365000000001e-25,2.9802322e-08,1.2293458e-07,True
2015-12-21,31.62,7.2,8.614286,10.614286,6.5285716,90.34286,0.4,0.4,0.40000004,9.614285,6.642857,0.00018268824,0.0003074631,-7.345365000000001e-25,1.0617077e-07,0.0,True
2015-12-28,31.622857142857143,1.2,9.942857,12.5,6.5,77.41429,0.61428577,0.61428577,0.88571423,9.528571,7.7714286,3.7923455e-05,0.0003200397,-7.345365000000001e-25,7.450581e-09,0.0,True
2016-01-04,31.635714285714283,1.0,-2.2714286,0.27142859,-4.7000003,79.5,0.3,0.26666668,0.45714286,9.4,2.0666666,2.5972724e-05,0.00033536553,4.8041344e-05,1.7881393e-07,0.00016914308,True
2016-01-11,31.672857142857143,15.700001,-2.1714287,0.11428567,-4.457143,88.37144,0.21428572,0.21428572,0.3,9.6,-1.5,0.00019565225,0.00035120547,0.0040287687,0.0044138134,0.007625252,True
2016-01-18,31.65,11.2,0.12857138,1.8857144,-1.7571429,92.57143,0.15714286,0.15714286,0.2,10.1,-0.114285715,0.00022001565,0.00037017465,0.0048062857,0.0020466596,0.0069779046,True
2016-01-25,31.635714285714283,6.2999997,-1.1428572,1.7857143,-4.8857145,88.98572,0.071428575,0.071428575,0.25714284,10.057143,-1.1857142,0.0003270656,0.00039950013,0.008216108,0.013179386,0.005445171,True
2016-02-01,31.66714285714286,12.5,7.214286,10.071428,3.3714287,77.38572,0.9857143,0.9857143,1.0142857,10.0,4.1571426,0.00023679435,0.0004390329,9.408451e-05,0.0011118483,0.0,True
2016-02-08,31.672857142857143,6.5,6.2000003,8.985715,3.7000003,77.85714,0.9714286,0.9714286,1.0142857,9.985714,4.642857,0.0002033189,0.0004968643,4.5038403e-05,0.00022294372,0.00021769106,True
2016-02-15,31.685714285714287,6.0,3.914286,6.6571426,1.2285715,82.9,0.74285716,0.7285715,0.7714286,9.785714,3.5714285,0.00019139051,0.0005655587,4.059928e-05,0.00015093014,0.00019188225,True
2016-02-22,31.641428571428573,25.8,3.4428573,6.4000006,0.5428572,84.37144,0.6857143,0.6571428,0.62857145,10.0,3.142857,0.001224935,0.0006443411,0.00067972566,0.002030719,0.0019807927,True
2016-02-29,31.645714285714288,2.1,2.0714285,5.557143,-1.2714285,78.98572,0.8,0.78571427,0.85714287,10.257143,2.7142856,3.246963e-05,0.00076619536,0.00020602772,0.0004711952,0.00082909316,True
2016-03-07,31.67428571428572,7.6,3.3857143,7.2142863,-0.32857147,81.0,0.8,0.7428571,0.85714287,9.928572,3.557143,0.00018345565,0.00091379136,0.00015790122,0.00061926804,0.0003704764,True
2016-03-14,31.617142857142856,0.7,3.1000001,6.414286,-0.11428572,78.35714,0.81428564,0.7285714,1.0,9.814285,3.5714285,1.04904175e-05,0.0010315925,3.341834e-05,0.0001291316,9.522587e-05,True
2016-03-21,31.64428571428571,2.2,5.042857,8.5,1.5857143,77.12858,1.0857142,0.95714283,1.2142857,9.471429,5.385714,8.203089e-05,0.0011245534,1.1273793e-05,7.7441335e-05,4.2296946e-05,True
2016-03-28,31.66142857142857,8.3,7.0,11.1,3.3999999,79.27143,1.4,1.2428571,1.4714286,9.228572,7.4142857,0.00010846555,0.0011928752,-7.345365000000001e-25,4.8428774e-07,0.0,True
2016-04-04,31.65857142857143,5.2,9.571428,14.614286,4.157143,64.85714,2.0142856,1.8000001,2.1285713,9.114285,9.585714,0.00014351308,0.0012380257,-7.345365000000001e-25,1.8626451e-09,0.0,True
2016-04-11,31.67,1.2,10.171428,14.471429,4.9428573,66.314285,2.0285714,1.6142857,2.2428572,8.385715,11.728572,2.1994114e-05,0.0012596175,-7.345365000000001e-25,0.0,0.0,True
2016-04-18,31.67714285714285,23.3,9.614286,13.871429,4.328572,77.042854,1.8142859,1.6428572,1.8142856,8.328571,10.928572,0.00030560791,0.0012667999,-7.345365000000001e-25,3.7252903e-09,0.0,True
2016-04-25,31.66,4.0,7.4857144,12.257143,3.1714287,63.68572,2.457143,1.9571428,2.7571428,7.785714,10.6285715,4.146993e-05,0.0012614056,2.0396143e-05,0.000101558864,0.00019426644,True
2016-05-02,31.662857142857145,5.3999996,8.914286,14.371429,3.257143,64.22857,2.8428574,2.2428572,2.8999999,7.3,10.728572,0.00013644993,0.0012483001,3.5461926e-05,0.00032056496,0.00023195148,True
2016-05-09,31.64428571428571,0.3,15.5,21.800001,8.385715,55.17143,4.357143,2.2142856,4.428571,6.3142858,16.77143,5.8859587e-06,0.0012192354,-7.345365000000001e-25,4.8428774e-08,0.0,True
2016-05-16,31.67,4.7000003,14.414286,19.914288,9.071428,58.257145,4.171428,1.2142856,4.3142858,5.5571427,16.957144,3.0249357e-05,0.0011699498,-7.345365000000001e-25,3.7252903e-09,0.0,True
2016-05-23,31.65285714285714,12.5,16.957144,22.2,11.342857,59.714287,3.942857,0.9142858,4.1285715,5.4,18.328571,6.763637e-05,0.001123704,-7.345365000000001e-25,3.7252903e-09,0.0,True
2016-05-30,31.65285714285714,13.9,17.128572,21.614286,12.242858,78.685715,3.0,1.4857142,3.0142858,5.785714,20.071428,0.00011874735,0.0010729134,-7.345365000000001e-25,1.1175871e-08,0.0,True
2016-06-06,31.65285714285714,21.7,20.47143,25.67143,15.014287,69.42857,4.2571425,2.885714,4.4,5.957143,23.514286,0.0015822202,0.0010249242,-7.345365000000001e-25,0.0,0.0,True
2016-06-13,31.645714285714288,2.8000002,17.37143,22.771427,11.7,61.028572,3.9857144,1.542857,4.328572,5.142857,22.2,3.0577183e-05,0.0009649694,-7.345365000000001e-25,0.0,0.0,True
2016-06-20,31.641428571428573,38.8,16.657145,21.414288,12.014287,77.82857,3.142857,2.4428573,3.2285714,6.1714287,19.942858,0.0003825128,0.0009206608,-7.345365000000001e-25,3.7252903e-09,0.0,True
2016-06-27,31.577142857142857,2.1,22.300001,28.37143,15.828572,64.442856,4.985714,3.4428573,5.214286,5.7285714,24.77143,5.3957105e-05,0.0008744821,-7.345365000000001e-25,7.450581e-09,0.0,True
2016-07-04,31.548571428571428,3.4,18.800001,24.485716,12.400001,63.585716,4.114286,2.4142857,4.342857,5.1285715,21.87143,0.00010885298,0.00082374364,-7.345365000000001e-25,0.0,0.0,True
2016-07-11,31.52285714285714,9.6,19.9,25.385715,14.514287,61.200005,4.7000003,1.9857142,4.7428575,4.6571426,21.585714,5.1647425e-05,0.0007778704,-7.345365000000001e-25,1.1175871e-08,0.0,True
2016-07-18,31.53,12.7,17.9,21.614286,14.0,73.071434,3.042857,1.4857142,3.142857,4.6857142,20.514286,6.3061714e-05,0.0007322952,-7.345365000000001e-25,7.450581e-09,0.0,True
2016-07-25,31.53142857142857,0.2,22.228573,28.085714,16.157145,62.957146,4.457143,1.1571429,4.7000003,4.357143,24.87143,1.5348196e-06,0.0006885752,-7.345365000000001e-25,0.0,0.0,True
2016-08-01,31.55857142857143,37.6,20.27143,25.27143,15.942858,72.7,3.2857146,2.0285716,3.5857143,5.0142856,23.157143,0.00011318922,0.0006387234,-7.345365000000001e-25,7.450581e-09,0.0,True
2016-08-08,31.56142857142857,17.5,18.414288,22.914288,14.271429,78.24286,2.857143,2.1142857,2.8714283,5.3,20.385714,7.095933e-05,0.00060619414,-7.345365000000001e-25,1.1175871e-08,0.0,True
2016-08-15,31.512857142857143,0.70000005,16.414286,20.9,12.071428,69.38572,2.7000003,1.6857144,3.2571428,4.9714284,19.214285,1.2613833e-05,0.00057159364,-7.345365000000001e-25,3.7252903e-09,0.0,True
2016-08-22,31.5,23.8,17.171429,23.17143,11.400001,74.542854,2.7428572,1.5714285,2.9285715,4.5857143,20.214285,4.900992e-05,0.0005387515,-7.345365000000001e-25,0.0,0.0,True
2016-08-29,31.481428571428573,0.5,22.314287,29.142857,15.657144,65.42857,3.8142858,1.5571429,4.214286,4.2285714,23.285715,5.9455633e-06,0.0005043596,-7.345365000000001e-25,7.450581e-09,0.0,True
2016-09-05,31.46857142857143,8.1,18.285715,24.27143,12.814286,70.98572,2.7285717,0.8571429,3.0857143,4.0,20.671429,5.096197e-05,0.0004682392,-7.345365000000001e-25,7.450581e-09,0.0,True
2016-09-12,31.457142857142856,0.0,20.47143,27.628572,13.771429,68.92857,2.8142855,1.1428572,3.3142858,3.9571428,21.585714,7.4505806e-08,0.00044021755,-7.345365000000001e-25,5.5879354e-09,0.0,True
2016-09-19,31.43142857142857,3.7,19.428572,25.2,14.17143,63.828575,2.6428573,0.71428573,3.2857144,3.8142858,20.342857,1.8939376e-05,0.0004105419,-7.345365000000001e-25,3.7252903e-09,0.0,True
2016-09-26,31.4,0.0,14.571428,20.885714,8.771429,68.71429,1.7857141,0.59999996,2.0428572,3.9,17.257143,3.1143427e-06,0.0003889501,-7.345365000000001e-25,0.0,0.0,True
2016-10-03,31.415714285714284,11.3,14.885715,19.914288,9.085714,76.28571,1.4142857,0.58571434,1.8571428,3.8428571,16.185715,9.983778e-05,0.0003694892,-7.345365000000001e-25,7.450581e-09,0.0,True
2016-10-10,31.40571428571429,10.400001,9.557143,12.414286,6.6714287,86.14286,0.88571435,0.75714284,1.0428572,4.642857,10.771428,4.3705106e-05,0.00035591424,-7.345365000000001e-25,7.450581e-09,0.0,True
2016-10-17,31.412857142857145,6.1000004,7.857143,9.514285,6.2571425,90.91429,0.51428574,0.44285712,0.6857143,5.0571427,8.714286,3.7044287e-05,0.0003450513,-7.345365000000001e-25,1.8626451e-09,0.0,True
2016-10-24,31.44428571428572,14.0,8.057143,10.028572,6.0428576,91.41429,0.44285718,0.38571426,0.5285714,5.4857144,8.728572,0.00019146502,0.0003350973,-7.345365000000001e-25,0.0,0.0,True
2016-10-31,31.41928571428572,2.0,8.3,10.971429,4.1285715,90.24286,0.4,0.34285715,0.61428577,5.9428573,8.257143,4.2900443e-05,0.00032629818,-7.345365000000001e-25,3.7252903e-09,0.0,True
2016-11-07,31.46857142857143,14.0,5.7428575,8.171429,3.1000001,89.22858,0.4142857,0.4,0.5285714,6.2285714,6.0,0.0001200214,0.0003182292,-7.345365000000001e-25,1.8626451e-09,0.0,True
2016-11-14,31.445714285714285,0.8,0.18571429,4.1,-3.1571429,86.68572,0.24285714,0.21428572,0.25714287,6.5142856,1.3714286,1.0892749e-05,0.00031127036,0.00021787484,0.00012814626,0.0003934838,True
2016-11-21,31.47428571428572,18.2,7.3142858,10.485715,4.3857145,86.25714,0.5142857,0.5,0.64285713,6.9428573,5.4428573,0.0001643449,0.0003052354,4.8001606e-05,0.00033114664,6.60643e-05,True
2016-11-28,31.45142857142857,0.1,3.9285715,6.7571435,0.67142856,88.88572,0.21428572,0.18571429,0.31428573,7.071429,3.9285715,3.695488e-06,0.00030002743,6.0172306e-07,1.8235296e-06,3.1404197e-06,True
2016-12-05,31.445714285714285,6.2,0.5714286,3.7142856,-2.642857,87.65715,0.3285714,0.2857143,0.31428573,7.3142858,0.8142857,6.159395e-05,0.00029560924,3.587632e-06,2.2105873e-05,2.2605062e-05,True
2016-12-12,31.46142857142857,23.300001,5.1857147,7.428571,2.757143,86.24286,0.42857143,0.40000004,0.5428571,7.5571427,3.4,0.00022250414,0.0002918169,7.322856e-07,2.188608e-06,0.0,True
2016-12-19,31.448571428571427,2.0,2.1857142,4.0285716,-0.7285715,91.02857,0.14285716,0.14285716,0.31428573,8.228572,1.2714286,5.313754e-05,0.0002887249,1.2641862e-05,2.7608126e-05,4.1797757e-05,True
2016-12-26,31.47,15.8,3.2571428,5.585715,0.35714287,90.72858,0.40000004,0.37142855,0.45714286,8.457143,2.0714285,0.0001502335,0.00028653443,1.5065783e-05,3.0798838e-05,1.43535435e-05,True
2017-01-02,31.467142857142857,6.9,2.642857,4.857143,0.17142853,87.44286,0.32000002,0.32000002,0.42857143,8.88,2.4,4.8696995e-05,0.00028499216,0.00015057268,0.00012364984,0.0015646257,True
2017-01-09,31.47571428571428,15.099999,-1.9285715,0.22857146,-4.3142858,86.4,0.22857143,0.22857143,0.37142858,9.257143,-0.12857144,0.0001532957,0.0002842024,0.004333076,0.0024586245,0.009094924,True
2017-01-16,31.505714285714287,9.8,-0.25714287,2.057143,-2.957143,86.54286,0.25714284,0.25714284,0.47142857,9.471429,-0.22857143,0.00015994161,0.00028449297,0.0097315535,0.0056229196,0.011973739,True
2017-01-23,31.452857142857145,0.0,-1.7285715,0.35714287,-3.857143,90.65715,0.057142857,0.057142857,0.22857143,9.557143,-0.34285715,2.7254224e-05,0.00028627366,0.013163475,0.0016696304,0.00030503795,True
2017-01-30,31.47714285714286,8.9,-0.58571434,2.3142858,-3.0428574,84.700005,0.25714284,0.24285714,0.41428572,9.5,-0.5857143,9.857118e-05,0.00028944016,0.011811801,0.0029537193,0.004068818,True
2017-02-06,31.502857142857145,0.6,0.18571427,1.4714286,-1.6000001,95.185715,0.14285715,0.14285715,0.29999998,9.742857,0.071428575,0.00024051964,0.00029366463,0.009656508,0.009662628,0.0015256666,True
2017-02-13,31.46,0.0,-2.8142858,-0.37142855,-4.7000003,71.67143,0.08571429,0.08571429,0.7714286,9.685715,-1.3571428,1.5795231e-06,0.00030103326,0.0045705354,8.759275e-05,0.0009486824,True
2017-02-20,31.48,7.9,3.5857143,8.385715,-0.48571423,83.814285,0.64285713,0.61428577,0.62857145,9.585714,0.9285714,0.00018258393,0.00031147897,0.0016940264,0.004389517,0.0,True
2017-02-27,31.518571428571427,23.2,6.614286,9.528571,3.2714288,76.700005,1.2714285,1.2428571,1.1857144,10.085714,5.1285715,0.00041486323,0.00032600015,2.8837294e-06,3.465824e-05,5.7406723e-06,True
2017-03-06,31.537142857142857,15.700001,7.1142855,10.714286,3.1714287,73.071434,1.3714286,1.2857143,1.3571428,9.671429,6.3,0.00022521615,0.00035329908,-7.345365000000001e-25,1.5646219e-07,0.0,True
2017-03-13,31.50142857142857,6.5,4.714286,8.442858,1.5714285,81.22858,0.9714286,0.9285714,1.0142858,9.8,5.257143,0.00022166967,0.00038736314,-7.345365000000001e-25,2.9802322e-07,3.017485e-07,True
2017-03-20,31.53,18.7,7.457143,11.728571,3.3,75.07143,1.4142857,1.2857143,1.4857142,9.671429,7.0,0.0013641268,0.0004260689,3.3775966e-06,5.3048134e-05,5.2202493e-05,True
2017-03-27,31.52142857142857,4.1,7.7571435,12.67143,1.9285715,66.3,1.7714285,1.6142856,1.7857143,9.757143,8.8714285,0.00013656169,0.00047586858,5.676633e-08,1.1939555e-06,0.0,True
2017-04-03,31.55,4.3,12.900001,18.157145,6.8857145,69.942856,2.1714284,1.7857144,2.2285714,8.957143,13.028571,5.7183206e-05,0.0005319491,-7.345365000000001e-25,3.7252903e-09,0.0,True
2017-04-10,31.56,0.3,10.342857,15.157144,6.3857145,72.5,1.9000002,1.4857143,2.1571429,8.442857,11.4,1.6979873e-05,0.0005727932,-7.345365000000001e-25,7.450581e-09,0.0,True
2017-04-17,31.58142857142857,19.5,7.585715,11.428572,4.542857,76.8,1.8857143,1.7285715,1.8142856,8.2,9.2,0.00025455654,0.00059904903,-7.345365000000001e-25,0.0,0.0,True
2017-04-24,31.57,4.5,6.1,10.542857,1.557143,68.52857,2.142857,1.8285713,2.1571429,7.8428574,7.9857144,7.969141e-05,0.0006166771,3.122148e-06,1.4360994e-05,1.5277416e-05,True
2017-05-01,31.58857142857143,1.0,7.8142858,13.071428,1.0857143,65.00001,2.3857143,1.7428571,2.4428573,7.2714286,10.457143,3.4675002e-05,0.00062509626,-7.345365000000001e-25,3.7252903e-09,0.0,True
2017-05-08,31.58285714285714,9.6,10.5,13.871429,7.3,80.34286,1.6714287,1.3428571,1.8428571,6.9714284,11.942857,0.00012844801,0.0006272271,-7.345365000000001e-25,0.0,0.0,True
2017-05-15,31.585714285714285,1.9,12.485715,18.414288,6.471429,72.25715,2.9142857,2.057143,2.9285715,6.642857,15.157143,0.00012229383,0.00062508136,-7.345365000000001e-25,3.7252903e-09,0.0,True
2017-05-22,31.568571428571428,0.1,18.328571,23.914288,11.2,58.228573,4.3,1.8000001,4.571429,6.042857,20.928572,8.225441e-06,0.0006134957,-7.345365000000001e-25,3.7252903e-09,0.0,True
2017-05-29,31.577142857142857,5.4,18.34286,24.657145,11.414286,62.37143,4.542857,1.3285714,4.6,5.5,20.72857,2.9757619e-05,0.0005947873,-7.345365000000001e-25,0.0,0.0,True
2017-06-05,31.58857142857143,17.3,17.742857,23.485716,11.485715,66.07143,3.8714283,2.0285714,4.1,5.6571426,20.928572,0.00018157065,0.0005705133,-7.345365000000001e-25,0.0,0.0,True
2017-06-12,31.594285714285714,8.3,18.37143,24.057144,13.0,64.38572,4.685714,2.6714287,4.642857,5.5,21.171429,0.00010584295,0.00054905564,-7.345365000000001e-25,3.7252903e-09,0.0,True
2017-06-19,31.58285714285714,6.0,18.657145,24.4,12.185715,65.2,4.3,1.5285714,4.585714,4.9857144,21.585714,6.6787004e-05,0.00052435696,-7.345365000000001e-25,3.7252903e-09,0.0,True
2017-06-26,31.59857142857143,35.3,19.271427,24.442858,14.257143,68.62858,4.2285714,2.1857142,3.9714284,5.2714286,22.285715,9.3877316e-05,0.00049767643,-7.345365000000001e-25,1.1175871e-08,0.0,True
2017-07-03,31.6075,150.5,17.128572,21.47143,12.771429,79.61428,3.142857,2.4999998,2.8999999,7.357143,19.77143,0.016620949,0.0005081743,-7.345365000000001e-25,1.4901161e-08,0.0,True
2017-07-10,31.65310853975863,25.6,18.428572,23.600002,14.257143,72.957146,3.6285713,2.7142854,3.5571427,7.428571,22.328571,0.0002310276,0.00046880543,-7.345365000000001e-25,7.450581e-09,0.0,True
2017-07-17,31.675360917038013,15.9,17.228573,22.014286,12.1,72.77143,3.1857145,2.8142858,3.5857143,7.8428574,20.557142,0.0024340525,0.0004595667,-7.345365000000001e-25,7.450581e-09,0.0,True
2017-07-24,31.69222897767087,87.600006,20.685715,26.2,15.742858,72.4,3.914286,3.3285713,4.142857,7.3428574,23.942858,0.00025111437,0.00044830143,-7.345365000000001e-25,0.0,0.0,True
2017-07-31,31.76318980246315,32.1,19.614286,23.7,15.457144,75.6,3.457143,3.042857,3.5714285,8.9,21.342857,0.0010229945,0.0004428476,-7.345365000000001e-25,7.450581e-09,0.0,False
2017-08-07,31.77405152520556,17.5,20.314287,25.385715,15.585715,69.97143,3.757143,3.042857,3.8714287,7.614286,23.385714,7.3328614e-05,0.00044216216,-7.345365000000001e-25,7.450581e-09,0.0,False
2017-08-14,31.779469088741905,15.7,18.87143,23.2,14.542857,71.88572,3.142857,2.5142858,3.4714284,7.4714284,21.285715,0.00017152727,0.00043793023,-7.345365000000001e-25,7.450581e-09,0.0,True
2017-08-21,31.777553369683908,32.3,18.714285,23.34286,14.0,76.042854,2.8714287,2.5142858,3.1285713,7.742857,21.2,0.00043018162,0.00043220818,-7.345365000000001e-25,3.7252903e-09,0.0,True
2017-08-28,31.777183206865583,0.1,16.9,21.914288,11.142858,75.542854,2.4571426,1.8714285,2.7571428,7.3,20.085714,4.1671097e-05,0.0004261732,-7.345365000000001e-25,7.450581e-09,0.0,False
2017-09-04,31.7525,5.5,16.957144,22.857143,11.228572,74.14286,2.5571427,1.8428571,2.8999999,6.614286,19.6,6.648153e-05,0.00041863322,-7.345365000000001e-25,7.450581e-09,0.0,True
2017-09-11,31.755714285714284,8.8,15.242858,19.585714,11.357142,77.5,1.8571427,1.4428571,2.2,6.5285716,16.514286,8.274615e-05,0.0004118234,-7.345365000000001e-25,9.313226e-09,0.0,True
2017-09-18,31.722857142857144,7.2999997,12.642858,17.785715,7.9428573,78.94286,1.6428572,1.3285714,1.9714286,6.3,14.328571,5.427003e-05,0.00040604174,-7.345365000000001e-25,5.5879354e-09,0.0,True
2017-09-25,31.68142857142857,13.900001,12.785714,16.842857,8.614285,85.47143,1.1000001,0.8285714,1.3285714,6.214286,14.7,0.00021858513,0.00039976835,-7.345365000000001e-25,1.8626451e-09,0.0,True
2017-10-02,31.66714285714286,13.0,14.142858,18.157145,10.671428,81.98572,1.2285715,0.9571429,1.5714285,6.357143,15.228572,0.00013145804,0.00039493293,-7.345365000000001e-25,9.313226e-09,0.0,True
2017-10-09,31.699285714285715,39.3,10.571428,13.957144,7.642857,83.74286,1.1,1.0714285,1.2285715,7.6285715,11.014286,0.0003670007,0.00039116293,-7.345365000000001e-25,9.313226e-09,0.0,True
2017-10-16,31.67571428571429,1.0,13.942858,17.814287,10.1285715,82.5,1.0285714,0.9142858,1.2714285,8.085714,13.457143,3.9815903e-05,0.0003900528,-7.345365000000001e-25,7.450581e-09,0.0,True
2017-10-23,31.662857142857145,7.7,12.157143,15.685715,8.8,87.97143,0.7285715,0.67142856,0.82857144,7.8714285,12.9,0.00014142692,0.0003900975,-7.345365000000001e-25,1.8626451e-09,0.0,True
2017-10-30,31.665714285714284,30.1,10.257143,12.942857,7.414286,82.42857,0.9857144,0.9571429,1.0285715,8.414286,10.085714,0.00020973384,0.00039172918,-7.345365000000001e-25,9.313226e-09,0.0,True
2017-11-06,31.664285714285715,27.1,8.242857,10.971429,5.3142858,89.15715,0.51428574,0.4857143,0.5285714,9.085714,8.214286,0.0005007237,0.0003964752,-7.345365000000001e-25,5.5879354e-09,0.0,True
2017-11-13,31.67,5.3,5.6,7.7000003,3.3285716,87.98572,0.37142858,0.3571429,0.5,9.2,5.5857143,0.00012199581,0.0004094094,3.1107948e-06,1.8898398e-05,3.9614737e-05,True
2017-11-20,31.66,8.4,5.214286,7.4714284,2.0714285,88.457146,0.4,0.4,0.47142857,9.185715,4.642857,6.213039e-05,0.0004291162,3.7011646e-06,2.1945685e-05,0.0,True
2017-11-27,31.68428571428572,29.1,6.014286,8.400001,3.0,86.88572,0.4142857,0.4142857,0.5714286,9.742857,5.071429,0.00045065582,0.00045263767,3.8771404e-06,1.8432736e-05,2.2098422e-05,True
2017-12-04,31.69,4.2,2.4285715,4.557143,0.22857146,87.62858,0.24285714,0.24285714,0.2857143,9.8,1.9714285,5.669892e-05,0.00049108267,0.0002185447,0.0008546077,0.0015904345,True
2017-12-11,31.7,16.0,3.9,5.4857144,1.7142857,82.57143,0.55714285,0.55714285,0.67142856,9.8,2.857143,0.00027227402,0.00054205954,0.0011428026,0.0037258044,0.0056257136,True
2017-12-18,31.697142857142858,12.9,2.142857,3.9142857,0.24285719,87.18572,0.35714287,0.35714287,0.41428572,10.028571,1.3714286,0.00022244453,0.0006041452,0.0010857412,0.0029362906,0.0014775246,True
2017-12-25,31.662857142857145,2.4,5.785714,7.285714,3.5142858,87.85714,0.31428573,0.29999998,0.67142856,9.957143,3.942857,7.969886e-05,0.0006882325,0.0004050164,0.0013910215,0.00012842566,True
2018-01-01,31.72714285714286,8.6,4.514286,8.114286,1.0,79.08572,0.46666667,0.45000002,0.7714285,9.85,2.5833333,0.00014659017,0.0007739365,1.5213376e-06,1.2045726e-05,1.1604279e-05,True
2018-01-08,31.712857142857143,20.0,3.7857144,6.1142855,1.2571429,82.34286,0.5714286,0.5714286,0.64285713,10.428572,3.4285715,0.00089562684,0.00087241083,4.0434657e-05,0.00043899007,0.00043740496,True
2018-01-15,31.68857142857143,8.799999,0.9571429,2.7285714,-0.7714286,81.24286,0.27142859,0.27142859,0.61428577,10.142858,0.41428572,0.00012140721,0.0010300502,6.947063e-05,2.463162e-05,0.00023438409,True
2018-01-22,31.731428571428573,13.8,1.4285715,3.1714287,-0.15714286,89.471436,0.4142857,0.4142857,0.44285712,10.257143,0.44285715,0.0003451407,0.0011929125,0.0027503911,0.0032184701,0.007890347,True
2018-01-29,31.69428571428572,17.0,6.9000006,8.814286,4.642857,88.14286,0.5714286,0.5714286,0.62857145,10.1285715,5.1,0.00049731135,0.0014004782,0.00086897897,0.00498672,3.7472695e-05,True
2018-02-05,31.717142857142857,8.0,2.1857142,4.914286,-1.0,80.08572,0.5285714,0.5285714,0.62857145,10.1285715,2.4,0.00023716688,0.0016945824,0.00045499348,0.000120664015,0.001438953,True
2018-02-12,31.714285714285715,1.2,-1.0142857,2.8,-4.3,75.94286,0.32857147,0.31428573,0.51428574,10.0,-0.3,2.7179718e-05,0.0020344406,0.0015044666,0.00064855814,0.0014032945,True
2018-02-19,31.692857142857143,0.1,1.2142857,4.8,-1.8571428,76.51428,0.59999996,0.5285715,0.7,9.771428,0.7285714,3.6135316e-05,0.0023016483,0.00134631,0.0016181804,0.00041021034,True
2018-02-26,31.676428571428573,0.1,-2.257143,1.3714286,-5.728572,65.314285,0.3285714,0.25714287,0.87142855,9.528571,-0.071428575,3.6507845e-06,0.0024769679,0.0006444908,0.00017305091,0.00052603334,True
2018-03-05,31.70428571428572,0.1,-5.7571425,-0.6285714,-10.257143,60.62857,0.27142856,0.22857141,0.9714286,9.485714,-2.857143,5.632639e-06,0.002585806,0.0008183093,0.00029213168,0.0001886636,True
2018-03-12,31.71857142857143,25.2,5.0285716,8.857142,1.0428572,85.04286,0.91428566,0.9,0.87142855,9.828571,2.6571429,0.0005322993,0.0026506856,0.001864229,0.007536698,0.0070246197,True
2018-03-19,31.672857142857143,2.8000002,1.2142857,4.0285716,-1.7571429,64.98571,0.61428577,0.61428577,1.3857143,10.114285,2.4285715,9.304285e-05,0.0027527437,0.0005171015,8.3772466e-05,0.0013998263,True
2018-03-26,31.665714285714284,5.1,2.542857,6.3,-1.6285715,76.15715,1.0,0.9714285,1.0857142,9.9,3.3,0.0001468584,0.0029233024,0.0018244755,0.0052788816,0.0049425587,True
2018-04-02,31.66,14.6,3.5285716,6.7571435,0.40000004,78.87144,1.1999999,1.1142856,1.1999999,9.914286,4.614286,0.0005148724,0.003050141,0.0005115384,0.0022696275,0.0027924255,True
2018-04-09,31.64785714285714,3.1999998,12.257143,18.842855,5.0142856,59.61429,3.057143,2.6571426,3.0714285,9.457143,11.828571,0.00012639165,0.0032352507,5.8662325e-05,0.00077157654,0.0,True
2018-04-16,31.65571428571429,28.6,14.885715,20.47143,10.114286,73.01429,2.6857142,2.2571428,2.8,8.6285715,14.771428,0.0001784265,0.0033372864,-7.345365000000001e-25,1.3038516e-08,0.0,True
2018-04-23,31.65,0.1,16.714285,23.128572,8.985715,62.714287,3.6142852,2.8285713,3.6285713,8.114285,18.514286,4.0084124e-05,0.0033136606,-7.345365000000001e-25,7.450581e-09,0.0,True
2018-04-30,31.68857142857143,5.1,13.528572,19.328571,7.142857,66.828575,3.2571428,2.4714284,3.1714287,7.2,15.8,0.000112593174,0.0032309145,-7.345365000000001e-25,3.7252903e-09,0.0,True
2018-05-07,31.65,0.0,13.571428,19.228573,5.585715,56.8,3.8142855,1.8142859,3.8,6.3714285,16.471428,4.887581e-06,0.0031083822,-7.345365000000001e-25,0.0,0.0,True
2018-05-14,31.65,5.6,18.457144,24.142857,11.957144,62.585716,4.6714287,1.2142859,4.4714284,5.8,20.2,2.6792288e-05,0.0029368028,-7.345365000000001e-25,0.0,0.0,True
2018-05-21,31.625714285714285,10.4,15.685715,21.300001,9.914286,62.285713,3.7,1.1857144,4.1285715,5.742857,18.614286,3.1992793e-05,0.0027455166,-7.345365000000001e-25,3.7252903e-09,0.0,True
2018-05-28,31.607142857142858,0.1,20.571428,27.257143,13.514287,52.971428,5.5142856,0.8000001,5.7000003,5.3,22.685715,6.109476e-07,0.002511561,-7.345365000000001e-25,3.7252903e-09,0.0,True
2018-06-04,31.602857142857143,12.9,22.928572,28.942858,17.528572,62.528572,4.885714,1.4285715,5.214286,5.428571,24.914286,9.480119e-05,0.0022516325,-7.345365000000001e-25,0.0,0.0,True
2018-06-11,31.592857142857145,3.6,21.042858,27.7,14.6285715,53.985714,5.2571425,1.7714285,5.6,5.285714,24.3,6.352365e-05,0.0020336658,-7.345365000000001e-25,0.0,0.0,True
2018-06-18,31.572857142857146,0.0,18.642857,23.27143,13.971429,60.18572,4.0,1.0285715,4.2714286,5.0,22.714285,5.155802e-06,0.0018308312,-7.345365000000001e-25,3.7252903e-09,0.0,True
2018-06-25,31.568571428571428,12.400001,16.6,22.442858,12.400001,72.72857,3.5,1.2285715,3.4285715,4.7714286,19.714285,2.1390617e-05,0.0016632676,-7.345365000000001e-25,7.450581e-09,0.0,True
2018-07-02,31.555714285714284,0.0,18.67143,25.157145,11.885715,57.028572,5.142857,0.7428571,5.1,4.5285716,21.942858,2.413988e-06,0.0015094802,-7.345365000000001e-25,0.0,0.0,True
2018-07-09,31.552857142857142,0.0,20.728573,27.128572,13.614286,52.985718,5.4428573,0.6,5.457143,4.214286,23.742857,5.826354e-06,0.0013335124,-7.345365000000001e-25,3.7252903e-09,0.0,True
2018-07-16,31.56142857142857,54.500004,18.6,23.942858,13.7,70.58572,3.8142858,2.4285715,3.942857,5.542857,22.185715,0.00019520521,0.001203388,-7.345365000000001e-25,7.450581e-09,0.0,True
2018-07-23,31.56,0.0,21.77143,27.214285,15.414286,58.885715,4.914286,2.1285715,4.942857,4.9428573,24.942858,2.6673079e-06,0.00108812,-7.345365000000001e-25,0.0,0.0,True
2018-07-30,31.55,9.2,25.0,31.285715,18.185715,60.142857,5.514286,1.8142856,5.6142855,4.4,27.357143,2.6971102e-06,0.0009637028,-7.345365000000001e-25,3.7252903e-09,0.0,True
2018-08-06,31.53857142857143,0.0,25.457142,31.17143,19.185715,53.157143,5.3285713,1.2714283,5.642857,4.285714,27.485714,8.329749e-06,0.0008464679,-7.345365000000001e-25,3.7252903e-09,0.0,True
2018-08-13,31.54714285714285,2.5,23.128572,30.342855,15.828572,51.771427,5.3,1.3285713,5.5,4.0857143,25.042856,9.983778e-06,0.0007462576,-7.345365000000001e-25,3.7252903e-09,0.0,True
2018-08-20,31.54428571428572,0.6,21.528574,27.557144,15.471429,62.557148,3.8999999,0.71428573,4.1714287,3.8714285,24.285715,1.0594726e-05,0.00066907704,-7.345365000000001e-25,9.313226e-09,0.0,True
2018-08-27,31.555714285714284,0.4,18.914288,24.885714,12.514287,58.628574,3.357143,0.67142856,3.8857143,3.7142856,21.8,1.4945865e-05,0.0006039515,-7.345365000000001e-25,0.0,0.0,True
2018-09-03,31.54428571428572,2.9,18.285715,23.485716,12.857142,68.314285,2.6000001,0.5857143,3.1142857,3.7285714,19.842857,3.3438206e-05,0.0005592033,-7.345365000000001e-25,7.450581e-09,0.0,True
2018-09-10,31.54714285714285,0.8,18.785715,25.014286,13.242858,64.28572,2.7142856,0.5285715,3.1142857,3.5857143,20.671429,8.895993e-06,0.00051949173,-7.345365000000001e-25,0.0,0.0,True
2018-09-17,31.52857142857143,1.1,17.257143,23.114286,12.342857,68.21429,2.3999999,0.35714287,2.7,3.5,19.242857,2.6747584e-05,0.00048433244,-7.345365000000001e-25,3.7252903e-09,0.0,True
2018-09-24,31.52857142857143,17.9,16.428572,23.328571,10.8714285,67.685715,2.5,0.65714294,2.8142858,3.7428572,17.571428,0.000116571784,0.0004524514,-7.345365000000001e-25,3.7252903e-09,0.0,True
2018-10-01,31.52142857142857,1.6,11.057143,17.085714,5.0285716,67.57143,1.5428572,1.0142857,2.0714285,4.2,12.428572,3.516674e-06,0.00042811036,-7.345365000000001e-25,0.0,0.0,True
2018-10-08,31.52142857142857,2.3,11.285714,16.242857,5.9714284,76.25715,1.2428572,0.8142857,1.5285714,3.9714286,12.085714,1.0758638e-05,0.00040835142,-7.345365000000001e-25,5.5879354e-09,0.0,True
2018-10-15,31.5,0.0,15.385715,23.214285,9.114286,67.814285,1.7571428,0.6857143,2.1142857,3.6285715,14.671429,1.4901161e-08,0.00038903952,-7.345365000000001e-25,1.8626451e-09,0.0,True
2018-10-22,31.482857142857146,1.6,10.17143,16.085714,4.4428573,78.057144,0.78571427,0.20000002,0.9285714,3.4857142,11.542857,8.836389e-06,0.00037056208,-7.345365000000001e-25,3.7252903e-09,0.0,True
2018-10-29,31.53,11.2,8.185715,10.457144,5.2428575,78.84286,0.8142857,0.61428565,1.1571428,3.7428572,8.014286,3.4853816e-05,0.00035693496,-7.345365000000001e-25,7.450581e-09,0.0,True
2018-11-05,31.515000000000004,0.9,9.457144,13.814286,5.357143,80.34286,0.74285716,0.42857143,0.94285715,3.6571429,8.814285,1.2367964e-06,0.00034428388,-7.345365000000001e-25,5.5879354e-09,0.0,True
2018-11-12,31.52142857142857,3.4,9.6,13.657143,6.142857,89.35714,0.51428574,0.31428573,0.5,3.6,9.171429,1.66744e-05,0.00033270568,-7.345365000000001e-25,1.8626451e-09,0.0,True
2018-11-19,31.49142857142857,9.400001,5.214286,8.385715,1.9714286,86.185715,0.38571432,0.27142859,0.4857143,3.942857,5.071429,4.271418e-05,0.00032259524,-7.345365000000001e-25,0.0,0.0,True
2018-11-26,31.518571428571427,0.0,2.142857,3.257143,0.7,86.77143,0.21428573,0.15714286,0.59999996,3.9,1.8142858,1.6443431e-05,0.00031317025,0.00013938973,0.00019770674,0.0002650097,True
2018-12-03,31.518571428571427,8.2,3.2,5.7714286,0.8142857,81.314285,0.35714287,0.32857147,0.59999996,3.9857142,2.0,9.455532e-05,0.00030449033,7.247357e-05,0.00010993518,6.8463385e-05,True
2018-12-10,31.527142857142856,14.3,6.1714287,8.885715,3.8142858,82.08571,0.6857143,0.67142856,0.78571427,4.4714284,4.9,0.000209108,0.0002963841,7.947286e-08,1.6037375e-06,3.3527613e-08,True
2018-12-17,31.5,3.6,1.3428571,2.3,0.17142859,85.48572,0.17142858,0.14285716,0.4714286,5.0285716,1.1857142,4.5835972e-05,0.00028914958,0.00014856315,2.6393682e-05,0.0004826337,True
2018-12-24,31.52142857142857,17.9,4.2428575,6.9000006,2.0285716,89.542854,0.37142858,0.3571429,0.47142857,5.4857144,2.8,0.00021710992,0.00028297305,0.0001306988,0.00046609342,3.4738332e-05,True
2018-12-31,31.504285714285714,8.099999,5.571429,6.857143,3.8714287,90.91429,0.37142858,0.37142858,0.5142857,6.1571426,4.5,8.46535e-05,0.00027787685,3.740901e-06,3.308244e-05,0.0,True
2019-01-07,31.52285714285714,10.7,3.0,5.1142855,0.0,84.47143,0.4857143,0.4571429,0.61428577,6.357143,2.1571429,7.8223646e-05,0.00027376413,0.00010014148,0.00036922842,0.00038536638,True
2019-01-14,31.56571428571429,21.8,3.3714287,5.214286,1.7142857,86.74286,0.6,0.5857143,0.6571428,7.5,2.4714286,0.0007862896,0.00027058274,0.0009769144,0.004807651,0.0047516227,True
2019-01-21,31.551428571428573,5.2,1.3571428,3.7857144,-1.3000001,83.08572,0.44285712,0.42857143,0.5,7.9714284,1.5571429,0.000101968646,0.00026857853,0.00044601303,0.0007854365,0.0014207512,True
2019-01-28,31.58142857142857,10.6,-1.1857144,0.9571429,-3.0285716,85.1,0.2,0.2,0.40000004,8.1285715,-1.2857143,0.0001854524,0.00026786327,0.001173888,0.0024788864,0.0025064237,True
2019-02-04,31.571428571428573,3.0,0.5,2.957143,-1.7142857,86.971436,0.37142855,0.34285715,0.42857143,8.3714285,0.042857144,4.0091574e-05,0.00026794523,0.0027271737,0.0019271187,0.0048701838,True
2019-02-11,31.56571428571429,13.099999,4.542857,7.3857145,1.7,74.64286,0.95714283,0.91428566,1.0428572,8.414286,2.2142856,0.00028148293,0.00026907027,0.0014169727,0.0042274985,0.0011634752,True
2019-02-18,31.54142857142857,0.4,5.728572,12.057143,0.17142855,73.27143,1.0142858,0.9,0.9285714,8.4,4.7714286,1.3127923e-05,0.00027161837,8.50984e-05,0.0003683325,0.0,True
2019-02-25,31.548571428571428,4.0,5.0142856,10.028572,0.2857143,66.25715,1.1428573,0.9714286,1.1999999,8.1285715,4.6857142,5.722046e-05,0.0002759248,6.925492e-07,5.1464885e-06,2.644956e-07,True
2019-03-04,31.59857142857143,4.9,6.8714285,11.1285715,2.7571428,73.72858,1.2571429,1.0857143,1.2428571,7.785714,6.0857143,7.110089e-05,0.00028036535,-7.345365000000001e-25,8.195639e-08,0.0,True
2019-03-11,31.602857142857143,27.7,6.571429,10.457144,2.914286,74.72858,1.6142857,1.5142857,1.5,7.785714,6.0,0.000316374,0.00028465688,0.0001434031,0.0006380938,0.0012750253,True
2019-03-18,31.602857142857143,21.2,6.6,9.857142,3.8714287,74.92857,1.5571429,1.5285714,1.5428572,8.442857,5.9714284,0.0003041476,0.0002900958,9.86315e-05,0.0005863104,1.0803342e-07,True
2019-03-25,31.568571428571428,3.6,7.2428575,11.6285715,2.2142859,77.38572,1.4142857,1.2142857,1.4142857,8.285714,8.257143,5.8189034e-05,0.00030020624,1.2482916e-05,0.00013269857,0.00020823628,True
2019-04-01,31.58,3.7,7.928571,11.928572,2.7,75.62858,1.5714285,1.3000001,1.5714285,7.9714284,8.557143,3.0502677e-05,0.00031176955,1.0632333e-05,7.586554e-05,0.0,True
2019-04-08,31.62857142857143,0.0,12.6,18.77143,5.9714284,57.07143,2.9428573,2.1571426,3.0857143,7.0571427,13.042857,1.4901161e-06,0.0003197044,-7.345365000000001e-25,9.313226e-09,0.0,True
2019-04-15,31.592857142857145,1.6,5.4,9.214286,1.8142859,64.64286,1.8142856,1.2857143,2.0285714,6.3,8.328571,3.7819147e-05,0.0003232062,4.3369473e-06,2.1915883e-05,2.4564564e-05,True
2019-04-22,31.59714285714286,0.0,12.914286,19.87143,5.0,46.457146,3.9714284,1.6714286,4.0142856,5.6,13.3,8.940697e-08,0.0003226176,2.611251e-07,1.937151e-06,0.0,True
2019-04-29,31.631428571428568,5.7,14.6285715,20.17143,9.599999,63.514286,3.5,1.3999999,3.5857143,5.1714287,15.857142,0.00013239682,0.00031605363,-7.345365000000001e-25,3.7252903e-09,0.0,True
2019-05-06,31.618571428571432,1.8000001,9.1,13.971429,3.9714284,62.81429,2.6857145,1.0714287,2.8142858,5.0571427,12.085714,3.5837293e-05,0.00031027198,-7.345365000000001e-25,3.7252903e-09,0.0,True
2019-05-13,31.6,2.1,11.3,16.428572,5.2714286,62.585716,3.057143,1.2,3.0857143,4.885714,13.571428,7.651746e-05,0.0003040433,-7.345365000000001e-25,0.0,0.0,True
2019-05-20,31.59714285714286,26.6,13.457144,19.214285,7.414286,71.04286,2.9571426,1.6571429,3.1000001,5.071429,15.342857,0.00014230609,0.00029685348,-7.345365000000001e-25,0.0,0.0,True
2019-05-27,31.59,2.5,15.585715,20.157145,10.328572,68.35714,3.542857,1.942857,3.1714284,4.928571,18.657143,1.4021993e-05,0.0002888739,-7.345365000000001e-25,7.450581e-09,0.0,True
2019-06-03,31.557142857142857,3.9,18.87143,25.385715,11.6285715,59.628574,4.7,1.4,4.857143,4.457143,21.342857,4.2766333e-06,0.0002783537,-7.345365000000001e-25,3.7252903e-09,0.0,True
2019-06-10,31.54714285714285,17.6,21.5,28.185715,14.300001,59.399998,5.142857,1.8285716,5.214286,4.2714286,24.114286,0.00012871623,0.00026176125,-7.345365000000001e-25,7.450581e-09,0.0,True
2019-06-17,31.574285714285715,55.2,21.785715,28.142857,15.6,65.6,5.0285716,3.5285714,5.0,5.1285715,25.171429,4.287064e-05,0.0002475083,-7.345365000000001e-25,3.7252903e-09,0.0,True
2019-06-24,31.551428571428573,3.5,22.028574,27.857143,15.5,57.37143,5.8285713,2.5714285,5.642857,4.3428574,25.4,3.7774444e-05,0.00023211539,-7.345365000000001e-25,3.7252903e-09,0.0,True
2019-07-01,31.52428571428572,0.0,23.714285,31.02857,15.642858,50.61429,6.957143,1.1999999,6.6857142,3.6857142,26.685715,2.2500753e-06,0.0002135709,-7.345365000000001e-25,3.7252903e-09,0.0,True
2019-07-08,31.514285714285712,7.6000004,16.485714,20.800001,11.828572,59.42857,4.071429,0.6857143,4.0571427,3.4714286,20.485714,2.734363e-05,0.0001975447,-7.345365000000001e-25,0.0,0.0,True
2019-07-15,31.49,5.2,16.942858,21.642857,12.485715,71.41429,3.257143,1.0571429,3.2714286,3.6714287,20.085714,7.109344e-05,0.00018747896,-7.345365000000001e-25,3.7252903e-09,0.0,True
2019-07-22,31.472857142857144,17.6,19.84286,25.542858,13.885714,64.92857,4.042857,2.0142858,4.1142855,3.8,22.3,6.0796738e-06,0.00017838925,-7.345365000000001e-25,7.450581e-09,0.0,True
2019-07-29,31.462857142857143,6.3,24.814287,31.457144,18.157145,56.94286,5.6571426,1.4142858,5.8142858,3.4,26.685715,1.1384487e-05,0.00016505271,-7.345365000000001e-25,1.1175871e-08,0.0,True
2019-08-05,31.455,43.8,19.571428,24.985716,14.828572,76.51428,3.1142857,1.6000001,3.1857142,4.0,23.157143,0.00037029386,0.00015448779,-7.345365000000001e-25,0.0,0.0,True
2019-08-12,31.457142857142856,4.2,21.5,26.857143,15.785714,61.985718,4.1285715,2.0000002,4.3,3.7,23.37143,0.00011906773,0.00014752895,-7.345365000000001e-25,0.0,0.0,True
2019-08-19,31.44142857142857,10.9,18.328571,24.1,12.871429,66.8,3.2285712,1.1285714,3.542857,3.2857144,20.714285,5.249679e-05,0.00014095008,-7.345365000000001e-25,3.7252903e-09,0.0,True
2019-08-26,31.415714285714284,1.8000001,20.800001,27.757143,13.614286,60.100002,3.9571433,1.0,4.0571427,3.1,22.614286,3.695488e-06,0.00013441592,-7.345365000000001e-25,1.8626451e-09,0.0,True
2019-09-02,31.415714285714284,0.0,23.385715,30.042858,16.985714,62.328575,3.8285713,0.7,4.2428575,2.9857142,24.72857,8.881092e-06,0.00012612343,-7.345365000000001e-25,3.7252903e-09,0.0,True
2019-09-09,31.407857142857143,17.9,15.67143,20.814285,10.328572,69.77143,2.3285713,0.4714286,2.5857143,2.9714286,18.671429,8.755922e-05,0.000119529665,-7.345365000000001e-25,1.8626451e-09,0.0,True
2019-09-16,31.397142857142857,0.9,15.242858,20.742857,9.614286,71.01429,2.2,1.442857,2.5714285,3.6142857,16.928572,1.2397766e-05,0.00011506677,-7.345365000000001e-25,7.450581e-09,0.0,True
2019-09-23,31.398571428571422,2.0,12.842857,19.142857,6.785714,70.75715,1.8857143,1.0857143,2.2714286,3.3,14.2,8.85129e-06,0.000111177564,-7.345365000000001e-25,0.0,0.0,True
2019-09-30,31.42142857142857,33.5,14.485715,17.742857,10.785714,89.08571,1.2571429,1.0,1.1571429,3.5142858,15.614285,0.0002259165,0.000107847154,-7.345365000000001e-25,9.313226e-09,0.0,True
2019-10-07,31.40285714285714,35.3,8.8,12.885715,4.7571425,85.38572,0.9857143,0.9285714,1.0142857,5.242857,10.428572,0.0002526492,0.00010570139,-7.345365000000001e-25,7.450581e-09,0.0,True
2019-10-14,31.415714285714284,6.8,14.157144,18.0,10.185715,79.40001,1.3000001,1.1285715,1.5,5.8285713,13.085714,0.00010816753,0.000103741884,-7.345365000000001e-25,1.1175871e-08,0.0,True
2019-10-21,31.41857142857143,11.3,13.857142,18.185715,9.8714285,85.12858,0.94285715,0.82857144,0.9857143,5.9714284,14.057143,0.00012548268,0.00010199845,-7.345365000000001e-25,5.5879354e-09,0.0,True
2019-10-28,31.40714285714285,2.2,12.1285715,16.628572,7.6714287,83.25715,0.82857144,0.7,1.0,5.8428574,12.428572,1.4871359e-05,0.00010058284,-7.345365000000001e-25,7.450581e-09,0.0,True
2019-11-04,31.43428571428572,11.200001,6.142857,10.614286,2.1,89.314285,0.5714286,0.50000006,0.42857143,5.8428574,7.1857142,0.00016070157,9.9383295e-05,1.9300552e-07,7.5623393e-07,7.264316e-07,True
2019-11-11,31.44428571428572,5.2,6.657143,9.3,3.8428571,92.27143,0.3285714,0.3,0.34285715,6.6,7.0857143,0.00012429059,9.856373e-05,-7.345365000000001e-25,0.0,0.0,True
2019-11-18,31.447142857142858,4.4,5.571429,8.671429,1.9714286,88.25714,0.37142858,0.31428573,0.5,6.6285715,5.0142856,5.0842762e-05,9.789318e-05,-7.345365000000001e-25,0.0,0.0,True
2019-11-25,31.43,10.7,6.057143,7.6857147,4.328572,92.1,0.27142856,0.22857144,0.37142858,7.0285716,5.6285715,9.601563e-05,9.741634e-05,-7.345365000000001e-25,0.0,0.0,True
2019-12-02,31.43857142857143,5.1,4.9000006,7.214286,2.2571428,87.90001,0.37142855,0.37142855,0.5285714,7.142857,4.114286,8.66279e-05,9.7081065e-05,-7.345365000000001e-25,5.5879354e-09,0.0,True
2019-12-09,31.435,9.5,4.7571425,7.471429,1.7142857,84.58572,0.5142857,0.5,0.5,7.2285714,3.557143,0.000101953745,9.687245e-05,-7.345365000000001e-25,3.7252903e-09,0.0,True
2019-12-16,31.455714285714286,8.4,3.5,5.6714287,1.2,84.471436,0.44285718,0.4,0.5,7.5285716,2.3,0.00017294288,9.687245e-05,0.000101112186,0.00035623834,0.00036291033,True
2019-12-23,31.45,5.3,6.085715,9.185715,1.957143,89.47143,0.34285715,0.3285714,0.29999998,7.6714287,4.8142858,7.5906515e-05,9.710342e-05,2.5431316e-06,1.9827858e-05,0.0,True
2019-12-30,31.39,4.7000003,3.357143,5.071429,0.94285715,82.314285,0.34285715,0.32857147,0.45714286,7.857143,2.6714287,4.9620867e-05,9.778887e-05,3.4059798e-07,9.126961e-08,8.121133e-07,True
2020-01-06,31.40571428571429,8.6,3.1857145,5.9857144,-0.071428575,84.6,0.5,0.4,0.45714286,7.8,2.3,9.0926886e-05,9.883195e-05,5.1089696e-08,6.6682696e-07,0.0,True
2020-01-13,31.415714285714284,9.0,5.6857147,8.028571,2.5857143,87.65714,0.4857143,0.4857143,0.4714286,8.314285,4.385714,0.00022666156,0.00010025501,-7.345365000000001e-25,7.450581e-09,0.0,True
2020-01-20,31.40428571428572,0.3,5.6,8.571428,2.5285716,79.27143,0.62857145,0.5857143,0.7,8.242857,3.9857142,1.8313527e-05,0.00010250509,-7.345365000000001e-25,0.0,0.0,True
2020-01-27,31.412857142857145,3.1,2.0571427,4.7428575,-0.7714286,90.12858,0.32857147,0.25714287,0.29999998,8.085714,1.5428572,2.5302172e-05,0.00010539591,4.789375e-05,0.00011376105,0.00016526133,True
2020-02-03,31.452857142857145,29.199999,7.157143,9.328572,4.4857144,83.814285,0.9571428,0.9571428,0.82857144,8.585714,5.7,0.00058062375,0.000108622015,1.4129139e-05,0.00011812709,5.9604645e-05,True
2020-02-10,31.42142857142857,16.1,5.6714287,8.728572,3.0857143,78.91429,1.0142858,0.98571426,0.9714286,9.1285715,4.6714287,0.00022731721,0.00011481345,-7.345365000000001e-25,4.8428774e-08,4.8428774e-08,True
2020-02-17,31.43428571428572,3.4,6.1857147,8.957143,3.2285714,72.9,1.2571429,1.2285715,1.4142857,9.171429,4.6571426,0.00014556944,0.00012533367,8.4014164e-07,3.3602118e-06,3.643334e-06,True
2020-02-24,31.43142857142857,35.6,6.1285715,8.428572,3.6714287,77.185715,1.2857143,1.2714285,1.2142857,9.228572,5.3428574,0.0011011064,0.00029590726,1.362392e-07,3.1627715e-06,6.1951578e-06,True
2020-03-02,31.48428571428571,14.6,5.285714,8.6285715,2.1000001,80.5,1.1714286,1.1285714,0.9857143,9.714286,5.071429,0.00032234937,0.00016503781,0.0004381055,0.003999941,0.0040578134,True
2020-03-09,31.478571428571428,10.599999,5.0428576,8.514286,1.3714286,83.52857,0.9285715,0.9142857,0.87142855,9.642858,5.0,0.00025331974,0.00020640343,2.2632736e-05,0.00010175817,0.0,True
2020-03-16,31.485714285714288,13.8,7.085715,11.957144,2.3999999,66.65714,1.9142857,1.8,1.8285714,9.642858,6.8142858,0.0003222078,0.0002567619,-7.345365000000001e-25,3.6135316e-07,0.0,True
2020-03-23,31.46857142857143,0.0,6.471429,10.928572,1.9285716,62.528572,1.657143,1.3428571,1.8285714,8.957143,7.6571426,1.873076e-05,0.00031069666,-7.345365000000001e-25,0.0,0.0,True
2020-03-30,31.49,0.9,4.6857142,10.071428,-1.4,53.07143,1.9857143,1.542857,2.2285714,8.214286,6.1,2.2053719e-05,0.00035057217,7.459096e-05,6.6913664e-05,0.0011049397,True
2020-04-06,31.49857142857143,0.0,7.1285715,12.557143,1.5428572,54.528572,2.4857144,1.8285714,2.7142856,7.5571427,7.714286,1.8119812e-05,0.0003766641,0.00037082605,0.0010241605,6.539002e-05,True
2020-04-13,31.49714285714285,2.4,11.342857,18.285715,3.4428573,52.285713,3.2,1.8285714,3.2428572,6.542857,13.085714,1.0505319e-05,0.0003894195,2.9518492e-07,2.9411167e-06,0.0,True
2020-04-20,31.504285714285714,0.0,9.67143,15.328572,3.5714285,48.37143,3.4142854,1.0571429,3.5571427,5.9428573,12.257143,1.296401e-06,0.000392206,-7.345365000000001e-25,0.0,0.0,True
2020-04-27,31.512857142857143,0.0,12.642858,19.27143,5.2714286,50.61429,3.7857144,0.61428577,3.7857144,5.542857,14.657143,1.8775463e-06,0.00038668513,-7.345365000000001e-25,0.0,0.0,True
2020-05-04,31.52428571428572,19.5,11.871429,16.942858,6.9,74.67143,2.4714284,1.1142857,2.4285715,5.642857,14.242857,0.00012359023,0.00037870556,-7.345365000000001e-25,0.0,0.0,True
2020-05-11,31.504285714285714,13.0,11.871429,18.514286,5.142857,65.41429,3.3428571,1.2142857,3.2142856,5.5285716,14.8714285,3.311038e-05,0.00037065893,-7.345365000000001e-25,0.0,0.0,True
2020-05-18,31.485714285714288,0.5,10.971429,16.028572,5.1,58.0,3.2714286,1.4857142,3.4857144,5.5,13.928572,6.2584877e-06,0.0003599748,-7.345365000000001e-25,0.0,0.0,True
2020-05-25,31.47,15.8,14.471429,19.428572,8.8,65.44286,3.357143,1.1999999,3.4428573,5.1571426,16.971428,8.755922e-05,0.00034668297,-7.345365000000001e-25,0.0,0.0,True
2020-06-01,31.45,0.7,15.214286,21.385715,8.028571,57.257145,4.3285713,1.2714287,4.4857144,4.9714284,18.528572,1.0699034e-05,0.00033377856,-7.345365000000001e-25,0.0,0.0,True
2020-06-08,31.467142857142854,7.9,16.528572,22.600002,10.057143,59.4,3.8571432,1.3142859,4.2428575,4.7714286,19.171429,9.199977e-05,0.00031666458,-7.345365000000001e-25,0.0,0.0,True
2020-06-15,31.423571428571428,20.3,19.242859,25.085714,14.114286,70.457146,3.7857144,1.5857143,3.8142855,4.857143,21.585714,4.5999885e-05,0.0003030151,-7.345365000000001e-25,1.1175871e-08,0.0,True
2020-06-22,31.40714285714285,4.4,19.614286,24.571428,14.085715,67.37143,3.9285715,2.1,4.2428575,5.0,22.428572,5.276501e-05,0.00028737634,-7.345365000000001e-25,7.450581e-09,0.0,True
2020-06-29,31.40714285714285,7.7999997,21.357143,27.300001,15.242858,63.17143,4.8285713,2.142857,4.9,4.542857,24.157143,4.248321e-05,0.00027249753,-7.345365000000001e-25,3.7252903e-09,0.0,True
2020-07-06,31.415714285714284,6.7,19.757143,24.428572,15.057143,62.97143,4.6571426,1.857143,4.6,4.2,22.1,0.0001411438,0.00025785714,-7.345365000000001e-25,7.450581e-09,0.0,True
2020-07-13,31.391428571428573,14.7,16.357143,21.457144,11.028571,69.28571,3.4714284,1.4142858,3.5714285,4.1285715,19.571428,6.531179e-05,0.00024665892,-7.345365000000001e-25,3.7252903e-09,0.0,True
2020-07-20,31.40285714285714,9.9,19.014286,24.457144,12.514287,71.1,3.7000003,1.7285715,3.7857144,4.0571427,22.114286,8.8497996e-05,0.00023572147,-7.345365000000001e-25,3.7252903e-09,0.0,True
2020-07-27,31.391428571428573,12.7,18.642857,24.528574,12.400001,64.1,3.957143,1.2428571,4.1857142,3.8142858,22.114286,3.7699938e-05,0.00022430718,-7.345365000000001e-25,3.7252903e-09,0.0,True
2020-08-03,31.37857142857143,1.9,19.828571,25.385715,13.271429,59.61429,4.2714286,1.042857,4.5,3.7,22.685715,1.2174249e-05,0.00021216273,-7.345365000000001e-25,3.7252903e-09,0.0,True
2020-08-10,31.358571428571427,1.7,23.657145,31.242857,16.214285,55.142857,4.6714287,0.9714285,5.0285716,3.6,24.9,1.1146069e-05,0.00019834936,-7.345365000000001e-25,3.7252903e-09,0.0,True
2020-08-17,31.367142857142856,0.5,24.600002,31.185715,18.071428,49.34286,4.7,1.1142858,5.357143,3.5285714,25.657143,1.00284815e-05,0.00018276274,-7.345365000000001e-25,0.0,0.0,True
2020-08-24,31.365714285714287,19.3,21.800001,27.5,16.171429,67.62858,3.5142856,1.5,3.8285713,3.7571428,23.742857,4.3824315e-05,0.00017087162,-7.345365000000001e-25,5.5879354e-09,0.0,True
2020-08-31,31.377142857142854,26.7,17.2,22.228573,12.728572,74.471436,2.5571427,1.6571429,2.6714287,4.1714287,19.385714,0.00010544062,0.0001629889,-7.345365000000001e-25,7.450581e-09,0.0,True
2020-09-07,31.36428571428572,16.6,15.514287,19.757143,11.557143,77.6,2.0571427,1.7571429,2.2714286,5.0142856,17.714285,9.9122524e-05,0.0001571998,-7.345365000000001e-25,1.8626451e-09,0.0,True
2020-09-14,31.36142857142857,1.0,17.142857,24.057142,10.028572,70.92857,2.542857,1.7285715,2.7571428,4.4857144,18.8,4.3958426e-06,0.00015176833,-7.345365000000001e-25,5.5879354e-09,0.0,True
2020-09-21,31.368571428571432,0.0,16.52857,23.914288,9.214286,61.885715,2.6142857,1.1142857,2.957143,3.7857144,19.12857,3.427267e-07,0.0001450777,-7.345365000000001e-25,3.7252903e-09,0.0,True
2020-09-28,31.41,36.2,14.228572,19.142857,9.742858,76.957146,1.5285714,0.7571429,1.7571429,4.7285714,15.5,0.001235053,0.00013922155,-7.345365000000001e-25,3.7252903e-09,0.0,True
2020-10-05,31.412142857142857,0.3,13.485715,18.457144,8.942858,80.85714,1.1428572,0.9285714,1.4285715,5.8142858,14.814285,9.216368e-06,0.00013567507,-7.345365000000001e-25,7.450581e-09,0.0,True
2020-10-12,31.4,11.1,10.742858,14.071428,6.8428574,85.057144,0.8428572,0.78571427,1.0,5.7714286,11.828571,0.00012806058,0.00013270974,-7.345365000000001e-25,7.450581e-09,0.0,True
2020-10-19,31.41,15.900001,8.8714285,11.042857,6.357143,89.40001,0.62857145,0.61428565,0.67142856,7.042857,9.471429,0.00016610324,0.00013031065,-7.345365000000001e-25,7.450581e-09,0.0,True
2020-10-26,31.43285714285714,11.9,12.257143,15.757143,9.228571,83.90001,0.8428572,0.8,0.9428572,7.4142857,11.657143,9.969622e-05,0.0001282543,-7.345365000000001e-25,3.7252903e-09,0.0,True
2020-11-02,31.442857142857143,35.1,12.0,14.428572,9.585714,86.74286,0.7714285,0.7571429,0.8142857,8.0,11.514286,0.00027018785,0.00012651086,-7.345365000000001e-25,9.313226e-09,0.0,True
2020-11-09,31.428571428571427,0.0,7.8428574,11.014285,4.6142855,85.328575,0.41428572,0.37142855,0.5142857,8.471429,8.1285715,3.9041042e-06,0.00012524426,-7.345365000000001e-25,0.0,0.0,True
2020-11-16,31.462857142857143,1.2,8.171429,11.1,6.0142856,85.08572,0.45714286,0.42857143,0.54285717,8.357142,7.542857,1.41114e-05,0.00012425333,-7.345365000000001e-25,0.0,0.0,True
2020-11-23,31.442857142857143,1.5,7.2000003,9.728571,3.614286,80.4,0.5142857,0.45714286,0.7714286,8.2,6.214286,4.515052e-05,0.00012349337,-7.345365000000001e-25,7.450581e-09,0.0,True
2020-11-30,31.45,1.3,2.8285713,5.357143,-0.3,90.185715,0.18571427,0.15714286,0.2857143,8.1,2.8,4.8577785e-06,0.00012287498,1.237506e-06,4.5634806e-07,1.6234815e-05,True
2020-12-07,31.487142857142857,0.0,2.7142856,5.571429,-0.35714284,82.042854,0.25714284,0.22857144,0.5285714,8.042857,1.7428571,2.7731061e-05,0.00012233108,0.0003625041,0.0007295478,0.0007076748,True
2020-12-14,31.47714285714286,1.0,2.0714285,3.6000001,0.7,92.11428,0.17142858,0.12857144,0.27142859,8.0,1.9285715,3.0890107e-05,0.00012189895,5.0556093e-05,9.654462e-05,0.00010004267,True
2020-12-21,31.45142857142857,8.1,4.928571,7.585715,2.0857143,87.02857,0.25714284,0.24285714,0.27142859,8.0,3.6571429,2.2917986e-05,0.00012153387,4.2461215e-06,2.4644658e-05,0.0,True
2020-12-28,31.48428571428571,12.700001,4.3857145,6.7000003,2.2428572,82.17143,0.44285718,0.42857143,0.6857143,8.857142,3.5857143,0.0002362132,0.0001212582,1.4776275e-05,6.971881e-06,9.775162e-05,True
2021-01-04,31.47,8.5,1.6,3.1857145,-0.15714286,89.114296,0.3,0.3,0.27142859,8.866667,1.4333333,3.4600496e-05,0.00012117624,0.0028301307,0.0015807152,0.012465991,True
2021-01-11,31.457142857142856,4.4,1.1285714,2.2428572,0.042857144,90.75714,0.18571427,0.18571427,0.3857143,9.428572,0.5714286,0.00013376772,0.00012140721,0.007019616,0.0065308083,0.0027942844,True
2021-01-18,31.458571428571428,11.3,-0.17142859,1.7857143,-2.1857145,84.91429,0.17142858,0.17142858,0.4857143,9.614285,0.14285715,0.00017109513,0.00012206286,0.010492921,0.0053948388,0.011324227,True
2021-01-25,31.50142857142857,16.6,3.9714286,6.4000006,1.3285714,83.457146,0.57142854,0.57142854,0.7428571,9.8714285,1.9142857,0.0007107705,0.00012391806,0.0037728832,0.017869938,0.009312555,True
2021-02-01,31.488571428571426,4.5,-0.90000004,2.114286,-4.471429,83.17143,0.21428573,0.21428573,0.3857143,9.885715,0.5,4.170835e-05,0.00012916327,0.0054191463,0.0016033109,0.0066188127,True
2021-02-08,31.485714285714288,19.0,-1.5285714,0.5857143,-3.3285716,83.34286,0.15714286,0.15714286,0.55714285,10.3714285,0.41428572,0.0006573945,0.00013715029,0.0075831357,0.005084574,0.013328005,True
2021-02-15,31.455714285714286,4.1,-6.2428575,-2.1857142,-10.7,82.57143,0.028571429,0.028571429,0.35714287,10.357142,-0.42857143,3.7252903e-07,0.00014931709,0.014921467,2.1370128e-05,0.004984718,True
2021-02-22,31.49,6.1000004,5.557143,10.67143,0.82857144,81.37144,0.9857143,0.9428572,0.85714287,10.142858,3.3714285,0.0004850477,0.00016382337,0.0046945866,0.019589175,0.000908263,True
2021-03-01,31.472857142857144,1.8,7.371429,12.157144,2.6571429,80.4,0.9714286,0.85714287,0.9714286,9.714286,6.742857,6.5431e-05,0.00018533319,1.7705417e-05,0.00010911934,0.0,True
2021-03-08,31.49285714285714,0.8,2.8857143,7.9428573,-1.4428571,75.18572,0.9285714,0.8,1.0428572,9.4,3.9714286,1.859665e-05,0.00020738691,6.471361e-07,2.015382e-06,3.028661e-06,True
2021-03-15,31.525714285714287,22.5,4.614286,9.257143,1.1714287,72.442856,1.4428571,1.3428571,1.3142856,9.342857,4.9714284,0.00032827258,0.00022672862,3.2356806e-07,1.0840595e-06,0.0,True
2021-03-22,31.49428571428572,6.6,2.8428574,6.9428573,-1.5142858,73.42857,1.1571428,1.1285714,1.3142856,9.571428,3.9285715,0.00012613833,0.0002463907,0.00010467143,0.0003224183,0.00040409714,True
2021-03-29,31.50142857142857,2.9,8.528571,13.557143,3.557143,70.85714,1.7142857,1.4571428,1.8142856,9.142858,8.528571,0.00010266155,0.0002681911,1.0564214e-05,6.650016e-05,0.0,True
2021-04-05,31.514285714285712,3.6,8.400001,14.328572,1.9285716,65.814285,2.1571429,1.7285713,2.2428572,8.414286,10.171429,5.4597855e-05,0.00028633326,3.139178e-06,4.8428774e-07,5.67697e-05,True
2021-04-12,31.525714285714287,10.7,5.6285715,10.17143,1.7,72.200005,1.8428571,1.6,1.8571428,8.014286,6.9857144,0.0002078116,0.000300169,7.185482e-05,0.00027753413,0.00026023388,True
2021-04-19,31.51714285714285,6.3,6.4857144,11.485715,2.2,72.14286,1.6999998,1.4285715,1.9142857,7.8,8.3,0.00018508732,0.00031066686,6.0229077e-06,5.259551e-05,5.3942204e-05,True
2021-04-26,31.54,0.0,7.9000006,13.257143,2.1857142,56.528572,2.6000001,1.9714285,2.8428571,7.257143,10.728572,1.7359853e-05,0.0003188327,6.2442965e-08,5.289912e-07,0.0,True
2021-05-03,31.551428571428573,10.7,8.742857,13.257143,4.3857145,67.47143,2.2857141,1.7714285,2.3999999,6.714286,10.828571,0.0002091825,0.0003235489,-7.345365000000001e-25,0.0,0.0,True
2021-05-10,31.557142857142857,15.5,11.514287,17.242857,5.442857,62.485714,3.7142856,2.7714286,3.5,6.6285715,12.542857,9.6946955e-05,0.0003264323,-7.345365000000001e-25,0.0,0.0,True
2021-05-17,31.572857142857146,18.6,13.557143,17.642857,9.442857,78.54286,2.5428574,2.114286,2.6142857,6.7,15.985714,0.00022810698,0.0003258437,-7.345365000000001e-25,3.7252903e-09,0.0,True
2021-05-24,31.571428571428573,2.6999998,12.985715,17.942858,7.714286,66.74286,3.3714283,2.3999999,3.4857142,6.3142858,15.857142,9.852648e-05,0.00032439083,-7.345365000000001e-25,3.7252903e-09,0.0,True
2021-05-31,31.56714285714286,11.299999,12.571428,17.5,7.571429,69.6,3.1142857,2.1142857,3.3428571,5.9,15.6,0.00017632544,0.0003207177,-7.345365000000001e-25,0.0,0.0,True
2021-06-07,31.568571428571428,0.6,19.714285,26.328571,12.328572,54.714287,4.8142858,1.7857141,5.2571425,5.1714287,22.714285,1.9520521e-05,0.00031296164,-7.345365000000001e-25,3.7252903e-09,0.0,True
2021-06-14,31.567857142857143,1.5,19.814285,25.457144,12.800001,56.7,4.571429,1.1999999,5.0,4.785714,23.342857,1.0818243e-05,0.0003010407,-7.345365000000001e-25,3.7252903e-09,0.0,True
2021-06-21,31.574285714285715,0.3,24.928572,31.7,17.1,52.985714,6.328572,1.0285714,6.357143,4.4857144,26.857143,1.1026859e-05,0.0002862662,-7.345365000000001e-25,7.450581e-09,0.0,True
2021-06-28,31.54714285714285,3.3,19.828571,24.857143,13.828572,64.67143,3.6571426,1.1999999,3.9142857,4.457143,23.528572,3.952533e-05,0.00027199835,-7.345365000000001e-25,0.0,0.0,True
2021-07-05,31.571428571428573,75.0,19.585714,23.800001,15.828572,74.98572,3.4142857,2.6142857,3.4714284,6.4142857,22.714285,0.0023226738,0.0002610907,-7.345365000000001e-25,7.450581e-09,0.0,True
2021-07-12,31.56571428571429,26.999998,20.1,25.071428,15.371429,77.07143,3.614286,3.1857145,3.6000001,7.0,23.085714,0.0035720468,0.0010240376,-7.345365000000001e-25,1.1175871e-08,0.0,True
2021-07-19,31.56428571428572,8.200001,21.714285,26.942858,16.328571,71.12858,4.114286,3.4857142,4.3,7.0857143,25.142857,0.00012415648,0.00025247037,-7.345365000000001e-25,1.1175871e-08,0.0,True
2021-07-26,31.555714285714284,6.0,20.757143,26.100002,15.314286,67.557144,3.7999997,2.4285715,4.0571427,6.2285714,23.957144,5.5089593e-05,0.00024935603,-7.345365000000001e-25,5.5879354e-09,0.0,True
2021-08-02,31.57,9.3,19.885715,24.600002,14.728572,63.600002,4.0714283,2.0714285,4.357143,5.4857144,23.071428,1.26212835e-05,0.00024347752,-7.345365000000001e-25,-1.8626451e-09,0.0,True
2021-08-09,31.557142857142857,17.2,18.314287,23.957144,13.185715,71.74286,3.2714286,1.9142857,3.5,5.214286,21.914286,8.225441e-05,0.00023712218,-7.345365000000001e-25,7.450581e-09,0.0,True
2021-08-16,31.535714285714285,4.8999996,19.714285,25.885715,13.528572,67.72857,3.7285714,1.7285713,4.0142856,4.928571,23.12857,4.1112304e-05,0.00023048371,-7.345365000000001e-25,7.450581e-09,0.0,True
2021-08-23,31.532857142857143,23.3,17.357143,21.0,14.142858,74.42857,2.3,1.1857144,2.642857,4.928571,19.314285,0.00026912987,0.00022399426,-7.345365000000001e-25,1.3038516e-08,0.0,True
2021-08-30,31.542857142857144,33.0,15.285714,19.357143,11.8714285,82.84286,1.9285715,1.7142856,2.142857,6.6,17.471428,0.00047811866,0.00021962821,-7.345365000000001e-25,5.5879354e-09,0.0,True
2021-09-06,31.537142857142857,0.1,15.542857,21.128572,10.471429,79.057144,2.0857143,1.6857144,2.457143,7.4,18.414286,9.268522e-06,0.00021663308,-7.345365000000001e-25,5.5879354e-09,0.0,True
2021-09-13,31.54428571428572,9.5,17.885715,23.714285,12.614286,80.15715,2.2285714,1.7571429,2.4142857,6.785714,20.714285,5.3688884e-05,0.00021272153,-7.345365000000001e-25,5.5879354e-09,0.0,True
2021-09-20,31.545714285714286,9.6,15.157143,18.6,12.357142,76.85714,1.3285714,1.1142857,1.8571428,6.742857,16.8,0.000112995505,0.0002098009,-7.345365000000001e-25,7.450581e-09,0.0,True
2021-09-27,31.53428571428572,1.4000001,15.5,19.328571,11.542857,79.957146,1.4142857,1.1285714,1.7714285,6.4428573,16.37143,3.091246e-05,0.00020758063,-7.345365000000001e-25,7.450581e-09,0.0,True
2021-10-04,31.555714285714284,16.4,13.928572,18.685715,9.814285,77.314285,1.3857143,1.1285714,1.6857144,6.5285716,15.342857,0.0002611801,0.00020546466,-7.345365000000001e-25,7.450581e-09,0.0,True
2021-10-11,31.54142857142857,7.1,10.385715,15.771429,5.1714287,79.457146,0.9857143,0.8,1.2285715,6.8142858,12.0,0.00012934208,0.00020367652,-7.345365000000001e-25,0.0,0.0,True
2021-10-18,31.54714285714285,6.5,9.657143,13.157143,6.0428576,82.14286,0.8000001,0.71428573,1.0142857,6.714286,9.8714285,0.00010818988,0.00020235777,-7.345365000000001e-25,3.7252903e-09,0.0,True
2021-10-25,31.53857142857143,7.5,9.8,14.0,5.8857145,78.971436,1.0571429,0.9,1.2142857,6.714286,9.7,9.68501e-05,0.00020180643,-7.345365000000001e-25,5.5879354e-09,0.0,True
2021-11-01,31.53,1.0,10.557143,15.085715,6.5142856,78.77143,0.8142857,0.62857145,0.9285714,6.542857,9.985714,4.465133e-05,0.0002014041,-7.345365000000001e-25,5.5879354e-09,0.0,True
2021-11-08,31.53857142857143,47.0,8.1,10.67143,5.642857,87.48572,0.5857143,0.5857143,0.67142856,8.342857,8.1285715,0.0029929504,0.00031590462,-7.345365000000001e-25,5.5879354e-09,0.0,True
2021-11-15,31.51571428571429,0.2,5.6857142,8.514286,2.6285717,90.58572,0.3,0.28571433,0.37142855,8.8714285,6.0857143,1.7739832e-05,0.0002085343,-7.345365000000001e-25,1.8626451e-09,0.0,True
2021-11-22,31.527142857142856,3.9,7.657143,9.400001,5.414286,85.52857,0.37142855,0.35714287,0.6857143,8.757143,6.8285713,7.754564e-05,0.000217475,-7.345365000000001e-25,7.450581e-09,0.0,True
2021-11-29,31.552857142857142,7.7,3.7428572,5.542857,1.7285715,88.01429,0.25714287,0.24285717,0.35714287,8.742857,3.3142858,6.284565e-05,0.0002270788,0.00012363706,8.252449e-05,0.0005857907,True
2021-12-06,31.54928571428572,13.7,2.2,4.328572,-0.11428571,85.42857,0.4857143,0.4857143,0.55714285,9.0,1.7,0.00019656122,0.00023758411,0.0024701017,0.0024118554,0.008504506,True
2021-12-13,31.52428571428572,5.4,0.8000001,2.2857144,-0.54285717,93.71429,0.071428575,0.071428575,0.27142859,9.171429,0.4857143,0.0001269877,0.0002509132,0.0076500974,0.0060773417,0.0035237782,True
2021-12-20,31.49285714285714,4.5,5.9857144,7.371429,4.1285715,89.54286,0.21428572,0.21428572,0.44285718,9.2,4.4428573,0.00010937452,0.00026637316,0.0005510478,0.004113199,0.0,True
2021-12-27,31.532857142857143,14.5,-2.2857144,0.84285724,-5.7000003,85.14286,0.10000001,0.10000001,0.21428572,9.614285,-0.12857144,0.00025445223,0.00028575212,0.0035407145,0.0033606477,0.008897681,True
2022-01-03,31.548571428571428,15.3,7.9428573,9.942857,5.2428575,89.27143,0.325,0.325,0.5714286,9.75,2.2,0.0005389154,0.00031446666,0.0014496928,0.0056055505,0.0,True
2022-01-10,31.562857142857144,5.0,2.3,4.3142858,-0.2714286,87.48572,0.3857143,0.3857143,0.37142855,10.0,1.8428571,0.00013625622,0.0003695041,0.00021060875,0.0002132412,0.0004731603,True
2022-01-17,31.527142857142856,4.8,2.257143,4.2285714,-0.28571427,88.88572,0.29999998,0.29999998,0.40000004,9.857142,1.5714285,6.207824e-05,0.00044033676,0.00010678314,0.00028245337,2.413243e-05,True
2022-01-24,31.535714285714285,6.0,3.0571427,4.8857145,0.8571429,84.74286,0.44285718,0.44285718,0.47142857,9.828571,1.7571429,8.442253e-05,0.00050520897,0.00029697872,0.000605518,0.00077270344,True
2022-01-31,31.56714285714286,9.0,4.3142858,6.0285716,2.5,79.75714,0.7571429,0.7571429,0.9285714,9.8714285,3.0857143,0.0001502335,0.0005634576,3.253846e-05,0.00014907122,8.792803e-05,True
2022-02-07,31.575,20.2,4.642857,6.8714285,1.9857143,82.21429,0.88571435,0.88571435,0.8142857,10.1,3.557143,0.00047508627,0.000622049,0.00023531346,0.0016150884,0.0015471056,True
2022-02-14,31.557142857142857,2.6,5.428571,8.8,1.7857143,77.57143,0.9428572,0.9142857,0.95714283,10.071428,4.5142856,8.229166e-05,0.0007091686,1.8846421e-06,1.3763085e-05,1.6279519e-06,True
2022-02-21,31.595714285714283,27.599998,6.642857,10.614286,3.7285714,74.700005,1.557143,1.5428572,1.4285715,10.2,5.4714284,0.0019372478,0.00081306696,1.8080076e-05,0.00015429407,0.0003725551,True
2022-02-28,31.552857142857142,4.1,4.057143,7.657143,0.5142857,76.88572,1.0285715,0.99999994,1.0285714,10.0,4.0285716,0.00013408065,0.0009762272,2.6333899e-05,0.00021584891,9.0897083e-07,True
2022-03-07,31.571428571428573,0.0,1.3285714,5.7571425,-2.1142857,69.54286,0.88571423,0.75714284,1.0142857,9.571428,2.5142858,2.0116568e-06,0.0011578202,2.8360457e-05,6.167218e-05,0.00012296811,True
2022-03-14,31.57,1.0,4.657143,11.3714285,-1.5285715,50.0,2.0,1.5714285,2.2,9.042857,4.6,3.3974648e-05,0.0012847111,1.4458384e-05,5.5082142e-05,0.0,True
2022-03-21,31.555714285714284,0.0,7.3857145,12.428572,2.4714286,61.37143,1.8000002,1.3857144,2.1142857,8.3714285,7.6857142,7.644296e-06,0.0013524219,6.81196e-08,9.704381e-07,0.0,True
2022-03-28,31.571428571428573,0.0,8.928572,16.47143,1.2714285,56.92857,2.2571428,1.6142857,2.3142858,7.571429,9.657143,4.1872263e-06,0.0013739169,-7.345365000000001e-25,0.0,0.0,True
2022-04-04,31.602857142857143,8.3,4.1857142,8.428572,-0.028571436,60.54286,1.7714285,1.1714286,2.0285714,6.9714284,6.571429,6.6034496e-05,0.0013713911,5.4416203e-05,0.00018858165,0.0004753545,True
2022-04-11,31.592857142857145,15.5,7.3428574,10.885714,3.9857144,71.200005,2.0428572,1.8571428,1.9428571,7.0571427,7.7,0.000230968,0.0013604462,2.6901564e-05,0.00029288232,3.3035874e-05,True
2022-04-18,31.545714285714286,4.5,9.771429,15.614286,3.042857,62.642857,2.6571429,1.8857143,2.7142856,6.4857144,11.657143,6.4350665e-05,0.0013396442,3.973643e-07,4.04194e-06,0.0,True
2022-04-25,31.574285714285715,0.5,9.985715,14.8714285,5.228572,68.48572,2.2857144,1.2142857,2.5142858,5.9428573,11.742857,2.7239323e-05,0.0013120696,-7.345365000000001e-25,0.0,0.0,True
2022-05-02,31.54428571428572,0.0,12.0,17.857143,5.2714286,58.885715,3.1,0.7714285,3.142857,5.5285716,15.4,1.0728836e-06,0.0012756586,-7.345365000000001e-25,0.0,0.0,True
2022-05-09,31.535714285714285,1.0,14.328572,19.942858,7.428571,60.885715,3.542857,0.59999996,3.542857,5.242857,17.7,2.8088689e-05,0.0012283772,-7.345365000000001e-25,0.0,0.0,True
2022-05-16,31.53142857142857,10.799999,17.042858,23.128572,9.842857,57.885715,4.5285716,0.62857145,4.3285713,5.0571427,19.37143,1.2651086e-05,0.0011664703,-7.345365000000001e-25,3.7252903e-09,0.0,True
2022-05-23,31.51142857142857,10.9,17.614286,22.985716,11.714286,61.628574,4.342857,1.5142857,4.4,5.2,20.485714,5.8621168e-05,0.0010946617,-7.345365000000001e-25,0.0,0.0,True
2022-05-30,31.51,5.9,13.985715,18.585714,9.085714,68.328575,3.4142857,1.3857143,3.3142858,5.0285716,17.3,6.0662627e-05,0.0010281429,-7.345365000000001e-25,3.7252903e-09,0.0,True
2022-06-06,31.478571428571428,8.9,17.214285,23.47143,9.942857,61.25714,4.2,1.4142857,4.3285713,4.928571,20.157143,5.1297247e-05,0.0009634793,-7.345365000000001e-25,3.7252903e-09,0.0,True
2022-06-13,31.462857142857143,1.1,19.214285,24.728573,13.2,60.5,4.371429,1.2571429,4.3714285,4.742857,22.357143,7.3462725e-06,0.00089062005,-7.345365000000001e-25,0.0,0.0,True
2022-06-20,31.45,11.8,19.614286,26.571428,12.0,58.9,5.2428575,0.90000004,5.2000003,4.4714284,22.87143,4.6372414e-05,0.0008141771,-7.345365000000001e-25,3.7252903e-09,0.0,True
2022-06-27,31.43285714285714,1.6,23.0,30.214285,15.285715,57.342857,5.914285,1.9857142,5.7000003,4.4,25.485714,5.0216913e-05,0.0007385835,-7.345365000000001e-25,0.0,0.0,True
2022-07-04,31.414285714285715,4.9,21.142857,26.942858,15.185715,62.34286,4.557143,1.8571428,4.9,4.2714286,24.385714,5.567074e-05,0.0006743595,-7.345365000000001e-25,3.7252903e-09,0.0,True
2022-07-11,31.40285714285714,15.6,16.928572,21.571428,12.685715,65.22857,3.657143,1.7285713,3.8,4.242857,20.057142,7.207692e-05,0.00062306225,-7.345365000000001e-25,7.450581e-09,0.0,True
2022-07-18,31.39,1.1,19.257143,25.157145,12.5,54.0,4.8142858,1.0571429,5.0,3.8285713,22.042856,6.7949295e-06,0.00057723373,-7.345365000000001e-25,0.0,0.0,True
2022-07-25,31.38428571428572,9.2,23.214285,30.528574,15.442858,56.04286,5.585714,1.0,5.5142856,3.642857,25.357143,7.6562166e-05,0.00052212924,-7.345365000000001e-25,3.7252903e-09,0.0,True
2022-08-01,31.37142857142857,1.2,19.957144,25.428572,13.928572,58.157143,4.0285716,0.78571427,4.428571,3.6,22.942858,1.6540289e-05,0.0004772395,-7.345365000000001e-25,7.450581e-09,0.0,True
2022-08-08,31.34857142857143,0.3,21.97143,28.84286,14.414286,52.18571,4.842857,0.7428571,4.9,3.4571428,24.957144,5.155802e-06,0.00043724477,-7.345365000000001e-25,0.0,0.0,True
2022-08-15,31.344285714285714,15.9,23.114286,30.042858,16.242857,53.514286,4.4999995,0.64285713,4.957143,3.357143,24.957144,2.6136637e-05,0.00039857626,-7.345365000000001e-25,5.5879354e-09,0.0,True
2022-08-22,31.33428571428572,12.6,21.800001,27.057144,16.9,71.85714,3.142857,1.4142857,3.2142856,3.9857142,24.242857,0.00012938678,0.00036652386,-7.345365000000001e-25,5.5879354e-09,0.0,True
2022-08-29,31.32,22.5,19.985716,25.571428,16.171429,80.24286,2.414286,1.5285714,2.6714284,4.742857,22.5,0.0013460517,0.00034689158,-7.345365000000001e-25,1.1175871e-08,0.0,True
2022-09-05,31.301428571428573,0.0,17.242857,22.87143,12.171428,61.628574,2.8714287,1.7714285,3.5142858,4.857143,20.042856,3.799796e-06,0.00033020973,-7.345365000000001e-25,1.8626451e-09,0.0,True
2022-09-12,31.31,14.0,16.785715,21.800001,12.342857,74.54286,2.042857,1.5,2.5142858,5.1,19.12857,0.00021763146,0.00031448156,-7.345365000000001e-25,5.5879354e-09,0.0,True
2022-09-19,31.312857142857144,17.0,13.0,17.514286,9.957144,81.58572,1.5857143,1.4428571,1.7857143,5.4142857,15.114285,0.0001656264,0.0003028661,-7.345365000000001e-25,1.8626451e-09,0.0,True
2022-09-26,31.298571428571428,4.3,11.557143,16.842857,7.0285716,79.24286,1.4,1.1428572,1.5285714,5.7,13.957143,1.5988946e-05,0.0002926737,-7.345365000000001e-25,0.0,0.0,True
2022-10-03,31.31,10.1,10.542857,14.6285715,6.871429,85.54286,1.0571429,0.94285715,1.1428572,5.742857,11.857142,0.00016453862,0.00028412044,-7.345365000000001e-25,1.1175871e-08,0.0,True
2022-10-10,31.28,0.4,11.957144,17.457144,6.471429,78.24286,1.2428571,0.9571429,1.4571428,5.5571427,13.114285,4.2021275e-06,0.00027631968,-7.345365000000001e-25,3.7252903e-09,0.0,True
2022-10-17,31.28,1.3000001,12.442858,18.5,7.085715,82.84286,1.0857142,0.8000001,1.1142857,5.214286,13.8,7.4751675e-05,0.00026892126,-7.345365000000001e-25,0.0,0.0,True
2022-10-24,31.28857142857143,17.1,12.571428,16.757143,8.1,86.12858,0.8428572,0.74285716,0.85714287,5.5857143,13.014286,0.00018322468,0.00026289374,-7.345365000000001e-25,5.5879354e-09,0.0,True
2022-10-31,31.295714285714286,0.5,13.942858,19.885715,9.028571,86.84286,0.8428572,0.6714286,0.7714286,5.4857144,14.5,2.3841858e-05,0.00025770068,-7.345365000000001e-25,0.0,0.0,True
2022-11-07,31.31714285714286,2.6999998,9.342857,13.342857,5.1,84.25715,0.64285713,0.5285714,0.6571428,5.4714284,10.028571,6.1035156e-05,0.00025323033,-7.345365000000001e-25,1.8626451e-09,0.0,True
2022-11-14,31.301428571428573,1.2,9.557143,13.528572,6.085715,83.74286,0.61428577,0.48571426,0.61428577,5.428571,9.485714,7.137656e-06,0.00024924427,-7.345365000000001e-25,1.8626451e-09,0.0,True
2022-11-21,31.33714285714285,2.1,1.557143,4.157143,-1.3428572,88.27143,0.20000002,0.17142858,0.3857143,5.6,2.9142857,4.529953e-05,0.00024579465,0.0013125567,6.772019e-05,0.003579054,True
2022-11-28,31.321428571428573,2.6,3.6714287,6.057143,1.5857143,93.200005,0.20000002,0.17142858,0.18571427,5.8142858,3.2428572,7.869303e-05,0.00024284422,0.0017533926,0.0033402778,6.750226e-06,True
2022-12-05,31.31,3.8,1.5428572,2.7428572,0.2857143,91.114296,0.12857144,0.11428572,0.3,5.9857144,1.5714285,4.670024e-05,0.00024023652,0.0009408962,0.0011803769,0.0021499172,True
2022-12-12,31.342857142857145,6.0,-0.18571429,1.0428573,-1.6000001,91.44286,0.114285715,0.114285715,0.25714287,6.4142857,0.75714284,5.0611794e-05,0.00023800135,0.0020631438,0.00096125156,0.004898023,True
2022-12-19,31.321428571428573,5.2,-4.457143,-1.5857143,-7.914286,89.5,0.028571429,0.028571429,0.17142858,6.542857,-1.7571429,6.749481e-05,0.0002361387,0.0049910434,0.0017699338,0.00010747835,True
2022-12-26,31.345714285714287,29.5,6.457143,8.557143,4.0857143,94.1,0.31428576,0.31428576,0.29999998,7.4,2.7714286,0.000650242,0.00023460388,0.00040815558,0.0034556799,0.0,True
