,GWL,HYRAS_pr,HYRAS_tas,HYRAS_tasmax,HYRAS_tasmin,HYRAS_hurs,DWD_evapo_p,DWD_evapo_r,DWD_evapo_fao,DWD_soil_moist,DWD_soil_temp5cm,ERA5_sro,ERA5_ssro,ERA5_sdwe,ERA5_sm,ERA5_sf,GWL_flag
1991-01-07,5.35,21.4,5.514286,7.957143,3.357143,89.38572,0.91428566,0.91428566,0.61428577,10.8714285,4.5,0.0013574064,0.004619889,8.9123137e-07,7.353723e-06,0.0,True
1991-01-14,5.33,21.9,4.214286,6.7000003,2.3,89.314285,0.85714287,0.85714287,0.5714286,10.728572,3.9571428,0.0006878525,0.006448254,4.927317e-06,1.0244548e-06,4.7259033e-05,True
1991-01-21,5.39,6.3,-0.028571436,2.6142857,-2.7428572,82.3,0.34285715,0.34285715,0.44285718,10.3,-0.42857143,8.3073974e-05,0.008344807,0.00012729282,0.00031906553,0.0003667064,True
1991-01-28,5.43,0.3,1.8142859,3.4285715,-0.057142835,95.11428,0.18571429,0.18571429,0.24285714,10.257143,0.9285714,1.6130507e-05,0.008989468,6.1489285e-05,0.00014812313,6.625056e-05,True
1991-02-04,5.45,0.1,-3.0,-0.11428569,-5.557143,75.22858,0.15714286,0.14285715,0.5,10.142858,-1.0285715,1.3560057e-06,0.009000488,3.033025e-05,5.831942e-06,3.2838434e-05,True
1991-02-11,5.49,1.3000001,-5.657143,-2.2714286,-8.3,82.3,0.042857144,0.042857144,0.44285718,10.1,-2.5285714,1.013279e-06,0.008862875,0.0006013541,1.5543774e-05,0.0012985654,True
1991-02-18,5.48,16.2,-1.2285715,0.95714283,-4.2000003,91.47143,0.15714286,0.15714286,0.37142858,10.328571,-0.51428574,6.0468912e-05,0.00863155,0.008417942,0.003310904,0.01345107,True
1991-02-25,5.5,9.200001,4.157143,7.1571426,0.98571426,86.38572,0.78571427,0.78571427,0.8142857,10.214286,1.7714286,0.00032972544,0.00832697,0.003953684,0.010953372,7.44313e-06,True
1991-03-04,5.52,2.2,2.7285714,5.6714287,-0.2,81.3,0.78571427,0.7428571,0.90000004,10.042857,2.357143,4.5776367e-05,0.008009911,0.0004962569,0.0016121529,0.0017446317,True
1991-03-11,5.53,2.6,8.471429,11.385715,5.4857144,87.41429,0.7428571,0.6857143,1.0428572,9.885715,6.714286,0.00010098517,0.00770209,1.2414796e-05,0.00012977794,0.0,True
1991-03-18,5.52,3.6,9.714286,15.657144,5.6857142,82.88572,1.0714287,0.88571435,1.3571428,9.485714,9.457143,3.0517578e-05,0.0073694736,-7.345365000000001e-25,3.7252903e-09,0.0,True
1991-03-25,5.54,5.4,6.9000006,10.914286,3.7714286,84.92857,1.2714285,1.2285715,1.4857142,9.671429,8.185715,0.00014922023,0.0070107654,-7.345365000000001e-25,7.450581e-09,0.0,True
1991-04-01,5.57,6.8,6.585714,10.842857,2.4142857,77.22858,1.5285714,1.2428571,1.6428572,9.171429,7.757143,6.185472e-05,0.006629199,-7.345365000000001e-25,0.0,0.0,True
1991-04-08,5.55,7.8999996,8.942858,13.085714,5.785714,79.08572,1.8285713,1.6714287,2.0142858,9.1,9.414286,0.00022521615,0.00624831,-7.345365000000001e-25,3.7252903e-09,0.0,True
1991-04-15,5.57,0.0,11.457144,18.385715,5.585715,67.37143,2.9857144,2.357143,3.2,8.485714,12.857142,1.4901161e-07,0.005835332,-7.345365000000001e-25,1.8626451e-09,0.0,True
1991-04-22,5.56,13.6,3.5,7.8,-0.11428571,73.25714,1.9428571,1.5714287,1.8571428,7.7285714,8.114285,0.000103116035,0.0054187328,7.686728e-05,0.0003460832,0.0006330237,True
1991-04-29,5.54,5.1,6.5,11.528572,1.4571428,81.442856,1.8142855,1.4571428,1.9571428,7.6857142,9.571428,0.00010449439,0.005049497,4.77121e-05,0.00028892048,0.0,True
1991-05-06,5.53,28.6,6.8857145,9.871429,3.3857143,88.85714,1.3714285,1.3000001,1.4,7.9,8.242857,0.00018116087,0.0047103465,-7.345365000000001e-25,1.4528632e-07,0.0,True
1991-05-13,5.52,3.1,9.714286,14.157144,4.7000003,78.457146,2.3428571,1.8857143,2.4142857,7.8,12.514286,3.1664968e-05,0.004391499,-7.345365000000001e-25,3.7252903e-09,0.0,True
1991-05-20,5.5,12.3,9.357142,13.371429,4.8857145,80.21429,2.4,2.0285714,2.5142858,7.357143,12.314285,0.00014081597,0.0040792525,-7.345365000000001e-25,0.0,0.0,True
1991-05-27,5.47,3.3000002,10.314285,13.6285715,7.471429,80.299995,2.2571428,1.6714286,2.542857,6.5571427,13.214286,1.7121434e-05,0.0037877038,-7.345365000000001e-25,3.7252903e-09,0.0,True
1991-06-03,5.45,6.1000004,9.957144,14.1285715,6.285714,81.1,2.2999997,1.2142857,2.3714287,6.0142856,14.285714,0.00010570884,0.003515847,-7.345365000000001e-25,3.7252903e-09,0.0,True
1991-06-10,5.43,17.5,11.714286,15.371429,7.1857147,81.32857,2.3999999,1.7285715,2.5,5.957143,13.714286,0.00012376904,0.0032646284,-7.345365000000001e-25,3.7252903e-09,0.0,True
1991-06-17,5.41,35.0,12.357142,15.228571,10.114286,85.17143,2.4428573,2.1142857,2.3142858,6.4,13.6285715,0.00075495243,0.0030497313,-7.345365000000001e-25,1.4901161e-08,0.0,True
1991-06-24,5.39,67.8,13.457143,17.4,9.514287,85.71429,2.7285712,2.5857143,2.7428572,7.0,16.0,0.002642244,0.002870679,-7.345365000000001e-25,7.450581e-09,0.0,True
1991-07-01,5.37,38.6,14.471429,17.357143,11.485715,85.62858,2.2428572,2.1857142,2.2285714,8.8714285,15.542857,0.00042764843,0.0027415156,-7.345365000000001e-25,1.1175871e-08,0.0,True
1991-07-08,5.36,1.3,22.414288,27.714285,16.157145,68.47143,5.085715,3.9857144,5.442857,8.042857,23.7,3.2886863e-05,0.0026263222,-7.345365000000001e-25,1.8626451e-08,0.0,True
1991-07-15,5.36,30.1,18.485716,23.37143,14.114286,77.07143,3.4714284,2.4857142,3.5857143,6.8285713,21.485714,8.3595514e-05,0.002484478,-7.345365000000001e-25,2.2351742e-08,0.0,True
1991-07-22,5.35,6.0,15.614286,19.557144,12.414286,82.12858,2.742857,2.2142856,3.1142857,6.714286,18.414286,0.0001596883,0.002370797,-7.345365000000001e-25,1.4901161e-08,0.0,True
1991-07-29,5.34,6.4,18.1,23.414288,12.300001,76.92857,3.4428573,2.3999999,3.7857144,6.4142857,21.085714,8.323789e-05,0.0022474676,-7.345365000000001e-25,1.4901161e-08,0.0,True
1991-08-05,5.33,3.8,19.357143,24.242859,14.942858,80.5,3.1285713,1.6999999,3.3142858,5.4714284,22.742857,0.00016778708,0.0021089837,-7.345365000000001e-25,1.4901161e-08,0.0,True
1991-08-12,5.32,2.5,18.671429,22.657145,15.257143,78.38572,2.7285714,1.5714285,2.957143,5.7285714,21.1,4.336238e-05,0.0019873455,-7.345365000000001e-25,1.8626451e-08,0.0,True
1991-08-19,5.31,11.7,16.057142,21.328571,11.8714285,77.057144,2.7428572,1.7714285,2.9714284,5.7285714,18.785715,0.00014430285,0.0018823594,-7.345365000000001e-25,1.4901161e-08,0.0,True
1991-08-26,5.3,0.0,17.428572,22.857143,12.442858,73.557144,2.7142854,1.6999999,3.2428572,5.614286,19.528572,2.105534e-05,0.0017768517,-7.345365000000001e-25,1.3038516e-08,0.0,True
1991-09-02,5.29,0.1,16.4,22.985716,10.0,73.78571,2.7428572,1.0,3.2,5.0571427,19.528572,1.3262033e-06,0.0016724393,-7.345365000000001e-25,7.450581e-09,0.0,True
1991-09-09,5.27,2.8,15.800001,20.2,12.485715,77.07143,1.8857143,0.6,2.4142857,4.8142858,17.885714,1.1861324e-05,0.0015661716,-7.345365000000001e-25,1.4901161e-08,0.0,True
1991-09-16,5.26,5.3,13.5,19.800001,7.4714284,75.200005,1.8285714,0.5714286,2.1571429,4.785714,16.185715,8.9518726e-05,0.0014796108,-7.345365000000001e-25,3.7252903e-09,0.0,True
1991-09-23,5.25,9.099999,13.385715,18.357143,8.985715,83.54286,1.6571429,1.1285714,1.6571429,5.2,15.085714,8.006394e-05,0.0014045984,-7.345365000000001e-25,1.6763806e-08,0.0,True
1991-09-30,5.23,65.8,13.0,15.985715,10.957143,89.0,1.1,1.0142858,1.1285714,7.1571426,13.528571,0.0004784912,0.0013446659,-7.345365000000001e-25,9.313226e-09,0.0,True
1991-10-07,5.23,11.8,11.257143,15.371429,6.8428574,85.52857,1.0428572,1.0142857,1.1285714,8.214286,11.585714,8.033961e-05,0.0012981072,-7.345365000000001e-25,7.450581e-09,0.0,True
1991-10-14,5.21,11.7,12.8714285,17.028572,9.442857,86.91429,0.7714286,0.6857143,1.0714285,8.142858,13.014286,0.000107347965,0.0012576431,-7.345365000000001e-25,1.1175871e-08,0.0,True
1991-10-21,5.2,31.4,8.285715,12.0,6.371429,84.542854,1.2571429,1.2428571,1.0714285,8.814285,9.0,0.00029213727,0.0012243539,-7.345365000000001e-25,3.7252903e-09,0.0,True
1991-10-28,5.19,0.90000004,6.6714287,10.285714,2.9857142,79.67143,0.67142856,0.58571434,0.9142857,9.1,6.714286,8.895993e-06,0.0012002736,-7.345365000000001e-25,0.0,0.0,True
1991-11-04,5.17,14.6,6.0428576,9.414286,2.6857145,81.28571,0.84285706,0.8,0.95714283,9.057143,5.642857,0.00015477836,0.0011793226,-7.345365000000001e-25,1.8626451e-09,0.0,True
1991-11-11,5.17,60.399998,6.5285716,9.385715,3.4857142,87.700005,1.0000001,1.0000001,0.7,10.571428,6.2,0.0012011677,0.0011651143,-7.345365000000001e-25,5.5879354e-09,0.0,True
1991-11-18,5.16,10.9,4.114286,6.714286,1.557143,89.700005,0.3857143,0.3857143,0.42857143,10.828571,4.1571426,0.00085921586,0.0011683702,1.635438e-05,8.477084e-05,0.0003171973,True
1991-11-25,5.14,0.9,2.5714285,4.542857,0.47142857,92.08572,0.21428573,0.21428573,0.3285714,10.328571,2.6285715,7.355213e-05,0.0012002923,6.984529e-05,0.00024510734,1.34781e-05,True
1991-12-02,5.12,0.8,3.1857145,5.471429,0.9571429,93.52857,0.12857144,0.11428572,0.14285715,10.2,2.7285714,1.21966e-05,0.0012490451,3.94526e-06,9.743497e-06,2.0764768e-05,True
1991-12-09,5.11,0.70000005,2.8142858,5.2428575,-0.27142856,88.57143,0.12857144,0.12857144,0.29999998,10.114285,1.5571429,6.645918e-06,0.0012971088,4.540171e-05,0.00017916784,0.00015962124,True
1991-12-16,5.1,0.0,-0.34285715,2.1857142,-3.3428574,82.557144,0.15714286,0.12857144,0.34285715,10.014286,-0.37142858,5.811453e-07,0.0013382882,7.237707e-06,1.071021e-05,6.7576766e-06,True
1991-12-23,5.1,51.4,5.542857,8.742857,2.4428573,90.98572,0.6857143,0.6857143,0.61428577,11.214286,3.8142858,0.0011044592,0.0013811179,1.9289198e-05,9.714253e-05,9.221211e-05,True
1991-12-30,5.09,9.9,4.571429,6.7571425,1.8000001,89.328575,0.4,0.4,0.45714286,10.685715,3.8428571,6.202608e-05,0.0015369058,2.78155e-07,3.4570694e-06,2.2016466e-06,True
1992-01-06,5.05,23.0,5.857143,7.328572,3.8,88.64286,0.2,0.2,0.7285715,10.3,2.9,0.00045007467,0.0017511398,-7.345365000000001e-25,2.7939677e-08,0.0,True
1992-01-13,5.06,8.3,3.1714287,5.7714286,0.24285714,88.9,0.35714287,0.35714287,0.45714286,10.514286,2.6857142,0.00028382242,0.0020150468,3.973643e-08,5.1409006e-07,6.631017e-07,True
1992-01-20,5.05,8.1,4.714286,6.785714,3.2857144,84.8,0.45714286,0.44285718,0.6857143,10.257143,3.9857142,0.00014437735,0.0023633167,-7.345365000000001e-25,1.8253922e-07,0.0,True
1992-01-27,5.05,2.1,-2.5,0.65714294,-6.0285716,86.01428,0.08571429,0.08571429,0.15714286,10.3,-1.2142857,1.1146069e-05,0.002647087,5.064692e-05,7.471442e-05,0.00016857311,True
1992-02-03,5.05,8.1,2.0142858,3.3428574,0.24285713,93.37144,0.27142859,0.27142859,0.29999998,10.228572,0.34285715,0.0001335442,0.0028680936,0.00016023999,0.00045392476,0.0005421303,True
1992-02-10,5.05,5.0,4.928571,7.4857144,2.2714286,87.04286,0.59999996,0.59999996,0.64285713,10.257143,3.6571429,8.5778534e-05,0.0030240566,3.6625635e-05,0.00019756239,0.0,True
1992-02-17,5.03,33.0,5.057143,7.3428574,2.8428574,86.314285,0.71428573,0.71428573,0.67142856,10.414286,4.7714286,0.0002902001,0.003145218,0.00019593466,1.19050965e-05,0.0013058893,True
1992-02-24,5.09,11.400001,3.2714286,6.1285715,-0.11428571,86.90001,0.6285715,0.6285715,0.6857143,10.271428,2.857143,9.316206e-05,0.0032911673,0.0005874236,0.0015123673,0.00026707724,True
1992-03-02,5.09,4.0,6.971429,11.028571,3.5857143,83.37144,0.8714286,0.81428576,0.9714286,10.042857,5.7714286,7.8611076e-05,0.0034404397,1.7597562e-06,1.0577962e-05,0.0,True
1992-03-09,5.09,5.7,6.942857,10.985715,2.8,86.37144,0.9142857,0.8285715,0.95714283,9.885715,6.6,8.612871e-05,0.003527686,-7.345365000000001e-25,1.8626451e-09,0.0,True
1992-03-16,5.09,62.7,4.2000003,7.6,0.9714286,84.9,1.4857142,1.4857142,1.0428572,10.728572,4.614286,0.0011489019,0.003681466,0.00033003945,0.0010620207,0.0016672537,True
1992-03-23,5.2,27.3,6.828572,9.742857,4.571429,88.042854,1.0,1.0,1.0571429,10.585714,7.0285716,0.0005197078,0.004030414,5.603972e-05,0.0005362723,2.0563602e-06,True
1992-03-30,5.23,5.7,3.6857145,6.471429,1.1571429,81.62858,1.1571429,1.1285714,1.1428572,10.357142,4.9142857,0.0001470074,0.004595466,0.00011648451,0.0004585199,0.000722643,True
1992-04-06,5.25,13.7,6.1857147,9.900001,2.8428574,81.685715,1.2857143,1.2428571,1.3571428,10.028571,6.9,0.0002809465,0.005078852,2.6543936e-05,0.0002481565,0.0,True
1992-04-13,5.29,15.7,8.385715,14.414286,2.3142858,74.15715,2.114286,1.7428571,2.1714284,9.442857,10.3714285,0.00012674928,0.0052941367,-7.345365000000001e-25,1.13621354e-07,0.0,True
1992-04-20,5.31,12.7,6.214286,9.17143,3.4285715,83.11428,1.7142857,1.6428572,1.5285714,9.6,7.357143,0.00044955313,0.0053047463,1.07856025e-07,1.180917e-06,1.1473894e-06,True
1992-04-27,5.35,13.2,10.085714,14.157144,5.8428574,81.14286,1.6714286,1.5857143,1.8999999,9.414286,10.614285,0.00027201325,0.005345382,-7.345365000000001e-25,7.450581e-09,0.0,True
1992-05-04,5.39,20.9,8.528572,12.271429,4.8285713,83.057144,1.9571427,1.9285713,1.9857142,10.214286,10.514286,0.0009307638,0.005352095,-7.345365000000001e-25,7.450581e-09,0.0,True
1992-05-11,5.42,41.0,9.928572,13.928572,6.3142858,81.15715,2.2714286,2.1428573,2.2285714,10.028571,11.942857,0.0031686127,0.005447194,-7.345365000000001e-25,3.7252903e-09,0.0,True
1992-05-18,5.45,0.2,14.585715,20.057144,9.2,75.84286,3.2285712,2.7142856,3.6142857,9.6285715,16.457144,3.4168363e-05,0.0057327896,-7.345365000000001e-25,1.1175871e-08,0.0,True
1992-05-25,5.46,0.0,19.428572,25.328571,12.885715,60.31429,4.8285713,3.4,5.285714,8.0,20.614286,4.4703484e-08,0.0056690723,-7.345365000000001e-25,1.4901161e-08,0.0,True
1992-06-01,5.49,0.5,19.185715,24.600002,12.285714,58.8,5.1714287,1.9857142,5.6,6.714286,20.571428,2.2426248e-06,0.0053037405,-7.345365000000001e-25,7.450581e-09,0.0,True
1992-06-08,5.52,14.0,18.5,23.785715,14.042857,74.65714,3.4714284,1.5285714,3.7714286,6.785714,19.9,0.00028198957,0.0049164146,-7.345365000000001e-25,1.4901161e-08,0.0,True
1992-06-15,5.54,0.2,17.87143,23.5,11.571428,67.942856,3.9285712,1.4714286,4.428571,6.5,20.885714,1.3113022e-05,0.0045237914,-7.345365000000001e-25,7.450581e-09,0.0,True
1992-06-22,5.56,4.2,14.771429,19.042858,10.17143,75.77143,3.2142856,1.0857142,3.3857143,6.0,18.642857,1.770258e-05,0.00412979,-7.345365000000001e-25,7.450581e-09,0.0,True
1992-06-29,5.58,0.0,18.671429,24.571428,12.142858,65.65714,4.157143,0.7428571,4.4857144,5.7,21.77143,4.3064356e-06,0.0037543029,-7.345365000000001e-25,7.450581e-09,0.0,True
1992-07-06,5.58,12.5,18.5,23.385715,14.014285,72.51429,3.7,1.1428572,3.6857142,5.5857143,21.542856,0.00016853213,0.003369227,-7.345365000000001e-25,1.1175871e-08,0.0,True
1992-07-13,5.58,26.7,17.314287,22.142857,12.714286,76.54286,3.1428568,1.3142859,3.2571428,5.5285716,20.757143,0.00019714236,0.0030568093,-7.345365000000001e-25,1.1175871e-08,0.0,True
1992-07-20,5.58,6.6,18.457142,23.057144,14.357142,75.9,3.357143,2.3142858,3.7285714,5.9428573,20.314285,0.00014045835,0.002804093,-7.345365000000001e-25,1.4901161e-08,0.0,True
1992-07-27,5.57,25.8,18.642857,24.600002,13.942857,76.71429,3.5428574,2.142857,3.7285714,5.5142856,22.057142,0.00032685697,0.0025556237,-7.345365000000001e-25,9.313226e-09,0.0,True
1992-08-03,5.55,7.9,18.27143,24.028574,12.285714,74.87144,3.4571426,1.6285714,3.7,5.2,21.12857,9.5017254e-05,0.0023481399,-7.345365000000001e-25,1.3038516e-08,0.0,True
1992-08-10,5.52,3.5,19.300001,26.128572,13.514285,72.12858,3.457143,1.0857143,4.1142855,4.9857144,21.357143,5.1662326e-05,0.0021582618,-7.345365000000001e-25,1.6763806e-08,0.0,True
1992-08-17,5.48,14.1,15.571428,20.028574,12.414286,79.91429,2.5857143,2.242857,2.8,6.071429,17.571428,0.00014939904,0.0019981787,-7.345365000000001e-25,1.8626451e-08,0.0,True
1992-08-24,5.45,12.9,16.800001,21.314287,12.728571,80.057144,2.3142855,1.9714285,2.6285713,6.1571426,18.457144,0.00012782216,0.0018642098,-7.345365000000001e-25,1.8626451e-08,0.0,True
1992-08-31,5.42,47.4,16.385715,20.457144,13.414286,86.02857,1.9285713,1.7857141,2.2142856,7.1571426,17.22857,0.00049827993,0.0017516315,-7.345365000000001e-25,1.4901161e-08,0.0,True
1992-09-07,5.39,32.5,12.528572,16.928572,9.542857,84.5,1.942857,1.942857,2.0,9.2,13.671429,0.0005634278,0.00167083,-7.345365000000001e-25,1.8626451e-08,0.0,True
1992-09-14,5.36,5.5,13.528572,18.571428,9.514287,79.700005,1.8000001,1.6857144,2.2714286,9.057143,15.085714,6.0342252e-05,0.0016052127,-7.345365000000001e-25,1.1175871e-08,0.0,True
1992-09-21,5.33,27.9,13.714286,17.87143,9.928572,83.314285,1.4428571,1.2714285,1.7714285,8.971429,15.228572,0.0001975894,0.0015445724,-7.345365000000001e-25,9.313226e-09,0.0,True
1992-09-28,5.32,0.0,15.328572,20.914288,11.071428,80.87144,1.3714286,1.1714286,1.9857142,8.814285,16.157143,6.467104e-06,0.0014922917,-7.345365000000001e-25,9.313226e-09,0.0,True
1992-10-05,5.31,3.9,12.085714,15.457144,9.642858,83.71429,0.9142857,0.74285716,1.4,8.471429,13.257143,0.0001077503,0.0014439076,-7.345365000000001e-25,7.450581e-09,0.0,True
1992-10-12,5.29,11.5,8.914286,12.928572,5.9000006,85.57143,0.9142858,0.8571429,1.0857142,8.785714,10.228572,8.34465e-05,0.0014062151,-7.345365000000001e-25,7.450581e-09,0.0,True
1992-10-19,5.27,11.5,5.4428573,9.542857,1.5142858,83.17143,0.8571428,0.84285706,0.85714287,9.328571,6.428571,0.00022539496,0.0013715029,-7.345365000000001e-25,5.5879354e-09,0.0,True
1992-10-26,5.24,31.0,5.1,8.714286,2.2857144,88.34286,0.6,0.5857143,0.61428577,10.2,5.928571,0.0003578514,0.0013458729,4.285858e-06,3.2719225e-05,4.2956322e-05,True
1992-11-02,5.24,18.0,4.8428574,7.7571435,1.7714285,89.21429,0.5,0.5,0.5714286,10.614285,4.8428574,0.0014087185,0.0013310388,1.68596e-06,1.2058765e-05,0.0,True
1992-11-09,5.21,3.4999998,8.471429,11.257143,5.5428576,90.48572,0.5428572,0.5285715,0.61428577,10.5,7.5142856,7.8342855e-05,0.0013328716,-7.345365000000001e-25,7.450581e-09,0.0,True
1992-11-16,5.2,57.8,5.214286,7.714286,2.5142858,88.38572,0.74285716,0.74285716,0.5857143,11.2,4.8142858,0.002154395,0.0013677254,1.2023108e-05,8.873269e-05,0.000104334205,True
1992-11-23,5.17,38.7,5.828572,7.557143,3.8428571,85.67143,0.7714285,0.7714285,0.6571428,11.342857,5.142857,0.00090333074,0.0015764758,7.1275805e-05,0.00052952766,0.00051989406,True
1992-11-30,5.15,28.2,7.285714,9.585715,3.9285715,86.04286,0.7428571,0.7428571,0.59999996,11.085714,6.114286,0.003246203,0.0028087273,1.7881393e-06,3.0823052e-05,0.0,True
1992-12-07,5.14,17.6,5.2000003,7.6571426,3.1571429,86.185715,0.59999996,0.59999996,0.61428577,10.571428,4.6,0.00031486154,0.0030270144,3.4990764e-05,0.00018983707,0.00048322976,True
1992-12-14,5.12,30.2,4.357143,5.6714287,2.2428572,91.34286,0.31428573,0.31428573,0.41428572,10.857142,3.7142856,0.00035354495,0.0037595406,9.10759e-05,0.00030720048,0.0,True
1992-12-21,5.11,4.6,4.728572,7.085715,2.5,88.98572,0.22857144,0.22857144,0.42857143,10.514286,4.071429,7.613003e-05,0.004440911,1.1353266e-08,8.549541e-07,0.0,True
1992-12-28,5.09,0.0,0.28571433,1.8428571,-0.9714287,93.28571,0.057142857,0.057142857,0.20000002,10.328571,0.87142855,3.3780932e-05,0.004947625,0.00021027951,0.00013946742,0.0004924461,True
1993-01-04,5.1,0.0,-6.285714,-3.257143,-8.757143,86.42857,0.1,0.1,0.08571429,10.2,-1.1333333,1.0430813e-07,0.005216792,0.00034358387,2.9951334e-06,2.361834e-06,True
1993-01-11,5.12,38.5,4.7571425,7.857143,0.57142866,90.94286,0.5857143,0.5857143,0.5285714,10.814285,1.5714285,0.000981316,0.0053221956,8.265177e-05,0.000342248,4.351139e-06,True
1993-01-18,5.07,2.7,7.114286,10.657143,4.2428575,78.87144,0.82857144,0.81428576,1.1571429,10.6285715,4.742857,0.00022838265,0.005956538,-7.345365000000001e-25,2.0489097e-08,0.0,True
1993-01-25,5.07,32.3,6.557143,8.914286,3.8142855,82.02857,1.2142857,1.2142857,1.1714286,10.485714,5.542857,0.00050053,0.0069018975,3.3117474e-05,3.927946e-05,0.0005041249,True
1993-02-01,5.09,29.7,-0.88571435,1.7714285,-3.1714287,87.557144,0.3,0.3,0.35714287,10.7,0.9142857,0.00072029233,0.008406945,0.009874429,0.00258057,0.017870333,True
1993-02-08,5.13,2.8,3.1714287,4.285714,0.8285714,95.4,0.17142858,0.17142858,0.3285714,10.257143,1.7571429,0.00040012598,0.009693995,0.005101766,0.015206691,0.00014416873,True
1993-02-15,5.15,0.3,0.5857143,2.0142858,-0.32857147,95.614296,0.1,0.1,0.27142859,10.2,1.5285715,1.22487545e-05,0.010539137,0.00013011978,0.00030549243,0.00012759492,True
1993-02-22,5.16,27.4,3.4714286,5.7714286,0.6571428,82.18572,0.85714287,0.85714287,0.7714285,10.428572,3.1,0.00036236644,0.010621414,4.4970286e-05,0.00019993447,0.00023099408,True
1993-03-01,5.19,5.0,-0.3857143,3.2285714,-3.9,80.58572,0.57142854,0.55714285,0.65714294,10.257143,0.55714285,8.1487e-05,0.010465458,0.0006432363,0.00079187937,0.002058223,True
1993-03-08,5.22,3.5,1.6571428,4.6285715,-0.90000004,82.22857,0.67142856,0.6571428,0.85714287,10.071428,2.1142857,4.2445958e-05,0.010216504,0.0006874686,0.0012882054,0.00021699816,True
1993-03-15,5.25,0.1,5.6,11.928572,-0.057142872,76.01429,1.1285714,0.9428572,1.2142857,9.7,5.614286,1.4856458e-05,0.009832852,1.063801e-05,3.649667e-05,0.0,True
1993-03-22,5.29,9.7,7.4000006,11.414286,4.285714,81.114296,1.1142858,1.0000001,1.3571428,9.3,7.2285714,3.9815903e-05,0.009336129,-7.345365000000001e-25,9.49949e-08,0.0,True
1993-03-29,5.31,3.8,2.4142857,7.1857147,-1.1285714,74.185715,1.542857,1.2571429,1.4571428,9.0,5.385714,4.2833388e-05,0.008752406,2.0946775e-06,2.8964132e-06,2.0883977e-05,True
1993-04-05,5.31,18.0,7.1285715,12.1,2.5714285,76.971436,1.3428571,1.1714286,1.5428572,8.571428,7.5285716,0.00029617548,0.008127943,3.86011e-06,1.7728657e-05,1.1920929e-07,True
1993-04-12,5.32,11.6,6.228572,9.242857,3.1000001,73.51429,1.4,1.2714287,1.8000001,9.114285,7.142857,0.00077435374,0.0075541213,-7.345365000000001e-25,1.8626451e-09,0.0,True
1993-04-19,5.32,13.200001,8.171429,12.342857,4.285714,79.98572,1.4714286,1.3142856,1.7714285,8.942857,9.1285715,0.00018458813,0.007045716,-7.345365000000001e-25,0.0,0.0,True
1993-04-26,5.36,3.2,14.628572,21.84286,8.714286,71.84286,2.957143,2.542857,3.1142857,8.771428,15.257143,0.00046877563,0.006552428,-7.345365000000001e-25,3.7252903e-09,0.0,True
1993-05-03,5.39,0.0,15.314286,21.485716,9.885715,65.41429,3.6142857,2.6857142,3.9142857,7.5857143,17.37143,4.3809414e-06,0.0060161203,-7.345365000000001e-25,1.4901161e-08,0.0,True
1993-05-10,5.37,5.6,12.042857,17.028572,5.6,69.35714,3.042857,1.8142856,3.3285713,6.785714,14.7,2.5048852e-05,0.005515322,-7.345365000000001e-25,1.1175871e-08,0.0,True
1993-05-17,5.37,0.3,14.514287,20.142857,8.714286,68.64286,3.2142856,1.3857143,3.7,6.285714,16.657143,2.2247434e-05,0.0050192475,-7.345365000000001e-25,1.1175871e-08,0.0,True
1993-05-24,5.38,27.8,15.871429,21.0,10.857142,75.1,3.0285716,1.6714286,3.2714288,6.3142858,18.057142,0.00033711642,0.0045526624,-7.345365000000001e-25,7.450581e-09,0.0,True
1993-05-31,5.37,38.4,13.371429,17.785715,9.685715,78.42857,2.6571429,2.0285714,2.7857144,6.571429,15.942857,0.0021842867,0.0041726157,-7.345365000000001e-25,1.8626451e-08,0.0,True
1993-06-07,5.36,7.0,15.657144,20.84286,9.957144,73.17143,3.0,2.1857142,3.3285713,6.428571,19.071428,0.00019544363,0.0038560703,-7.345365000000001e-25,1.1175871e-08,0.0,True
1993-06-14,5.35,1.3,17.028572,21.814287,12.157143,69.814285,3.4428573,1.6428572,3.8428571,5.6571426,20.7,8.684397e-05,0.0035501868,-7.345365000000001e-25,3.7252903e-09,0.0,True
1993-06-21,5.39,17.1,13.885715,17.2,10.285714,78.74286,2.6714284,1.8000002,2.7,5.8428574,16.614286,0.00016483665,0.0033059567,-7.345365000000001e-25,1.4901161e-08,0.0,True
1993-06-28,5.31,6.5,12.785714,16.985716,8.471429,74.90001,2.8,2.0571427,2.9857142,5.5285716,15.942857,7.83205e-05,0.0030887648,-7.345365000000001e-25,1.1175871e-08,0.0,True
1993-07-05,5.381280111840155,1.7,16.414288,22.157145,10.985715,74.65714,3.385714,1.2142857,3.8142858,5.1,20.685715,1.4051795e-05,0.0028581098,-7.345365000000001e-25,1.1175871e-08,0.0,False
1993-07-12,5.341641350750499,11.1,14.042857,18.34286,9.771429,74.65715,2.9571426,1.4285715,3.1714287,5.0285716,17.071428,0.00014574826,0.0026498586,-7.345365000000001e-25,1.4901161e-08,0.0,False
1993-07-19,5.32,19.6,15.428572,18.914288,12.014285,82.48572,2.3857143,1.7,2.6714287,5.3142858,17.77143,0.00021555275,0.0024741292,-7.345365000000001e-25,1.1175871e-08,0.0,True
1993-07-26,5.334271458113884,68.3,14.728572,18.47143,12.214286,84.74286,2.5714285,2.4571426,2.5285716,7.1571426,16.685715,0.0036932975,0.0023645684,-7.345365000000001e-25,1.8626451e-08,0.0,False
1993-08-02,5.351417557729842,53.3,15.885715,19.52857,12.114286,85.11428,2.2714286,2.2428572,2.3,9.7,17.642857,0.0025097504,0.0022515506,-7.345365000000001e-25,1.4901161e-08,0.0,False
1993-08-09,5.332026412227106,20.0,15.528572,20.142857,11.671428,84.01429,2.142857,2.0285714,2.3714287,9.742857,17.528572,0.00036489964,0.0022240728,-7.345365000000001e-25,2.0489097e-08,0.0,True
1993-08-16,5.34,28.0,15.457144,19.928572,11.214286,82.457146,2.2857141,2.2428572,2.4142857,10.085714,16.814285,0.0014524311,0.0022352412,-7.345365000000001e-25,2.0489097e-08,0.0,True
1993-08-23,5.328129404447182,15.400001,13.800001,18.385715,9.371429,83.0,2.0571427,1.8142859,2.3428571,9.657143,16.985714,0.00024227798,0.0022911578,-7.345365000000001e-25,5.5879354e-09,0.0,False
1993-08-30,5.315632601957422,15.400001,12.585714,16.800001,8.971429,83.457146,1.8857144,1.7571429,2.1571429,9.828571,15.1285715,0.00025618076,0.002358809,-7.345365000000001e-25,5.5879354e-09,0.0,True
1993-09-06,5.3213131991696825,16.2,12.242858,16.4,8.714286,85.67143,1.6285714,1.5285712,1.9,9.657143,14.342857,0.00018242002,0.0024385676,-7.345365000000001e-25,9.313226e-09,0.0,False
1993-09-13,5.326841485630824,24.4,13.071428,17.27143,9.228572,88.21429,1.3142856,1.2571428,1.5,10.271428,14.942857,0.0033049285,0.0024946555,-7.345365000000001e-25,9.313226e-09,0.0,False
1993-09-20,5.36,18.6,11.157143,15.6,7.2285714,86.41429,1.2857143,1.2571429,1.4285715,10.671429,12.585714,0.00071696937,0.002695687,-7.345365000000001e-25,9.313226e-09,0.0,True
1993-09-27,5.288690376357296,54.2,12.271429,14.871429,10.342857,91.557144,0.78571427,0.7714286,0.9714286,11.1285715,12.928572,0.004251048,0.0053361356,-7.345365000000001e-25,1.3038516e-08,0.0,False
1993-10-04,5.32578445156099,37.3,11.157143,14.428572,7.942857,87.47143,0.9571428,0.94285715,1.2428571,10.7,11.728572,0.0017592087,0.005687371,-7.345365000000001e-25,9.313226e-09,0.0,False
1993-10-11,5.338749244195095,27.199999,11.971429,15.528572,9.028571,88.62858,0.85714287,0.85714287,0.9571429,10.971429,12.014286,0.0005453825,0.006658517,-7.345365000000001e-25,1.3038516e-08,0.0,False
1993-10-18,5.33,24.8,7.085715,12.7,3.8714287,85.02857,0.88571423,0.88571423,0.8428572,11.1,8.4,0.0013598204,0.010064617,-7.345365000000001e-25,5.5879354e-09,0.0,True
1993-10-25,5.361705348569656,8.7,5.414286,8.385715,2.0714285,85.185715,0.51428574,0.51428574,0.71428573,10.328571,5.5571427,0.00012262166,0.011289522,-7.345365000000001e-25,1.8626451e-09,0.0,False
1993-11-01,5.31,0.0,5.228572,7.8428574,3.3428571,89.97143,0.29999998,0.29999998,0.44285718,10.1285715,5.9142857,4.7534704e-06,0.0115103945,-7.345365000000001e-25,1.8626451e-09,0.0,True
1993-11-08,5.32,0.1,4.7714286,6.457143,2.914286,90.65715,0.25714284,0.24285714,0.45714286,9.971429,4.9428573,8.992851e-06,0.011232503,-7.345365000000001e-25,0.0,0.0,True
1993-11-15,5.31,28.8,6.228572,8.3714285,4.4,86.28571,0.5857143,0.5857143,0.55714285,10.585714,5.6,0.001332432,0.010779321,-7.345365000000001e-25,7.450581e-09,0.0,True
1993-11-22,5.37,0.3,-2.5,1.1999999,-4.914286,83.5,0.18571427,0.18571427,0.24285714,10.514286,0.12857144,2.5480986e-06,0.010348894,0.0003338087,1.9235536e-05,0.0010736659,True
1993-11-29,5.38,0.0,-2.3857143,0.21428573,-5.542857,87.75714,0.057142857,0.057142857,0.15714286,10.271428,-1.2428571,2.82377e-06,0.009978794,0.0009810413,0.00013644807,0.00012398139,True
1993-12-06,5.29,5.4,3.6000001,5.3714285,0.61428577,90.17143,0.24285714,0.24285714,0.40000004,10.285714,1.4714285,0.00010624528,0.009559721,0.0003576676,0.0009643119,2.6412308e-06,True
1993-12-13,5.44,77.1,4.4,6.8857145,2.3285713,90.314285,0.59999996,0.59999996,0.47142857,11.314285,3.5,0.003662601,0.009733684,0.000604743,0.0029360019,0.00660827,True
1993-12-20,5.34,23.0,4.4142857,7.085715,1.7,87.15715,0.61428577,0.61428577,0.55714285,11.3,3.4857142,0.00080611557,0.010217257,0.0020391147,0.006121181,0.002337601,True
1993-12-27,5.36,25.0,1.957143,3.114286,0.3,90.92857,0.31428573,0.31428573,0.27142859,11.057143,1.5571429,0.00041153282,0.012807779,0.00091069087,0.0014302023,0.0030512512,True
1994-01-03,5.43,31.6,3.1857142,4.8714285,1.1285714,93.58572,0.3,0.3,0.2857143,11.125,2.5,0.0014527366,0.014921293,0.001271191,0.0045932904,0.004291475,True
1994-01-10,5.51,7.0,4.042857,5.6714287,2.057143,90.02857,0.37142855,0.37142855,0.40000004,10.714286,3.1,0.0003207177,0.017979331,0.0001781441,0.0015591308,4.8428774e-08,True
1994-01-17,5.48,14.7,4.1714287,6.214286,1.9142857,87.5,0.48571426,0.48571426,0.51428574,10.528571,3.4571428,0.00092726946,0.018909678,9.956814e-06,5.0626695e-06,0.00031507388,True
1994-01-24,5.54,23.6,4.0285716,5.657143,1.8000001,88.5,0.5428571,0.5428571,0.4857143,10.5,3.0142858,0.0003354028,0.018589675,7.35124e-05,0.00031643547,8.940697e-07,True
1994-01-31,5.57,52.0,5.014286,7.3857145,2.0285716,85.35714,1.042857,1.042857,0.8,11.071428,3.9571428,0.0023697093,0.019123115,2.5987625e-05,0.00021556765,0.00022328272,True
1994-02-07,5.63,5.0,2.3857143,4.2428575,0.42857143,85.40001,0.5285714,0.5285714,0.55714285,10.314285,2.4571428,0.000118762255,0.019443557,0.0003063168,0.0005461015,0.00090663135,True
1994-02-14,5.67,9.8,-0.18571432,2.6571429,-2.6285717,77.51429,0.29999998,0.29999998,0.67142856,10.285714,1.2142857,0.00011576712,0.018819079,0.00018629574,0.00031460635,0.00021374226,True
1994-02-21,5.73,0.1,-4.114286,0.4571429,-8.414286,69.700005,0.3142857,0.3142857,0.7428571,10.142858,-1.4857143,4.917383e-07,0.017562665,0.00022096293,1.4508143e-05,0.00027011335,True
1994-02-28,5.77,19.9,0.88571423,4.714286,-3.7714288,87.557144,0.2857143,0.2857143,0.4857143,10.285714,0.114285715,0.00016475469,0.01598046,0.00039291382,0.0006095059,0.0002823025,True
1994-03-07,5.82,14.3,5.6,8.742857,2.357143,85.12858,0.87142855,0.87142855,0.9285714,10.757143,3.642857,0.00036376715,0.014421016,7.765634e-06,4.29824e-05,2.1532178e-06,True
1994-03-14,5.83,24.3,6.657143,10.1285715,3.6000001,84.457146,1.1714286,1.1428572,1.0714285,10.3714285,6.1714287,0.00025576353,0.01319401,-7.345365000000001e-25,5.5879354e-09,0.0,True
1994-03-21,5.91,33.3,3.2142856,6.6714287,1.1857144,85.71429,1.3142859,1.3142859,1.0,10.814285,4.4857144,0.001126647,0.012160793,0.00065859157,0.0025968999,0.004243944,True
1994-03-28,5.98,32.7,6.5285716,9.599999,3.1285713,81.01429,1.3714286,1.3571428,1.3571428,10.7,6.1285715,0.001601316,0.011557952,0.000224613,0.0016986411,0.0,True
1994-04-04,6.01,25.2,7.7285714,11.771429,4.214286,80.9,1.8428571,1.8285714,1.6142857,10.457143,8.014286,0.0007838011,0.011209577,4.7615595e-05,0.00042483583,0.0007523596,True
1994-04-11,6.03,20.8,5.3428574,9.542857,1.6999999,81.78571,1.5142857,1.5142857,1.5142858,10.657143,6.9714284,0.00045090914,0.011289336,6.453764e-05,0.00034139492,1.4901161e-08,True
1994-04-18,6.11,2.6,6.428571,9.585715,3.6571429,78.38572,1.6857144,1.542857,1.7142857,9.8714285,8.285714,7.665157e-05,0.011635743,-7.345365000000001e-25,2.5890768e-07,0.0,True
1994-04-25,6.15,4.4,10.985715,16.385715,4.542857,71.02857,2.3285716,1.9714288,2.5571427,9.114285,12.085714,0.00014717877,0.0113047585,-7.345365000000001e-25,0.0,0.0,True
1994-05-02,6.2,2.2,11.400001,15.814286,7.785714,76.84286,1.9714286,1.5142858,2.2714286,8.5,13.557143,1.1250377e-05,0.01068446,-7.345365000000001e-25,1.1175871e-08,0.0,True
1994-05-09,6.24,20.7,11.571428,15.6285715,7.571429,80.17143,2.2571428,1.942857,2.2857144,8.314285,12.971429,0.0002795905,0.009899333,-7.345365000000001e-25,7.450581e-09,0.0,True
1994-05-16,6.29,22.9,13.885715,19.228573,8.885715,75.71429,3.185714,2.5714285,3.2714286,7.9857144,15.928572,0.00021283329,0.009052612,-7.345365000000001e-25,1.1175871e-08,0.0,True
1994-05-23,6.32,12.999999,12.371429,16.171429,8.614286,85.557144,2.1000001,1.8428572,2.2,7.9142857,14.9,0.00033391267,0.008250669,-7.345365000000001e-25,1.1175871e-08,0.0,True
1994-05-30,6.34,2.1,10.885715,15.014287,6.8857145,76.200005,2.2857144,1.8571428,2.5857143,7.571429,14.457143,4.7028065e-05,0.007567808,-7.345365000000001e-25,0.0,0.0,True
1994-06-06,6.36,21.8,13.271429,18.428572,8.728572,76.685715,2.8285713,2.4285715,2.8714287,7.385714,15.071428,0.0002451539,0.006920524,-7.345365000000001e-25,1.1175871e-08,0.0,True
1994-06-13,6.38,14.0,12.571428,16.628572,8.900001,81.4,2.4857142,2.142857,2.6285713,7.7714286,15.228572,0.00023211539,0.0063486397,-7.345365000000001e-25,7.450581e-09,0.0,True
1994-06-20,6.38,27.5,13.5,17.47143,9.057143,75.471436,2.6142857,1.9857142,2.7714286,7.0285716,15.957143,6.540865e-05,0.0058202147,-7.345365000000001e-25,1.1175871e-08,0.0,True
1994-06-27,6.39,4.6,17.142857,22.242857,11.614286,71.071434,3.885714,2.8428571,3.9428573,6.385714,19.557142,5.786866e-05,0.005329348,-7.345365000000001e-25,1.4901161e-08,0.0,True
1994-07-04,6.4,22.8,19.97143,26.714285,13.485715,71.71429,4.285714,2.1714284,4.4714284,5.7,23.214285,0.0059728324,0.0048040748,-7.345365000000001e-25,1.4901161e-08,0.0,True
1994-07-11,6.36,31.099998,17.985714,22.6,13.400001,76.94286,3.1285713,2.4285715,3.5142858,7.0571427,21.414286,0.0072482526,0.0046495646,-7.345365000000001e-25,7.450581e-09,0.0,True
1994-07-18,6.34,0.1,20.414288,25.542858,15.571428,69.84286,4.342857,2.8714283,4.5142856,6.042857,24.528572,5.2899122e-05,0.004108414,-7.345365000000001e-25,1.1175871e-08,0.0,True
1994-07-25,6.32,3.1,22.100002,29.185715,15.014287,62.97143,4.7285714,1.5857142,5.057143,5.2,25.314285,3.4719706e-06,0.0038051978,-7.345365000000001e-25,1.1175871e-08,0.0,True
1994-08-01,6.29,6.5,22.942858,29.385714,17.914286,74.74286,3.7428572,1.5428572,4.2,5.071429,25.471428,0.00012625754,0.003478475,-7.345365000000001e-25,1.8626451e-08,0.0,True
1994-08-08,6.23,0.0,20.857143,27.085714,15.428572,68.97143,3.9857142,0.8,4.357143,4.785714,24.9,5.90086e-06,0.0031715035,-7.345365000000001e-25,1.1175871e-08,0.0,True
1994-08-15,6.2,43.5,16.171429,21.0,12.514287,76.51429,2.857143,1.7142857,2.9857142,5.2285714,19.171429,0.00018757582,0.0029043034,-7.345365000000001e-25,1.4901161e-08,0.0,True
1994-08-22,6.18,10.2,15.228572,20.485716,9.7,79.314285,2.3,1.8142855,2.5142858,5.9714284,17.571428,4.8041344e-05,0.0026907474,-7.345365000000001e-25,1.3038516e-08,0.0,True
1994-08-29,6.15,20.3,16.1,20.800001,12.67143,82.01429,2.1857142,1.9571428,2.3285713,6.1857142,17.8,0.0001578182,0.0025031567,-7.345365000000001e-25,1.6763806e-08,0.0,True
1994-09-05,6.19,27.3,14.942858,19.214285,11.3714285,85.07143,1.8428571,1.6571429,1.8428572,6.7714286,16.414286,0.00026513636,0.0023467243,-7.345365000000001e-25,1.8626451e-08,0.0,True
1994-09-12,6.11,38.2,13.242858,17.4,9.885715,84.24286,1.6999998,1.7,1.7142857,8.442857,14.185715,0.0003605038,0.0022172034,-7.345365000000001e-25,1.4901161e-08,0.0,True
1994-09-19,6.09,71.3,12.514285,16.0,10.1,87.78571,1.3571427,1.3428571,1.3857143,10.614285,13.057143,0.0048668236,0.0024849698,-7.345365000000001e-25,1.4901161e-08,0.0,True
1994-09-26,6.06,2.6,12.571428,17.87143,8.5,85.17143,1.2571429,1.1571429,1.5,10.1,14.471429,2.3595989e-05,0.00209748,-7.345365000000001e-25,5.5879354e-09,0.0,True
1994-10-03,6.05,6.5,11.728571,15.285714,8.442858,82.51429,1.1,1.0142857,1.3285714,9.685715,12.942857,0.0001359731,0.0020787865,-7.345365000000001e-25,1.4901161e-08,0.0,True
1994-10-10,6.02,18.9,7.328572,11.485715,3.757143,83.14286,0.82857144,0.82857144,0.9285714,10.242857,8.342857,5.2817166e-05,0.0020598546,-7.345365000000001e-25,1.8626451e-09,0.0,True
1994-10-17,6.02,0.6,7.5,13.042857,3.2285714,85.0,0.7,0.6,0.6857143,9.928572,9.8,1.5869737e-06,0.0020423904,-7.345365000000001e-25,3.7252903e-09,0.0,True
1994-10-24,5.98,8.9,7.785714,11.657143,3.8,73.14286,0.9428572,0.8714286,1.2857143,9.714286,7.928571,0.000116840005,0.00202059,-7.345365000000001e-25,3.7252903e-09,0.0,True
1994-10-31,5.97,48.4,9.185715,11.457143,6.728572,90.200005,0.75714284,0.75714284,0.62857145,10.528571,8.642858,0.002017483,0.0020894334,-7.345365000000001e-25,1.1175871e-08,0.0,True
1994-11-07,5.94,0.5,8.585714,12.485715,5.3428574,82.8,0.6428571,0.6428571,0.7428571,10.728572,8.085714,4.529208e-05,0.0020322576,-7.345365000000001e-25,1.8626451e-09,0.0,True
1994-11-14,5.92,19.0,7.3142858,9.314286,4.8428574,88.471436,0.44285712,0.4571429,0.54285717,10.3714285,7.285714,0.00024352968,0.0021134466,-7.345365000000001e-25,7.450581e-09,0.0,True
1994-11-21,5.9,26.8,7.9714284,11.557143,5.014286,89.91429,0.6857143,0.6857143,0.55714285,11.071428,7.9,0.0004948303,0.0022216588,-7.345365000000001e-25,5.5879354e-09,0.0,True
1994-11-28,5.89,8.4,8.114286,10.2,5.1857142,92.314285,0.2857143,0.2857143,0.31428573,10.485714,7.5571427,0.0001989901,0.002489373,-7.345365000000001e-25,7.450581e-09,0.0,True
1994-12-05,5.89,5.8999996,5.6,8.157143,2.3428574,90.25715,0.2857143,0.2857143,0.31428573,10.3,4.6285715,9.095669e-05,0.0028211474,-7.345365000000001e-25,1.8626451e-09,0.0,True
1994-12-12,5.87,29.0,8.1,10.471429,5.4000006,85.32857,0.7285715,0.7285715,0.7285714,10.842857,6.542857,0.00038927794,0.003120862,-7.345365000000001e-25,9.313226e-09,0.0,True
1994-12-19,5.88,12.9,3.3,5.957143,0.8714286,88.72858,0.3571429,0.3571429,0.3285714,10.6,3.3428571,0.00010088086,0.0034878403,1.9868214e-07,1.1883676e-06,1.1883676e-06,True
1994-12-26,5.89,17.3,-0.34285715,1.4714286,-2.2571428,93.90001,0.114285715,0.114285715,0.1,10.314285,0.7714286,5.581975e-05,0.0038267225,3.9259594e-05,3.574416e-05,0.000119537115,True
1995-01-02,5.88,53.2,5.328572,7.914286,2.9857144,88.21429,0.88,0.88,0.5428571,11.46,5.22,0.0022539645,0.005023882,0.00028042565,0.00071720034,0.0019969828,True
1995-01-09,5.9,22.8,-3.9285715,-1.957143,-6.871429,89.07143,0.071428575,0.071428575,0.12857144,10.7,-1.1714286,0.0005773753,0.0062076002,0.0013459921,0.0008575842,6.73756e-05,True
1995-01-16,5.95,10.3,3.1714287,5.042857,0.85714287,87.0,0.5714286,0.5714286,0.42857143,10.728572,0.9714286,0.0001360774,0.007291153,0.00038534118,0.0009207707,0.00029090047,True
1995-01-23,5.97,44.6,4.8,7.2428575,2.357143,81.11428,0.9142857,0.9142857,0.74285716,10.714286,3.057143,0.0032818168,0.0086994395,6.630307e-05,0.00038847513,0.00060030445,True
1995-01-30,5.97,46.7,4.7000003,7.2428575,1.757143,86.700005,0.7571429,0.7571429,0.51428574,11.557143,3.7285714,0.003898248,0.013872623,0.0016927038,0.011290895,0.011099596,True
1995-02-06,5.99,24.800001,5.3857145,7.7285714,2.2428572,86.61428,0.5714286,0.5714286,0.5714286,10.842857,4.2285714,0.001438871,0.020760022,0.00017555554,0.0012745783,0.0009415075,True
1995-02-13,6.16,37.6,4.157143,7.085715,1.0857142,85.14286,0.8000001,0.8000001,0.6571428,10.557143,4.0285716,0.0005172789,0.022087187,0.00029361248,0.001924675,0.0018636249,True
1995-02-20,6.19,37.3,6.457143,9.328572,4.3428574,80.8,1.3142856,1.3,1.0142857,10.885715,5.8,0.0012090355,0.021253698,6.471361e-07,9.529293e-06,0.0,True
1995-02-27,6.21,15.299999,3.6000001,6.8285713,0.9714286,84.92857,0.75714284,0.75714284,0.8,10.542857,3.7714286,0.00025527924,0.02079317,0.0001094398,0.00036522374,0.0006586015,True
1995-03-06,6.35,22.2,3.9857144,6.642857,1.5428572,82.6,1.1285714,1.1285714,0.9714286,10.4,4.0,0.0003722459,0.019900478,0.0016108694,0.0055265445,0.007909853,True
1995-03-13,6.39,4.7,4.5571427,9.585715,0.51428574,71.54286,1.4714286,1.3571428,1.5142858,10.171429,4.9142857,0.00010950863,0.018557727,0.0010717199,0.0033417363,0.0009847879,True
1995-03-20,6.44,28.1,3.4,7.057143,0.7571429,78.92857,1.4142857,1.3857143,1.3142856,10.114285,4.3142858,0.00041371584,0.016977586,0.0008900506,0.004038768,0.0040781796,True
1995-03-27,6.54,24.0,4.857143,8.928572,1.2285715,77.85714,1.5142858,1.4857142,1.4285715,10.157143,5.6714287,0.00039489567,0.015456773,0.00011659236,0.00021577254,0.0012512207,True
1995-04-03,6.58,17.7,5.642857,8.957143,2.142857,84.21429,1.1857144,1.1857144,1.3285714,10.528571,5.8285713,0.00027044117,0.014183812,0.0013020436,0.0043605976,0.0036193505,True
1995-04-10,6.63,4.8,6.785714,10.085715,3.4714286,77.21429,1.4571428,1.3857144,1.6714286,9.914286,7.857143,0.00011207163,0.01314339,-7.345365000000001e-25,2.0116568e-07,0.0,True
1995-04-17,6.68,20.699999,6.9714284,10.3714285,4.5142856,84.34286,1.4,1.2571429,1.5428572,9.685715,8.985714,0.00021417439,0.012064993,-7.345365000000001e-25,0.0,0.0,True
1995-04-24,6.7,6.5,9.0,13.971429,3.557143,75.08572,2.2999997,2.1,2.3714287,9.885715,10.514286,0.00022445619,0.01103124,-7.345365000000001e-25,7.450581e-09,0.0,True
1995-05-01,6.72,0.2,10.042857,14.599999,5.785714,70.98572,2.357143,1.8142856,2.6142857,8.885715,13.028571,3.8146973e-06,0.010001712,-7.345365000000001e-25,3.7252903e-09,0.0,True
1995-05-08,6.76,4.6,13.900001,20.485716,6.6714287,65.78571,3.2,2.385714,3.3857143,7.8142858,16.985714,3.20822e-05,0.008934855,-7.345365000000001e-25,3.7252903e-09,0.0,True
1995-05-15,6.78,4.2,8.0,11.5,4.3857145,75.299995,2.2428572,1.6999999,2.2857144,7.1857142,11.671429,9.4264746e-05,0.007963315,-7.345365000000001e-25,0.0,0.0,True
1995-05-22,6.79,13.300001,8.357142,12.800001,3.0714285,75.52857,2.3857143,1.8714286,2.2571428,7.3428574,12.085714,0.00017312169,0.007129401,-7.345365000000001e-25,0.0,0.0,True
1995-05-29,6.8,20.4,15.928572,21.242857,11.028572,76.88572,2.9428573,2.4714284,3.1142857,7.2,18.185715,0.00057549775,0.0063548237,-7.345365000000001e-25,3.7252903e-09,0.0,True
1995-06-05,6.79,6.7000003,13.642858,17.757143,9.085714,80.64286,2.2999997,1.9142857,2.642857,7.7714286,16.742857,0.00016367435,0.005715266,-7.345365000000001e-25,3.7252903e-09,0.0,True
1995-06-12,6.77,28.099998,11.400001,14.800001,8.685715,86.85714,2.1571429,1.9857142,2.1571429,8.642858,13.714286,0.0010511279,0.0052197054,-7.345365000000001e-25,1.4901161e-08,0.0,True
1995-06-19,6.73,40.1,12.728572,15.657144,9.314285,86.64286,2.2857144,2.1857145,2.1857142,9.6,14.657143,0.00025707483,0.004870288,-7.345365000000001e-25,2.2351742e-08,0.0,True
1995-06-26,6.7,0.8,16.157145,21.028574,10.414286,78.52857,3.2285714,2.5285716,3.3714283,8.785714,19.157143,1.5899539e-05,0.004563503,-7.345365000000001e-25,1.4901161e-08,0.0,True
1995-07-03,6.7,3.4,17.47143,23.4,11.400001,73.700005,3.8285713,2.6571429,4.142857,7.3142858,22.085714,5.787611e-05,0.0042035133,-7.345365000000001e-25,1.4901161e-08,0.0,True
1995-07-10,6.64,0.1,18.800001,24.242859,13.042857,74.700005,3.7857144,1.8000001,4.3714285,6.5857143,21.457144,3.646314e-05,0.0038613975,-7.345365000000001e-25,1.8626451e-08,0.0,True
1995-07-17,6.62,43.699997,19.97143,25.928572,15.528572,80.25714,3.642857,2.2285714,4.157143,6.542857,23.328571,0.00044324994,0.0035071,-7.345365000000001e-25,1.4901161e-08,0.0,True
1995-07-24,6.59,21.5,19.242859,24.357143,14.428572,78.27143,3.3714283,2.4857142,3.6857142,6.9,22.2,0.0037507564,0.0032396019,-7.345365000000001e-25,1.4901161e-08,0.0,True
1995-07-31,6.57,0.5,21.128572,26.728573,15.17143,69.8,4.0285716,2.5,4.5571427,6.457143,23.885714,6.200373e-05,0.0029893517,-7.345365000000001e-25,1.4901161e-08,0.0,True
1995-08-07,6.54,0.0,19.742857,25.542858,14.657144,69.8,3.8714287,1.2285715,4.1857142,5.6,24.142857,1.3560057e-06,0.002739288,-7.345365000000001e-25,1.6763806e-08,0.0,True
1995-08-14,6.52,0.2,19.042858,25.942858,11.685715,69.700005,3.7,0.6571428,3.957143,5.3142858,22.842857,6.6161156e-06,0.002504833,-7.345365000000001e-25,1.4901161e-08,0.0,True
1995-08-21,6.5,0.0,19.957144,26.314287,14.214286,76.41429,3.085714,0.4571429,3.6857142,5.1285715,23.185715,4.693866e-06,0.0022929534,-7.345365000000001e-25,2.0489097e-08,0.0,True
1995-08-28,6.49,69.9,17.185715,23.085714,13.657143,79.77143,2.7428572,1.8571428,2.957143,5.8285713,19.914286,0.00021097064,0.0021005943,-7.345365000000001e-25,1.3038516e-08,0.0,True
1995-09-04,6.39,35.1,13.5,17.114286,10.457144,83.52857,2.1285713,1.7285715,2.0571427,6.5857143,16.171429,0.00030891597,0.0019615442,-7.345365000000001e-25,5.5879354e-09,0.0,True
1995-09-11,6.39,15.900001,15.528572,19.7,12.2,82.52857,1.8857143,1.7571429,2.0285714,7.8714285,16.042856,0.00037877262,0.0018448681,-7.345365000000001e-25,1.8626451e-08,0.0,True
1995-09-18,6.39,19.1,14.942858,19.614286,11.242858,82.98572,1.5428572,1.4571428,1.8714286,9.014286,16.37143,0.0004762113,0.0017548054,-7.345365000000001e-25,7.450581e-09,0.0,True
1995-09-25,6.39,2.8,13.385715,17.47143,9.800001,84.22857,1.3,1.1,1.6571429,8.585714,15.114285,3.2797456e-05,0.001687549,-7.345365000000001e-25,7.450581e-09,0.0,True
1995-10-02,6.37,47.8,9.314285,13.328572,5.871429,86.27143,1.4285715,1.4142858,1.2714285,10.1,10.228572,0.0009636134,0.0016387552,-7.345365000000001e-25,7.450581e-09,0.0,True
1995-10-09,6.35,3.5,15.114286,19.957144,11.385715,85.65715,1.0571429,1.0142857,1.3714286,10.042857,14.771428,0.00010344386,0.0016045049,-7.345365000000001e-25,1.3038516e-08,0.0,True
1995-10-16,6.32,0.1,14.8714285,18.571428,11.7,89.5,0.62857145,0.5428572,0.82857144,9.714286,15.485714,1.3284385e-05,0.0015762895,-7.345365000000001e-25,3.7252903e-09,0.0,True
1995-10-23,6.3,3.2,10.028571,14.314286,5.928571,81.37144,0.8571428,0.7714286,0.95714283,9.528571,11.1,3.413856e-05,0.0015506446,-7.345365000000001e-25,1.1175871e-08,0.0,True
1995-10-30,6.28,2.5,10.228571,15.471429,6.1857142,82.700005,0.7142858,0.6285715,0.8142857,9.4,10.257143,3.71933e-05,0.0015258193,-7.345365000000001e-25,1.1175871e-08,0.0,True
1995-11-06,6.27,17.0,4.714286,8.828572,-0.071428545,79.6,0.68571424,0.6571428,0.7285714,9.842857,5.0285716,0.00015059859,0.0015056804,2.8950828e-07,5.438924e-07,7.972121e-07,True
1995-11-13,6.24,8.0,7.9857144,10.414286,5.928571,90.38572,0.37142858,0.3571429,0.5,9.914286,6.9857144,9.840727e-05,0.0014878958,-7.345365000000001e-25,2.2538006e-07,0.0,True
1995-11-20,6.21,34.0,4.5142856,7.928571,1.7428571,89.12858,0.5,0.5,0.3857143,10.214286,4.542857,0.000163652,0.0014737248,4.8626036e-05,0.00021119788,0.00025343522,True
1995-11-27,6.19,1.2,5.4,8.157143,2.4,82.78571,0.34285715,0.3,0.45714286,10.228572,3.8714285,1.385808e-06,0.0014622957,1.4021283e-05,4.538335e-05,0.0,True
1995-12-04,6.16,0.5,-0.028571466,1.7714287,-1.6857144,89.25714,0.12857144,0.12857144,0.31428573,10.114285,1.4,1.527369e-06,0.0014539734,1.171657e-05,1.359731e-06,0.0001745224,True
1995-12-11,6.14,0.2,-2.2428572,-0.11428567,-4.5285716,87.38572,0.042857144,0.028571429,0.29999998,10.057143,-0.9142857,5.2005053e-06,0.001447849,0.00041299206,0.0003020279,0.00049109384,True
1995-12-18,6.12,0.3,-1.3428572,0.34285715,-2.7857144,90.58572,0.071428575,0.057142857,0.18571429,10.0,-1.0,5.0514936e-06,0.0014423281,0.00040285927,5.5395067e-05,0.0002181679,True
1995-12-25,6.11,21.2,0.14285716,3.6857145,-3.1714287,92.185715,0.11428572,0.11428572,0.15714286,10.571428,-0.55714285,0.000662446,0.0014368817,0.00044507073,0.00058785826,0.0023228526,True
1996-01-01,6.09,0.0,-6.1714287,-3.5142858,-8.814286,84.74286,0.0,0.0,0.15714286,10.4,-2.7166667,6.16163e-06,0.001435779,0.002522883,0.0,0.0005338825,True
1996-01-08,6.07,2.8,-2.2714286,0.07142864,-4.9428573,87.042854,0.057142857,0.057142857,0.22857143,10.285714,-1.7428571,6.698817e-05,0.0014405623,0.0021363667,0.001618335,3.2838434e-05,True
1996-01-15,6.05,0.8,3.4857144,6.3428574,1.2428571,90.40001,0.2857143,0.27142859,0.24285714,10.171429,0.55714285,0.00011666864,0.0014486164,0.00020058382,0.00083855353,5.8859587e-06,True
1996-01-22,6.0,0.0,-2.142857,-0.7285715,-3.114286,86.94286,0.028571429,0.014285714,0.34285715,10.1,-0.6857143,5.930662e-06,0.0014670417,7.060028e-05,1.0795891e-05,0.00011173636,True
1996-01-29,5.97,3.6,-6.371429,-3.8,-8.742857,68.442856,0.0,0.0,0.6,10.1,-3.9,1.0430813e-07,0.001489982,0.001966817,0.0,0.0044274256,True
1996-02-05,5.96,3.4,-3.8285713,-0.7714286,-7.414286,85.14286,0.042857144,0.042857144,0.3,10.142858,-2.3285713,1.5422702e-06,0.0015107244,0.004673379,6.1443076e-05,0.0026162192,True
1996-02-12,5.95,17.5,-4.914286,-2.3428574,-8.457143,79.87144,0.12857142,0.12857142,0.3857143,10.228572,-2.6285715,0.0003207177,0.0015273169,0.005602956,0.0044214483,0.0045953616,True
1996-02-19,5.92,29.099998,1.0857142,3.0285716,-0.5714286,89.92857,0.41428572,0.41428572,0.47142857,10.842857,0.22857143,0.00040026754,0.0015464649,0.0052789054,0.009049896,0.009766728,True
1996-02-26,5.91,2.4,-0.45714283,2.457143,-3.3428574,79.042854,0.35714287,0.34285715,0.67142856,10.5,0.25714287,0.0002040714,0.0016191453,0.005664973,0.0061711054,0.0022356287,True
1996-03-04,5.87,0.90000004,0.40000004,4.428571,-2.6000001,85.92857,0.44285712,0.4285714,0.55714285,10.171429,0.87142855,2.7492642e-05,0.0017395988,0.00050241605,0.00063348375,0.0013146251,True
1996-03-11,5.84,0.70000005,0.8428572,4.2714286,-1.3571428,73.28571,0.8714285,0.7714286,1.1714286,9.914286,1.1857142,2.6971102e-05,0.0018668324,0.0005717107,0.0010537598,0.0001402013,True
1996-03-18,5.8,0.0,0.35714287,3.2142856,-2.1571429,77.54286,0.6,0.48571426,1.0428572,9.6,1.1714286,4.120171e-06,0.001963988,0.00023950281,0.00021977723,6.251037e-05,True
1996-03-25,5.79,7.1,4.5285716,9.371429,1.1142857,84.48572,0.85714287,0.7428571,0.9857143,9.3714285,4.0285716,9.88096e-05,0.0020236447,2.1179518e-05,9.9813566e-05,5.107373e-06,True
1996-04-01,5.77,3.0,0.71428573,5.6714287,-2.5285716,77.12858,1.0714285,0.9571429,1.1999999,9.142858,3.1857142,4.5657158e-05,0.0020488873,0.00012820675,0.00023698434,0.0008232407,True
1996-04-08,5.74,0.0,4.914286,10.257143,-0.88571423,74.84286,1.5714285,1.2,1.6714286,8.6285715,6.257143,2.1725893e-05,0.0020457357,0.000252332,0.0008584969,0.00037210807,True
1996-04-15,5.73,4.8999996,5.471429,10.614286,-0.4,73.6,1.6571429,1.3285714,1.6714286,8.328571,7.885714,0.000147596,0.0020234808,2.333096e-06,1.0566786e-05,1.05425715e-05,True
1996-04-22,5.71,0.0,14.728572,22.157145,6.657143,49.7,3.4714286,2.4428573,3.7571428,7.4714284,14.014286,2.8312206e-07,0.0019766241,-7.345365000000001e-25,6.5378845e-07,0.0,True
1996-04-29,5.69,5.1,10.5,15.800001,6.571429,75.92857,2.2,1.3285714,2.4714284,6.6714287,13.528571,4.630536e-05,0.0019111708,-7.345365000000001e-25,3.7252903e-09,0.0,True
1996-05-06,5.67,16.199999,8.3,12.585714,3.6571429,73.62858,1.9857142,1.1285714,2.2,6.457143,11.071428,0.000106066465,0.001855202,-7.345365000000001e-25,0.0,0.0,True
1996-05-13,5.65,5.0,7.7571425,10.957143,4.4714284,79.52857,1.8285713,0.9571429,1.9,6.2,10.414286,5.3063035e-05,0.0017907023,-7.345365000000001e-25,3.7252903e-09,0.0,True
1996-05-20,5.63,28.9,9.514285,13.842857,5.9,80.4,1.8571428,1.2571429,2.0714285,6.3142858,11.6,0.00020112097,0.0017341822,-7.345365000000001e-25,3.7252903e-09,0.0,True
1996-05-27,5.59,23.0,11.842857,16.428572,7.7428575,82.42857,2.2142856,1.9428571,2.2857144,6.8428574,13.814285,0.00038968027,0.0016718581,-7.345365000000001e-25,1.4901161e-08,0.0,True
1996-06-03,5.57,1.0,14.271429,18.671429,9.771429,73.8,2.6,2.085714,3.0,6.8428574,16.071428,2.2247434e-05,0.001614958,-7.345365000000001e-25,3.7252903e-09,0.0,True
1996-06-10,5.55,46.1,19.985716,26.385715,13.457144,69.78571,3.9714284,2.642857,4.457143,6.042857,22.0,3.7148595e-05,0.0015398934,-7.345365000000001e-25,1.1175871e-08,0.0,True
1996-06-17,5.55,0.0,14.442858,19.514286,9.571428,71.61429,3.357143,1.6285714,3.6571429,5.5142856,18.914286,5.930662e-06,0.001453951,-7.345365000000001e-25,3.7252903e-09,0.0,True
1996-06-24,5.54,11.6,11.542857,14.371429,9.1285715,79.51429,2.1142857,1.1,2.3142855,5.242857,14.442857,5.275011e-05,0.0013808385,-7.345365000000001e-25,7.450581e-09,0.0,True
1996-07-01,5.52,23.4,12.985715,16.52857,10.17143,82.38572,2.0571427,1.3285713,2.1142857,5.242857,15.157143,0.00013247132,0.0013196766,-7.345365000000001e-25,1.4901161e-08,0.0,True
1996-07-08,5.5,16.4,14.157144,18.014286,10.457143,78.91429,2.8571432,2.4714284,2.7714286,5.9428573,16.528572,0.00031407177,0.0012645349,-7.345365000000001e-25,1.1175871e-08,0.0,True
1996-07-15,5.48,0.7,15.757143,20.057144,12.428572,79.942856,2.4428573,1.6714287,2.9428573,5.5142856,17.671429,2.9072165e-05,0.0012069345,-7.345365000000001e-25,7.450581e-09,0.0,True
1996-07-22,5.46,0.0,16.185715,21.214285,10.7,65.9,3.5285716,1.2857143,3.8428571,4.8428574,19.471428,2.5182962e-06,0.0011440217,-7.345365000000001e-25,7.450581e-09,0.0,True
1996-07-29,5.44,12.3,16.957144,22.2,13.014287,78.457146,2.7142856,2.0285716,2.857143,5.142857,19.385714,0.0001026839,0.0010753796,-7.345365000000001e-25,1.4901161e-08,0.0,True
1996-08-05,5.42,0.2,16.214285,21.385714,11.028571,77.5,2.7285714,1.2714285,3.1285717,4.7714286,19.685715,2.925098e-05,0.0010230914,-7.345365000000001e-25,1.1175871e-08,0.0,True
1996-08-12,5.4,44.7,19.014286,24.685715,13.985715,73.299995,3.0571427,1.8285714,3.5285716,4.928571,20.814285,0.00033327937,0.0009638369,-7.345365000000001e-25,1.4901161e-08,0.0,True
1996-08-19,5.38,0.0,18.085714,23.085714,14.099999,79.71429,2.542857,1.4571428,3.0571427,5.5571427,20.828571,0.00031340122,0.0009172559,-7.345365000000001e-25,1.1175871e-08,0.0,True
1996-08-26,5.37,3.3,19.014286,25.257143,14.485715,72.92857,2.9714284,1.5857142,3.5714285,4.928571,21.342857,0.00010107458,0.00086800754,-7.345365000000001e-25,1.1175871e-08,0.0,True
1996-09-02,5.35,68.5,14.228572,18.34286,11.0,84.61428,1.8142859,1.642857,1.9428571,7.4,16.471428,0.0017349422,0.0008324459,-7.345365000000001e-25,9.313226e-09,0.0,True
1996-09-09,5.32,0.8,12.442857,18.242857,7.457143,79.48572,1.9285715,1.5,2.1285713,7.4857144,16.042856,1.2740493e-05,0.00080341846,-7.345365000000001e-25,0.0,0.0,True
1996-09-16,5.3,41.5,11.542857,15.957143,7.914286,83.44286,1.557143,1.4428571,1.6428572,7.742857,13.442857,0.00013494492,0.00077849627,-7.345365000000001e-25,7.450581e-09,0.0,True
1996-09-23,5.29,0.0,10.385714,14.857142,6.5428576,76.457146,1.3714286,1.1142857,1.8714285,7.5285716,12.257143,2.451241e-06,0.0007558018,-7.345365000000001e-25,1.8626451e-09,0.0,True
1996-09-30,5.27,35.0,12.2,16.342857,8.7,87.25714,1.1,0.9714286,1.1571429,7.757143,13.0,0.0002901554,0.0007360056,-7.345365000000001e-25,1.6763806e-08,0.0,True
1996-10-07,5.25,7.7,9.67143,14.914286,6.2571425,83.75715,0.9285714,0.90000004,1.1571429,8.828571,11.014286,0.00018009543,0.0007210076,-7.345365000000001e-25,5.5879354e-09,0.0,True
1996-10-14,5.23,0.7,10.742857,15.67143,6.4857144,85.957146,0.6857143,0.5714286,0.84285706,8.442857,11.1285715,1.168251e-05,0.0007089004,-7.345365000000001e-25,5.5879354e-09,0.0,True
1996-10-21,5.21,18.7,10.414286,14.528572,7.0428576,88.557144,0.6857143,0.62857145,0.71428573,8.6,10.8714285,0.0003260076,0.0006987378,-7.345365000000001e-25,5.5879354e-09,0.0,True
1996-10-28,5.19,13.9,9.428572,13.228572,6.2714286,86.84286,0.6714286,0.65714294,0.7571429,9.1285715,9.2,0.00018759072,0.00069078803,-7.345365000000001e-25,1.1175871e-08,0.0,True
1996-11-04,5.18,17.0,11.285714,12.757143,9.442857,87.84286,1.1000001,1.0857145,0.94285715,9.842857,10.285714,0.0003119111,0.0006862059,-7.345365000000001e-25,1.6763806e-08,0.0,True
1996-11-11,5.16,43.2,6.9857144,10.099999,4.214286,86.75714,1.0142857,1.0142857,0.7285714,10.771428,7.071429,0.0004311949,0.0006904751,-7.345365000000001e-25,3.7252903e-09,0.0,True
1996-11-18,5.14,6.2,3.0428574,6.2000003,0.7714286,87.41429,0.25714287,0.25714287,0.24285714,10.5,3.357143,0.00016379356,0.00071709603,7.5743315e-05,0.00022868998,0.00049446523,True
1996-11-25,5.13,29.7,2.8428571,5.2714286,0.95714283,89.71429,0.48571426,0.48571426,0.4,10.7,2.6714287,0.00034507364,0.0007681027,0.0010273173,0.0019770414,0.011084747,True
1996-12-02,5.1,19.0,2.6714287,3.9285715,0.8,89.64286,0.35714287,0.35714287,0.37142855,10.942857,1.4571428,0.0007644743,0.0008490458,0.008120718,0.015722254,0.0073561706,True
1996-12-09,5.08,12.1,3.1285717,4.9857144,1.5,92.04286,0.21428573,0.21428573,0.25714284,10.957143,2.857143,0.0003261268,0.0010525361,0.00020880926,0.0014304221,1.3157725e-05,True
1996-12-16,5.07,6.8999996,1.057143,2.6142857,-1.1428572,91.08572,0.17142858,0.17142858,0.27142859,10.3,0.37142858,4.2304397e-05,0.0013552606,0.00042904558,0.00096171163,0.0010578185,True
1996-12-23,5.07,9.0,-0.8857144,1.8142859,-2.8,81.8,0.12857144,0.12857144,0.34285715,10.4,0.42857143,0.00019212067,0.0015957952,0.002114841,0.00013338774,0.0038032904,True
1996-12-30,5.06,1.7,-5.3285713,-2.3285716,-8.728572,83.34286,0.0,0.0,0.14285715,10.3,-3.2428572,3.0174851e-06,0.0018056557,0.0035336132,1.2170523e-05,0.0020452105,True
1997-01-06,5.05,0.0,-8.485715,-5.8142858,-11.528572,79.22858,0.0,0.0,0.25714284,10.3,-3.7,1.6391277e-07,0.001979366,0.004702415,0.0,0.000119276345,True
1997-01-13,5.04,0.0,-3.3428571,-1.6,-6.1285715,87.24286,0.057142857,0.057142857,0.2,10.271428,-3.3,4.527718e-05,0.0021080673,0.0044026943,0.0020452198,0.0002751276,True
1997-01-20,5.02,3.1,1.2428571,4.8285713,-1.5428572,84.65714,0.25714287,0.25714287,0.2,10.114285,-0.9714286,7.168949e-05,0.0021966845,0.0016712688,0.0020932667,0.0,True
1997-01-27,5.03,0.6,1.9571428,3.857143,-0.27142859,90.57143,0.17142858,0.17142858,0.24285714,10.042857,0.028571429,4.0084124e-05,0.0022596791,0.00016579742,0.00047668256,4.488975e-06,True
1997-02-03,5.02,0.4,1.3285714,3.642857,-1.0428572,90.28571,0.25714287,0.25714287,0.2857143,9.942857,0.08571429,7.0407987e-06,0.0023086444,2.7741704e-05,6.486848e-05,8.40351e-05,True
1997-02-10,5.02,9.6,4.857143,7.471429,1.9714288,86.57143,0.61428577,0.61428577,0.5714286,10.171429,1.9571428,0.00020240992,0.002344653,0.00019919305,0.0010090284,0.00092548877,True
1997-02-17,5.0,35.7,4.8142858,7.1142855,2.2714286,86.17143,0.7285714,0.7285714,0.7,10.742857,3.2428572,0.00057144463,0.0024059713,9.110996e-06,8.223206e-05,0.00012920797,True
1997-02-24,5.01,21.2,7.6285715,9.957143,5.0,80.185715,1.2142857,1.2142857,1.1428572,10.585714,5.742857,0.0015967637,0.002664283,3.7295479e-06,5.136989e-05,0.0,True
1997-03-03,4.97,20.1,7.228572,10.785714,4.2714286,78.85714,1.4142857,1.4142857,1.2714285,10.528571,6.742857,0.0011550486,0.003373012,-7.345365000000001e-25,1.8626451e-09,0.0,True
1997-03-10,4.97,1.0,6.6714287,12.585715,1.3142856,82.87144,1.0,0.91428566,0.98571426,9.914286,6.742857,1.1913478e-05,0.004276626,-7.345365000000001e-25,1.8626451e-09,0.0,True
1997-03-17,4.96,13.099999,5.6,8.5,3.3714287,91.74286,0.7142857,0.64285713,0.7571429,9.671429,6.614286,0.00012493879,0.004687883,0.00010910488,0.0004558917,0.00077202916,True
1997-03-24,4.97,28.6,3.2571428,6.328572,0.071428575,86.057144,0.90000004,0.90000004,0.8142857,10.271428,4.071429,0.00027549267,0.004814081,0.00045624233,0.0021639671,0.0025631562,True
1997-03-31,4.99,9.0,6.7285714,10.657143,3.5714285,81.01429,1.5285714,1.457143,1.5,10.157143,7.0571427,0.00029055774,0.004858732,0.000102906,0.00073237903,0.0,True
1997-04-07,4.99,13.1,6.2571425,10.971429,1.8428571,75.65715,1.6857141,1.5857142,1.5857143,9.771428,7.5285716,0.00020629168,0.004899651,0.000277207,0.0026669595,0.0028281733,True
1997-04-14,4.99,1.8,7.071429,11.685715,3.0857143,70.814285,1.6999999,1.5,1.8714286,9.342857,8.542857,3.4809113e-05,0.004874766,4.050845e-05,0.0002222266,0.0,True
1997-04-21,5.07,0.0,5.2000003,10.3714285,0.014285735,69.17143,2.1142857,1.6428572,2.1,8.685715,8.9,3.709644e-05,0.004787378,-7.345365000000001e-25,7.264316e-08,0.0,True
1997-04-28,5.07,9.0,8.985715,13.1,3.7714288,73.34286,2.0000002,1.6,2.2714286,8.1285715,9.928572,9.725988e-05,0.004645586,-7.345365000000001e-25,0.0,0.0,True
1997-05-05,5.07,27.400002,11.114286,15.7,7.0285716,85.87144,1.9142858,1.6999999,1.9285715,8.514286,12.828571,0.00089019537,0.004483536,-7.345365000000001e-25,7.450581e-09,0.0,True
1997-05-12,5.09,25.9,9.414286,13.957143,5.328572,78.52857,2.3714287,2.3428571,2.3142858,9.385715,10.985714,0.00039491802,0.0043116733,-7.345365000000001e-25,7.450581e-09,0.0,True
1997-05-19,5.09,28.5,16.557142,21.728573,11.285714,77.84286,2.9428573,2.6285713,3.2714286,9.0,17.985714,0.0019283891,0.0041383356,-7.345365000000001e-25,3.7252903e-09,0.0,True
1997-05-26,5.12,16.2,11.028572,15.157144,6.7571435,78.97143,2.2857144,2.0428572,2.4857142,9.742857,14.457143,0.0003465414,0.0040230155,-7.345365000000001e-25,0.0,0.0,True
1997-06-02,5.12,0.4,12.571428,16.97143,7.6714287,64.64286,3.3857143,2.5714285,3.6714287,8.842857,15.757143,1.1511147e-05,0.003942564,-7.345365000000001e-25,0.0,0.0,True
1997-06-09,5.13,0.9,17.814287,24.042858,11.300001,63.34286,4.357143,3.057143,4.7285714,7.457143,20.528572,0.00015493482,0.003766574,-7.345365000000001e-25,7.450581e-09,0.0,True
1997-06-16,5.14,26.3,16.342857,21.257143,11.971429,76.48572,3.2428572,2.485714,3.4428573,7.285714,19.314285,0.00019076467,0.0035737753,-7.345365000000001e-25,3.7252903e-09,0.0,True
1997-06-23,5.15,36.3,13.614286,18.257143,8.985715,75.01429,3.1857145,2.6,3.1142857,7.2714286,17.242857,0.00051498413,0.0033947155,-7.345365000000001e-25,1.1175871e-08,0.0,True
1997-06-30,5.16,19.0,15.242858,19.47143,11.457144,81.25715,2.6714287,2.414286,2.7142856,7.957143,16.914286,0.004428461,0.003240496,-7.345365000000001e-25,1.1175871e-08,0.0,True
1997-07-07,5.16,1.7,16.042858,20.97143,11.67143,77.52857,3.3142858,2.614286,3.6857142,7.757143,19.957144,0.000105418265,0.003105767,-7.345365000000001e-25,1.8626451e-08,0.0,True
1997-07-14,5.15,10.0,18.77143,24.27143,13.157144,71.61429,3.5857143,2.357143,4.1714287,6.8142858,22.357143,8.8483095e-05,0.002967313,-7.345365000000001e-25,7.450581e-09,0.0,True
1997-07-21,5.15,14.8,17.285715,20.957142,14.185715,85.51429,2.4857142,2.1285715,2.6142857,7.3142858,19.72857,0.00035089254,0.002831526,-7.345365000000001e-25,1.4901161e-08,0.0,True
1997-07-28,5.13,53.7,17.985714,22.585714,14.442858,83.78571,3.0285716,2.5714285,3.1285713,7.5285716,20.814285,0.0005397573,0.002720192,-7.345365000000001e-25,1.4901161e-08,0.0,True
1997-08-04,5.13,27.9,17.171429,21.685715,13.271429,83.48572,2.671429,2.3142858,2.8857143,7.928571,20.057142,0.00032773614,0.0026207566,-7.345365000000001e-25,1.1175871e-08,0.0,True
1997-08-11,5.1,0.0,21.657145,27.714285,14.514285,68.057144,4.2571425,2.8142855,4.714286,7.142857,24.157143,1.0281801e-06,0.0025163144,-7.345365000000001e-25,1.1175871e-08,0.0,True
1997-08-18,5.08,0.3,21.314287,27.914288,15.914286,71.88572,3.4428575,1.557143,3.9714284,6.1571426,24.671429,2.9079616e-05,0.0023789033,-7.345365000000001e-25,1.3038516e-08,0.0,True
1997-08-25,5.06,20.1,21.442858,27.34286,17.1,78.15715,2.857143,1.3142859,3.3142858,5.7285714,24.014286,7.82609e-05,0.002252385,-7.345365000000001e-25,1.1175871e-08,0.0,True
1997-09-01,5.04,83.2,18.185715,22.5,15.142858,83.62858,1.9999999,1.6857144,2.2571428,6.642857,20.257143,0.000600636,0.0021495447,-7.345365000000001e-25,1.1175871e-08,0.0,True
1997-09-08,5.03,5.6,16.114286,20.414288,12.585715,82.77143,1.8571428,1.6857141,2.0571427,7.357143,18.1,0.00024028122,0.0020598024,-7.345365000000001e-25,1.3038516e-08,0.0,True
1997-09-15,5.01,11.1,13.385715,17.671429,9.928572,75.957146,2.0,1.8,2.2142856,7.357143,14.571428,8.763373e-05,0.0019824058,-7.345365000000001e-25,1.1175871e-08,0.0,True
1997-09-22,4.99,0.0,11.242858,17.957144,6.142857,79.02857,1.5714285,1.2714287,1.7428571,7.642857,14.585714,2.875924e-06,0.0019084364,-7.345365000000001e-25,5.5879354e-09,0.0,True
1997-09-29,4.98,2.1,12.114286,17.628572,6.085714,82.957146,1.0142857,0.81428576,1.2857143,7.1571426,14.4,2.1100044e-05,0.0018393472,-7.345365000000001e-25,7.450581e-09,0.0,True
1997-10-06,4.97,7.5,13.085714,16.228573,10.357142,85.34286,1.0142857,0.87142855,1.2571429,6.9714284,13.557143,1.7642975e-05,0.0017774627,-7.345365000000001e-25,1.0244548e-08,0.0,True
1997-10-13,4.95,53.5,11.885714,15.728572,9.114286,85.18572,1.5857143,1.6000001,1.2571429,8.571428,12.214286,0.0005206615,0.0017235801,-7.345365000000001e-25,1.6763806e-08,0.0,True
1997-10-20,4.96,3.7,8.6285715,13.300001,4.357143,84.88572,0.7571429,0.7285715,0.78571427,9.157143,9.557143,6.855279e-05,0.001682967,-7.345365000000001e-25,5.5879354e-09,0.0,True
1997-10-27,4.95,6.8,4.542857,9.357142,1.4142858,81.07143,0.7428571,0.68571424,0.67142856,9.057143,5.8,2.7418137e-05,0.001649946,-7.345365000000001e-25,0.0,0.0,True
1997-11-03,4.95,1.6,2.0714285,7.585714,-2.1000001,81.957146,0.5,0.4142857,0.40000004,8.857142,3.4857142,2.115965e-06,0.0016233921,-7.345365000000001e-25,0.0,0.0,True
1997-11-10,4.94,6.7999997,8.042857,11.614286,4.8142858,85.91429,0.61428577,0.59999996,0.7428571,8.885715,6.428571,0.00012269616,0.0015996248,-7.345365000000001e-25,9.313226e-09,0.0,True
1997-11-17,4.94,3.5,6.4000006,8.857142,4.042857,89.37144,0.32857147,0.29999998,0.3857143,9.114285,6.071429,0.00011219084,0.0015780777,-7.345365000000001e-25,3.7252903e-09,0.0,True
1997-11-24,4.93,0.0,1.6285715,3.7,-0.41428572,85.08572,0.2857143,0.24285717,0.5285714,9.185715,1.9428571,1.4573336e-05,0.0015591905,-7.345365000000001e-25,8.195639e-08,2.2351742e-07,True
1997-12-01,4.91,6.2999997,3.7142856,5.585714,1.6714287,89.34286,0.25714284,0.25714284,0.31428573,9.228572,2.7857144,9.427965e-05,0.0015437156,3.3492134e-07,8.9779496e-07,7.8976154e-07,True
1997-12-08,4.91,8.5,2.1857142,4.2571425,-0.95714283,90.02857,0.25714284,0.25714284,0.29999998,9.657143,1.4571428,9.0532005e-05,0.0015312061,1.0853722e-05,3.468059e-05,3.4485012e-05,True
1997-12-15,4.89,30.9,6.657143,8.714286,4.8857145,87.14286,0.50000006,0.50000006,0.4857143,10.785714,5.642857,0.0007368922,0.0015229136,6.81196e-08,9.760261e-07,2.1606684e-06,True
1997-12-22,4.87,5.0,-1.0571429,1.1285714,-3.6000001,84.58572,0.10000001,0.10000001,0.3857143,10.314285,-0.74285716,6.645918e-05,0.001536496,1.4418647e-06,1.1213124e-06,0.0,True
1997-12-29,5.09,28.199999,6.1857147,7.9000006,3.9857144,90.21429,0.4428571,0.4428571,0.47142857,10.771428,4.142857,0.00030714273,0.0015705675,7.975669e-06,6.444752e-05,9.42871e-05,True
1998-01-05,4.87,23.400002,6.371429,8.1285715,4.428571,86.54286,0.35000002,0.35000002,0.5428571,10.7,4.7,0.0013264865,0.001640074,1.7444292e-05,0.00011490472,0.0004317388,True
1998-01-12,4.86,22.3,7.3714285,10.3714285,4.8142858,84.72858,0.62857145,0.62857145,0.4857143,11.142858,5.4428573,0.0017248988,0.0020391643,3.860678e-05,0.00036861002,0.0,True
1998-01-19,4.87,23.4,5.9714284,8.1,3.6571429,87.07143,0.5714286,0.5714286,0.5285714,10.442857,4.9,0.0004348904,0.0026637614,4.5413064e-08,0.0,7.942319e-06,True
1998-01-26,4.87,0.8,0.31428576,2.3857143,-1.5,83.12858,0.4,0.3857143,0.37142858,10.428572,0.7,0.00010765344,0.003292285,0.0001978931,0.0001318492,0.00049388036,True
1998-02-02,4.88,10.4,-0.98571426,2.5,-4.5,81.9,0.20000002,0.20000002,0.37142855,10.214286,-0.14285715,7.171929e-05,0.003880784,0.00025545983,0.0002820287,0.0014860705,True
1998-02-09,4.89,3.6,2.9714284,5.2571435,0.34285715,85.78571,0.4857143,0.4857143,0.5857143,10.242857,1.0571429,6.829202e-05,0.0042424724,0.0006857089,0.0018626545,0.00038505346,True
1998-02-16,4.91,2.4,9.314286,11.657143,6.8,83.91429,0.71428573,0.6571428,1.0571429,10.042857,6.8142858,1.8939376e-05,0.004426971,4.342624e-06,4.1499734e-05,0.0,True
1998-02-23,4.91,1.9,6.871429,10.685715,3.2,84.64286,0.62857145,0.55714285,0.7571429,9.828571,6.2714286,4.592538e-05,0.0044705197,-7.345365000000001e-25,1.8626451e-09,0.0,True
1998-03-02,4.93,23.3,6.228572,8.857142,3.9714286,83.17143,0.95714283,0.9285714,0.95714283,9.885715,5.714286,0.0002194345,0.0044453144,0.00020869005,0.00089417025,0.0011753775,True
1998-03-09,4.95,53.300003,5.442857,9.614286,2.2428572,84.67143,1.2428571,1.2428571,0.9285714,11.257143,5.642857,0.0021424145,0.0052288473,2.7889297e-05,0.0003786534,0.00011128932,True
1998-03-16,4.96,3.7,5.357143,8.271429,2.557143,83.0,0.90000004,0.90000004,0.9857143,10.314285,5.142857,0.00010833144,0.0052016005,0.0002019973,0.0007634051,0.0007922314,True
1998-03-23,4.96,2.0,5.2571425,8.714286,2.642857,76.51429,1.1571429,1.042857,1.3285714,9.814285,6.457143,5.169213e-05,0.0057452247,1.731373e-06,2.976507e-06,2.2180378e-05,True
1998-03-30,4.99,3.3,9.214286,14.514287,4.3428574,70.8,1.8428572,1.5571429,1.9714286,9.328571,9.014286,4.4554472e-05,0.005837269,4.9727305e-06,1.7074868e-05,0.0,True
1998-04-06,5.01,24.5,9.085714,12.485715,6.2714286,86.28571,1.1857144,1.1428572,1.2285715,9.771428,9.671429,0.00056761503,0.005747758,-7.345365000000001e-25,7.450581e-09,0.0,True
1998-04-13,5.04,16.9,7.085715,10.571428,4.6,84.67143,1.2142857,1.1999999,1.4,10.585714,8.185715,0.00067330897,0.0057426468,-7.345365000000001e-25,0.0,0.0,True
1998-04-20,5.06,14.5,7.1714287,11.457144,2.2000003,76.5,1.7714285,1.7285715,1.7714285,10.328571,8.242857,0.0003117621,0.006170921,1.1966342e-05,9.1187656e-05,9.153783e-05,True
1998-04-27,5.0633333333333335,23.7,11.785714,15.957144,7.8857145,81.97143,1.9142857,1.8285714,2.057143,10.042857,12.657143,0.00044305623,0.0064768866,5.676633e-08,4.7683716e-07,0.0,True
1998-05-04,5.071428571428571,3.9,11.157144,15.442857,8.1,84.67143,1.9285715,1.7857143,2.085714,10.142858,13.5,8.1047416e-05,0.0065936446,-7.345365000000001e-25,3.7252903e-09,0.0,True
1998-05-11,5.088571428571428,17.6,15.528572,21.0,10.271429,75.0,3.042857,2.5714285,3.1571429,9.442857,15.828571,0.0001758337,0.006528832,-7.345365000000001e-25,1.4901161e-08,0.0,True
1998-05-18,5.098571428571428,0.0,15.428572,22.1,8.328572,65.1,4.1285715,2.9428573,4.5142856,8.0,18.87143,9.0897083e-07,0.006233081,-7.345365000000001e-25,3.7252903e-09,0.0,True
1998-05-25,5.118571428571428,9.1,10.914286,15.342857,7.4000006,78.799995,2.3,1.4,2.457143,7.114286,15.014286,7.0780516e-05,0.005878888,-7.345365000000001e-25,3.7252903e-09,0.0,True
1998-06-01,5.127142857142857,11.7,14.542857,19.257143,11.1285715,87.1,2.3285716,1.8571428,2.4857142,7.357143,17.2,0.00016775727,0.0055514798,-7.345365000000001e-25,1.4901161e-08,0.0,True
1998-06-08,5.138571428571429,42.899998,15.328572,20.314287,10.585714,83.41429,2.6714287,2.357143,2.7,8.2,17.542856,0.0033820719,0.005181335,-7.345365000000001e-25,1.8626451e-08,0.0,True
1998-06-15,5.145714285714286,54.3,13.685715,18.1,9.7,79.200005,2.8,2.6571426,2.8,9.757143,16.442858,0.0019982755,0.0049221963,-7.345365000000001e-25,1.1175871e-08,0.0,True
1998-06-22,5.15,15.5,16.671429,21.685715,12.442858,81.700005,3.1714287,2.8285716,3.3999999,9.1,19.257143,0.001544401,0.004774548,-7.345365000000001e-25,1.1175871e-08,0.0,True
1998-06-29,5.1571428571428575,38.1,16.657145,21.357143,12.7,82.17143,2.8571427,2.7857144,2.8999999,9.142858,18.957144,0.0023174137,0.004646495,-7.345365000000001e-25,1.8626451e-08,0.0,True
1998-07-06,5.162857142857143,11.9,14.571428,17.557142,12.314285,83.68572,2.1857142,2.0571427,2.4285715,9.828571,16.328571,0.00026109815,0.0045656264,-7.345365000000001e-25,1.1175871e-08,0.0,True
1998-07-13,5.164285714285714,37.4,14.242858,17.728573,10.771429,84.24286,2.6857142,2.7,2.5285716,9.971429,16.214285,0.00044977665,0.0045114905,-7.345365000000001e-25,1.4901161e-08,0.0,True
1998-07-20,5.171428571428572,22.1,16.142857,20.414288,11.342857,82.41429,2.857143,2.6857145,2.9285715,10.1,17.214285,0.00040633976,0.004507579,-7.345365000000001e-25,1.4901161e-08,0.0,True
1998-07-27,5.181428571428572,3.0,17.7,22.728573,12.657144,74.314285,3.2142854,2.7,3.7142856,9.2,21.014286,5.365908e-05,0.004510805,-7.345365000000001e-25,7.450581e-09,0.0,True
1998-08-03,5.19,20.7,16.014286,19.857143,12.785714,83.17143,2.4857142,2.3,2.5714285,9.085714,18.442858,0.0017251074,0.00441435,-7.345365000000001e-25,1.4901161e-08,0.0,True
1998-08-10,5.1971428571428575,0.3,17.87143,23.314287,12.657143,75.471436,3.0714285,2.4428573,3.5,8.442857,20.085714,5.6818128e-05,0.0043164194,-7.345365000000001e-25,1.8626451e-08,0.0,True
1998-08-17,5.204285714285715,8.1,17.828571,23.97143,12.528571,78.77143,2.6285713,1.7857143,2.9857142,7.6285715,20.671429,0.00011357665,0.004168138,-7.345365000000001e-25,1.4901161e-08,0.0,True
1998-08-24,5.21,70.3,14.485715,19.214285,11.085715,81.88572,2.4285715,1.9857143,2.5142858,7.9142857,17.22857,0.0039364994,0.004399754,-7.345365000000001e-25,1.8626451e-08,0.0,True
1998-08-31,5.21,11.9,12.5,16.442858,9.228571,86.41429,1.742857,1.6571429,1.957143,9.514286,14.471429,0.00011664629,0.003934771,-7.345365000000001e-25,7.450581e-09,0.0,True
1998-09-07,5.218571428571429,27.5,15.6285715,18.828571,12.342857,87.314285,1.3714285,1.3285713,1.5857143,9.714286,16.485714,0.0005698353,0.003901802,-7.345365000000001e-25,1.4901161e-08,0.0,True
1998-09-14,5.22,44.4,13.285714,17.085714,10.8714285,87.299995,1.3285714,1.3285714,1.5142858,10.6285715,14.657143,0.0033007562,0.0043008253,-7.345365000000001e-25,1.1175871e-08,0.0,True
1998-09-21,5.214285714285714,12.1,13.057143,16.942858,10.2,86.700005,1.3857143,1.3714285,1.4142857,10.914286,13.885715,0.00028176606,0.005208403,-7.345365000000001e-25,9.313226e-09,0.0,True
1998-09-28,5.224285714285714,4.5,13.257143,17.828571,9.542857,88.77143,0.9428572,0.87142855,1.2428571,9.971429,14.771428,0.00016948581,0.0062548965,-7.345365000000001e-25,7.450581e-09,0.0,True
1998-10-05,5.224285714285714,16.300001,8.757143,10.971429,7.1857147,85.44286,0.7714286,0.71428573,1.0714285,10.014286,10.385715,0.0004672259,0.006585613,-7.345365000000001e-25,5.5879354e-09,0.0,True
1998-10-12,5.231428571428572,39.3,9.014286,11.485715,7.1857142,89.042854,0.90000004,0.90000004,0.85714287,10.842857,9.357142,0.0019752234,0.0070911422,-7.345365000000001e-25,1.1175871e-08,0.0,True
1998-10-19,5.237142857142857,18.4,9.514287,13.557143,5.957143,87.700005,0.9,0.9,0.87142855,10.942857,9.8,0.00038538873,0.008309916,-7.345365000000001e-25,1.3038516e-08,0.0,True
1998-10-26,5.242857142857143,51.2,10.028572,12.714286,7.428571,89.77143,1.0285715,1.0285715,0.7714286,11.214286,9.642858,0.0025334805,0.010226876,-7.345365000000001e-25,1.3038516e-08,0.0,True
1998-11-02,5.26,57.5,7.457143,10.228571,5.4000006,88.1,1.2857143,1.2857143,0.78571427,11.657143,7.1714287,0.0057932585,0.019148685,-7.345365000000001e-25,3.7252903e-09,0.0,True
1998-11-09,5.2700000000000005,37.300003,6.2285714,8.757143,2.8714287,89.87144,0.6285714,0.6285714,0.5142857,11.314285,5.757143,0.0015496612,0.020282649,1.6178403e-06,2.2253022e-05,2.1189451e-05,True
1998-11-16,5.302857142857143,23.6,4.6857142,7.157143,2.5285716,92.08572,0.31428576,0.31428576,0.2857143,10.985714,4.742857,0.00019083917,0.020219833,5.1089694e-07,3.6880374e-07,1.6830862e-05,True
1998-11-23,5.321428571428571,8.1,-3.0285716,0.37142855,-5.8,91.828575,0.12857144,0.12857144,0.08571429,10.357142,0.014285714,5.441159e-05,0.019672304,0.0019924869,0.00016138703,0.002721306,True
1998-11-30,5.355714285714286,7.6000004,1.1142857,2.7285714,-0.94285715,91.77143,0.1,0.1,0.18571427,10.3714285,-0.21428572,0.00013317913,0.01849325,0.001602014,0.0021370966,0.00017313659,True
1998-12-07,5.4,11.7,-1.9428571,0.5714286,-3.857143,85.98572,0.08571429,0.08571429,0.25714287,10.314285,-0.42857143,2.3424625e-05,0.016916469,0.0028291997,0.00016813166,0.0058151893,True
1998-12-14,5.434285714285714,25.999998,1.4428571,3.8428574,-2.6857145,91.971436,0.21428572,0.21428572,0.27142856,10.557143,0.7285714,0.00045952946,0.015266798,0.0051703565,0.009037372,0.0028557926,True
1998-12-21,5.481428571428571,31.7,5.057143,7.085714,3.4142857,88.75715,0.31428573,0.31428573,0.31428573,10.928572,4.114286,0.0004094541,0.014025651,3.0267805e-05,0.00010252558,0.0002811849,True
1998-12-28,5.508571428571429,24.7,5.471429,7.514286,2.9428573,87.25715,0.55714285,0.55714285,0.5285715,10.7,3.8,0.0005130768,0.013274267,0.00028039727,0.0015258994,0.0012146682,True
1999-01-04,5.554285714285713,8.4,4.8142858,7.3142858,1.8285714,85.87144,0.2,0.2,0.35714287,10.633333,2.6,0.00016836077,0.012741007,-7.345365000000001e-25,3.9674342e-07,0.0,True
1999-01-11,5.595714285714286,18.699999,3.857143,6.7714286,1.7857143,86.114296,0.4714286,0.4714286,0.4857143,10.785714,3.7857144,0.00033073127,0.012304731,2.8167453e-05,1.0782853e-05,0.0005880669,True
1999-01-18,5.648571428571429,13.8,3.9428573,5.7714286,1.7714285,89.114296,0.5285714,0.5285714,0.42857143,10.642858,2.5428572,0.00043141097,0.01199647,0.001391655,0.0049154367,0.0042550787,True
1999-01-25,5.71,8.4,6.5,8.957143,3.7714288,90.442856,0.4714286,0.4714286,0.5857143,10.3714285,5.071429,0.00018766522,0.011808373,3.122148e-06,2.8461218e-05,1.7799437e-05,True
1999-02-01,5.747142857142857,6.1000004,2.0428574,4.657143,-0.61428565,86.28571,0.34285715,0.34285715,0.40000004,10.528571,1.9571428,0.00016583502,0.011600763,2.906436e-05,6.284751e-05,7.70092e-05,True
1999-02-08,5.82,30.4,3.7000003,5.9714284,2.1857142,87.42857,0.6857143,0.6857143,0.61428577,10.328571,3.4714286,0.000128299,0.011345983,0.0007171858,0.00031955168,0.0033841021,True
1999-02-15,5.852857142857142,9.9,-2.6000001,0.78571427,-6.2428575,88.15715,0.15714286,0.15714286,0.25714287,10.3714285,0.114285715,4.066527e-05,0.011003055,0.0035999615,0.0016602892,0.0027674958,True
1999-02-22,5.924285714285714,33.8,3.3142858,5.914286,0.9714286,87.314285,0.8285715,0.8285715,0.58571434,10.714286,2.5857143,0.0005578771,0.010604151,0.0025489386,0.007682843,0.0052284673,True
1999-03-01,5.957142857142857,27.099998,4.542857,7.0285716,1.9714286,87.24286,0.7428571,0.7428571,0.6857143,10.685715,4.0142856,0.0013626069,0.0113634765,0.0009270339,0.003542481,0.0020208992,True
1999-03-08,6.012857142857143,14.3,5.557143,8.271429,2.8714287,85.5,0.8428572,0.8428572,0.78571427,11.014286,5.285714,0.00035223365,0.010865957,3.71933e-05,0.00018529035,0.00048168004,True
1999-03-15,6.061428571428571,2.1,4.785714,8.485715,1.6714287,83.04286,0.8571429,0.78571427,1.0,10.171429,5.2,2.9668212e-05,0.011630096,6.729648e-05,0.00029744953,0.0,True
1999-03-22,6.092857142857143,19.2,5.1571426,8.2,2.142857,83.32857,1.0,0.9714286,1.0428572,10.057143,6.042857,0.0002784282,0.011475235,4.7116052e-07,3.516674e-06,2.0042062e-06,True
1999-03-29,6.154285714285714,8.4,7.457143,12.085715,2.9714286,78.14286,1.4571427,1.4142857,1.5285714,10.285714,8.171429,0.00019606948,0.011111468,8.7136315e-05,0.00075279176,0.000735037,True
1999-04-05,6.2057142857142855,0.4,11.928572,17.942858,6.642857,74.200005,1.8285713,1.6,2.2285714,9.728572,11.942857,0.00010807812,0.010565601,-7.345365000000001e-25,1.6763806e-07,0.0,True
1999-04-12,6.272857142857142,12.3,9.214286,12.142858,7.471429,86.314285,1.2714285,1.2285715,1.4285715,9.757143,10.085714,0.00022128224,0.009950772,-7.345365000000001e-25,5.5879354e-09,0.0,True
1999-04-19,6.307142857142857,24.9,5.057143,9.457144,1.2142857,76.52857,1.7857143,1.6714286,1.8428571,10.028571,7.6285715,0.0002644807,0.009344749,0.00042709283,0.0021801293,0.0021914542,True
1999-04-26,6.348571428571428,36.2,11.1285715,16.714285,5.7571425,77.62858,2.2571428,2.0142856,2.3857143,9.442857,12.485714,0.00045917928,0.008752152,1.7029898e-06,1.5877187e-05,0.0,True
1999-05-03,6.38,0.0,9.528571,14.714286,4.714286,75.04286,2.5428574,1.9428571,2.6000001,8.6285715,13.671429,5.662441e-07,0.008181624,-7.345365000000001e-25,1.8626451e-09,0.0,True
1999-05-10,6.417142857142857,7.9,13.014285,17.800001,8.642858,68.65714,2.8285713,2.3428571,2.9857142,8.0,14.185715,0.00023970753,0.0075774565,-7.345365000000001e-25,3.7252903e-09,0.0,True
1999-05-17,6.441428571428572,8.2,11.085715,15.585715,7.057143,76.4,2.4142857,2.0714285,2.6857142,8.1,13.842857,0.000545755,0.0070393607,-7.345365000000001e-25,7.450581e-09,0.0,True
1999-05-24,6.472857142857143,3.6,14.485715,19.242859,9.314286,68.14286,3.0714285,2.3142858,3.6571429,7.1571426,16.3,4.002452e-05,0.0065129697,-7.345365000000001e-25,0.0,0.0,True
1999-05-31,6.4871428571428575,7.6000004,15.514287,21.657145,9.442857,70.04286,3.5285716,2.3142858,3.8857143,6.385714,18.685715,8.036196e-05,0.0059953406,-7.345365000000001e-25,7.450581e-09,0.0,True
1999-06-07,6.502857142857143,27.0,15.114286,19.928572,9.842857,74.65715,3.114286,2.457143,3.4142857,6.6,17.042856,0.0002932325,0.005486034,-7.345365000000001e-25,7.450581e-09,0.0,True
1999-06-14,6.498571428571429,4.3,13.728572,18.357143,9.757143,77.12858,2.8714287,2.2571428,3.2,6.928571,16.914286,0.00017298758,0.005048476,-7.345365000000001e-25,0.0,0.0,True
1999-06-21,6.492857142857143,10.900001,15.085715,20.34286,9.428572,71.62858,3.4571426,2.3999999,3.9285715,6.1285715,19.328571,0.00011412799,0.0046164244,-7.345365000000001e-25,3.7252903e-09,0.0,True
1999-06-28,6.472857142857143,9.1,14.142858,19.242857,8.142858,70.14286,3.2571428,2.2714286,3.6571429,5.7714286,17.885714,9.36985e-05,0.004228942,-7.345365000000001e-25,3.7252903e-09,0.0,True
1999-07-05,6.445714285714287,37.7,17.885715,22.27143,13.3714285,79.72858,2.6857142,2.042857,2.8,5.9142857,19.77143,0.0002104938,0.0038898736,-7.345365000000001e-25,1.8626451e-08,0.0,True
1999-07-12,6.391428571428572,3.6,19.714285,25.17143,13.885714,71.17143,4.1,2.5857143,4.5142856,5.885714,22.528572,1.0758638e-05,0.0035637394,-7.345365000000001e-25,1.4901161e-08,0.0,True
1999-07-19,6.364285714285714,19.1,19.085714,24.7,13.542857,74.457146,3.5714285,2.2571428,4.042857,5.385714,21.928572,0.00017329305,0.0032410175,-7.345365000000001e-25,1.8626451e-08,0.0,True
1999-07-26,6.321428571428571,15.4,17.114286,21.600002,13.642858,79.25714,3.0142858,2.1714287,3.3428571,5.542857,19.585714,0.00020200014,0.0029755756,-7.345365000000001e-25,1.4901161e-08,0.0,True
1999-08-02,6.297142857142857,0.0,20.285715,26.84286,13.071428,62.728573,4.6142855,1.4857143,5.1857142,4.8714285,22.685715,2.1755695e-06,0.0027177036,-7.345365000000001e-25,1.1175871e-08,0.0,True
1999-08-09,6.275714285714286,11.2,20.285715,26.242857,15.385715,74.15715,3.4571426,1.2571429,3.942857,4.7285714,23.157143,0.0001886785,0.0024552122,-7.345365000000001e-25,7.450581e-09,0.0,True
1999-08-16,6.252857142857143,14.4,14.957144,19.157145,11.914286,83.14286,2.3857143,1.7285715,2.4428573,5.4714284,17.8,0.00016893446,0.0022754371,-7.345365000000001e-25,1.1175871e-08,0.0,True
1999-08-23,6.23,25.6,14.3,18.157145,11.785714,85.557144,1.942857,1.7571429,1.9571428,6.428571,15.957143,0.0002696365,0.0021315813,-7.345365000000001e-25,1.1175871e-08,0.0,True
1999-08-30,6.21,21.5,17.057142,22.757143,12.357142,79.71429,2.357143,1.857143,2.8857143,6.214286,19.27143,5.3949654e-05,0.0020006523,-7.345365000000001e-25,1.6763806e-08,0.0,True
1999-09-06,6.188571428571429,2.9,17.414288,23.84286,11.885714,77.54286,2.257143,1.6571429,2.7714286,5.757143,19.714285,7.666647e-06,0.0018822029,-7.345365000000001e-25,9.313226e-09,0.0,True
1999-09-13,6.1657142857142855,0.0,19.87143,26.942858,14.414286,75.42857,2.4571426,1.3714285,3.1714287,5.071429,21.457144,8.7320805e-06,0.0017610639,-7.345365000000001e-25,1.4901161e-08,0.0,True
1999-09-20,6.145714285714286,14.3,16.942858,22.300001,13.271429,83.91429,1.5285712,1.1428572,1.9714286,5.4,18.342857,0.00013397634,0.0016508475,-7.345365000000001e-25,1.3038516e-08,0.0,True
1999-09-27,6.122857142857143,28.7,15.914286,3.1857145,12.900001,85.37144,1.4428571,1.3000001,1.7142857,5.8714285,17.2,0.00018487126,0.001564756,-7.345365000000001e-25,1.8626451e-08,0.0,True
1999-10-04,6.1000000000000005,26.6,12.714286,8.842857,10.771429,88.8,1.3142856,1.3000001,1.3285714,7.4,13.5,0.0001636073,0.0014930442,-7.345365000000001e-25,1.8626451e-08,0.0,True
1999-10-11,6.068571428571429,21.5,11.728572,15.0,9.1,88.8,1.0714287,1.0428572,1.0857142,8.8,12.1285715,9.924173e-05,0.0014330968,-7.345365000000001e-25,1.4901161e-08,0.0,True
1999-10-18,6.042857142857143,0.0,8.142858,13.400001,4.3142858,84.542854,0.71428573,0.6714286,0.94285715,8.671429,9.757143,1.475215e-06,0.0013799518,-7.345365000000001e-25,7.450581e-09,0.0,True
1999-10-25,6.022857142857142,5.5,8.342857,11.957144,4.6,85.02857,0.7,0.67142856,0.9857143,8.385715,8.0,7.084757e-05,0.0013327822,-7.345365000000001e-25,1.1175871e-08,0.0,True
1999-11-01,5.988571428571428,6.7000003,11.442857,14.657144,8.114286,87.85714,0.6571428,0.61428577,0.82857144,8.471429,10.228572,6.28382e-05,0.0012926608,-7.345365000000001e-25,1.6763806e-08,0.0,True
1999-11-08,5.961428571428571,9.3,8.014286,12.285714,5.0285716,88.85714,0.5285714,0.48571426,0.61428577,8.528571,8.242857,6.763637e-05,0.0012558922,-7.345365000000001e-25,9.313226e-09,0.0,True
1999-11-15,5.934285714285714,2.5,3.8285713,8.471429,0.0571428,89.15715,0.3571429,0.31428573,0.31428573,8.471429,4.8285713,1.8395483e-05,0.0012247115,-7.345365000000001e-25,3.7252903e-09,0.0,True
1999-11-22,5.908571428571428,21.3,1.5,3.4,-0.44285718,91.94286,0.25714287,0.25714287,0.34285715,9.3714285,1.3285714,7.788092e-05,0.0011968389,0.0004749298,0.0007508006,0.0029623583,True
1999-11-29,5.88,7.5,7.5142856,9.3,5.0,91.58572,0.31428573,0.31428573,0.5285714,9.814285,5.6857142,0.00017793477,0.0011728033,0.00035179796,0.002313571,0.0,True
1999-12-06,5.852857142857142,65.3,5.5,7.871429,2.757143,87.314285,0.9,0.9,0.7,10.585714,4.6714287,0.0014773235,0.0013621077,9.721801e-05,0.00082707405,0.00095497817,True
1999-12-13,5.825714285714286,50.8,6.3,8.7,4.057143,90.457146,0.67142856,0.67142856,0.55714285,11.314285,5.428571,0.0017298311,0.0012342185,3.059705e-05,0.00022266991,0.0013058744,True
1999-12-20,5.801428571428572,20.9,1.2285715,3.3714287,-0.81428576,91.51429,0.31428573,0.31428573,0.2857143,11.071428,1.3428571,0.00026907027,0.0012803078,0.0013989153,0.0021236073,0.0040220283,True
1999-12-27,5.791428571428571,18.6,3.2,5.3,0.74285716,89.74286,0.50000006,0.50000006,0.45714286,10.928572,1.9571428,0.002239406,0.0015174374,0.0020175208,0.0049980134,0.003926702,True
2000-01-03,5.76,18.1,3.7000003,5.3142858,1.2714285,96.0,0.125,0.125,0.15714286,10.95,1.225,0.00032931566,0.002068445,0.0012644245,0.0026516486,2.2862107e-05,True
2000-01-10,5.7457142857142856,9.400001,3.9428575,6.3142858,1.6285715,92.94286,0.24285717,0.24285717,0.18571429,10.6285715,3.557143,0.00027786195,0.0027434975,3.6103386e-06,2.492778e-05,0.0,True
2000-01-17,5.748571428571429,1.2,3.142857,4.3,1.0,88.28571,0.31428576,0.31428576,0.34285715,10.214286,1.9285715,3.1642616e-05,0.0034083948,3.349781e-05,0.00010365993,0.0001036562,True
2000-01-24,5.754285714285714,14.1,1.6000001,4.6285715,-1.2285715,83.61428,0.41428572,0.41428572,0.42857143,10.214286,2.3428571,0.0001565814,0.0038231686,0.0006839775,0.00016868114,0.0028647035,True
2000-01-31,5.7457142857142856,24.0,4.7999997,6.2714286,2.1714287,88.814285,0.7,0.7,0.55714285,10.614285,3.2142856,0.0018213093,0.004092172,0.0007314171,0.00272182,2.6077032e-07,True
2000-02-07,5.741428571428571,11.2,7.085715,8.757143,5.285714,86.27143,0.7285715,0.71428573,0.6571428,10.485714,5.9857144,0.00021843612,0.004682742,5.676633e-09,7.096678e-07,0.0,True
2000-02-14,5.732857142857143,21.5,4.857143,7.942857,2.7,84.78571,0.9714286,0.9714286,0.71428573,10.542857,4.4142857,0.00038201362,0.0053392947,1.1699541e-05,7.434189e-05,0.00010144338,True
2000-02-21,5.747142857142857,23.6,2.6285713,5.728572,-0.1714286,87.57143,0.6571428,0.6571428,0.45714286,10.585714,3.0142858,0.00036814064,0.0059645623,0.0015962919,0.0039167926,0.005000621,True
2000-02-28,5.768571428571429,13.200001,4.8,8.742857,1.1428572,84.6,0.9,0.9,0.8000001,10.414286,4.5142856,0.0002862364,0.0066876635,0.00028610797,0.0011768658,3.85046e-05,True
2000-03-06,5.772857142857142,38.9,4.3142858,7.014286,1.5,85.471436,1.1142857,1.1142857,0.87142855,10.828571,4.242857,0.0015120208,0.007894963,0.00012461345,0.00044535007,0.00057776645,True
2000-03-13,5.812857142857142,37.4,7.7428575,10.228571,5.2000003,86.97143,0.9714286,0.9714286,0.9285714,10.914286,6.885714,0.00044787675,0.008822404,5.7277225e-06,0.00011566281,0.0,True
2000-03-20,5.851428571428571,13.5,5.7571435,8.171429,3.0714285,87.9,0.9,0.88571423,0.9857143,10.357142,6.114286,0.0002771765,0.009867102,-7.345365000000001e-25,3.7252903e-09,0.0,True
2000-03-27,5.918571428571428,21.9,6.614286,10.728572,3.114286,86.62858,1.1,1.0428573,1.1142857,10.1285715,7.957143,0.00023483485,0.010269798,-7.345365000000001e-25,0.0,0.0,True
2000-04-03,5.958571428571429,1.1,6.7285714,9.742857,3.3142858,83.48572,1.0714285,0.98571426,1.2714285,10.142858,6.9714284,7.907301e-05,0.010123253,-7.345365000000001e-25,1.8626451e-09,0.0,True
2000-04-10,5.971428571428571,0.0,5.557143,10.5,1.2428571,74.22857,1.7571428,1.5,1.8285714,9.6,8.328571,3.2812357e-05,0.009801239,-7.345365000000001e-25,3.7252903e-09,0.0,True
2000-04-17,6.018571428571429,8.6,7.2714286,11.585714,2.8,81.200005,1.6285714,1.557143,1.6714286,9.357142,8.285714,0.0001745224,0.00933715,-7.345365000000001e-25,0.0,0.0,True
2000-04-24,6.022857142857142,13.5,12.185715,17.02857,8.142858,80.44286,2.0142858,1.7571429,2.2142856,9.071428,13.442857,0.000252977,0.008780837,-7.345365000000001e-25,7.450581e-09,0.0,True
2000-05-01,6.035714285714286,8.7,14.442858,19.27143,9.171428,79.85714,2.4,2.0285714,2.6285713,8.785714,15.814285,0.0001475513,0.008145541,-7.345365000000001e-25,1.1175871e-08,0.0,True
2000-05-08,6.0442857142857145,0.90000004,15.857142,21.671429,10.014285,72.38572,3.1571429,2.5,3.6285713,8.257143,17.042856,4.696846e-05,0.00750494,-7.345365000000001e-25,1.4901161e-08,0.0,True
2000-05-15,6.048571428571428,0.0,17.6,24.657145,10.085714,60.47143,4.371429,2.642857,4.7428575,7.0,20.328571,1.6391277e-06,0.006755218,-7.345365000000001e-25,7.450581e-09,0.0,True
2000-05-22,6.0600000000000005,19.3,12.900001,17.885715,8.714286,78.85714,2.757143,1.9999999,2.8714287,6.642857,16.285715,0.00013701618,0.006043069,-7.345365000000001e-25,0.0,0.0,True
2000-05-29,6.052857142857143,31.400002,12.357142,16.457144,8.914286,77.74286,2.8714287,2.6571426,2.614286,7.042857,14.285714,0.0003729239,0.0054865032,-7.345365000000001e-25,1.1175871e-08,0.0,True
2000-06-05,6.038571428571429,18.9,14.342857,19.02857,9.114285,80.07143,2.5714285,2.2285714,2.9142857,6.9857144,16.87143,0.00031104684,0.004992515,-7.345365000000001e-25,7.450581e-09,0.0,True
2000-06-12,6.025714285714286,0.1,15.857142,20.814285,10.228571,75.38572,3.4,2.757143,3.7,7.1857142,18.585714,7.4744225e-05,0.0045512915,-7.345365000000001e-25,1.1175871e-08,0.0,True
2000-06-19,5.998571428571429,9.0,16.571428,21.542858,10.785714,72.685715,3.585714,2.4857144,3.9142857,6.214286,19.242857,7.237494e-05,0.0041569844,-7.345365000000001e-25,7.450581e-09,0.0,True
2000-06-26,5.977142857142858,36.399998,16.742857,20.985714,13.900001,75.48572,3.5428574,2.614286,3.6000001,5.928571,19.12857,0.00024810433,0.0037642643,-7.345365000000001e-25,1.1175871e-08,0.0,True
2000-07-03,5.941428571428572,4.5,13.828572,17.97143,10.2,76.07143,2.5714285,1.9285716,2.8,5.9428573,16.085714,0.0003543496,0.0034578666,-7.345365000000001e-25,7.450581e-09,0.0,True
2000-07-10,5.9157142857142855,50.3,14.7,18.34286,11.814286,84.08571,2.4714284,1.8714286,2.4857142,6.071429,17.314285,0.0006284565,0.0031840578,-7.345365000000001e-25,1.1175871e-08,0.0,True
2000-07-17,5.884285714285714,26.7,13.414286,16.785715,10.599999,85.65715,2.1285713,1.8428572,2.2142856,6.928571,15.785714,0.00018697977,0.002979435,-7.345365000000001e-25,1.1175871e-08,0.0,True
2000-07-24,5.854285714285714,5.4,15.528572,19.485716,12.357142,82.11428,2.3428571,1.7428571,2.7428572,6.614286,17.7,4.851073e-05,0.0027943403,-7.345365000000001e-25,2.2351742e-08,0.0,True
2000-07-31,5.837142857142857,54.8,16.528572,20.071428,13.828572,85.48572,1.8428571,1.5857143,2.2285714,7.928571,18.642857,0.00030817091,0.0026321039,-7.345365000000001e-25,1.1175871e-08,0.0,True
2000-08-07,5.814285714285715,19.099998,16.814287,21.67143,12.742858,81.8,2.557143,2.1571429,2.9857142,7.9714284,19.928572,0.0004856214,0.002490677,-7.345365000000001e-25,1.4901161e-08,0.0,True
2000-08-14,5.795714285714285,7.1,17.671429,22.228573,12.614286,82.28571,2.4285712,1.8857143,2.6714287,7.1571426,20.114286,0.00016856194,0.0023723468,-7.345365000000001e-25,1.1175871e-08,0.0,True
2000-08-21,5.778571428571429,6.7,17.414288,22.228573,14.271429,78.35714,2.2999997,1.9857143,2.8714287,6.9428573,20.328571,0.00021843612,0.0022572428,-7.345365000000001e-25,7.450581e-09,0.0,True
2000-08-28,5.76,16.3,15.571428,20.514286,11.085715,77.971436,2.2428572,1.6,2.542857,6.8142858,18.328571,0.00089786947,0.002153173,-7.345365000000001e-25,9.313226e-09,0.0,True
2000-09-04,5.747142857142857,21.5,14.028572,19.128572,9.857142,82.971436,1.9142857,1.5857142,2.2142856,7.142857,16.842857,0.00024168193,0.0020682141,-7.345365000000001e-25,5.5879354e-09,0.0,True
2000-09-11,5.727142857142858,28.2,15.300001,18.628572,12.414286,86.14286,1.4285715,1.2857143,1.6,7.742857,16.442858,0.00026474893,0.0020066425,-7.345365000000001e-25,1.3038516e-08,0.0,True
2000-09-18,5.717142857142856,20.8,15.900001,19.614286,13.1285715,87.42857,1.1285714,1.042857,1.5142858,7.714286,16.528572,0.000844568,0.0019605681,-7.345365000000001e-25,1.3038516e-08,0.0,True
2000-09-25,5.6971428571428575,9.0,11.828572,16.742857,8.042857,79.41429,1.3857143,1.2142857,1.7857143,8.0,13.842857,0.00024366379,0.0019251779,-7.345365000000001e-25,7.450581e-09,0.0,True
2000-10-02,5.68,19.699999,15.057143,19.014286,11.742858,87.22858,0.98571426,0.9,1.3000001,8.142858,15.485714,0.00037686527,0.001906924,-7.345365000000001e-25,1.1175871e-08,0.0,True
2000-10-09,5.664285714285714,10.8,10.1,14.457144,6.928571,86.78571,0.7714286,0.74285716,0.95714283,8.357142,11.585714,0.00010211766,0.0019162893,-7.345365000000001e-25,3.7252903e-09,0.0,True
2000-10-16,5.655714285714287,10.4,10.685715,14.3,7.6571426,85.557144,0.9571429,0.9142857,1.0285714,8.614285,10.314285,0.00032120943,0.0019401833,-7.345365000000001e-25,5.5879354e-09,0.0,True
2000-10-23,5.628571428571428,12.4,11.7,15.67143,7.228572,86.52857,0.62857145,0.6,0.82857144,8.585714,11.214286,0.00017014146,0.0019879714,-7.345365000000001e-25,1.3038516e-08,0.0,True
2000-10-30,5.634285714285714,25.9,10.557143,13.142858,9.028572,87.44286,1.1428572,1.1571428,0.95714283,9.571428,10.342857,0.00043466687,0.0020406395,-7.345365000000001e-25,1.1175871e-08,0.0,True
2000-11-06,5.64,7.9,7.285714,10.214286,5.014286,86.58572,0.5714286,0.5714286,0.7,9.985714,6.714286,0.00014836341,0.0021419227,-7.345365000000001e-25,7.450581e-09,0.0,True
2000-11-13,5.624285714285714,14.5,8.071428,9.942858,6.357143,87.68572,0.62857145,0.64285713,0.67142856,10.185715,7.1714287,0.0003093928,0.0022950917,-7.345365000000001e-25,1.1175871e-08,0.0,True
2000-11-20,5.608571428571429,6.4,6.057143,8.428572,3.5714285,88.92857,0.4,0.4,0.3857143,10.242857,5.9142857,0.00010444224,0.002494134,-7.345365000000001e-25,1.8626451e-09,0.0,True
2000-11-27,5.592857142857143,10.7,6.2000003,8.885715,3.2857144,88.17143,0.41428575,0.41428575,0.3857143,10.171429,4.8714285,0.00017650425,0.002710946,-7.345365000000001e-25,0.0,0.0,True
2000-12-04,5.58,6.7000003,9.5,11.957144,5.914286,89.22858,0.35714287,0.35714287,0.41428572,10.242857,7.7714286,0.00010988116,0.0029254481,-7.345365000000001e-25,1.4901161e-08,0.0,True
2000-12-11,5.565714285714286,23.8,9.571428,11.314286,7.371429,86.65714,0.5714286,0.5714286,0.64285713,10.357142,7.642857,0.00041749328,0.0031301752,-7.345365000000001e-25,7.450581e-09,0.0,True
2000-12-18,5.555714285714286,24.6,6.014286,8.314286,4.5,87.58572,0.65714276,0.65714276,0.5285714,10.942857,5.7714286,0.0004995838,0.003487885,-7.345365000000001e-25,5.5879354e-09,0.0,True
2000-12-25,5.54,0.2,-2.2285714,0.21428572,-4.6285715,89.07143,0.10000001,0.10000001,0.12857144,10.314285,-0.27142859,6.80238e-06,0.004148945,0.001210752,2.0489097e-07,0.0059135333,True
2001-01-01,5.534285714285715,12.2,0.08571427,1.3000001,-2.3285713,91.04286,0.116666675,0.116666675,0.18571427,10.316667,-0.41666666,0.000256747,0.004624665,0.008900285,0.0056868643,0.00643513,True
2001-01-08,5.525714285714286,22.7,5.7714286,7.6142855,3.357143,89.87144,0.44285712,0.44285712,0.37142858,10.757143,3.5285714,0.0018677413,0.0054215267,0.0007062299,0.006744856,0.0,True
2001-01-15,5.514285714285713,0.4,-0.114285745,2.357143,-1.8142859,92.35714,0.15714286,0.15714286,0.14285715,10.342857,0.8142857,2.8580427e-05,0.005973384,0.00013896966,2.6611611e-05,0.0004586652,True
2001-01-22,5.515714285714286,4.8,-1.8000001,-0.22857144,-3.7428572,92.40001,0.057142857,0.057142857,0.14285715,10.242857,-1.0142857,1.30832195e-05,0.006536685,0.0016371239,0.0005851276,0.0032797381,True
2001-01-29,5.514285714285714,11.6,4.257143,6.371429,1.8857143,92.457146,0.34285715,0.34285715,0.2857143,10.557143,1.7714286,0.0005241856,0.0067082867,0.0007170098,0.0038761944,0.0016288534,True
2001-02-05,5.507142857142857,28.9,-0.21428572,1.8571428,-2.5857143,90.65714,0.15714286,0.15714286,0.2857143,10.542857,0.55714285,0.00065565854,0.0070286468,0.0030434814,0.010476844,0.013175469,True
2001-02-12,5.5,22.8,6.3142858,9.814285,2.5142858,86.42857,0.75714284,0.75714284,0.5714286,10.957143,4.785714,0.000976339,0.008515552,0.0004269566,0.005388258,0.0005214736,True
2001-02-19,5.491428571428571,12.9,3.2428572,6.471429,0.18571427,92.52857,0.42857146,0.42857146,0.37142855,10.3714285,3.9,0.00013545156,0.010417208,2.5601614e-06,1.0587275e-05,6.2845647e-06,True
2001-02-26,5.514285714285713,8.5,2.0285716,4.7000003,-0.31428576,85.21429,0.59999996,0.59999996,0.59999996,10.285714,2.4857142,0.00011193752,0.011128865,0.0006277277,0.0004908126,0.0026587173,True
2001-03-05,5.522857142857142,0.4,0.21428572,3.0142858,-2.0428572,81.35714,0.48571426,0.47142857,0.6857143,10.2,1.2428571,6.094575e-05,0.011032887,0.0037315346,0.002555199,0.0044736527,True
2001-03-12,5.54,13.8,7.057143,10.485715,3.3428574,85.88572,0.85714287,0.8428572,0.88571423,10.1285715,5.957143,0.00026398897,0.010758594,0.00090242,0.0034046546,0.0,True
2001-03-19,5.557142857142857,36.6,2.9857144,5.7714286,1.1,87.97143,0.8428572,0.8428572,0.7571429,10.542857,4.6857142,0.00047248602,0.010399021,0.0023309162,0.0017570313,0.016442813,True
2001-03-26,5.564285714285715,5.6,1.3714286,3.642857,-0.6857143,83.12858,0.7714285,0.7428571,0.87142855,10.614285,2.3285713,0.00043807924,0.010141432,0.0078218095,0.012616927,0.0015220456,True
2001-04-02,5.567142857142857,9.2,7.057143,11.171428,2.8428574,79.57143,1.3857143,1.3000001,1.5,10.171429,6.5285716,0.00024379045,0.010010831,0.0006686676,0.002699988,0.0009719543,True
2001-04-09,5.582857142857143,15.4,8.142858,13.057143,4.0285716,81.64286,1.6142857,1.5714285,1.6,9.928572,8.957143,0.00041036308,0.009834968,-7.345365000000001e-25,3.2410026e-07,0.0,True
2001-04-16,5.591428571428572,12.7,4.957143,8.1,1.9714286,78.9,1.4285715,1.3714286,1.4857142,10.028571,6.6285715,0.00035963953,0.009646028,0.00089851447,0.006207302,0.00664437,True
2001-04-23,5.605714285714286,17.8,4.8428574,9.342857,0.82857144,80.94286,1.7285715,1.6571428,1.7285715,10.3,7.071429,0.00030966103,0.009462446,0.000100079036,0.0005952846,2.9802322e-07,True
2001-04-30,5.614285714285714,18.0,10.0,14.714286,5.6857147,82.25715,1.9428571,1.8857143,1.9428571,10.057143,11.328571,0.00041522086,0.009263992,6.2442965e-08,1.2367964e-06,0.0,True
2001-05-07,5.62,7.7999997,9.928572,14.714287,5.7714286,73.44286,2.6000004,2.2000003,2.6142857,9.428572,12.814285,7.171929e-05,0.00900317,-7.345365000000001e-25,0.0,0.0,True
2001-05-14,5.634285714285714,1.1,15.7,21.614286,8.257143,64.3,3.971429,2.9428573,4.0142856,8.171429,17.7,3.799796e-06,0.008547604,-7.345365000000001e-25,3.7252903e-09,0.0,True
2001-05-21,5.644285714285714,10.400001,11.7,16.757143,7.8857145,79.21429,2.6000001,2.142857,2.6857142,7.928571,14.8,0.0002604574,0.007955283,-7.345365000000001e-25,1.1175871e-08,0.0,True
2001-05-28,5.6571428571428575,6.9,14.257143,19.514286,7.571429,76.700005,3.0285716,2.0285714,3.1142857,7.0571427,17.62857,2.9489398e-05,0.0073192716,-7.345365000000001e-25,7.450581e-09,0.0,True
2001-06-04,5.661428571428572,25.5,12.242858,16.142857,8.985715,80.57143,2.4714284,1.9714286,2.5285716,7.0571427,14.614285,0.0002965778,0.0067095384,-7.345365000000001e-25,7.450581e-09,0.0,True
2001-06-11,5.654285714285714,10.8,12.057143,16.642857,6.828572,74.8,2.8714287,2.4142857,2.857143,7.257143,15.714286,0.00016460568,0.0061672404,-7.345365000000001e-25,0.0,0.0,True
2001-06-18,5.644285714285714,39.8,13.942857,18.7,9.557143,78.91429,2.9,2.357143,3.0,6.8428574,17.242857,0.0008433759,0.0056369305,-7.345365000000001e-25,7.450581e-09,0.0,True
2001-06-25,5.63,7.8999996,14.085715,18.214285,10.071428,77.35714,2.9714286,2.2,3.0714285,6.885714,17.485714,7.772446e-05,0.0051779076,-7.345365000000001e-25,1.4901161e-08,0.0,True
2001-07-02,5.611428571428571,13.6,18.057142,23.257143,13.1,79.185715,3.4428573,2.4285715,3.642857,6.742857,21.057142,0.0023518503,0.0047452226,-7.345365000000001e-25,1.4901161e-08,0.0,True
2001-07-09,5.594285714285713,2.1,20.87143,25.757143,15.485715,71.12858,4.1,2.5714285,4.428571,6.071429,23.257143,7.368624e-05,0.004340142,-7.345365000000001e-25,1.4901161e-08,0.0,True
2001-07-16,5.571428571428571,32.4,15.571428,20.057142,12.0,81.11428,2.9428573,2.6857142,2.857143,7.1,18.171429,0.0003034845,0.003984265,-7.345365000000001e-25,7.450581e-09,0.0,True
2001-07-23,5.55,31.8,17.0,21.642857,12.214286,80.82857,2.8714283,2.5571427,3.0285716,7.542857,19.557142,0.0003470257,0.0036879852,-7.345365000000001e-25,1.4901161e-08,0.0,True
2001-07-30,5.527142857142857,15.3,19.742857,25.357143,14.542857,78.057144,3.6714287,2.7857144,4.1571426,6.785714,23.971428,6.248802e-05,0.003420569,-7.345365000000001e-25,1.4901161e-08,0.0,True
2001-08-06,5.507142857142857,33.6,17.385715,21.87143,12.757143,78.94286,2.7714286,2.2571428,2.957143,6.757143,19.828571,0.00041825324,0.003172703,-7.345365000000001e-25,1.8626451e-08,0.0,True
2001-08-13,5.492857142857143,31.9,15.985715,19.1,13.442857,85.08572,2.3428571,2.2428572,2.2142856,8.428572,17.485714,0.0013520122,0.0029954836,-7.345365000000001e-25,2.2351742e-08,0.0,True
2001-08-20,5.482857142857143,3.1999998,20.0,25.7,15.414286,77.3,2.8285716,2.414286,3.3999999,8.442857,21.942858,8.673966e-05,0.0028674975,-7.345365000000001e-25,1.1175871e-08,0.0,True
2001-08-27,5.471428571428571,17.2,20.685715,27.0,15.385715,75.87142,2.9857142,2.2857141,3.3999999,7.8285713,23.442858,0.0011546612,0.0027321056,-7.345365000000001e-25,1.1175871e-08,0.0,True
2001-09-03,5.465714285714285,15.099999,15.271429,19.257143,11.714286,82.41429,1.7571428,1.5285715,2.0142858,7.7285714,17.642857,0.0008149147,0.0026019588,-7.345365000000001e-25,1.1175871e-08,0.0,True
2001-09-10,5.458571428571429,66.8,12.8714285,16.442858,10.428572,87.828575,1.8142856,1.8142856,1.5571429,9.357142,14.271428,0.0007547587,0.0025182143,-7.345365000000001e-25,1.3038516e-08,0.0,True
2001-09-17,5.451428571428572,34.9,11.7,15.557143,9.17143,89.04286,1.4142857,1.4142857,1.3142856,10.685715,13.385715,0.0007789135,0.002498366,-7.345365000000001e-25,1.1175871e-08,0.0,True
2001-09-24,5.441428571428572,40.2,11.8714285,14.985715,9.271429,89.54286,1.042857,1.0714285,1.1857144,11.142858,12.6,0.00091181695,0.0026815236,-7.345365000000001e-25,1.1175871e-08,0.0,True
2001-10-01,5.454285714285715,35.899998,13.928572,17.642859,10.742858,89.24286,1.042857,1.042857,1.1857144,10.657143,14.285714,0.0032385737,0.003911823,-7.345365000000001e-25,1.1175871e-08,0.0,True
2001-10-08,5.477142857142858,20.0,14.0,17.742857,11.814286,85.542854,0.9857144,0.9714286,1.2857143,10.6,14.442857,0.0015947223,0.004369706,-7.345365000000001e-25,1.3038516e-08,0.0,True
2001-10-15,5.502857142857143,6.6,15.085715,18.885714,11.785714,85.35714,0.9428572,0.8714286,1.1857144,10.157143,14.6,4.3921173e-05,0.0050957054,-7.345365000000001e-25,1.4901161e-08,0.0,True
2001-10-22,5.54,7.9,12.3,15.571428,9.257143,89.62858,0.6571428,0.5857143,0.71428573,9.785714,13.042857,0.00015749037,0.0053459704,-7.345365000000001e-25,9.313226e-09,0.0,True
2001-10-29,5.564285714285715,7.9,11.771429,14.3,9.814286,90.38572,0.62857145,0.62857145,0.67142856,10.085714,11.528571,0.00032582134,0.005368173,-7.345365000000001e-25,1.4901161e-08,0.0,True
2001-11-05,5.582857142857143,15.6,10.757143,13.485715,8.3714285,82.24286,0.9285714,0.9142857,1.0428572,10.171429,9.957143,0.000106319785,0.005406469,-7.345365000000001e-25,1.3038516e-08,0.0,True
2001-11-12,5.6085714285714285,41.2,5.4,8.385715,2.6000001,87.27143,0.64285713,0.64285713,0.5285714,10.771428,5.642857,0.00053304434,0.005472973,4.8819044e-07,1.6782433e-06,1.73226e-06,True
2001-11-19,5.609999999999999,8.0,5.642857,8.685715,2.7714288,91.87144,0.25714287,0.25714287,0.22857143,10.342857,5.142857,3.475696e-05,0.005747579,-7.345365000000001e-25,2.5704503e-07,2.0116568e-07,True
2001-11-26,5.625714285714286,30.400002,6.3857145,8.842857,3.2,90.471436,0.4571429,0.4571429,0.3857143,10.7,5.428571,0.00031763315,0.005958721,-7.345365000000001e-25,8.940697e-08,8.195639e-08,True
2001-12-03,5.632857142857143,23.800001,6.6,8.585714,4.3428574,94.8,0.21428573,0.21428573,0.18571429,11.014286,5.857143,0.00052989274,0.00621137,1.2488593e-07,1.4938414e-06,1.4342368e-06,True
2001-12-10,5.641428571428572,32.6,3.3,5.7428575,0.54285717,92.88572,0.22857144,0.22857144,0.10000001,10.9,3.0285714,0.0005557686,0.007259965,7.896197e-06,8.6165965e-06,3.046915e-05,True
2001-12-17,5.681428571428571,0.3,0.45714283,2.957143,-2.4142857,90.41429,0.08571429,0.08571429,0.1,10.242857,0.6142857,6.645918e-06,0.008599646,1.5939984e-05,2.5480986e-05,3.0070543e-05,True
2001-12-24,5.718571428571429,37.6,0.84285724,3.7428572,-2.957143,89.15715,0.27142859,0.27142859,0.34285715,10.857142,0.31428573,0.0007863194,0.008934729,0.0015886341,0.004201576,0.007080231,True
2001-12-31,5.732857142857142,30.5,0.87142855,3.2714286,-1.7571429,91.91429,0.3285714,0.3285714,0.17142858,11.314285,0.9285714,0.0009628907,0.008483671,0.0038275784,0.007731486,0.009404395,True
2002-01-07,5.765714285714286,1.7,-0.3857143,2.114286,-3.5428574,85.88572,0.12857144,0.12857144,0.22857143,10.4,-0.47142857,0.0001353547,0.012308925,0.0031055156,0.005040748,5.9634447e-05,True
2002-01-14,5.805714285714286,4.5,0.8714286,2.7857144,-1.1999999,93.88572,0.15714286,0.15714286,0.12857142,10.242857,-0.1,7.401407e-05,0.012705773,0.0011402142,0.0018807948,0.001156807,True
2002-01-21,5.844285714285713,21.0,5.114286,6.614286,3.0142858,92.91429,0.35714287,0.35714287,0.4,10.471429,2.4857142,0.0003656447,0.012489319,0.00013651734,0.0006128922,0.0,True
2002-01-28,5.882857142857143,31.1,7.6571426,9.7,4.8857145,83.828575,0.98571426,0.98571426,0.84285706,11.0,6.071429,0.0007095784,0.012172513,-7.2791902999999985e-25,2.3469329e-07,0.0,True
2002-02-04,5.905714285714287,14.300001,9.7,12.67143,7.0,77.84286,1.0857143,1.0571429,1.2428571,10.642858,7.5285716,0.00022735447,0.012024939,-7.2791902999999985e-25,5.5879354e-09,0.0,True
2002-02-11,5.9557142857142855,44.6,8.557143,10.400001,6.1857147,87.14286,0.84285706,0.87142855,0.8,10.685715,7.5,0.0012194067,0.012685068,-7.2791902999999985e-25,1.3038516e-08,0.0,True
2002-02-18,5.981428571428572,5.7999997,2.7428572,7.457143,-0.71428573,78.799995,0.8428572,0.81428576,0.7,10.5,4.2285714,0.000106960535,0.013535254,-7.2791902999999985e-25,0.0,0.0,True
2002-02-25,6.061428571428571,62.7,3.557143,6.7714286,0.82857144,82.90001,1.2428571,1.2428571,0.8428572,11.2,3.6285715,0.0030416995,0.014880866,0.0015869936,0.007325841,0.008574456,True
2002-03-04,6.092857142857143,22.4,4.928571,7.971429,2.0571427,84.62858,1.1,1.1,0.9142857,11.085714,4.7,0.0011799783,0.022525683,9.950002e-05,0.0013825465,0.00011346862,True
2002-03-11,6.1657142857142855,12.5,7.6571426,10.542857,4.657143,76.77143,1.3857143,1.3285713,1.4571428,10.185715,6.9142857,0.00021761656,0.023031965,7.1525574e-07,7.8082085e-06,0.0,True
2002-03-18,6.232857142857143,19.6,6.285714,10.742858,2.8999999,83.24286,1.0285714,0.9857144,1.1571429,10.014286,6.5571427,0.00019814074,0.020954862,-7.2791902999999985e-25,3.874302e-07,4.0233135e-07,True
2002-03-25,6.295714285714285,6.6,4.7571425,8.614286,1.957143,82.27143,1.2857144,1.2285715,1.1714286,10.228572,6.6857142,0.000165537,0.018473722,-7.2791902999999985e-25,7.8231096e-08,4.4703484e-07,True
2002-04-01,6.364285714285714,0.4,6.871429,13.671428,0.3285714,69.057144,1.7428571,1.4142857,1.7857143,9.557143,8.671429,3.926456e-06,0.016126052,-7.2791902999999985e-25,3.6507845e-07,0.0,True
2002-04-08,6.409999999999999,0.0,8.085714,14.2,2.3142858,62.68572,2.5571427,1.9285715,2.7142856,8.6285715,10.285714,5.9604645e-07,0.013825886,-7.2791902999999985e-25,1.8626451e-09,0.0,True
2002-04-15,6.465714285714285,9.0,7.414286,10.828572,3.5857143,78.6,1.4285715,1.0857142,1.6428572,7.957143,9.214286,0.00011874735,0.011821553,-7.2791902999999985e-25,0.0,0.0,True
2002-04-22,6.494285714285715,6.5,9.1,13.514287,4.7000003,82.88572,1.4142858,1.2142857,1.6999999,8.414286,10.6285715,9.0777874e-05,0.0102459565,-7.2791902999999985e-25,0.0,0.0,True
2002-04-29,6.534285714285714,48.8,9.757143,13.828572,6.642857,83.84286,1.9714285,1.8000001,1.9,8.642858,11.828571,0.00046287477,0.008898683,-7.2791902999999985e-25,7.450581e-09,0.0,True
2002-05-06,6.542857142857143,21.4,9.814286,12.742858,6.4857144,87.91429,1.4857142,1.5,1.5571429,9.842857,10.585714,0.00027805567,0.007924296,-7.2791902999999985e-25,3.7252903e-09,0.0,True
2002-05-13,6.561428571428571,1.5,14.242858,18.814287,9.742858,81.92857,2.2285712,1.9714288,2.7,9.671429,15.357142,9.8630786e-05,0.0071960688,-7.2791902999999985e-25,7.450581e-09,0.0,True
2002-05-20,6.574285714285715,5.8999996,14.185715,19.02857,9.5,76.78571,2.9571426,2.4,3.0,8.828571,17.2,0.00013323128,0.006546274,-7.2791902999999985e-25,1.1175871e-08,0.0,True
2002-05-27,6.587142857142857,10.700001,15.614286,20.514286,10.6285715,72.58572,3.2428572,2.7142856,3.3428571,7.928571,18.014286,0.00010146201,0.0059263855,-7.2791902999999985e-25,7.450581e-09,0.0,True
2002-06-03,6.582857142857143,5.1,14.271429,19.37143,8.885715,72.828575,3.3142858,2.4428573,3.3857143,7.2,17.8,0.00010956824,0.00537432,-7.2791902999999985e-25,7.450581e-09,0.0,True
2002-06-10,6.592857142857143,28.599998,17.128572,21.014286,13.642858,77.85714,3.0142858,2.042857,3.0571427,6.6714287,19.428572,0.00029934198,0.004846148,-7.2791902999999985e-25,1.4901161e-08,0.0,True
2002-06-17,6.578571428571428,14.3,16.9,20.67143,12.642858,80.0,3.0,2.5142858,3.2142856,7.1857142,18.685715,0.00029291213,0.004438989,-7.2791902999999985e-25,1.4901161e-08,0.0,True
2002-06-24,6.558571428571428,23.3,17.685715,22.628572,13.528572,76.1,3.4714284,2.7714286,3.5142858,7.0571427,20.671429,0.00096958876,0.004053436,-7.2791902999999985e-25,3.7252903e-09,0.0,True
2002-07-01,6.54,22.4,14.542857,18.257143,10.842857,78.32857,3.1285717,2.614286,3.042857,6.785714,17.342857,0.0015961081,0.0037359595,-7.2791902999999985e-25,2.2351742e-08,0.0,True
2002-07-08,6.515714285714286,36.7,15.414286,19.142857,11.7,83.87144,2.6571426,2.457143,2.6285713,8.485714,17.22857,0.0027892068,0.0035087317,-7.2791902999999985e-25,1.8626451e-08,0.0,True
2002-07-15,6.474285714285714,22.1,17.957144,22.87143,13.67143,80.40001,2.957143,2.7571428,3.3285713,8.9,20.342857,0.0020838082,0.0033061728,-7.2791902999999985e-25,1.4901161e-08,0.0,True
2002-07-22,6.451428571428572,8.2,15.985715,19.142857,13.614286,80.557144,2.4428573,2.1571429,2.7285714,8.771428,18.542856,0.0034579784,0.0031497031,-7.2791902999999985e-25,2.2351742e-08,0.0,True
2002-07-29,6.427142857142857,5.5,18.97143,24.114286,13.914286,76.28571,3.1857142,2.7428572,3.6857142,8.514286,20.585714,6.2681735e-05,0.0030274615,-7.2791902999999985e-25,1.8626451e-08,0.0,True
2002-08-05,6.4071428571428575,30.0,20.657145,26.214285,16.814287,78.34286,2.9857142,2.6285713,3.7714286,8.014286,22.842857,0.002097413,0.0028728768,-7.2791902999999985e-25,1.4901161e-08,0.0,True
2002-08-12,6.388571428571429,33.9,18.9,23.414288,15.485715,84.74286,2.2714288,2.0857146,2.7571428,9.114285,21.285715,0.0026782602,0.0027689785,-7.2791902999999985e-25,1.3038516e-08,0.0,True
2002-08-19,6.362857142857143,0.1,20.84286,26.657145,15.857142,77.72858,3.0857143,2.4714284,3.8428571,8.314285,23.542856,8.204579e-05,0.0026909262,-7.2791902999999985e-25,1.6763806e-08,0.0,True
2002-08-26,6.342857142857143,41.9,19.5,24.128572,16.114286,84.40001,2.2142856,1.9714285,2.6142857,8.8714285,22.157143,0.0003636852,0.0026097298,-7.2791902999999985e-25,1.3038516e-08,0.0,True
2002-09-02,6.325714285714286,0.0,18.057142,22.942858,13.771429,81.15715,2.1571429,1.7428571,2.7142856,9.185715,21.085714,4.2267144e-05,0.0025439337,-7.2791902999999985e-25,1.4901161e-08,0.0,True
2002-09-09,6.308571428571428,2.8,17.47143,23.528574,12.3,76.114296,2.3285713,1.8000001,2.8,8.442857,19.642857,7.370114e-05,0.0024652854,-7.2791902999999985e-25,1.4901161e-08,0.0,True
2002-09-16,6.282857142857144,4.2,15.7,20.7,11.542857,82.957146,1.7285713,1.3857143,1.9714286,8.285714,18.22857,0.00020451844,0.0023897663,-7.2791902999999985e-25,7.450581e-09,0.0,True
2002-09-23,6.267142857142857,13.0,13.3714285,16.685715,11.557143,82.88572,1.3285713,1.1142856,1.4714286,8.1285715,14.914286,8.40649e-05,0.002323337,-7.2791902999999985e-25,1.1175871e-08,0.0,True
2002-09-30,6.244285714285715,6.2,12.114286,17.157145,8.0,81.08572,1.1428572,1.0000001,1.3571428,8.314285,13.357142,3.78415e-05,0.0022610202,-7.2791902999999985e-25,5.5879354e-09,0.0,True
2002-10-07,6.224285714285714,37.2,10.728571,15.928573,6.5285716,86.85714,1.0,0.9285714,1.0428572,8.642858,12.585714,0.0002938211,0.0022004545,-7.2791902999999985e-25,9.313226e-09,0.0,True
2002-10-14,6.204285714285715,5.8,5.8857145,9.242858,2.6142857,77.61428,0.81428576,0.7428571,1.1999999,9.528571,7.5142856,5.095452e-05,0.0021484196,-7.2791902999999985e-25,0.0,0.0,True
2002-10-21,6.181428571428572,26.9,7.157143,10.7,4.2000003,88.41429,0.64285713,0.64285713,0.64285713,10.142858,7.542857,0.0002912879,0.0021064132,-7.2791902999999985e-25,1.8626451e-09,0.0,True
2002-10-28,6.1571428571428575,43.2,9.342857,12.928572,5.942857,86.25715,1.3571428,1.3571428,0.85714287,11.142858,8.914286,0.0010904148,0.0020767227,-7.2791902999999985e-25,1.3038516e-08,0.0,True
2002-11-04,6.13,24.0,5.928571,9.5,3.114286,91.6,0.48571426,0.48571426,0.41428572,11.057143,6.785714,0.00042639673,0.0020892993,-7.2791902999999985e-25,1.8626451e-09,0.0,True
2002-11-11,6.105714285714286,30.8,4.785714,7.5142856,1.8571428,90.814285,0.41428572,0.41428572,0.34285715,11.2,4.7714286,0.0007640645,0.0022418275,-7.2791902999999985e-25,3.7252903e-09,0.0,True
2002-11-18,6.091428571428572,18.099998,8.214286,9.957144,5.3428574,92.72857,0.2857143,0.2857143,0.34285715,10.785714,6.8714285,0.00030240417,0.002625756,-7.2791902999999985e-25,3.7252903e-09,0.0,True
2002-11-25,6.077142857142857,4.6,3.5428574,6.071429,0.88571435,94.457146,0.21428573,0.21428573,0.17142858,10.471429,4.042857,0.00025241077,0.0031053275,6.897109e-06,2.132915e-05,2.1558255e-05,True
2002-12-02,6.055714285714286,10.5,6.571429,8.6,4.542857,93.814285,0.21428573,0.21428573,0.24285714,10.328571,5.6714287,0.00011833012,0.003557779,1.70299e-08,7.8976154e-07,0.0,True
2002-12-09,6.034285714285715,0.2,0.88571423,3.4714284,-0.8714286,82.98572,0.15714286,0.15714286,0.4857143,10.271428,2.2428572,4.5597553e-06,0.0039431825,1.3107345e-05,4.0978193e-08,3.6086887e-05,True
2002-12-16,6.022857142857142,1.8000001,-4.2285714,-2.3285716,-6.357143,80.65715,0.028571429,0.028571429,0.3285714,10.228572,-2.557143,4.4569373e-05,0.0042132214,4.2881285e-05,0.0,0.00060369447,True
2002-12-23,6.004285714285714,15.7,-0.8714286,0.7,-2.8142858,96.6,0.057142857,0.057142857,0.12857142,10.385715,-0.87142855,0.00023579597,0.0043542013,0.0010353611,0.0002149567,0.0007051118,True
2002-12-30,5.997142857142857,53.4,4.471429,6.071429,2.7285714,97.200005,0.20000002,0.20000002,0.2,11.142858,2.3428571,0.0010720342,0.0045352504,0.0006211996,0.0015467219,0.0038975738,True
2003-01-06,5.972857142857143,32.0,-1.7428571,1.6142857,-5.0,91.67143,0.0,0.0,0.24285714,11.3,0.4,0.0013704896,0.005768329,0.0039057788,0.0028529614,0.0055480413,True
2003-01-13,5.967142857142858,20.4,-3.6000001,-1.0000001,-7.7571425,89.314285,0.071428575,0.071428575,0.114285715,10.457143,-0.9285714,0.00040711462,0.007709302,0.0067726485,0.006570384,0.0013421401,True
2003-01-20,5.982857142857143,5.9,5.3142858,6.857143,3.3,88.78571,0.45714286,0.45714286,0.5285714,10.4,2.557143,0.00014846027,0.008606568,9.693986e-05,0.0013610888,1.2181699e-06,True
2003-01-27,5.987142857142857,10.3,5.4428573,7.4428573,3.042857,91.457146,0.34285712,0.34285712,0.3857143,10.3714285,4.1571426,0.0001751706,0.009082936,-7.2791902999999985e-25,5.0477684e-07,0.0,True
2003-02-03,6.038571428571428,25.8,-0.08571427,2.7714288,-3.2571428,86.700005,0.32857147,0.32857147,0.42857143,10.671429,1.1285714,0.00033809245,0.009236954,0.0016798973,0.0015210751,0.0049870275,True
2003-02-10,6.025714285714286,4.4,1.6714287,3.857143,-0.5,91.04286,0.31428576,0.31428576,0.3,10.514286,0.9285714,0.00015174598,0.00934656,0.0030623903,0.0056278203,0.0026156493,True
2003-02-17,6.051428571428572,0.0,-2.6000001,0.7714286,-5.4,79.0,0.3,0.2857143,0.5142857,10.142858,-0.55714285,1.6987324e-06,0.009365067,0.0004642918,6.693043e-05,0.00020715967,True
2003-02-24,6.088571428571428,0.0,-0.24285719,3.7714288,-3.6000001,85.34286,0.5428571,0.48571426,0.54285717,9.971429,-0.12857144,7.845461e-06,0.009299412,0.00042808056,0.0004024487,7.665157e-05,True
2003-03-03,6.112857142857143,9.200001,3.1285713,8.1285715,-0.5714286,84.200005,0.77142864,0.65714294,0.7571429,9.771428,3.057143,0.00012128055,0.009104267,4.9131257e-05,0.00014899857,0.0,True
2003-03-10,6.121428571428572,28.7,6.6285715,9.314286,3.957143,86.471436,0.9142858,0.90000004,0.9142857,10.157143,5.5571427,0.00030914694,0.0088141635,2.0435878e-07,1.7415732e-06,0.0,True
2003-03-17,6.117142857142857,2.8,4.2285714,9.5,0.12857142,83.28571,1.1142856,1.0571429,1.0857143,10.2,6.242857,3.761798e-05,0.0084989965,-7.2791902999999985e-25,1.8626451e-09,0.0,True
2003-03-24,6.135714285714285,0.0,5.085714,11.357142,-0.50000006,67.72857,1.5857143,1.2571429,1.7285713,9.585714,6.614286,2.413988e-06,0.008160986,-7.2791902999999985e-25,1.7136335e-07,1.9744039e-07,True
2003-03-31,6.148571428571429,0.0,7.371429,14.557143,1.8285714,79.057144,1.4714286,1.1571429,1.6999999,8.928572,9.528571,1.937151e-06,0.0077307373,-7.2791902999999985e-25,1.4901161e-08,0.0,True
2003-04-07,6.152857142857143,10.2,4.414286,8.342857,0.50000006,75.14286,1.7142857,1.4285715,1.5571429,8.771428,6.5285716,0.00013849139,0.007270202,7.8905197e-07,3.3527613e-08,1.4990568e-05,True
2003-04-14,6.159999999999999,3.1,5.542857,10.985715,-0.8,64.942856,2.1142857,1.6857144,2.3142858,8.1285715,7.6285715,2.7887523e-05,0.006783873,0.00021346977,0.00077754445,0.00078394637,True
2003-04-21,6.1571428571428575,0.0,12.185715,18.657145,6.085715,59.014286,3.3857143,2.2285714,3.7857144,7.071429,12.714286,6.325543e-06,0.0062190965,2.5544847e-07,4.4070184e-06,0.0,True
2003-04-28,6.154285714285714,27.6,12.928572,19.042858,6.5428576,72.11428,2.5857143,1.5142858,2.8285713,7.0571427,13.914286,0.0015668124,0.005652234,-7.2791902999999985e-25,1.1175871e-08,0.0,True
2003-05-05,6.142857142857143,25.8,12.885715,17.87143,8.414286,76.74286,2.7142856,2.6000001,2.7,8.057143,13.942857,0.00036545098,0.0051947758,-7.2791902999999985e-25,1.1175871e-08,0.0,True
2003-05-12,6.122857142857143,6.7999997,11.771429,17.557142,6.2571435,76.22857,2.6000001,2.1142857,2.7,7.614286,15.3714285,0.00018747151,0.0048015267,-7.2791902999999985e-25,3.7252903e-09,0.0,True
2003-05-19,6.112857142857143,27.900002,10.6285715,14.985715,6.571429,79.21429,2.4142857,2.2285714,2.5,7.5142856,13.642858,0.00040575117,0.004473597,-7.2791902999999985e-25,3.7252903e-09,0.0,True
2003-05-26,6.089999999999999,49.4,12.885715,16.571428,10.014285,87.07143,2.0714285,2.1142857,2.2571428,9.728572,14.685715,0.000688076,0.0042207614,-7.2791902999999985e-25,1.8626451e-08,0.0,True
2003-06-02,6.081428571428572,4.1,17.800001,24.114286,11.0,71.185715,4.0285716,3.357143,4.6857142,8.942857,21.314285,1.9967556e-06,0.0040092394,-7.2791902999999985e-25,7.450581e-09,0.0,True
2003-06-09,6.074285714285715,13.7,18.942858,24.857143,14.257143,76.88572,3.514286,3.042857,3.957143,8.257143,21.885714,0.00018809736,0.003759563,-7.2791902999999985e-25,1.4901161e-08,0.0,True
2003-06-16,6.082857142857143,0.9,16.614286,21.657145,9.857142,73.08572,3.5000002,2.6142857,3.6285717,8.0,20.757143,1.7613173e-05,0.0035151467,-7.2791902999999985e-25,7.450581e-09,0.0,True
2003-06-23,6.094285714285713,18.2,17.157145,22.014286,12.17143,75.25714,3.457143,2.6285713,3.6285713,7.3428574,20.0,0.00023518503,0.0032677576,-7.2791902999999985e-25,1.4901161e-08,0.0,True
2003-06-30,6.08,5.2999997,17.185715,22.085714,12.1285715,73.37144,3.585714,2.0857143,3.857143,6.614286,21.028572,0.0001244545,0.0030390322,-7.2791902999999985e-25,1.1175871e-08,0.0,True
2003-07-07,6.071428571428571,35.8,15.557143,18.757143,13.2,85.21429,2.3285713,2.0,2.4714284,7.257143,17.557142,0.0003129989,0.0028366745,-7.2791902999999985e-25,2.2351742e-08,0.0,True
2003-07-14,6.045714285714285,1.6,17.6,22.9,11.571428,74.44286,3.6714284,2.4428573,3.9714284,6.642857,21.22857,2.4095178e-05,0.0026557297,-7.2791902999999985e-25,1.1175871e-08,0.0,True
2003-07-21,6.022857142857142,15.200001,22.428572,28.785715,16.328571,67.6,4.542857,2.7,5.2999997,5.8142858,24.1,0.00019207597,0.0024503171,-7.2791902999999985e-25,1.4901161e-08,0.0,True
2003-07-28,6.002857142857143,16.3,19.057144,24.785715,14.814286,77.34286,3.442857,2.0714288,3.8142855,5.3,22.542856,0.00017255545,0.0022662058,-7.2791902999999985e-25,1.4901161e-08,0.0,True
2003-08-04,5.977142857142858,0.1,20.142857,26.257143,14.085715,74.471436,3.5714285,0.9,3.8714287,5.0857143,23.828571,5.4314733e-05,0.0021107346,-7.2791902999999985e-25,3.7252903e-09,0.0,True
2003-08-11,5.96,0.0,24.02857,31.728573,16.314287,60.257145,4.5571427,0.54285717,5.7285714,4.9,25.785715,1.4901161e-08,0.0019349903,-7.2791902999999985e-25,1.1175871e-08,0.0,True
2003-08-18,5.95,2.8,19.47143,25.442858,13.771429,69.700005,3.2571433,0.58571434,3.857143,4.6571426,22.814285,1.899898e-05,0.0017601475,-7.2791902999999985e-25,1.4901161e-08,0.0,True
2003-08-25,5.935714285714285,11.0,17.442858,22.657145,13.157144,76.6,2.4,0.51428574,2.957143,4.785714,19.942858,3.2380223e-05,0.0016290173,-7.325276e-25,1.4901161e-08,0.0,True
2003-09-01,5.917142857142857,24.300001,14.285714,18.300001,11.2,79.35714,1.957143,1.1285714,2.3999999,5.2285714,16.7,0.000101305544,0.0015193745,-7.345365000000001e-25,9.313226e-09,0.0,True
2003-09-08,5.897142857142858,46.3,14.5,19.5,9.957144,82.37144,1.9285715,1.5,2.042857,5.5285716,17.085714,0.0022637695,0.0014278591,-7.345365000000001e-25,1.1175871e-08,0.0,True
2003-09-15,5.877142857142857,14.400001,13.099999,19.34286,8.3,83.22858,1.6571429,1.3857143,1.8857143,6.742857,16.014286,0.00066548586,0.0013534874,-7.345365000000001e-25,1.8626451e-09,0.0,True
2003-09-22,5.857142857142857,6.7,17.428572,24.428572,12.1285715,74.08571,2.0571427,1.5857143,2.7,6.2714286,18.814285,4.247576e-05,0.0012893155,-7.345365000000001e-25,1.4901161e-08,0.0,True
2003-09-29,5.8342857142857145,23.199999,10.485715,16.957144,6.285714,80.15715,1.4857143,1.3285714,1.5,6.5571427,13.1,0.00019160658,0.0012306198,-7.345365000000001e-25,5.5879354e-09,0.0,True
2003-10-06,5.8100000000000005,22.5,9.942857,15.042857,5.085714,84.85714,1.0571429,0.9857143,1.1428572,7.142857,11.342857,0.000108376145,0.001184471,-7.345365000000001e-25,1.8626451e-09,0.0,True
2003-10-13,5.785714285714286,28.3,9.728571,13.571428,6.8428574,84.34286,1.1428572,1.1428572,1.1714286,9.4,10.014286,0.00020700693,0.0011495054,-7.345365000000001e-25,5.5879354e-09,0.0,True
2003-10-20,5.761428571428572,0.4,5.1,10.928572,0.38571426,82.28571,0.71428573,0.62857145,0.7714286,9.428572,7.2,7.5250864e-06,0.001119405,-7.345365000000001e-25,3.7252903e-09,0.0,True
2003-10-27,5.735714285714286,5.5,2.142857,6.9428573,-2.4285715,83.9,0.5285714,0.5,0.5285714,9.257143,3.8714285,8.535758e-05,0.0010952726,0.00087656296,0.0029582027,0.0035094619,True
2003-11-03,5.712857142857144,12.5,6.4428573,9.599999,3.1000001,88.65715,0.55714285,0.5428571,0.55714285,9.571428,5.785714,0.00015103817,0.0010751486,0.00017832575,0.00064571574,0.0,True
2003-11-10,5.682857142857143,0.0,6.3428574,10.1,3.5571427,86.17143,0.47142863,0.44285718,0.59999996,9.8714285,6.242857,2.2500753e-06,0.0010573342,-7.345365000000001e-25,4.284084e-08,0.0,True
2003-11-17,5.658571428571428,10.3,5.4,7.714286,2.7428572,90.87142,0.27142859,0.27142859,0.35714287,9.8714285,4.7,4.647672e-05,0.0010419041,-7.345365000000001e-25,5.5879354e-09,0.0,True
2003-11-24,5.637142857142857,24.7,9.971429,11.857142,8.042857,91.98572,0.3571429,0.3571429,0.47142857,10.257143,8.814285,0.00021573901,0.0010294393,-7.345365000000001e-25,1.3038516e-08,0.0,True
2003-12-01,5.611428571428571,4.7999997,5.514286,8.114286,2.642857,92.35714,0.22857144,0.22857144,0.25714284,10.442857,5.5285716,9.0524554e-05,0.0010195896,-7.345365000000001e-25,8.195639e-08,7.8231096e-08,True
2003-12-08,5.581428571428572,0.6,3.2142856,6.2714286,1.0285715,84.85714,0.2857143,0.25714287,0.37142855,10.242857,3.642857,4.4703484e-06,0.001013115,-7.345365000000001e-25,0.0,0.0,True
2003-12-15,5.562857142857142,59.4,2.6285713,5.557143,-1.4285715,87.328575,0.48571426,0.47142857,0.29999998,10.828571,1.7285714,0.0005783215,0.0010090992,8.032435e-06,2.3888424e-05,5.7183206e-05,True
2003-12-22,5.5371428571428565,14.999999,3.4285715,6.7571435,0.6857143,87.299995,0.41428572,0.41428572,0.41428572,10.728572,2.5857143,0.0002226457,0.0010206997,4.0826344e-05,4.3628737e-05,0.00038011745,True
2003-12-29,5.5200000000000005,26.2,4.5285716,6.3,1.9285715,90.72858,0.3571429,0.3571429,0.41428572,10.6285715,3.6142857,0.00038775802,0.0010599196,0.0002501976,0.001120327,0.0007155314,True
2004-01-05,5.497142857142857,7.2999997,-0.45714283,1.9285715,-2.3285716,87.90001,0.1,0.1,0.31428573,10.8,1.15,7.9631805e-05,0.0011389405,0.0022433826,0.0020030867,0.006886769,True
2004-01-12,5.485714285714286,24.9,5.0,7.057143,2.4,91.57143,0.31428573,0.31428573,0.29999998,10.785714,2.6142857,0.000704363,0.0012608692,0.00076570397,0.0049710814,1.2777746e-06,True
2004-01-19,5.475714285714285,58.3,4.057143,6.0,2.0142858,88.814285,0.5857143,0.5857143,0.41428572,11.357142,3.3714285,0.0012817606,0.0015808642,5.1980925e-05,0.0003747288,0.0005723275,True
2004-01-26,5.465714285714285,5.0,0.82857144,3.0714285,-0.94285715,85.457146,0.22857144,0.22857144,0.37142858,10.742857,0.42857143,7.751584e-05,0.002382487,0.0022846689,0.002065681,0.0056470297,True
2004-02-02,5.47,49.2,3.2571428,5.0285716,0.59999996,89.3,0.55714285,0.55714285,0.5,10.914286,2.057143,0.002004318,0.0036664456,0.0050571305,0.013109626,0.009425558,True
2004-02-09,5.507142857142857,45.3,8.1285715,10.328572,6.2428575,85.74286,0.90000004,0.90000004,0.9285714,11.4,6.7285714,0.0007670224,0.004727334,0.00043742429,0.0009465683,0.002709534,True
2004-02-16,5.552857142857143,19.0,4.571429,7.057143,2.0714285,91.328575,0.32857147,0.32857147,0.45714286,10.885715,4.0857143,0.00044474006,0.0072762147,0.00034553098,0.0019674394,0.00023074076,True
2004-02-23,5.625714285714286,1.2,1.4857143,5.0142856,-1.0142858,75.85714,0.75714284,0.71428573,0.88571423,10.057143,2.057143,1.23381615e-05,0.009011142,1.5502885e-05,1.9684434e-05,5.7879835e-05,True
2004-03-01,5.668571428571428,11.9,-0.18571432,3.542857,-3.8142858,85.87144,0.54285717,0.54285717,0.59999996,10.157143,0.51428574,0.00010506809,0.00918293,0.0030511334,0.0022596698,0.0046935827,True
2004-03-08,5.7,0.6,1.2857143,5.714286,-1.4285715,76.314285,0.85714287,0.7714286,1.0,9.914286,2.5857143,5.0373375e-05,0.009032831,0.000697766,0.0024446864,0.0009288639,True
2004-03-15,5.728571428571429,6.0,5.1714287,7.6285715,2.2857144,81.1,1.0142857,0.9428572,1.0857143,9.685715,4.385714,0.000121846795,0.008758023,0.0004037051,0.0011742935,0.0007405244,True
2004-03-22,5.751428571428571,25.3,8.971429,12.957144,5.8857145,83.614296,1.4142857,1.3571428,1.3428571,9.957143,8.342857,0.00073359907,0.008401245,-7.2791902999999985e-25,4.6007335e-07,0.0,True
2004-03-29,5.767142857142857,0.0,4.585715,9.242858,0.55714285,77.52857,1.1999999,1.0857143,1.3428571,9.985714,6.4428573,4.0113926e-05,0.008107737,1.3033549e-05,5.5219978e-05,5.7794154e-05,True
2004-04-05,5.8,24.9,9.457144,13.971429,4.957143,69.942856,2.2285714,1.9571428,2.2285714,9.3714285,9.671429,0.00026657432,0.00781405,1.5894572e-07,1.9278377e-06,0.0,True
2004-04-12,5.805714285714286,14.4,5.957143,9.342857,2.8142858,81.685715,1.3857144,1.3142856,1.4571428,9.8714285,7.6857142,0.00018538535,0.0075160414,-7.2791902999999985e-25,2.0489097e-08,1.4901161e-08,True
2004-04-19,5.828571428571428,3.8999999,10.471429,16.571428,4.3142858,66.700005,2.3428571,1.942857,2.542857,9.1,12.085714,2.1204352e-05,0.0071884617,-7.2791902999999985e-25,0.0,0.0,True
2004-04-26,5.828571428571428,2.9,10.714286,16.7,4.457143,77.042854,2.257143,1.7571429,2.4142857,8.385715,13.714286,5.813688e-05,0.0067855716,-7.2791902999999985e-25,3.7252903e-09,0.0,True
2004-05-03,5.855714285714286,6.0,14.0,19.557144,8.771429,68.47143,2.8142858,2.2285714,3.3999999,7.6,15.271428,8.067489e-05,0.006316699,-7.2791902999999985e-25,9.313226e-09,0.0,True
2004-05-10,5.864285714285714,6.7999997,11.442857,15.157144,7.585715,81.17143,1.7714285,1.4714286,1.8857143,7.6285715,13.428572,0.0007596463,0.0058601797,-7.2791902999999985e-25,3.7252903e-09,0.0,True
2004-05-17,5.862857142857143,0.9,11.857142,15.714286,7.9857144,76.828575,1.8857142,1.3428571,2.4428573,7.428571,14.1,1.771748e-05,0.0054381266,-7.2791902999999985e-25,1.1175871e-08,0.0,True
2004-05-24,5.871428571428572,3.5,11.157143,16.1,6.3428574,68.65714,3.1,2.0,3.1857142,6.5857143,15.114285,3.3035874e-05,0.0049836636,-7.2791902999999985e-25,3.7252903e-09,0.0,True
2004-05-31,5.864285714285715,8.400001,13.057143,18.34286,7.2714286,67.1,3.0714285,1.3428571,3.3142858,6.042857,15.971429,5.145371e-05,0.004550591,-7.2791902999999985e-25,3.7252903e-09,0.0,True
2004-06-07,5.855714285714286,13.8,15.471429,20.628572,10.6,74.0,2.8142858,1.5428573,3.2428572,6.1857142,18.114286,3.7938356e-05,0.0041220263,-7.2791902999999985e-25,1.1175871e-08,0.0,True
2004-06-14,5.835714285714286,11.5,16.87143,21.685715,12.757143,75.700005,2.9285715,1.9714286,3.4142857,6.1285715,19.485714,3.862381e-05,0.0037297234,-7.2791902999999985e-25,1.1175871e-08,0.0,True
2004-06-21,5.82,25.5,12.985715,17.128572,9.599999,79.5,2.8,2.1857142,2.9142857,5.9428573,16.057142,0.00021193177,0.0033978298,-7.2791902999999985e-25,1.4901161e-08,0.0,True
2004-06-28,5.7871428571428565,44.6,14.785714,18.928572,11.271429,80.07143,3.0714285,2.6285713,2.9857142,6.8428574,16.37143,0.0019415691,0.003122218,-7.2791902999999985e-25,1.4901161e-08,0.0,True
2004-07-05,5.757142857142857,49.5,14.771429,19.071428,11.042857,83.15714,2.9857142,2.6285713,2.9714284,7.5142856,17.357143,0.001413092,0.0028964803,-7.2791902999999985e-25,1.8626451e-08,0.0,True
2004-07-12,5.727142857142858,23.400002,14.714286,18.97143,10.6285715,82.828575,2.6571426,2.4285715,2.6571429,8.7,17.285715,0.0014779121,0.0027313158,-7.2791902999999985e-25,1.8626451e-08,0.0,True
2004-07-19,5.701428571428572,32.4,16.7,20.742859,13.357142,83.185715,2.542857,2.4,2.6714287,9.271428,18.471428,0.0014549568,0.002622895,-7.284705e-25,1.4901161e-08,0.0,True
2004-07-26,5.684285714285714,16.4,17.385715,21.97143,13.557143,81.94286,2.5714285,2.3428571,2.9857142,9.342857,20.214285,0.00028125197,0.0025301576,-7.345365000000001e-25,1.4901161e-08,0.0,True
2004-08-02,5.67,0.0,18.457142,24.385714,12.17143,74.0,3.4142857,2.6857145,3.957143,8.485714,22.214285,1.8306077e-05,0.0024411678,-7.345365000000001e-25,1.1175871e-08,0.0,True
2004-08-09,5.662857142857143,0.0,23.028574,29.742859,16.142857,62.842857,4.457143,3.0,5.5,7.2,25.185715,1.8179417e-06,0.0023173392,-7.345365000000001e-25,1.8626451e-08,0.0,True
2004-08-16,5.655714285714287,36.3,19.728573,24.428572,16.242857,78.68572,2.7285714,2.085714,3.1000001,7.385714,21.928572,0.0027695373,0.0021836162,-7.345365000000001e-25,1.8626451e-08,0.0,True
2004-08-23,5.641428571428572,12.0,16.9,20.928572,13.557143,79.91429,2.3714283,2.2,2.4714284,7.857143,18.885714,0.0013530701,0.0021004826,-7.345365000000001e-25,1.8626451e-08,0.0,True
2004-08-30,5.634285714285714,44.9,15.014285,18.814285,11.942857,85.5,1.9428571,1.8999999,1.9142857,8.942857,16.77143,0.0004605204,0.0020412132,-7.345365000000001e-25,1.8626451e-08,0.0,True
2004-09-06,5.62,3.4,16.828571,23.7,11.214286,77.614296,2.3285713,2.0285714,2.642857,9.642858,18.485714,8.8989735e-05,0.0019975752,-7.345365000000001e-25,1.4901161e-08,0.0,True
2004-09-13,5.605714285714286,5.7000003,15.971429,21.571428,11.357142,71.17143,2.3142855,1.9142857,2.7428572,8.842857,18.257143,9.312481e-05,0.0019442216,-7.345365000000001e-25,9.313226e-09,0.0,True
2004-09-20,5.592857142857143,16.5,13.842857,18.571428,10.0,75.957146,1.8714285,1.6857144,2.1,8.542857,14.914286,0.00017959625,0.0018962473,-7.345365000000001e-25,1.4901161e-08,0.0,True
2004-09-27,5.577142857142857,84.1,12.085714,15.157144,9.914286,84.35714,1.6142857,1.5857142,1.4857142,10.271428,12.685715,0.0016612783,0.0018636808,-7.345365000000001e-25,2.2351742e-08,0.0,True
2004-10-04,5.562857142857142,17.699999,13.1285715,16.928572,10.214286,83.457146,1.0714285,1.042857,1.3428571,10.357142,13.357142,0.0012223572,0.0018572956,-7.345365000000001e-25,1.4901161e-08,0.0,True
2004-10-11,5.552857142857143,1.3,9.814285,14.542857,6.8285713,81.5,0.9285715,0.9285715,1.2571429,9.885715,11.2,3.837049e-05,0.0018862337,-7.345365000000001e-25,3.7252903e-09,0.0,True
2004-10-18,5.545714285714285,13.8,8.357142,11.8714285,5.3428574,83.14286,0.7714286,0.7,0.94285715,9.742857,8.842857,0.00019107759,0.0019082949,-7.345365000000001e-25,1.8626451e-09,0.0,True
2004-10-25,5.532857142857144,30.7,12.457144,15.442858,9.528571,80.9,1.0142857,1.0285714,1.2142857,10.457143,11.342857,0.00084675103,0.0019285232,-7.345365000000001e-25,1.8626451e-08,0.0,True
2004-11-01,5.5200000000000005,10.6,9.6285715,12.257143,6.8285713,88.442856,0.4,0.4,0.5428571,10.385715,9.685715,0.00016432256,0.0020005032,-7.345365000000001e-25,3.7252903e-09,0.0,True
2004-11-08,5.51,4.9,7.785714,11.057143,5.3285713,84.07143,0.5142857,0.5142857,0.5857143,10.242857,7.7714286,7.69645e-05,0.0021287575,-7.345365000000001e-25,7.450581e-09,0.0,True
2004-11-15,5.498571428571429,19.2,5.1285715,7.8142858,1.8571428,86.07143,0.37142858,0.37142858,0.40000004,10.6285715,4.7,0.00029599667,0.002259247,-7.345365000000001e-25,1.8626451e-09,0.0,True
2004-11-22,5.49,49.6,5.8857145,8.471429,3.1285713,90.71429,0.5714286,0.5714286,0.4,11.085714,5.1571426,0.000716269,0.002452083,0.0002029964,0.0009686835,0.0009609163,True
2004-11-29,5.481428571428572,6.3999996,3.6857145,6.957143,0.6714286,92.64286,0.24285714,0.24285714,0.17142858,10.6285715,3.8857143,0.00018952787,0.0028854534,9.621893e-06,4.2291358e-05,9.685755e-07,True
2004-12-06,5.475714285714285,4.5,4.1714287,5.9000006,2.4,96.58572,0.114285715,0.114285715,0.15714286,10.3714285,3.8714285,9.778887e-05,0.0033921525,0.000109371686,0.00039185397,0.00037613884,True
2004-12-13,5.472857142857143,0.1,2.1857142,4.1857142,0.37142864,96.37144,0.057142857,0.057142857,0.12857144,10.242857,2.7714286,7.174909e-06,0.0038318858,1.0728836e-06,3.458932e-06,4.455447e-06,True
2004-12-20,5.48,14.5,2.7,5.1,0.5,89.77143,0.2857143,0.27142859,0.25714284,10.471429,2.3428571,0.000233002,0.0041194484,1.2539682e-05,6.310269e-05,6.0915947e-05,True
2004-12-27,5.482857142857143,8.2,2.3285713,4.7000003,-0.48571426,90.68572,0.38571426,0.38571426,0.2857143,10.6,2.2285714,0.00025039166,0.004320197,9.633246e-06,2.3245811e-05,9.194389e-05,True
2005-01-03,5.474285714285714,18.4,4.7000003,6.7000003,2.2,90.62858,0.15,0.15,0.4,10.625,1.85,0.00025822222,0.004575558,0.0011565117,0.004545508,0.0042772517,True
2005-01-10,5.48,5.9,8.028571,9.742858,5.6,81.700005,0.8,0.8,0.9714286,10.314285,6.3,0.00017877668,0.0048961937,2.1571205e-07,3.6042184e-06,0.0,True
2005-01-17,5.47,14.4,3.857143,6.2714286,1.5285714,87.92857,0.51428574,0.51428574,0.37142855,10.2,3.7857144,0.00011079013,0.00519713,-7.345365000000001e-25,2.0675361e-07,2.30968e-07,True
2005-01-24,5.475714285714285,21.1,3.1714287,5.957143,0.67142856,84.457146,0.7428571,0.7428571,0.6,10.757143,2.857143,0.00039866567,0.0054237694,0.00015795231,0.0003213305,0.0010350533,True
2005-01-31,5.482857142857143,6.2,0.7428571,2.4428573,-1.5428572,90.48572,0.15714286,0.15714286,0.31428573,10.328571,0.35714287,0.0001418814,0.0057687536,0.0019304184,0.0038612057,0.0034339428,True
2005-02-07,5.488571428571428,3.1,2.9142857,5.514286,1.1142857,82.72857,0.47142857,0.47142857,0.5428571,10.228572,2.7285714,2.9630959e-05,0.0060133934,5.1617622e-05,0.00032275915,5.2154064e-08,True
2005-02-14,5.517142857142857,40.699997,2.5,5.9000006,-0.41428572,89.35714,0.61428577,0.61428577,0.45714286,10.771428,2.5857143,0.0009697601,0.0061223283,3.9316357e-05,4.6830624e-05,0.000244949,True
2005-02-21,5.517142857142857,7.4,0.4857143,2.3,-1.0571429,86.47143,0.3285714,0.3285714,0.5285714,10.542857,0.7,9.098649e-05,0.006463349,0.0017295622,0.0020161346,0.0048031025,True
2005-02-28,5.531428571428571,9.7,-0.7571429,1.1142857,-3.0428574,81.64286,0.3,0.3,0.64285713,10.342857,0.057142857,6.4723194e-05,0.0067658275,0.007298793,0.0024388954,0.009115756,True
2005-03-07,5.555714285714286,10.3,-3.1714287,0.31428573,-7.8714285,87.14286,0.114285715,0.114285715,0.51428574,10.328571,-0.071428575,0.00014768541,0.0068460703,0.015586002,0.0066191554,0.01103558,True
2005-03-14,5.575714285714286,14.400001,2.2571428,5.728572,-0.42857143,85.814285,0.90000004,0.90000004,0.8,10.3714285,2.4,0.00048822165,0.006856203,0.0024278958,0.009917745,0.00039104,True
2005-03-21,5.587142857142857,6.9999995,7.585715,11.242858,3.8,77.38572,1.2714285,1.1857144,1.4142857,10.1285715,7.0,6.467104e-05,0.0070755854,4.9511593e-05,0.00042597018,0.0,True
2005-03-28,5.605714285714286,14.099999,9.8714285,13.885715,5.571429,81.9,1.2857143,1.1571429,1.4,9.885715,9.442857,0.00019067526,0.007103391,-7.345365000000001e-25,5.5879354e-09,0.0,True
2005-04-04,5.618571428571428,14.9,9.457144,15.785714,3.257143,60.357143,2.4714286,2.142857,2.7,9.671429,9.6285715,6.0766935e-05,0.0069770813,-7.345365000000001e-25,1.8626451e-09,0.0,True
2005-04-11,5.64,7.9,7.471429,11.771429,4.142857,76.457146,1.7428572,1.6285715,1.8857143,9.142858,8.914286,0.00020354986,0.006746173,-7.345365000000001e-25,3.7252903e-09,0.0,True
2005-04-18,5.662857142857143,7.5,11.785714,16.928572,6.7285714,78.78571,1.7571429,1.5285714,1.9714286,8.885715,11.9,0.0012793243,0.006492801,-7.345365000000001e-25,3.7252903e-09,0.0,True
2005-04-25,5.667142857142857,0.5,8.342857,14.1285715,2.357143,63.68572,2.5857143,2.1000001,2.9857142,8.514286,11.2,1.4051795e-05,0.006193459,-7.345365000000001e-25,0.0,0.0,True
2005-05-02,5.677142857142857,14.0,13.300001,18.457144,7.471429,79.18572,2.1,1.8571428,2.3999999,8.471429,14.542857,0.00042802095,0.0058709458,-7.345365000000001e-25,0.0,0.0,True
2005-05-09,5.688571428571429,29.8,9.071428,13.028572,5.214286,83.07143,2.0,1.9428571,1.9571428,8.671429,11.928572,0.0017416924,0.0056105554,-7.345365000000001e-25,7.450581e-09,0.0,True
2005-05-16,5.677142857142857,29.099998,9.071428,13.485715,4.714286,79.78571,2.2857144,2.057143,2.3714287,8.7,12.1,0.00046505034,0.0054489523,-7.345365000000001e-25,3.7252903e-09,0.0,True
2005-05-23,5.6775,12.1,12.400001,16.914286,7.0428576,71.24286,2.9142857,2.6000001,3.1142857,8.357142,15.0,0.00030350685,0.0053351596,-7.345365000000001e-25,3.7252903e-09,0.0,True
2005-05-30,5.671428571428572,7.5,17.228573,22.814285,11.485715,68.314285,3.7142854,2.8428574,4.142857,7.4428573,19.6,0.00017042458,0.0051737726,-7.345365000000001e-25,1.1175871e-08,0.0,True
2005-06-06,5.671428571428572,24.8,12.8714285,16.7,9.842857,76.87144,2.4714284,2.2857144,2.7571428,7.742857,14.9,0.00038281083,0.004980512,-7.345365000000001e-25,7.450581e-09,0.0,True
2005-06-13,5.664285714285714,12.799999,11.142858,15.0,7.071429,75.85714,2.7,2.2999997,2.7571428,7.5571427,14.957143,0.0006827712,0.0047981516,-7.345365000000001e-25,3.7252903e-09,0.0,True
2005-06-20,5.651428571428572,1.3000001,18.314285,23.714285,10.914286,67.21429,4.2,3.0571427,4.4428573,7.0,20.828571,1.2010336e-05,0.0045734197,-7.345365000000001e-25,1.4901161e-08,0.0,True
2005-06-27,5.642857142857143,15.9,18.571428,24.428572,12.742858,71.47143,4.042857,2.3999999,4.357143,5.9,23.028572,6.248057e-05,0.004272841,-7.345365000000001e-25,1.1175871e-08,0.0,True
2005-07-04,5.635,11.4,18.0,22.914288,12.871429,78.01429,3.3428571,2.1857142,3.3142858,5.742857,21.62857,0.00023730099,0.0039834753,-7.345365000000001e-25,1.4901161e-08,0.0,True
2005-07-11,5.6137500000000005,13.4,17.342857,22.114286,12.828572,80.61428,3.2142856,2.3714287,3.3,5.9714284,20.72857,0.00026243925,0.0037301928,-7.345365000000001e-25,1.4901161e-08,0.0,True
2005-07-18,5.59625,2.6,19.128572,24.47143,13.685715,74.84286,3.457143,1.7857143,3.7857144,5.3428574,23.085714,7.1927905e-05,0.003463313,-7.345365000000001e-25,1.1175871e-08,0.0,True
2005-07-25,5.57,42.100002,15.528572,18.457142,13.242858,85.35714,2.457143,2.0857143,2.3428571,6.142857,18.014286,0.00042767823,0.003240481,-7.345365000000001e-25,2.2351742e-08,0.0,True
2005-08-01,5.5425,46.3,17.4,21.014286,13.928572,82.92857,2.3428571,2.1714284,2.457143,6.9428573,19.257143,0.0014344528,0.003066197,-7.345365000000001e-25,1.4901161e-08,0.0,True
2005-08-08,5.5175,34.4,13.971429,18.2,10.242857,86.18572,2.257143,2.1857145,2.3142858,8.1285715,16.585714,0.0015468448,0.0029332936,-7.345365000000001e-25,7.450581e-09,0.0,True
2005-08-15,5.5025,16.1,14.785714,17.77143,12.400001,83.82857,1.8142856,1.7285715,2.0857143,8.785714,16.285715,0.00016097724,0.0028445125,-7.345365000000001e-25,1.8626451e-08,0.0,True
2005-08-22,5.47875,4.8,17.714287,22.157145,13.585714,82.75715,2.142857,1.8714287,2.6857142,8.728572,19.714285,5.249679e-05,0.0027583763,-7.345365000000001e-25,1.1175871e-08,0.0,True
2005-08-29,5.4675,16.3,15.057143,20.100002,10.642858,80.98572,2.1285713,1.9714285,2.357143,8.685715,17.257143,0.00014944375,0.002670899,-7.345365000000001e-25,1.4901161e-08,0.0,True
2005-09-05,5.45625,0.3,18.428572,25.385715,12.657144,77.42857,2.6000001,2.042857,3.1142857,8.2,20.614286,5.275756e-05,0.0025687143,-7.345365000000001e-25,1.1175871e-08,0.0,True
2005-09-12,5.44625,3.2,18.542858,23.9,14.2,79.42857,1.9714285,1.6000001,2.5285716,7.742857,20.3,9.775162e-06,0.0024526343,-7.345365000000001e-25,1.4901161e-08,0.0,True
2005-09-19,5.43625,21.9,12.257143,17.314287,7.9857144,84.01428,1.4857143,1.3428571,1.6428572,8.042857,15.171429,0.0001912713,0.00235489,-7.345365000000001e-25,5.5879354e-09,0.0,True
2005-09-26,5.42875,1.6,13.642858,20.214285,8.428572,82.557144,1.4142858,1.1285714,1.6857141,7.8,16.085714,3.604591e-05,0.0022590905,-7.345365000000001e-25,7.450581e-09,0.0,True
2005-10-03,5.4157142857142855,32.0,11.571428,16.157145,8.271429,85.32857,1.1999999,1.1571429,1.2857143,8.385715,13.057143,0.00029201806,0.002179481,-7.345365000000001e-25,1.1175871e-08,0.0,True
2005-10-10,5.405555555555556,0.0,13.414286,18.757143,9.400001,85.957146,0.9142857,0.78571427,1.2714285,8.6285715,14.0,3.1292439e-06,0.002108045,-7.345365000000001e-25,9.313226e-09,0.0,True
2005-10-17,5.395,0.0,11.285714,17.47143,6.9857144,79.84286,0.9857143,0.8000001,1.2714285,8.214286,12.642858,1.2814999e-06,0.002040103,-7.345365000000001e-25,9.313226e-09,0.0,True
2005-10-24,5.37375,38.1,10.585714,13.785714,7.085714,87.11428,0.7571429,0.7285714,0.85714287,8.585714,10.342857,0.00044105202,0.001978971,-7.345365000000001e-25,1.1175871e-08,0.0,True
2005-10-31,5.355714285714285,5.7,14.757143,19.142857,11.457143,82.27143,1.0142857,1.0142858,1.0857142,10.414286,13.042857,0.00015743077,0.0019311532,-7.345365000000001e-25,1.6763806e-08,0.0,True
2005-11-07,5.3475,9.8,11.457144,14.142858,8.7,85.57143,0.7571429,0.7428571,0.87142855,10.185715,10.9,0.00018554926,0.0018945783,-7.345365000000001e-25,1.3038516e-08,0.0,True
2005-11-14,5.355,3.5,8.571428,11.828572,5.2714286,87.91429,0.4857143,0.4714286,0.5142857,10.1,8.585714,5.558133e-06,0.0018694401,-7.345365000000001e-25,5.5879354e-09,0.0,True
2005-11-21,5.33625,30.7,3.957143,7.514286,1.2428572,91.22857,0.34285715,0.34285715,0.22857143,10.642858,4.0142856,0.00025372207,0.0018513352,6.925492e-07,3.8035214e-06,3.878027e-06,True
2005-11-28,5.33375,24.5,1.7571429,2.8285716,0.44285718,94.85714,0.14285715,0.14285715,0.24285714,10.814285,2.0285714,0.00015829504,0.0018412024,0.0027974106,0.0014361478,0.0074563995,True
2005-12-05,5.31375,12.0,3.2857144,5.0142856,1.3142859,87.52857,0.27142859,0.27142859,0.37142858,10.414286,2.0285714,0.0002591312,0.0018438026,0.0023459082,0.0058228765,2.7492642e-06,True
2005-12-12,5.29625,5.2000003,4.142857,5.8285713,2.3714287,93.0,0.14285715,0.14285715,0.22857143,10.342857,3.442857,2.7418137e-05,0.0018743947,3.6824316e-05,0.00017262809,0.0,True
2005-12-19,5.29125,37.5,4.3714285,6.571429,1.9714285,86.9,0.47142857,0.47142857,0.45714286,10.671429,3.1142857,0.0003569126,0.0019333437,0.0005957115,0.0019283518,0.0034438223,True
2005-12-26,5.278571428571429,9.3,4.8428574,6.514286,2.6285713,92.02857,0.18571429,0.18571429,0.31428573,10.5,3.8142858,0.00012040138,0.0020378903,0.00023322446,0.0016540326,0.0003418848,True
2006-01-02,5.264444444444444,14.8,0.08571429,1.6285714,-2.4285715,90.24286,0.02,0.02,0.24285714,10.38,0.2,0.00015690923,0.0021891892,0.0025794166,0.0075193383,0.009112798,True
2006-01-09,5.26,0.0,-0.31428573,0.9571429,-1.7285715,93.328575,0.12857144,0.12857144,0.24285714,10.3,0.14285715,1.7255545e-05,0.002341792,0.0020842212,0.00043760985,0.00049877167,True
2006-01-16,5.255,3.4,0.30000004,3.2428572,-2.857143,88.957146,0.21428572,0.21428572,0.20000002,10.257143,-0.17142858,6.380677e-05,0.0024861246,0.000835396,0.0015874989,0.0,True
2006-01-23,5.24875,16.9,0.9285714,3.9428573,-1.6142857,84.92857,0.21428572,0.21428572,0.42857143,10.485714,0.41428572,0.0003080517,0.0026133657,0.00021901017,0.0010710582,0.00055811927,True
2006-01-30,5.25875,4.1,-1.2857143,1.8571428,-5.3428574,82.057144,0.21428572,0.21428572,0.41428572,10.3,-1.1857142,3.3676624e-05,0.0027760267,0.00052865915,0.0003066212,0.0008412674,True
2006-02-06,5.24875,4.0,0.04285715,2.1714287,-2.1571429,92.77143,0.14285715,0.12857144,0.32857147,10.2,-0.028571429,5.5365264e-05,0.0029387996,0.0008846351,0.0014819019,0.0019450933,True
2006-02-13,5.2475,19.8,2.3714287,4.3142858,0.61428577,88.02857,0.55714285,0.54285717,0.5142857,10.414286,1.1714286,0.00022497028,0.003069073,0.00025472188,0.0013106465,0.0003958717,True
2006-02-20,5.24375,13.6,3.7000003,5.914286,1.4,90.78571,0.40000004,0.40000004,0.4714286,10.542857,3.1142857,0.0003334731,0.0032239407,4.0587925e-05,0.00019070692,2.2351742e-08,True
2006-02-27,5.24,1.6,0.29999998,2.6285717,-1.7714285,76.37144,0.5714286,0.5714286,0.81428576,10.185715,0.9714286,8.836389e-06,0.0034634992,0.00045155344,0.00019392744,0.0010800269,True
2006-03-06,5.2425,7.6000004,-0.3857143,2.9285715,-2.9428573,88.700005,0.5428571,0.5428571,0.5714286,10.285714,0.2857143,0.00017865002,0.003653057,0.0061037824,0.005238479,0.012802914,True
2006-03-13,5.239999999999999,21.5,-1.3142856,2.0,-3.9714286,82.67143,0.34285715,0.34285715,0.71428573,10.528571,0.5,0.0007592067,0.0037842914,0.010325971,0.0071681123,0.012058567,True
2006-03-20,5.24,0.0,0.5428571,2.9285715,-2.1285715,82.65715,0.5571429,0.5142857,0.8428572,10.142858,0.55714285,0.00013456494,0.0040063336,0.0085950745,0.00636559,0.00038854033,True
2006-03-27,5.26,39.4,5.371429,10.2,0.9571429,78.21429,1.3857143,1.2714287,1.3142856,10.0,5.6571426,0.0021160543,0.004196413,0.0013044449,0.0030648,9.532273e-05,True
2006-04-03,5.23,27.300001,8.228572,11.228572,5.357143,85.08572,1.3428572,1.3428572,1.3714286,10.714286,7.9428573,0.0013638437,0.004662156,2.2706532e-08,1.0784715e-06,0.0,True
2006-04-10,5.24,7.5,5.1714287,9.057143,1.9142857,78.1,1.6142857,1.5857143,1.6714286,10.3,6.5571427,0.0002747476,0.005821295,2.5544847e-07,2.2985041e-06,2.3841858e-06,True
2006-04-17,5.236859251984352,11.6,7.7428575,11.957144,3.6714287,80.12858,1.6428573,1.5714285,1.7857143,10.0,8.814285,0.00032103062,0.0066292435,1.0217939e-07,2.6542693e-06,2.5480986e-06,False
2006-04-24,5.279999999999999,9.4,9.914286,14.042857,6.4857144,83.44286,1.4857142,1.3571427,1.6142857,9.714286,10.828571,0.00033971667,0.0069545507,-7.345365000000001e-25,3.7252903e-09,0.0,True
2006-05-01,5.321124896509348,23.699999,9.071428,14.028572,4.871429,82.471436,1.9857142,1.7428572,1.9285715,9.4,11.485714,0.00018808246,0.007066533,-7.345365000000001e-25,1.8626451e-09,0.0,False
2006-05-08,5.324999999999999,0.0,17.014286,23.385715,10.428572,54.87143,4.785714,3.6285717,5.1142855,8.8,17.214285,5.1781535e-06,0.006872624,-7.345365000000001e-25,1.1175871e-08,0.0,True
2006-05-15,5.37,1.3,14.228571,21.057144,6.785714,63.17143,3.5857143,2.2,3.8142858,7.385714,17.785715,1.527369e-05,0.0064581335,-7.345365000000001e-25,0.0,0.0,True
2006-05-22,5.38,48.2,13.528572,17.2,10.928572,80.9,2.3714283,2.0714285,2.3999999,7.7714286,14.842857,0.00068573654,0.006057054,-7.345365000000001e-25,1.4901161e-08,0.0,True
2006-05-29,5.4,23.2,10.6,14.1,7.514286,84.971436,2.1142857,2.0142858,2.0285714,8.814285,12.928572,0.00041405857,0.0057360902,-7.345365000000001e-25,3.7252903e-09,0.0,True
2006-06-05,5.393694525077461,1.4,10.842857,14.5,7.714286,74.042854,2.357143,1.9999999,2.8142858,8.6285715,13.5,3.7170947e-05,0.0054602325,-7.345365000000001e-25,0.0,0.0,False
2006-06-12,5.395,0.0,17.642859,23.9,9.2,62.485714,4.4714284,3.1857142,4.7285714,7.457143,20.62857,5.5134296e-07,0.0051328614,-7.345365000000001e-25,3.7252903e-09,0.0,True
2006-06-19,5.4,0.5,18.171429,23.7,12.942858,72.64286,3.4,1.7714285,3.8,6.2714286,21.2,0.000103354454,0.004730515,-7.345365000000001e-25,1.1175871e-08,0.0,True
2006-06-26,5.39,3.4,17.671429,21.728573,12.728572,74.32857,3.0571427,1.442857,3.2,5.9428573,19.8,0.00015340745,0.0043803006,-7.345365000000001e-25,1.4901161e-08,0.0,True
2006-07-03,5.38,1.1,18.414286,24.228573,11.300001,66.47143,4.3714285,1.3285714,4.571429,5.6857142,21.342857,1.7106533e-05,0.0040215477,-7.345365000000001e-25,7.450581e-09,0.0,True
2006-07-10,5.36,31.400002,21.37143,27.685715,15.842857,71.82857,4.1857142,1.4714285,4.342857,5.4714284,24.057142,8.843839e-05,0.0036121383,-7.345365000000001e-25,1.8626451e-08,0.0,True
2006-07-17,5.34,5.1,19.157145,25.27143,11.671428,67.87143,4.5285716,1.1571429,4.642857,5.3428574,23.1,1.7732382e-05,0.003269814,-7.345365000000001e-25,1.1175871e-08,0.0,True
2006-07-24,5.32,9.8,22.814287,30.071428,15.757143,69.98572,4.3142858,0.81428576,4.942857,5.0285716,26.114286,6.4224005e-05,0.0028945655,-7.345365000000001e-25,1.4901161e-08,0.0,True
2006-07-31,5.29,10.599999,22.114286,28.528574,16.657145,73.314285,3.8285716,1.2571429,4.0571427,5.142857,25.428572,0.00012102723,0.0025723204,-7.345365000000001e-25,1.4901161e-08,0.0,True
2006-08-07,5.25,31.6,17.714287,22.657145,13.67143,84.58572,2.9142857,2.3714287,2.9428573,6.0,20.72857,0.00023202598,0.002343893,-7.345365000000001e-25,1.8626451e-08,0.0,True
2006-08-14,5.24,50.1,15.1285715,19.142857,11.971429,85.74286,1.9857142,1.7428571,2.1714284,6.4428573,18.142857,0.0023150817,0.0021616966,-7.345365000000001e-25,1.4901161e-08,0.0,True
2006-08-21,5.22,29.3,17.228573,21.47143,14.014287,86.25714,2.1714284,2.142857,2.3285713,8.5,19.2,0.00040966272,0.0020295382,-7.345365000000001e-25,1.4901161e-08,0.0,True
2006-08-28,5.22,66.3,15.314286,19.571428,12.657143,90.87144,1.8428572,1.8142856,1.8142856,10.114285,18.185715,0.0035645217,0.0019497052,-7.345365000000001e-25,1.3038516e-08,0.0,True
2006-09-04,5.2,12.299999,16.128572,19.642857,13.014287,86.64286,1.8714284,1.8285714,1.9,10.6285715,17.0,0.00025384128,0.0019236207,-7.345365000000001e-25,2.2351742e-08,0.0,True
2006-09-11,5.19,9.099999,16.5,21.214285,11.800001,79.77143,1.9142857,1.7285715,2.3,9.7,18.085714,0.00023950636,0.0019330829,-7.345365000000001e-25,1.1175871e-08,0.0,True
2006-09-18,5.18,0.0,19.557144,25.571428,14.814286,76.3,2.2,1.6857144,2.7428572,8.857142,20.657143,1.0803342e-05,0.0019216165,-7.345365000000001e-25,1.1175871e-08,0.0,True
2006-09-25,5.17,1.0,17.2,23.442858,12.0,77.5,1.7857143,1.357143,2.1571429,8.442857,18.514286,1.2099743e-05,0.0018881038,-7.345365000000001e-25,1.4901161e-08,0.0,True
2006-10-02,5.16,17.7,15.785714,20.128572,12.357142,85.457146,1.1571428,1.0,1.3857143,8.257143,17.085714,0.00012356788,0.0018510297,-7.345365000000001e-25,1.4901161e-08,0.0,True
2006-10-09,5.14,30.2,13.057143,16.4,9.914286,87.957146,1.1,1.1,1.0714285,9.328571,13.757143,0.00027868897,0.0018208995,-7.345365000000001e-25,1.8626451e-08,0.0,True
2006-10-16,5.13,1.3000001,13.17143,16.37143,10.585714,88.614296,0.7000001,0.61428565,0.88571423,9.314285,14.014286,4.4368207e-05,0.0017944649,-7.345365000000001e-25,5.5879354e-09,0.0,True
2006-10-23,5.12,19.9,13.342857,16.614286,10.428572,85.58572,0.88571423,0.82857144,0.85714287,9.114285,13.285714,0.0002745092,0.0017705187,-7.345365000000001e-25,1.4901161e-08,0.0,True
2006-10-30,5.11,13.6,12.900001,15.771429,10.014285,87.82857,0.85714287,0.85714287,0.82857144,10.1,12.485714,0.0005669296,0.001753673,-7.345365000000001e-25,1.3038516e-08,0.0,True
2006-11-06,5.09,34.3,7.785714,10.1,4.857143,89.5,0.68571424,0.68571424,0.61428577,10.3714285,7.614286,0.00022161007,0.0017592236,-7.345365000000001e-25,7.450581e-09,0.0,True
2006-11-13,5.09,31.0,7.928571,10.900001,4.8714285,85.91429,0.8285714,0.8142857,0.6571428,10.428572,7.5571427,0.00026889145,0.0017945617,-7.345365000000001e-25,5.5879354e-09,0.0,True
2006-11-20,5.07,16.1,9.314286,11.642858,6.7571435,89.84286,0.4857143,0.5,0.44285712,10.685715,8.357142,0.00018195063,0.0018569455,-7.345365000000001e-25,5.5879354e-09,0.0,True
2006-11-27,5.06,15.0,9.257143,11.828572,6.2000003,88.94286,0.51428574,0.51428574,0.42857143,10.828571,7.6857142,0.000585407,0.0019659624,-7.345365000000001e-25,9.313226e-09,0.0,True
2006-12-04,5.05,7.8,8.3714285,10.6,5.785714,88.12858,0.41428572,0.41428572,0.42857143,10.328571,7.357143,0.00013694167,0.002145633,-7.345365000000001e-25,7.450581e-09,0.0,True
2006-12-11,5.05,29.0,7.8857145,9.971429,5.6714287,89.02857,0.7,0.7,0.5142857,10.8714285,6.957143,0.0007785857,0.0023479536,-7.345365000000001e-25,7.450581e-09,0.0,True
2006-12-18,5.042857142857143,9.900001,6.442857,8.6,4.5285716,89.47143,0.37142855,0.37142855,0.42857143,10.614285,5.885714,0.00018833578,0.0026808903,-7.345365000000001e-25,3.7252903e-09,0.0,True
2006-12-25,5.04,0.6,5.557143,6.785714,4.057143,93.1,0.15714286,0.15714286,0.27142859,10.314285,4.614286,1.4856458e-05,0.0030387864,-7.345365000000001e-25,0.0,0.0,True
2007-01-01,5.03625,25.400002,5.1571426,7.2571435,3.0285716,88.94286,0.41666666,0.41666666,0.54285717,10.366667,4.15,0.0010314286,0.0033324882,0.00017965407,0.0009449199,0.00091800466,True
2007-01-08,5.045714285714285,29.3,6.6714287,8.142858,4.6,91.828575,0.5428571,0.5428571,0.3857143,10.885715,6.0857143,0.00060690194,0.003700912,-7.345365000000001e-25,4.3958426e-07,0.0,True
2007-01-15,5.045714285714285,22.1,8.728571,11.17143,6.1,81.75714,1.0571429,1.0571429,1.0142857,10.942857,7.4,0.0012792796,0.0056243464,-7.345365000000001e-25,1.1175871e-08,0.0,True
2007-01-22,5.082857142857143,67.2,6.6714287,9.071428,4.0285716,84.67143,1.1,1.1,0.7571429,11.3714285,6.1,0.0041391104,0.0088754445,-7.345365000000001e-25,7.450581e-09,1.4901161e-08,True
2007-01-29,5.107142857142857,11.5,1.2142857,3.4428573,-1.7714287,87.01429,0.42857143,0.42857143,0.41428572,10.671429,1.3142858,0.00018431246,0.009375408,0.0003980455,0.0012705065,0.001323048,True
2007-02-05,5.15,5.8,5.914286,7.785714,3.5285716,90.37144,0.3857143,0.3857143,0.51428574,10.314285,5.3285713,4.002452e-05,0.010393016,3.6046617e-06,4.113838e-05,0.0,True
2007-02-12,5.192857142857143,24.4,0.9857143,3.0,-1.0571429,92.52857,0.37142858,0.37142858,0.34285715,10.4,1.5428572,0.00045605004,0.010423206,0.0034212384,0.0073743947,0.008866418,True
2007-02-19,5.215714285714285,11.3,4.5285716,7.6714287,1.6714287,88.64286,0.5857143,0.5714286,0.5428571,10.6285715,4.4428573,0.00038456917,0.010449156,0.0001893895,0.0015635183,0.0,True
2007-02-26,5.258571428571429,31.300001,6.7714286,9.0,4.428571,90.71429,0.59999996,0.59999996,0.6,10.571428,5.6,0.000718981,0.010670848,6.584894e-07,4.78141e-06,0.0,True
2007-03-05,5.29,43.6,6.085715,8.742857,3.3714287,85.17143,1.0285714,1.0285714,0.8714286,11.085714,6.071429,0.0012533814,0.012287706,2.2138867e-07,1.4882535e-06,1.501292e-06,True
2007-03-12,5.315714285714286,16.9,7.557143,11.400001,4.214286,84.71429,1.0428572,1.0285714,1.0428572,10.671429,7.571429,0.00037275255,0.015675172,-7.345365000000001e-25,6.7055225e-08,0.0,True
2007-03-19,5.371428571428572,26.5,6.3857145,10.8714285,2.6000001,83.3,1.3714286,1.3000001,1.1999999,10.042857,7.928571,0.00021612644,0.016281351,5.811169e-05,0.0002187416,0.00079960376,True
2007-03-26,5.374285714285714,4.0,7.0428576,11.328572,3.3428574,71.200005,1.7571428,1.6,1.9571428,10.042857,6.9714284,8.888543e-05,0.015603237,0.00010789008,0.0005689617,0.0,True
2007-04-02,5.418571428571428,1.5,9.800001,16.4,3.8142858,65.35714,2.4142857,1.8714286,2.5857143,9.185715,10.528571,3.518164e-05,0.014386997,-7.345365000000001e-25,1.6763806e-08,0.0,True
2007-04-09,5.458571428571429,0.1,8.285714,12.728571,3.6571429,74.94286,1.7285715,1.2714285,2.0,8.442857,10.2,7.517636e-06,0.012930617,-7.345365000000001e-25,1.8626451e-09,0.0,True
2007-04-16,5.482857142857143,0.0,14.114286,20.9,7.6,67.47143,2.942857,1.942857,3.3142858,7.6285715,14.528571,4.515052e-06,0.011451989,-7.345365000000001e-25,5.5879354e-09,0.0,True
2007-04-23,5.517142857142857,2.9,9.457143,15.185715,3.3142858,67.685715,2.5285716,1.1857144,2.6,6.8285713,12.728572,9.134412e-06,0.009943508,-7.345365000000001e-25,0.0,0.0,True
2007-04-30,5.5371428571428565,0.0,15.642858,22.357143,8.857142,65.328575,3.8571432,1.1142857,3.8428571,6.3428574,17.957144,3.0770898e-05,0.008584924,-7.345365000000001e-25,3.7252903e-09,0.0,True
2007-05-07,5.567142857142857,17.7,12.342857,18.585714,6.3428574,70.1,3.2000003,0.7714286,3.1857142,6.0571427,16.414286,0.00010357797,0.007338889,-7.345365000000001e-25,3.7252903e-09,0.0,True
2007-05-14,5.5842857142857145,36.9,12.428572,15.871429,8.814286,78.68572,2.4714284,2.1571429,2.5285716,7.071429,13.685715,0.0005046576,0.0064142346,-7.345365000000001e-25,1.8626451e-08,0.0,True
2007-05-21,5.6000000000000005,11.099999,12.971429,17.571428,7.114286,74.71429,2.8142858,2.385714,2.9857142,7.6714287,15.571428,0.00024864078,0.0057107583,-7.345365000000001e-25,1.1175871e-08,0.0,True
2007-05-28,5.614285714285714,17.400002,15.042857,19.885715,9.928572,79.21429,2.5142856,1.9857142,2.8714287,7.3285713,18.285715,0.0014203191,0.005119264,-7.345365000000001e-25,7.450581e-09,0.0,True
2007-06-04,5.618571428571428,9.2,15.285714,19.171429,10.8714285,76.02857,2.942857,2.3999999,3.2857144,7.4142857,17.87143,9.985268e-05,0.004655957,-7.345365000000001e-25,1.1175871e-08,0.0,True
2007-06-11,5.625714285714286,36.9,20.97143,26.914288,15.300001,73.442856,4.214286,2.6857142,4.8285713,6.3285713,23.557142,3.46601e-05,0.004221201,-7.345365000000001e-25,7.450581e-09,0.0,True
2007-06-18,5.63,48.9,16.685715,20.84286,13.442857,86.6,2.2285714,1.7857143,2.4428573,6.5,19.428572,0.0007184893,0.003819026,-7.345365000000001e-25,1.1175871e-08,0.0,True
2007-06-25,5.624285714285714,39.5,16.728573,21.514286,12.7,82.24286,2.757143,2.4857142,2.857143,6.9428573,19.971428,0.0046159923,0.0035374388,-7.345365000000001e-25,1.1175871e-08,0.0,True
2007-07-02,5.615714285714286,31.6,14.785714,18.414288,11.357142,81.6,2.6857142,2.6142857,2.642857,8.757143,16.1,0.006140612,0.0033510774,-7.345365000000001e-25,1.4901161e-08,0.0,True
2007-07-09,5.602857142857142,24.5,15.099999,18.942858,12.114286,81.799995,2.8142855,2.6714284,2.9571426,9.8,17.6,0.001968816,0.0032774657,-7.345365000000001e-25,1.4901161e-08,0.0,True
2007-07-16,5.592857142857143,29.6,18.328571,22.857143,13.257143,79.35714,3.1142857,2.8714283,3.357143,9.442857,20.071428,0.0025785863,0.0034408718,-7.345365000000001e-25,1.8626451e-08,0.0,True
2007-07-23,5.582857142857143,30.0,17.657145,22.27143,12.757143,76.12858,3.2571428,2.9142857,3.7571428,8.8,21.342857,0.0030411184,0.0036765411,-7.345365000000001e-25,1.8626451e-08,0.0,True
2007-07-30,5.592857142857143,42.9,15.67143,19.47143,12.542857,80.27143,2.8714283,2.785714,2.7428572,9.728572,17.757143,0.0031625628,0.0037456453,-7.345365000000001e-25,1.8626451e-08,0.0,True
2007-08-06,5.591428571428572,3.5,17.97143,23.557144,12.1285715,69.72858,3.585714,3.0285716,4.1857142,9.342857,20.22857,2.3074448e-05,0.0038699508,-7.345365000000001e-25,1.1175871e-08,0.0,True
2007-08-13,5.595714285714286,23.6,16.842857,20.328571,13.6285715,84.38572,2.1285713,1.8285714,2.5142858,8.985714,20.12857,0.00039176643,0.0038594007,-7.345365000000001e-25,2.0489097e-08,0.0,True
2007-08-20,5.604285714285714,18.3,17.014286,21.571428,13.0,78.41429,2.5142856,2.3,2.7,8.657143,18.72857,0.00045657158,0.0037941933,-7.345365000000001e-25,2.0489097e-08,0.0,True
2007-08-27,5.6,18.8,17.342857,21.785715,13.385715,84.51428,2.0142856,1.8285714,2.4714284,9.028571,19.514286,0.0015099347,0.0037715286,-7.345365000000001e-25,1.6763806e-08,0.0,True
2007-09-03,5.6,30.2,13.885715,17.7,10.328572,81.44286,1.8857143,1.7571428,1.9714285,8.957143,15.914286,0.00065489113,0.0037974492,-7.345365000000001e-25,9.313226e-09,0.0,True
2007-09-10,5.589999999999999,17.9,14.157143,17.157145,11.514287,81.24286,1.7142857,1.5857143,2.0285714,9.142858,15.414286,0.00015140325,0.00376077,-7.345365000000001e-25,1.8626451e-08,0.0,True
2007-09-17,5.575714285714286,12.099999,13.542857,17.285715,9.757143,81.58571,1.3714285,1.2714285,1.7428571,9.271428,14.514286,0.0001693219,0.0037072375,-7.345365000000001e-25,1.3038516e-08,0.0,True
2007-09-24,5.555714285714286,7.1000004,13.914286,18.128572,10.085714,82.78571,1.5,1.4,1.6142857,9.457143,14.7,8.761883e-05,0.0036480278,-7.345365000000001e-25,1.4901161e-08,0.0,True
2007-10-01,5.524285714285715,35.100002,11.614286,14.714286,8.8,90.64286,0.9285714,0.9285714,1.0142857,9.842857,12.914286,0.0010948926,0.0035911873,-7.345365000000001e-25,1.4901161e-08,0.0,True
2007-10-08,5.502857142857143,5.5,10.685715,15.028572,5.9714284,88.65715,0.7285714,0.7,0.9714285,10.2,12.171429,0.00058054924,0.0036670044,-7.345365000000001e-25,5.5879354e-09,0.0,True
2007-10-15,5.485714285714287,0.1,10.042857,14.785714,5.2714286,83.1,0.84285706,0.74285716,0.95714283,9.785714,11.557143,3.8146973e-06,0.0038346872,-7.345365000000001e-25,7.450581e-09,0.0,True
2007-10-22,5.467142857142858,21.199999,7.914286,11.67143,3.642857,83.22858,0.7714285,0.71428573,0.85714287,10.042857,8.885715,0.00040442497,0.00391829,-7.345365000000001e-25,5.5879354e-09,0.0,True
2007-10-29,5.46,8.2,8.185715,9.928572,6.071429,84.6,0.4857143,0.4571429,0.7714286,9.985714,7.7285714,0.00026720762,0.0039758086,-7.345365000000001e-25,5.5879354e-09,0.0,True
2007-11-05,5.4553914643130526,10.4,10.014285,12.142858,7.7428575,88.28571,0.4857143,0.4714286,0.61428577,10.285714,9.414286,0.0001450181,0.0040269643,-7.345365000000001e-25,7.450581e-09,0.0,False
2007-11-12,5.4405876645207885,56.699997,6.7714286,9.228571,4.4,84.47143,1.0571429,1.0571429,0.81428576,10.857142,6.257143,0.0006946847,0.0041267723,-7.345365000000001e-25,1.8626451e-09,0.0,False
2007-11-19,5.44,0.9,3.5285716,5.871429,0.8000001,88.51429,0.25714287,0.25714287,0.4,10.6285715,3.0428572,0.00011981279,0.0045786053,5.307652e-06,1.7775223e-05,1.7933547e-05,True
2007-11-26,5.43,11.0,5.357143,7.8428574,2.3428571,85.91429,0.4714286,0.4714286,0.5,10.257143,3.9714286,0.0001129508,0.005101271,5.1089696e-08,7.8976154e-07,3.2037497e-07,True
2007-12-03,5.438571428571429,36.5,6.157143,7.9857144,4.214286,88.799995,0.61428577,0.61428577,0.4857143,10.714286,4.8714285,0.00056397915,0.005367562,-7.345365000000001e-25,2.7939677e-07,0.0,True
2007-12-10,5.44,44.3,7.4000006,9.342857,5.2571425,89.07143,0.5428571,0.5428571,0.45714286,11.414286,6.357143,0.005283311,0.008774705,7.2320304e-06,9.428896e-05,9.671599e-05,True
2007-12-17,5.441428571428572,3.2,2.2285714,3.9714286,-0.15714285,87.44286,0.15714286,0.15714286,0.24285714,10.457143,1.9714285,2.1882355e-05,0.008393526,2.5402933e-05,1.3675541e-05,0.00020180643,True
2007-12-24,5.481428571428572,3.8999999,-1.2142857,0.78571427,-2.957143,95.8,0.028571429,0.028571429,0.12857142,10.2,-0.35714287,3.132969e-05,0.009257592,0.00034549122,0.00018519908,0.00025311857,True
2007-12-31,5.514285714285714,1.6,4.1857142,6.1714287,2.2285714,88.25714,0.3142857,0.3142857,0.44285718,10.171429,2.1142857,3.9599836e-05,0.009251244,6.854534e-05,0.00026718713,0.0,True
2008-01-07,5.552857142857143,6.0,1.3857144,3.0285716,-0.94285715,87.0,0.2857143,0.2857143,0.47142857,10.328571,0.47142857,0.00017823279,0.00908675,0.00020296233,0.00038304366,0.00045548752,True
2008-01-14,5.565714285714286,6.3,6.3428574,8.642858,3.657143,82.61428,0.5285715,0.5285715,0.7285714,10.414286,4.1571426,0.00021278858,0.008843914,3.4740992e-06,3.1352043e-05,0.0,True
2008-01-21,5.57375,70.8,8.057143,10.285714,5.1,88.21429,0.61428577,0.61428577,0.6571428,10.8714285,6.3714285,0.002901636,0.012669399,-7.345365000000001e-25,1.3038516e-08,1.3411045e-07,True
2008-01-28,5.595714285714286,21.699999,6.571429,8.671429,4.2714286,86.41429,0.5714286,0.5714286,0.6857143,10.8714285,5.3285713,0.00034865737,0.012356289,-7.345365000000001e-25,3.1664968e-07,1.7136335e-07,True
2008-02-04,5.628571428571428,10.0,4.0142856,6.014286,2.1000001,78.85714,0.7714286,0.7714286,0.87142855,10.457143,3.0857143,0.00030508637,0.014609143,0.00048279195,0.0009932704,0.001682777,True
2008-02-11,5.628571428571428,9.4,5.585715,10.7,1.5285715,77.6,0.74285716,0.7285715,0.6571428,10.457143,4.3428574,0.0018518567,0.014896028,7.609526e-05,0.00061329454,2.8271228e-05,True
2008-02-18,5.662857142857143,0.1,1.4428571,4.7285714,-2.357143,84.61428,0.5142857,0.4285714,0.5,10.0,2.3428571,6.0349703e-06,0.014899954,7.322856e-06,2.039969e-05,1.9736588e-05,True
2008-02-25,5.685714285714285,9.4,6.2714286,8.842857,3.2142856,84.75715,0.71428573,0.6857143,0.91428566,9.8,5.6,0.0001551956,0.014384083,2.611251e-07,1.8458813e-06,0.0,True
2008-03-03,5.724285714285714,37.7,6.6,9.3714285,3.6285713,80.88572,1.1714286,1.1571429,1.1285714,10.414286,6.1285715,0.0014823377,0.013540886,-7.345365000000001e-25,1.8626451e-09,0.0,True
2008-03-10,5.74,12.4,5.785714,8.428572,2.6571429,78.98572,1.1,1.1,1.1571429,10.328571,5.428571,0.00012519956,0.012846254,3.2072974e-05,0.00014580972,0.00015372783,True
2008-03-17,5.748571428571429,27.6,6.0,8.557143,3.2428572,78.98572,1.3142856,1.3142856,1.2714285,10.4,6.0,0.00049785525,0.012253545,-7.345365000000001e-25,4.656613e-08,2.8684735e-07,True
2008-03-24,5.782857142857142,27.8,2.4142857,5.714286,-0.5,80.6,1.1285714,1.1142857,1.0857142,10.557143,3.7857144,0.00045897067,0.011808641,0.00088142214,0.002141459,0.004590649,True
2008-03-31,5.79,24.6,5.471429,9.585714,1.4571428,78.17143,1.457143,1.4714286,1.5142858,10.414286,5.9,0.00054071844,0.01147306,0.0015060732,0.0051236507,0.002868265,True
2008-04-07,5.8342857142857145,14.200001,6.071429,9.6285715,2.457143,82.52857,1.2142857,1.2142857,1.3571428,10.357142,7.3142858,0.00030715019,0.011204772,1.282919e-05,6.134249e-05,8.4258616e-05,True
2008-04-14,5.857142857142857,3.8999999,5.785714,10.67143,0.9428572,76.57143,1.5285714,1.3285713,1.7571429,9.785714,8.5,8.431822e-05,0.0109429285,6.3294456e-06,2.9079616e-05,0.0,True
2008-04-21,5.897142857142858,1.7,7.0428576,11.357142,2.7142856,72.700005,2.042857,1.6714287,2.2142856,9.3,8.985714,4.5329332e-05,0.010524169,-7.345365000000001e-25,3.3527613e-08,0.0,True
2008-04-28,5.924285714285714,20.0,11.714286,17.171429,6.085715,71.42857,2.5142856,2.0571427,2.7714286,8.6285715,12.942857,0.0012927428,0.009874336,-7.345365000000001e-25,3.7252903e-09,0.0,True
2008-05-05,5.95,4.8,11.828572,17.642857,5.457143,69.14286,2.9285715,2.4285715,3.1142857,8.442857,14.442857,0.00013895333,0.009124309,-7.345365000000001e-25,0.0,0.0,True
2008-05-12,5.981428571428572,0.0,17.0,24.057144,9.257143,55.17143,4.6142855,2.8285716,4.7999997,7.0571427,19.642857,0.0,0.008228801,-7.345365000000001e-25,0.0,0.0,True
2008-05-19,6.005714285714285,2.6,12.757143,17.77143,7.6857142,70.21429,3.0857143,1.3285714,3.357143,6.357143,16.914286,3.398955e-05,0.0073015764,-7.345365000000001e-25,3.7252903e-09,0.0,True
2008-05-26,6.018571428571428,4.1,13.214286,18.0,7.3857145,66.32857,3.4857142,1.3999999,3.7,6.0857143,16.4,6.018579e-05,0.0064921677,-7.345365000000001e-25,7.450581e-09,0.0,True
2008-06-02,6.034285714285715,1.0,18.857143,24.557144,13.257143,70.685715,3.5714285,1.1857144,4.4142857,5.8714285,19.528572,0.00011117011,0.0057551265,-7.345365000000001e-25,1.4901161e-08,0.0,True
2008-06-09,6.0371428571428565,6.7,19.428572,25.071428,13.785714,63.17143,4.2428575,1.4285715,4.8428574,6.042857,21.7,0.00011079013,0.0050826967,-7.345365000000001e-25,3.7252903e-09,0.0,True
2008-06-16,6.04,12.7,12.928572,17.542858,8.114286,70.72857,3.085714,1.457143,3.4857142,5.7714286,16.72857,8.735061e-05,0.0044824407,-7.345365000000001e-25,7.450581e-09,0.0,True
2008-06-23,6.028571428571429,10.200001,15.971429,21.114286,10.1,66.814285,3.6714287,1.8571428,3.8857143,5.6571426,18.471428,9.804964e-05,0.004000731,-7.345365000000001e-25,1.1175871e-08,0.0,True
2008-06-30,6.008571428571429,8.4,16.728573,22.028574,11.314286,66.65714,3.742857,1.9142857,4.2571425,5.4714284,19.457144,3.6932528e-05,0.0035686046,-7.345365000000001e-25,1.8626451e-08,0.0,True
2008-07-07,5.981428571428572,30.3,19.157145,24.685715,13.614286,68.65714,3.8999999,2.4285715,4.4142857,5.9142857,21.171429,0.0027998388,0.003181249,-7.345365000000001e-25,1.4901161e-08,0.0,True
2008-07-14,5.942857142857143,12.5,16.028572,19.800001,12.042857,76.58572,2.857143,2.642857,3.1142857,7.6571426,17.757143,0.00029680133,0.0029067546,-7.345365000000001e-25,1.4901161e-08,0.0,True
2008-07-21,5.904285714285714,63.4,15.3,18.571428,12.657144,81.27143,2.257143,2.2714286,2.4714284,8.171429,16.842857,0.0012470931,0.0027033389,-7.345365000000001e-25,2.2351742e-08,0.0,True
2008-07-28,5.868333333333333,5.4,20.442858,25.9,15.014287,73.35714,3.5142858,2.9285715,4.1714287,8.485714,21.37143,4.335493e-05,0.0025479198,-7.345365000000001e-25,1.8626451e-08,0.0,True
2008-08-04,5.845,50.5,20.2,25.514286,15.314286,75.42857,3.542857,3.1142857,3.8714287,8.542857,22.4,0.0016153008,0.002381511,-7.345365000000001e-25,1.8626451e-08,0.0,True
2008-08-11,5.821666666666666,14.6,18.128572,22.84286,14.042857,79.22858,2.6285713,2.5285716,3.1142857,9.928572,19.7,0.00037539005,0.0022677109,-7.345365000000001e-25,1.8626451e-08,0.0,True
2008-08-18,5.795714285714285,7.4,16.128572,21.114286,11.057143,77.27143,2.5285714,2.3714287,2.8285713,9.442857,18.642857,0.00020700693,0.0021890402,-7.345365000000001e-25,1.4901161e-08,0.0,True
2008-08-25,5.778333333333333,41.5,15.700002,19.5,12.914286,86.042854,1.8,1.7714285,1.9857142,9.985714,17.028572,0.002252683,0.0025698692,-7.345365000000001e-25,1.8626451e-08,0.0,True
2008-09-01,5.752857142857143,1.8,17.285715,20.814285,13.828572,82.32857,1.8000001,1.5857143,2.2428572,9.842857,18.614286,0.00014592707,0.0021269321,-7.345365000000001e-25,1.8626451e-08,0.0,True
2008-09-08,5.7325,13.5,15.285714,18.985716,12.042857,80.98572,1.6142857,1.6000001,1.9714286,9.7,15.8714285,0.00037306547,0.0021262914,-7.345365000000001e-25,2.0489097e-08,0.0,True
2008-09-15,5.711428571428571,0.7,15.085715,19.957144,10.328572,75.457146,1.8142856,1.6142857,2.5285714,9.3714285,16.714285,1.50203705e-05,0.0021270216,-7.345365000000001e-25,7.450581e-09,0.0,True
2008-09-22,5.69,1.4,10.928572,16.1,5.9714284,81.65715,1.0428573,0.87142855,1.3714285,8.914286,13.557143,1.4528632e-05,0.0021125078,-7.345365000000001e-25,3.7252903e-09,0.0,True
2008-09-29,5.671666666666667,9.5,11.257143,15.900001,7.2428575,87.67143,0.9571429,0.81428576,1.1428572,8.671429,13.414286,7.567555e-05,0.0020899102,-7.345365000000001e-25,5.5879354e-09,0.0,True
2008-10-06,5.655714285714287,78.299995,9.8714285,12.242858,7.6,88.200005,1.1714286,1.1714286,0.94285715,10.8714285,10.328571,0.0036812723,0.0027876124,-7.345365000000001e-25,1.1175871e-08,0.0,True
2008-10-13,5.63,1.4000001,12.757143,16.87143,8.8,86.75714,0.7571429,0.74285716,0.9857143,10.4,12.728572,1.9542873e-05,0.0022163354,-7.345365000000001e-25,9.313226e-09,0.0,True
2008-10-20,5.611428571428571,21.7,11.028572,14.114286,7.9714284,84.65715,0.8285714,0.8142857,0.95714283,10.528571,11.028571,0.00019222498,0.002415575,-7.345365000000001e-25,1.3038516e-08,0.0,True
2008-10-27,5.59,15.700001,8.814286,11.985715,5.714286,86.6,0.64285713,0.64285713,0.71428573,10.557143,9.057143,0.00026074052,0.0025710464,-7.345365000000001e-25,5.5879354e-09,0.0,True
2008-11-03,5.566666666666666,4.8999996,4.857143,7.585714,2.3,93.61428,0.27142856,0.27142856,0.37142858,10.585714,5.7,0.00012078881,0.0027173609,-7.345365000000001e-25,2.2538006e-07,2.1606684e-07,True
2008-11-10,5.545714285714285,40.1,9.514285,11.571428,7.428571,89.114296,0.5714286,0.55714285,0.64285713,10.328571,8.5,0.00036492944,0.0028820857,-7.345365000000001e-25,9.313226e-09,0.0,True
2008-11-17,5.522857142857142,9.1,8.1,10.5,5.6714287,88.92857,0.50000006,0.50000006,0.5,10.928572,7.6857142,0.0015410036,0.00418818,-7.345365000000001e-25,7.450581e-09,0.0,True
2008-11-24,5.508571428571429,42.0,4.0142856,6.2428575,1.4714286,88.12858,0.6,0.6,0.5,10.842857,3.9285715,0.00026792288,0.0037333965,0.0003660236,0.00021420419,0.0016616918,True
2008-12-01,5.495,3.7,3.2285714,5.0,0.82857144,93.457146,0.17142858,0.17142858,0.27142856,10.442857,2.7285714,0.00014449656,0.004149124,0.00035377344,0.0015119426,3.3155084e-05,True
2008-12-08,5.472857142857143,11.2,3.357143,5.642857,1.0714285,93.35714,0.17142858,0.17142858,0.21428572,10.414286,2.7428572,0.00012411177,0.004481204,0.00072501955,0.0018513184,0.0018822048,True
2008-12-15,5.465,2.8,1.0428572,2.8142858,-0.6,94.114296,0.08571429,0.08571429,0.15714286,10.342857,0.7714286,9.37134e-05,0.0047485232,0.0007636036,0.0010293107,0.0012189038,True
2008-12-22,5.451666666666667,8.7,4.357143,6.7000003,1.4714286,93.22858,0.24285714,0.24285714,0.25714284,10.357142,3.2857144,0.00011026859,0.0049458146,0.00013490517,0.00038796104,8.627772e-06,True
2008-12-29,5.438571428571429,0.4,1.0714285,3.0714285,-1.5,89.185715,0.08571429,0.08571429,0.17142858,10.257143,1.6571429,4.775822e-06,0.005051464,5.5233636e-06,2.8125942e-07,2.077967e-05,True
2009-01-05,5.436666666666667,12.6,-1.9857143,0.62857145,-5.6714287,93.5,0.0,0.0,0.10000001,10.2,-2.5,0.00025118887,0.005080916,0.00016742661,0.00021834858,0.00038754195,True
2009-01-12,5.424285714285714,2.6,-1.7,1.0714285,-4.8857145,82.685715,0.27142859,0.27142859,0.40000004,10.328571,-0.64285713,2.2359192e-05,0.005087331,0.0008094822,0.0003015846,0.00086154416,True
2009-01-19,5.421666666666667,15.3,2.9857142,4.785714,1.2285715,94.8,0.22857143,0.24285713,0.24285714,10.3714285,0.8428571,0.00035502017,0.0051000416,0.00010598841,0.00064428896,2.1830201e-05,True
2009-01-26,5.32,12.5,2.2142856,4.5142856,0.15714286,91.24286,0.3285714,0.3285714,0.24285714,10.585714,1.2857143,0.00046780705,0.0051919147,1.4061019e-05,4.8192218e-05,7.826835e-05,True
2009-02-02,5.422857142857143,0.5,-1.0571429,0.82857144,-2.757143,89.12858,0.21428572,0.21428572,0.37142855,10.271428,-0.3,5.364418e-07,0.00556165,0.00019613335,1.4953315e-05,0.00044710934,True
2009-02-09,5.338333333333334,12.0,1.9571428,4.414286,-0.25714287,94.15715,0.25714287,0.25714287,0.2857143,10.1285715,0.64285713,0.00012199581,0.005820051,0.00074517727,0.0024282914,0.002660036,True
2009-02-16,5.340000000000001,33.300003,1.0285715,3.4857144,-1.3571428,94.12858,0.29999998,0.29999998,0.27142859,10.6,0.4857143,0.0006752163,0.005932711,0.008218941,0.013010683,0.015688997,True
2009-02-23,5.248333333333333,7.5,2.8285716,5.142857,0.84285706,90.01429,0.38571432,0.38571432,0.4714286,10.514286,2.1571429,0.0002809614,0.0063900054,0.0021024714,0.0051179584,0.0016060993,True
2009-03-02,5.308571428571428,19.4,5.7714286,7.657143,3.9,92.48572,0.44285718,0.44285718,0.5285714,10.314285,4.928571,0.0002745241,0.007143602,1.27326875e-05,7.073395e-05,0.0,True
2009-03-09,5.364285714285714,16.0,5.285714,7.6285715,2.4714286,84.685715,0.87142855,0.8571429,0.94285715,10.4,4.957143,0.00027742982,0.007671736,3.3492134e-07,2.5313348e-06,3.8295984e-06,True
2009-03-16,5.359999999999999,18.2,5.957143,8.814286,3.4,90.542854,0.64285713,0.64285713,0.7571429,10.5,5.9857144,0.0003298968,0.008061394,1.4191582e-07,1.4640391e-06,0.0,True
2009-03-23,5.39125,9.700001,5.085715,9.400001,0.3571429,81.74286,1.2285715,1.1142857,1.2142857,10.057143,6.614286,0.00014106184,0.008427165,-7.345365000000001e-25,1.1920929e-07,1.1920929e-07,True
2009-03-30,5.412542372881355,31.099998,4.642857,8.071428,1.2142857,84.61428,1.1,1.1,1.1142857,10.7,5.5,0.00062509626,0.008456752,0.00038908777,0.0029252004,0.0028372742,True
2009-04-06,5.494534883720931,0.0,9.471429,15.257143,3.7714288,79.38572,1.6142857,1.3857144,1.7714285,9.928572,10.2,8.225441e-06,0.00881017,1.8903187e-06,1.3761222e-05,0.0,True
2009-04-13,5.473214285714286,2.1,13.714286,20.2,7.8142858,72.52857,2.457143,2.0428572,2.857143,9.214286,14.057143,0.00012357533,0.008700706,-7.345365000000001e-25,1.8626451e-09,0.0,True
2009-04-20,5.495119047619048,0.0,12.428572,19.085714,6.057143,67.22857,2.7857144,2.142857,3.3285713,8.385715,14.585714,2.130866e-06,0.008301578,-7.345365000000001e-25,7.450581e-09,0.0,True
2009-04-27,5.522619047619047,5.6,12.071428,18.34286,5.914286,68.27143,2.9714284,1.9571428,3.0857143,7.5,14.671429,3.2052398e-05,0.0077536106,-7.345365000000001e-25,3.7252903e-09,0.0,True
2009-05-04,5.529285714285714,9.3,11.042857,15.828572,6.828572,81.814285,2.1571429,1.6,2.2285714,7.385714,14.071428,0.00014619529,0.007179253,-7.345365000000001e-25,0.0,0.0,True
2009-05-11,5.539761904761905,10.8,11.457143,15.714286,7.2571425,76.457146,2.4714284,1.9999999,2.6857142,7.285714,13.757143,0.0001578033,0.0066049844,-7.345365000000001e-25,7.450581e-09,0.0,True
2009-05-18,5.542738095238095,28.2,12.885715,17.4,7.714286,67.02857,3.1571429,2.385714,3.4142857,6.885714,15.171429,0.00023889542,0.006005779,-7.345365000000001e-25,7.450581e-09,0.0,True
2009-05-25,5.536470588235295,38.9,13.942858,20.228573,7.5428576,72.48572,3.357143,2.3142858,3.614286,6.4857144,17.9,0.00012896955,0.0054689124,-7.345365000000001e-25,7.450581e-09,0.0,True
2009-06-01,5.525714285714285,3.6,15.071428,20.657145,8.557143,70.6,4.057143,2.3428571,4.1,6.042857,18.042856,0.00011155754,0.0049548745,-7.345365000000001e-25,7.450581e-09,0.0,True
2009-06-08,5.5146428571428565,18.5,11.571428,15.885715,7.142857,72.48572,2.8714287,0.9857144,3.0714285,5.6285715,15.685715,0.0001526177,0.004470952,-7.345365000000001e-25,0.0,0.0,True
2009-06-15,5.493452380952381,42.4,13.385714,17.828571,9.028571,77.8,2.6285717,2.2714286,2.9428573,7.4857144,15.6,0.00092601776,0.0040946603,-7.345365000000001e-25,1.1175871e-08,0.0,True
2009-06-22,5.471904761904762,20.0,13.885715,18.257143,8.828572,73.91429,3.3428571,2.7714286,3.4285715,7.2285714,17.542856,0.00021638721,0.0037819892,-7.345365000000001e-25,3.7252903e-09,0.0,True
2009-06-29,5.452738095238096,0.0,18.300001,23.257143,13.571428,76.62858,3.7857144,2.7142856,4.1285715,6.385714,21.171429,3.4749508e-05,0.0034962445,-7.345365000000001e-25,2.2351742e-08,0.0,True
2009-07-06,5.432738095238095,6.7,20.514286,26.685715,13.914286,74.8,3.8999999,1.957143,4.585714,5.457143,24.257143,6.286055e-05,0.0032027885,-7.345365000000001e-25,1.4901161e-08,0.0,True
2009-07-13,5.412117647058824,52.1,15.028571,19.27143,11.157143,83.35714,2.7714288,2.385714,2.8285713,6.1857142,17.557142,0.0005224645,0.002957195,-7.345365000000001e-25,1.8626451e-08,0.0,True
2009-07-20,5.392738095238095,25.6,17.800001,22.928572,13.3714285,76.77143,3.442857,2.7857146,3.6714287,6.1857142,20.785715,0.0001731813,0.0027660728,-7.345365000000001e-25,1.4901161e-08,0.0,True
2009-07-27,5.3775,50.800003,17.800001,22.728573,12.957144,78.44286,3.1285713,2.8714287,3.3,7.285714,20.157143,0.00051625073,0.002601616,-7.345365000000001e-25,1.4901161e-08,0.0,True
2009-08-03,5.365238095238095,14.4,16.97143,22.157145,11.614286,75.72858,3.0571427,2.642857,3.2571428,7.5857143,19.542856,0.0002386868,0.002455704,-7.345365000000001e-25,1.1175871e-08,0.0,True
2009-08-10,5.358928571428572,4.2,19.628572,24.642857,14.0,73.47143,3.2714286,2.5285714,3.6571429,6.742857,22.471428,0.0013154596,0.0023192465,-7.345365000000001e-25,1.4901161e-08,0.0,True
2009-08-17,5.352499999999999,2.1000001,17.77143,23.0,12.742858,75.21429,2.714286,2.1285713,3.2571428,6.142857,20.342857,6.0871243e-05,0.002210915,-7.345365000000001e-25,1.4901161e-08,0.0,True
2009-08-24,5.348095238095238,10.1,18.77143,26.085714,11.442858,69.34286,3.4857144,2.357143,3.857143,5.3,21.157143,0.00014472008,0.002103731,-7.345365000000001e-25,1.3038516e-08,0.0,True
2009-08-31,5.34047619047619,27.0,16.5,21.585714,11.514285,76.700005,2.357143,1.6857144,2.542857,5.5285716,18.1,0.00075817853,0.0020099506,-7.345365000000001e-25,1.4901161e-08,0.0,True
2009-09-07,5.332738095238095,28.8,15.442858,20.028574,12.114286,77.94286,2.142857,1.8857143,2.4714284,6.3142858,16.042856,0.00020819902,0.0019342303,-7.345365000000001e-25,2.0489097e-08,0.0,True
2009-09-14,5.321904761904762,3.7,15.6,20.34286,11.585714,78.62858,1.8142855,1.3571427,2.1857142,6.4,17.057142,2.2120774e-05,0.0018639863,-7.345365000000001e-25,1.3038516e-08,0.0,True
2009-09-21,5.312619047619047,0.0,14.185715,20.142857,8.6,80.0,1.5857143,1.0857142,1.9,5.9,16.442858,3.1143427e-06,0.0017967001,-7.345365000000001e-25,9.313226e-09,0.0,True
2009-09-28,5.305,0.5,13.542857,18.84286,8.242857,81.814285,1.1857144,0.7428571,1.5285714,5.4428573,15.3,1.6182661e-05,0.00173226,-7.345365000000001e-25,9.313226e-09,0.0,True
2009-10-05,5.288571428571429,27.2,11.528572,14.328572,7.828572,84.21429,1.2285715,1.1428572,1.1857144,6.0,11.957143,0.00012980402,0.001679413,-7.345365000000001e-25,1.1175871e-08,0.0,True
2009-10-12,5.272857142857142,22.7,10.17143,14.071428,6.2000003,86.47143,0.85714287,0.82857144,0.88571423,7.9428573,11.171429,0.00037175417,0.0016315803,-7.345365000000001e-25,9.313226e-09,0.0,True
2009-10-19,5.265714285714286,5.6000004,6.3428574,10.642858,1.2428572,80.52857,0.87142855,0.8142857,0.9142857,8.585714,7.0142856,4.696846e-05,0.0015907958,-7.345365000000001e-25,1.8626451e-09,0.0,True
2009-10-26,5.25,10.200001,8.585714,11.114286,6.3,85.35714,0.61428577,0.58571434,0.8,8.5,8.585714,7.4181706e-05,0.0015575215,-7.345365000000001e-25,7.450581e-09,0.0,True
2009-11-02,5.234285714285714,17.0,9.714286,12.357142,6.6714287,91.07143,0.44285712,0.38571432,0.51428574,9.1285715,9.228572,0.00065598264,0.0015320107,-7.345365000000001e-25,3.7252903e-09,0.0,True
2009-11-09,5.21875,15.4,7.0,9.057143,4.6142855,92.44286,0.3857143,0.3857143,0.41428572,10.5,7.042857,0.00025849044,0.0015136376,-7.345365000000001e-25,5.5879354e-09,0.0,True
2009-11-16,5.2057142857142855,28.8,8.785714,10.957143,6.428571,90.77143,0.47142857,0.47142857,0.5285714,10.6285715,7.9,0.00056762993,0.0015182719,-7.345365000000001e-25,9.313226e-09,0.0,True
2009-11-23,5.195714285714287,27.9,10.5,12.714286,8.242857,84.38572,0.74285716,0.7285714,0.78571427,10.7,8.971429,0.0011987686,0.001595147,-7.345365000000001e-25,9.313226e-09,0.0,True
2009-11-30,5.181428571428571,15.6,8.157144,9.900001,5.857143,84.685715,0.7,0.7,0.7,10.814285,7.2,0.00036089122,0.0017971694,-7.345365000000001e-25,9.313226e-09,0.0,True
2009-12-07,5.167142857142857,18.6,4.957143,7.6142855,2.2428572,90.74286,0.35714287,0.35714287,0.2857143,10.6,4.4428573,0.00043319166,0.0021376759,1.5326908e-07,1.642853e-06,1.5646219e-06,True
2009-12-14,5.1571428571428575,8.3,3.8142858,5.4857144,1.4428571,93.17143,0.20000002,0.20000002,0.2,10.9,3.9571428,0.00054410845,0.002661638,6.340799e-06,1.2144446e-06,3.0249357e-05,True
2009-12-21,5.151428571428572,10.7,-3.8428571,-1.5142858,-7.1714287,88.42857,0.014285714,0.014285714,0.2,10.414286,-0.3,2.6077032e-07,0.0033287555,0.006005957,1.1920929e-07,0.011006832,True
2009-12-28,5.125714285714286,23.6,1.2857143,3.2142856,-1.1857144,92.9,0.21428572,0.21428572,0.18571427,10.742857,0.54285717,0.0006759912,0.0037908405,0.009718844,0.015270716,0.006482996,True
2010-01-04,5.138571428571429,4.1,-2.6714287,-0.7571429,-5.4857144,91.07143,0.1,0.1,0.24285714,10.6,0.13333334,5.289912e-07,0.004355833,0.008089582,1.04587525e-05,0.010146461,True
2010-01-11,5.138571428571429,4.8999996,-2.5,-0.85714287,-5.1857142,92.61428,0.042857144,0.042857144,0.21428572,10.314285,0.0,5.9604645e-08,0.0048753694,0.015255814,0.0,0.011952493,True
2010-01-18,5.117142857142857,7.3,-0.88571423,0.5,-2.6000001,91.25714,0.042857144,0.042857144,0.3,10.328571,0.014285714,0.00019341707,0.005129069,0.02271177,0.0074745864,0.0061510876,True
2010-01-25,5.135714285714286,0.6,-3.0857143,-1.6142857,-4.571429,91.21429,0.057142857,0.057142857,0.22857143,10.328571,-0.6857143,0.00012508035,0.005227655,0.015286605,0.0049704406,0.0012403727,True
2010-02-01,5.13625,16.8,-1.8000001,1.0,-5.357143,88.02857,0.14285715,0.14285715,0.2857143,10.485714,-0.7,0.00018917769,0.005332552,0.017840363,0.004472146,0.0150080845,True
2010-02-08,5.144285714285714,13.5,-0.7285714,1.1000001,-3.2428572,92.22858,0.2,0.2,0.3,10.6,0.0,0.00055347383,0.005485907,0.025627544,0.014951058,0.011844192,True
2010-02-15,5.1375,3.6,-3.9857144,-2.3285716,-6.4857144,88.02857,0.0,0.0,0.34285715,10.3,-0.32857144,0.0,0.005971171,0.02407683,0.0,0.006754674,True
2010-02-22,5.147142857142858,19.7,0.15714288,2.5571427,-2.2714286,87.94286,0.3,0.3,0.45714286,10.3714285,0.014285714,0.001086995,0.006448582,0.020890662,0.017154926,0.006049644,True
2010-03-01,5.14125,29.2,3.957143,6.785714,1.6285715,89.52857,0.61428565,0.61428565,0.61428577,10.828571,2.3428571,0.0032500476,0.008620575,0.0052954415,0.017252065,0.0033822134,True
2010-03-08,5.147142857142858,10.700001,-0.17142856,3.2428572,-4.1428576,82.44286,0.6428572,0.6428572,0.71428573,10.542857,1.3,7.028878e-05,0.012538657,0.002601107,0.0013401303,0.0061600693,True
2010-03-15,5.172857142857143,11.1,2.1714287,5.214286,-1.0428572,89.15714,0.5857143,0.5285714,0.67142856,10.185715,2.1714287,0.00025250018,0.013589956,0.0020772559,0.0048455764,0.000117938966,True
2010-03-22,5.195714285714287,16.099998,8.314286,12.214286,4.2857146,82.67143,1.2285715,1.2,1.2571429,10.228572,7.5857143,0.00029084086,0.013279468,1.7767861e-05,0.00010751188,0.0,True
2010-03-29,5.23,13.1,9.557143,13.885715,5.542857,77.62858,1.4857142,1.4142858,1.6999999,10.2,9.557143,0.00021199137,0.012743376,-7.345365000000001e-25,7.450581e-09,0.0,True
2010-04-05,5.258571428571429,25.9,7.642857,11.985715,4.2285714,75.88572,1.8000001,1.7285713,1.8142859,10.1,8.071428,0.0005814135,0.012098283,3.3038002e-06,2.8137118e-05,2.9176474e-05,True
2010-04-12,5.2942857142857145,3.1,8.614286,13.214286,4.0285716,74.27143,1.9142857,1.6285714,2.0714285,9.671429,9.985714,2.6524067e-05,0.011412993,-7.345365000000001e-25,6.3329935e-08,0.0,True
2010-04-19,5.324285714285715,0.3,7.5142856,13.542857,1.3714286,72.12858,2.3285713,1.7714285,2.3999999,8.857142,10.771428,5.364418e-07,0.010636181,-7.345365000000001e-25,0.0,0.0,True
2010-04-26,5.347142857142857,5.0,8.900001,14.642858,2.9857144,67.3,2.5,1.957143,2.6571429,8.057143,11.071428,0.00011329353,0.0097279325,-7.345365000000001e-25,3.7252903e-09,0.0,True
2010-05-03,5.368571428571428,19.800001,11.657144,16.128572,6.6714287,74.85714,2.357143,1.7571429,2.457143,7.614286,13.185715,0.0003131628,0.008777767,-7.345365000000001e-25,3.7252903e-09,0.0,True
2010-05-10,5.3825,11.8,7.3857145,10.585714,3.957143,80.21429,1.8000001,1.3999999,1.7714285,7.742857,9.842857,0.0001026839,0.0079514235,-7.345365000000001e-25,0.0,0.0,True
2010-05-17,5.398571428571429,16.5,8.385715,11.771429,4.7428575,77.15714,1.8857144,1.5857142,2.1857142,8.028571,10.6,0.00047003478,0.00726901,-7.345365000000001e-25,0.0,0.0,True
2010-05-24,5.408571428571428,4.2,12.571428,17.885715,7.642857,75.01429,2.9714284,2.1714284,3.3857143,7.242857,15.485714,2.0951033e-05,0.006645791,-7.345365000000001e-25,7.450581e-09,0.0,True
2010-05-31,5.410000000000001,18.500002,11.528572,16.37143,5.5285716,73.01429,2.757143,2.0571427,2.8428571,6.714286,15.157143,0.0001983121,0.006050177,-7.345365000000001e-25,3.7252903e-09,0.0,True
2010-06-07,5.4,8.2,14.571428,20.328571,7.928571,73.74286,3.4142857,2.4428573,3.7,6.385714,18.471428,4.62085e-05,0.0054919347,-7.345365000000001e-25,1.1175871e-08,0.0,True
2010-06-14,5.392857142857143,23.8,15.971429,20.257143,11.742858,79.18572,2.5285716,2.0285714,2.9428573,6.4142857,18.1,0.00046113133,0.00499177,-7.345365000000001e-25,7.450581e-09,0.0,True
2010-06-21,5.384285714285714,2.8999999,12.528572,17.285715,7.8714285,75.98572,3.0142858,1.8571428,3.0714285,5.742857,16.657143,2.3469329e-05,0.004557252,-7.345365000000001e-25,1.1175871e-08,0.0,True
2010-06-28,5.365,0.0,17.557142,24.27143,9.071428,66.814285,4.428571,0.99999994,4.714286,5.3285713,21.814285,8.791685e-07,0.0041350797,-7.345365000000001e-25,7.450581e-09,0.0,True
2010-07-05,5.364285714285715,4.3,20.97143,27.957144,14.542857,67.54286,4.585715,1.0428572,4.8428574,5.071429,24.3,0.00016249716,0.003689237,-7.345365000000001e-25,1.4901161e-08,0.0,True
2010-07-12,5.342857142857143,24.7,22.0,29.27143,14.885715,66.17143,4.785714,1.3857144,5.214286,5.1571426,24.671429,0.0002680272,0.003295593,-7.345365000000001e-25,1.1175871e-08,0.0,True
2010-07-19,5.317142857142857,8.6,19.97143,25.857143,13.285714,67.8,4.6571426,3.2999997,4.8285713,5.9714284,23.0,9.10908e-05,0.0029455945,-7.345365000000001e-25,1.1175871e-08,0.0,True
2010-07-26,5.288571428571429,15.700001,18.742857,24.37143,12.8,69.34286,3.6571429,2.0571427,3.9857142,5.142857,22.185715,4.902482e-05,0.002639562,-7.345365000000001e-25,1.1175871e-08,0.0,True
2010-08-02,5.24625,23.9,17.042858,21.37143,12.442857,80.88572,2.542857,1.9999999,2.7142856,5.5857143,19.757143,0.00013493001,0.002405472,-7.345365000000001e-25,1.1175871e-08,0.0,True
2010-08-09,5.211428571428571,10.3,16.714285,21.557142,11.542857,81.28571,2.5,1.9,2.8142858,5.542857,20.214285,0.00021243095,0.0022144988,-7.345365000000001e-25,1.1175871e-08,0.0,True
2010-08-16,5.188571428571429,12.9,17.428572,22.4,11.828572,79.6,2.5285716,1.9285715,3.0,5.7,20.257143,0.00016619265,0.0020383075,-7.345365000000001e-25,1.4901161e-08,0.0,True
2010-08-23,5.168571428571428,17.5,18.042858,22.957144,13.542857,82.58572,2.1857142,2.0,2.5285716,7.285714,19.057142,0.0025832206,0.001890175,-7.345365000000001e-25,2.2351742e-08,0.0,True
2010-08-30,5.15,53.8,13.685715,17.571428,9.857142,85.78571,2.0142858,2.0142858,1.9857142,9.328571,15.614285,0.002560079,0.001781784,-7.345365000000001e-25,1.6763806e-08,0.0,True
2010-09-06,5.134285714285714,1.2,13.2,18.1,8.3,81.957146,1.8428571,1.6999999,2.0714285,9.885715,15.728572,4.3526292e-05,0.0017244145,-7.345365000000001e-25,7.450581e-09,0.0,True
2010-09-13,5.12,31.3,14.928572,18.385715,11.7,85.78571,1.3285713,1.2571428,1.6142857,9.614285,15.685715,0.0002092272,0.0016769767,-7.345365000000001e-25,9.313226e-09,0.0,True
2010-09-20,5.105714285714286,59.7,12.357142,15.457144,9.857142,89.22858,1.5428572,1.557143,1.3142856,11.057143,13.142858,0.0026253164,0.0023401827,-7.345365000000001e-25,1.8626451e-08,0.0,True
2010-09-27,5.094285714285713,24.199999,12.957144,16.985714,8.900001,89.971436,1.0571429,1.0571429,1.2571429,10.557143,14.585714,0.00043801963,0.0016672015,-7.345365000000001e-25,7.450581e-09,0.0,True
2010-10-04,5.078571428571428,6.0,11.814286,15.842857,7.928571,86.87144,0.94285715,0.9285714,1.1714286,10.3714285,12.571428,0.00010034442,0.0017414019,-7.345365000000001e-25,1.3038516e-08,0.0,True
2010-10-11,5.062857142857142,1.4,12.214286,16.642857,8.057143,86.3,0.8714285,0.8,1.0857142,9.942857,13.614285,2.4482608e-05,0.0018478781,-7.345365000000001e-25,9.313226e-09,0.0,True
2010-10-18,5.07125,22.5,7.414286,11.17143,2.857143,87.700005,0.6571428,0.59999996,0.7571429,9.942857,8.928572,0.00020685792,0.0019260421,-7.345365000000001e-25,3.7252903e-09,0.0,True
2010-10-25,5.064285714285715,64.1,7.4428573,10.571428,4.7428575,84.51429,1.0142858,1.0142858,0.82857144,11.0,7.4,0.0010864288,0.001998499,-7.345365000000001e-25,5.5879354e-09,0.0,True
2010-11-01,5.0575,11.8,8.957143,10.742857,6.3857145,91.65715,0.44285718,0.42857143,0.55714285,10.6,8.514286,0.00026470423,0.002187498,-7.345365000000001e-25,7.450581e-09,0.0,True
2010-11-08,5.047142857142857,37.4,8.657144,11.014287,5.214286,90.814285,0.6571428,0.6571428,0.5285714,11.1285715,8.728572,0.0027227625,0.0027863532,-7.345365000000001e-25,1.3038516e-08,0.0,True
2010-11-15,5.027142857142857,21.900002,7.1,9.185715,4.4428573,89.6,0.55714285,0.55714285,0.55714285,11.014286,6.4428573,0.0013510957,0.0033930168,1.2715658e-06,2.6987866e-05,2.592057e-05,True
2010-11-22,5.03,3.0,4.7571425,6.714286,2.5285716,93.64286,0.20000002,0.20000002,0.25714287,10.6285715,4.9,8.973479e-05,0.0045027807,-7.345365000000001e-25,0.0,0.0,True
2010-11-29,5.022857142857142,7.3999996,-0.64285713,1.1428572,-2.7857144,92.01429,0.11428572,0.11428572,0.21428572,10.342857,0.9714286,9.994209e-05,0.005383618,0.00062060927,3.8076192e-05,0.0012802146,True
2010-12-06,5.032857142857142,10.700001,-2.8285716,-1.2142857,-4.857143,88.42857,0.014285714,0.014285714,0.25714287,10.414286,-0.7,5.041808e-05,0.00585372,0.0035953806,0.0017582402,0.0076168217,True
2010-12-13,5.028571428571429,18.6,0.042857137,2.6285713,-2.8857143,92.58571,0.18571427,0.18571427,0.22857143,10.6285715,0.22857143,0.0004196763,0.006013125,0.0052284175,0.008584762,0.003174644,True
2010-12-20,5.05,8.599999,-4.642857,-2.2571428,-8.385715,93.52857,0.0,0.0,0.057142857,10.542857,-0.32857144,2.0608306e-05,0.006222561,0.006752724,0.00020094961,0.00840912,True
2010-12-27,5.055714285714286,9.8,-3.8,-1.7714287,-7.085714,93.25715,0.0,0.0,0.12857142,10.428572,-0.057142857,2.8014183e-06,0.0064091906,0.016573396,6.1787665e-05,0.011792079,True
2011-01-03,5.062857142857142,4.6,-1.3571428,0.85714287,-3.6285713,95.54286,0.025,0.025,0.08571429,10.325,0.0,0.00027802587,0.006431058,0.01585903,0.01179217,0.0005999394,True
2011-01-10,5.0685714285714285,14.8,1.8857144,4.0285716,-0.25714287,91.65715,0.20000002,0.20000002,0.24285714,10.571428,0.85714287,0.00084644556,0.006482266,0.0057053226,0.01136185,0.0014249831,True
2011-01-17,5.0625,23.6,6.4857144,8.614286,4.3857145,92.52857,0.27142859,0.27142859,0.37142858,10.8714285,4.3428574,0.0012108088,0.0072574764,0.00016799996,0.00062784366,1.1250377e-06,True
2011-01-24,5.061428571428571,9.4,2.5,4.6285715,0.3142857,97.25714,0.114285715,0.114285715,0.15714286,10.5,2.057143,9.2722476e-05,0.00876005,5.3246818e-06,1.8008053e-05,1.8838793e-05,True
2011-01-31,5.0600000000000005,0.7,-1.457143,0.25714284,-3.757143,90.85714,0.15714286,0.15714286,0.25714287,10.328571,0.08571429,8.755922e-05,0.009482682,0.00010548319,1.5223399e-05,0.00035319105,True
2011-02-07,5.081428571428572,26.5,5.8,7.5428576,3.9857144,88.38572,0.61428577,0.59999996,0.6857143,10.671429,3.5714285,0.0004644245,0.009547941,0.00013009708,0.00043410808,9.165704e-05,True
2011-02-14,5.08875,19.699999,2.9857144,5.6857142,0.028571444,91.41429,0.42857143,0.42857143,0.41428572,10.571428,3.5714285,0.00024168193,0.009526543,0.0006864298,0.002918942,0.0034086592,True
2011-02-21,5.101428571428571,0.3,-0.042857137,2.5714288,-2.057143,82.47143,0.27142859,0.27142859,0.6571428,10.357142,1.1571429,0.00014384091,0.009560041,0.00020039082,0.0005824268,3.687665e-05,True
2011-02-28,5.12125,2.1,1.4,4.0857143,-1.1428572,78.07143,0.44285712,0.42857143,0.8714286,10.157143,0.78571427,9.6559525e-05,0.009578489,0.00062351,0.002175359,0.0021666512,True
2011-03-07,5.198571428571428,0.0,0.5285714,4.7000003,-2.5285716,82.25715,0.7285714,0.64285713,0.7714286,10.014286,1.6857142,2.413988e-06,0.0094484985,6.470226e-05,0.00011508539,4.896149e-05,True
2011-03-14,5.224285714285714,9.1,6.557143,10.657143,2.6714287,75.87142,1.0714285,0.94285715,1.2428571,9.614285,5.571429,9.936839e-05,0.009177603,6.0002008e-06,2.431497e-05,0.0,True
2011-03-21,5.232857142857143,0.1,4.8142858,9.728572,0.34285715,83.542854,0.91428566,0.7571429,1.0285714,9.442857,5.742857,4.567206e-06,0.0087990835,-7.345365000000001e-25,3.7252903e-09,0.0,True
2011-03-28,5.252857142857144,0.1,5.2000003,11.328572,-0.64285713,77.71429,1.3714286,1.1142857,1.3428571,8.957143,7.885714,3.0845404e-06,0.008320525,-7.345365000000001e-25,1.8626451e-09,0.0,True
2011-04-04,5.258571428571429,10.7,10.214286,15.485715,4.914286,79.9,1.6142857,1.3999999,1.6857144,8.642858,10.3714285,9.7706914e-05,0.007787302,-7.345365000000001e-25,7.450581e-09,0.0,True
2011-04-11,5.27,4.9,10.085714,15.6,4.585715,78.15715,1.8428574,1.3714286,2.0714285,8.2,11.3714285,1.6599894e-05,0.0072366223,-7.345365000000001e-25,3.7252903e-09,0.0,True
2011-04-18,5.274285714285715,0.0,9.0,14.6285715,2.8285716,71.98572,2.1285713,1.6571429,2.1714284,7.7,11.771428,6.561726e-05,0.0066494495,-7.345365000000001e-25,0.0,0.0,True
2011-04-25,5.278571428571429,0.0,15.714286,23.357143,7.428571,54.014286,4.142857,2.2142856,4.4142857,6.6571426,16.5,0.0,0.006023027,-7.345365000000001e-25,5.5879354e-09,0.0,True
2011-05-02,5.285714285714286,2.1,11.942857,18.228573,6.1285715,61.214287,3.6857145,1.1999999,3.857143,6.0,14.542857,2.2947788e-06,0.005382322,-7.345365000000001e-25,1.8626451e-09,0.0,True
2011-05-09,5.281428571428571,1.5,13.571428,20.52857,5.2571435,52.8,4.6714287,0.82857144,4.571429,5.6857142,15.571428,5.00679e-06,0.004795611,-7.345365000000001e-25,0.0,0.0,True
2011-05-16,5.282857142857144,19.6,12.885715,18.0,8.3,74.51429,2.7999997,0.88571435,2.9142857,5.5857143,16.071428,0.00015409291,0.004250422,-7.345365000000001e-25,3.7252903e-09,0.0,True
2011-05-23,5.267142857142857,6.4,14.271429,19.02857,9.457143,74.200005,2.8428574,1.6999999,3.0,5.8,16.428572,0.00013266504,0.0038529187,-7.345365000000001e-25,1.1175871e-08,0.0,True
2011-05-30,5.254285714285714,11.5,14.485715,19.657145,9.214286,68.314285,3.6000001,1.4857142,3.7142856,5.4714284,16.057142,8.825213e-05,0.0034651235,-7.345365000000001e-25,1.1175871e-08,0.0,True
2011-06-06,5.23,31.7,16.214285,22.157145,9.785714,76.01429,3.6857142,1.8428571,3.7857144,5.4714284,19.442858,0.00012904406,0.0031321272,-7.345365000000001e-25,1.1175871e-08,0.0,True
2011-06-13,5.211428571428571,27.7,14.242857,18.5,8.900001,77.87142,2.7714286,2.2857141,2.857143,6.0857143,17.914286,0.00021539629,0.0028461665,-7.345365000000001e-25,1.1175871e-08,0.0,True
2011-06-20,5.191428571428572,31.3,14.985715,19.042858,10.471429,80.44286,2.8285716,2.4714284,2.7571428,6.2285714,17.414286,0.00038219988,0.0026070774,-7.345365000000001e-25,1.4901161e-08,0.0,True
2011-06-27,5.160000000000001,18.1,15.942858,20.285715,11.114286,81.28571,3.0142858,2.6571429,3.0285716,6.542857,18.2,0.0017920583,0.00242538,-7.345365000000001e-25,1.8626451e-08,0.0,True
2011-07-04,5.138571428571429,14.9,16.0,19.857143,12.057143,78.15714,2.9285717,2.2142856,3.1285713,5.7714286,19.0,0.000102609396,0.002256751,-7.345365000000001e-25,1.8626451e-08,0.0,True
2011-07-11,5.111428571428571,6.1,16.828571,22.47143,10.5,76.64286,3.3428571,2.1142857,3.4714286,5.1857142,20.22857,7.2054565e-05,0.002109021,-7.345365000000001e-25,1.1175871e-08,0.0,True
2011-07-18,5.088571428571428,51.0,15.957144,19.842855,12.1285715,84.114296,2.642857,2.2857144,2.5857143,6.4142857,18.0,0.0011187345,0.0019741803,-7.345365000000001e-25,2.2351742e-08,0.0,True
2011-07-25,5.071428571428571,12.3,14.971429,18.242857,11.885714,82.67143,2.2285714,1.9428571,2.457143,7.3142858,17.4,0.00016566366,0.0018701926,-7.345365000000001e-25,1.8626451e-08,0.0,True
2011-08-01,5.052857142857143,1.1,16.157145,20.100002,12.585714,82.01429,2.1285715,1.7142857,2.4857142,7.457143,18.62857,0.00016460568,0.0017876774,-7.345365000000001e-25,1.4901161e-08,0.0,True
2011-08-08,5.047142857142857,29.4,18.600002,23.571428,14.2,81.25715,2.8714283,2.6714287,3.142857,7.214286,20.485714,0.0007173866,0.0017029196,-7.345365000000001e-25,1.8626451e-08,0.0,True
2011-08-15,5.031428571428571,45.8,15.528572,19.171429,11.485715,87.65714,2.1,2.0571427,1.9428571,8.928572,17.214285,0.0049293935,0.002117321,-7.345365000000001e-25,1.8626451e-08,0.0,True
2011-08-22,5.015714285714286,4.9,16.542858,21.985716,10.300001,81.3,2.2428572,2.057143,2.5142856,9.328571,19.27143,0.00038781017,0.0016255602,-7.345365000000001e-25,1.1175871e-08,0.0,True
2011-08-29,5.002857142857143,33.3,16.885715,21.77143,13.371429,86.51428,2.042857,2.0,2.2285714,10.014286,18.6,0.0040391237,0.0016335323,-7.345365000000001e-25,2.2351742e-08,0.0,True
2011-09-05,4.9871428571428575,7.4,15.542857,20.7,10.257143,81.98572,1.8714287,1.7857143,2.1571429,10.257143,17.442858,0.0003353879,0.0017316863,-7.345365000000001e-25,1.1175871e-08,0.0,True
2011-09-12,4.972857142857143,43.5,16.228573,19.571428,13.5,86.5,1.6571428,1.6571428,1.7571429,10.885715,16.571428,0.0028480142,0.0019154325,-7.345365000000001e-25,2.0489097e-08,0.0,True
2011-09-19,4.961428571428571,18.4,13.300001,17.042858,9.157143,80.88572,1.5,1.4428571,1.8,10.171429,14.714286,0.0002965927,0.002273932,-7.345365000000001e-25,9.313226e-09,0.0,True
2011-09-26,4.952857142857143,1.7,14.257143,19.285715,9.3,81.21429,1.2714287,1.1571429,1.6999999,9.928572,15.057143,2.323091e-05,0.0025615916,-7.345365000000001e-25,1.6763806e-08,0.0,True
2011-10-03,4.942857142857143,0.0,16.228573,23.800001,9.771429,82.07143,1.357143,1.0714285,1.6857144,9.428572,17.585714,2.413988e-06,0.0027296394,-7.345365000000001e-25,3.7252903e-09,0.0,True
2011-10-10,4.937142857142858,55.0,12.257143,15.785714,8.357142,85.01429,1.1857144,1.1428572,1.1571429,9.957143,12.857142,0.00040614605,0.0027901828,-7.345365000000001e-25,1.1175871e-08,0.0,True
2011-10-17,4.922857142857143,9.3,8.514286,13.642858,3.6000001,84.52857,0.87142855,0.82857144,0.8,10.6285715,10.014286,0.0016395077,0.0028767213,-7.345365000000001e-25,5.5879354e-09,0.0,True
2011-10-24,4.917142857142857,16.6,7.3428574,11.528572,3.7714286,81.64286,0.9142857,0.90000004,0.85714287,10.571428,7.8142858,0.00016725808,0.003036432,-7.345365000000001e-25,3.7252903e-09,0.0,True
2011-10-31,4.9071428571428575,0.3,10.771429,14.17143,7.2714286,87.67143,0.4857143,0.42857143,0.6714286,10.057143,10.071428,5.669892e-05,0.0031592771,-7.345365000000001e-25,7.450581e-09,0.0,True
2011-11-07,4.902857142857143,0.0,10.8714285,13.957144,7.557143,85.91429,0.5,0.4428572,0.67142856,9.785714,10.485714,1.2993813e-05,0.003230296,-7.345365000000001e-25,9.313226e-09,0.0,True
2011-11-14,4.894285714285714,0.0,3.4857144,5.928571,1.3714286,93.07143,0.21428572,0.20000002,0.25714284,9.614285,5.4857144,8.791685e-07,0.0032499284,1.362392e-07,5.5879354e-09,5.8189034e-06,True
2011-11-21,4.888571428571429,0.1,2.0000002,5.142857,-0.6714286,98.01429,0.17142858,0.12857144,0.071428575,9.557143,3.7571428,3.85195e-06,0.0032426342,1.6456559e-05,3.6783516e-05,3.3169985e-05,True
2011-11-28,4.881428571428572,2.5,6.1857147,8.542857,3.5428574,91.814285,0.34285712,0.34285712,0.47142857,9.528571,5.5142856,4.990399e-05,0.0032282472,6.18753e-07,3.0640513e-06,0.0,True
2011-12-05,4.878571428571428,45.4,5.9000006,8.428572,3.3714287,88.04286,0.5857143,0.5857143,0.45714286,10.285714,5.114286,0.00047925115,0.0032056198,3.8941703e-06,1.3619661e-05,6.476045e-05,True
2011-12-12,4.871428571428572,74.7,4.0285716,6.371429,1.7857143,88.15714,0.59999996,0.59999996,0.41428572,11.4,3.1,0.0011380464,0.0032358617,0.00018175443,0.00090095773,0.0008753929,True
2011-12-19,4.872857142857143,43.4,4.0142856,5.8285713,2.3857143,88.114296,0.55714285,0.55714285,0.47142857,11.071428,3.2571428,0.0009837002,0.003655918,4.5912606e-05,0.00012518093,0.00025029108,True
2011-12-26,4.867142857142857,20.199999,6.7285714,8.485715,4.5142856,93.24286,0.2857143,0.2857143,0.3285714,10.842857,5.142857,0.0007596761,0.004684992,0.0006908519,0.0039859284,0.0036661401,True
2012-01-02,4.897142857142858,43.299995,6.657143,8.900001,4.4285717,89.75715,0.43999997,0.43999997,0.5,10.7,5.0,0.0034539998,0.0066433176,9.201822e-06,9.759329e-05,9.3948096e-05,True
2012-01-09,4.9471428571428575,55.7,6.214286,8.014286,4.0857143,85.42857,0.9571429,0.9571429,0.7428571,11.485714,5.0142856,0.0036561787,0.010182403,3.40598e-08,4.656613e-07,0.0,True
2012-01-16,5.008571428571429,3.9,4.114286,6.728572,1.0142857,88.97143,0.44285712,0.42857143,0.42857143,10.428572,3.8857143,6.548315e-05,0.012193441,2.724784e-07,1.4342368e-07,3.0584633e-06,True
2012-01-23,5.061428571428571,47.4,3.4857144,5.957143,1.1428572,89.457146,0.54285717,0.54285717,0.41428572,10.842857,2.9714286,0.0008575693,0.012661286,6.824448e-05,0.0004670024,0.0005331151,True
2012-01-30,5.092857142857143,3.9,0.17142855,2.357143,-1.7714285,88.47143,0.22857144,0.22857144,0.35714287,10.514286,0.9142857,0.00010253489,0.012784712,0.0007767564,0.00086017326,0.002403438,True
2012-02-06,5.137142857142857,1.2,-8.042857,-4.2857146,-11.257143,74.52857,0.0,0.0,0.4,10.3,-2.9571428,1.7881393e-07,0.012821525,0.0019964378,0.0,0.0013606362,True
2012-02-13,5.177142857142857,3.5,-3.7714286,-0.5714286,-8.028571,83.54286,0.028571429,0.028571429,0.34285715,10.2,-2.4142857,5.403906e-05,0.012577973,0.002780744,0.0007041786,0.0013752244,True
2012-02-20,5.195714285714287,8.3,3.4428573,5.8142858,0.5428571,90.62858,0.51428574,0.51428574,0.5285714,10.314285,1.2714286,0.00025245547,0.012101479,0.000618015,0.0030661356,0.00026564673,True
2012-02-27,5.23,10.5,6.0285716,8.7,2.6714287,90.91429,0.6428572,0.62857145,0.67142856,10.328571,4.742857,8.753687e-05,0.011522524,3.523486e-05,0.0002736207,0.0001739487,True
2012-03-05,5.25,3.3999999,7.0,8.857142,4.9428573,93.67143,0.55714285,0.55714285,0.59999996,10.157143,6.4,5.5134296e-05,0.010920234,-7.345365000000001e-25,2.0489097e-08,0.0,True
2012-03-12,5.26625,9.400001,6.357143,9.6285715,3.3857143,84.88572,0.82857144,0.8,0.95714283,10.285714,6.0,0.00017365813,0.0102635175,0.00012137209,0.0008896962,0.00086223334,True
2012-03-19,5.295714285714285,2.1999998,7.071429,10.528571,3.4142857,81.65714,0.9714286,0.88571423,1.1428572,9.928572,7.242857,4.2118132e-05,0.00961341,-7.345365000000001e-25,2.924353e-07,0.0,True
2012-03-26,5.308571428571428,0.0,8.0,14.457144,2.7428572,83.42857,1.4714286,1.1714286,1.4714286,9.4,9.542857,3.874302e-07,0.0089441985,-7.345365000000001e-25,0.0,0.0,True
2012-04-02,5.338571428571428,1.2,7.4857144,11.242858,3.6000001,79.78571,1.457143,1.2285715,1.5857143,8.857142,8.828571,3.7178397e-05,0.008254901,-7.345365000000001e-25,1.8626451e-09,0.0,True
2012-04-09,5.3500000000000005,11.8,4.7428575,8.357142,0.71428573,76.42857,1.5,1.2714285,1.4142857,8.528571,6.7285714,0.00014166534,0.007599041,1.4361881e-06,1.1086464e-05,1.1779368e-05,True
2012-04-16,5.362857142857143,13.2,6.4714284,10.5,2.4428573,83.34286,1.5571429,1.4,1.4857142,8.885715,8.828571,0.00028776377,0.0069971755,1.1353266e-08,9.4249845e-07,3.2037497e-07,True
2012-04-23,5.39,9.3,8.042857,13.085714,3.3142858,75.5,2.0714285,1.8857144,2.0285714,8.414286,9.514286,0.00015829504,0.0064540356,-7.345365000000001e-25,1.4901161e-08,0.0,True
2012-04-30,5.397142857142858,10.7,11.728572,16.385715,7.7571435,77.614296,2.3999999,2.1285713,2.3999999,8.428572,12.228572,0.0002619028,0.0059877858,-7.345365000000001e-25,3.7252903e-09,0.0,True
2012-05-07,5.410000000000001,2.9,10.6285715,14.471429,6.6285715,74.54286,2.2999997,1.8999999,2.3285713,7.9,13.1285715,4.0858984e-05,0.0055491105,-7.345365000000001e-25,0.0,0.0,True
2012-05-14,5.422857142857143,18.9,12.585714,17.385715,7.085715,75.457146,2.5142856,2.1857142,2.4857142,7.8142858,14.085714,0.004236236,0.0052663684,-7.345365000000001e-25,1.1175871e-08,0.0,True
2012-05-21,5.432857142857143,6.2,12.800001,17.814287,7.657143,74.1,2.9285717,2.3857143,3.0285716,7.2714286,14.828571,0.00011047721,0.004899673,-7.345365000000001e-25,1.1175871e-08,0.0,True
2012-05-28,5.43,0.0,19.428572,25.714285,13.085715,62.31429,5.0285716,2.5,5.4,6.042857,21.742857,8.799136e-06,0.0045434535,-7.345365000000001e-25,1.1175871e-08,0.0,True
2012-06-04,5.438571428571429,25.7,11.085714,14.314286,7.4000006,78.14286,2.4428573,1.3857143,2.3714287,6.0,15.428572,0.0002149269,0.0041990653,-7.345365000000001e-25,0.0,0.0,True
2012-06-11,5.4475,8.9,13.585715,17.557142,9.328572,77.0,2.8857143,2.3428571,2.8999999,6.2,15.814285,0.00020223856,0.00393603,-7.345365000000001e-25,1.1175871e-08,0.0,True
2012-06-18,5.444285714285714,17.0,13.885715,18.171429,8.728571,78.47143,2.7,2.142857,2.9428573,6.142857,16.585714,0.0003388971,0.00366918,-7.345365000000001e-25,1.1175871e-08,0.0,True
2012-06-25,5.438571428571429,41.5,15.400001,19.185715,11.528571,79.14286,3.1571429,2.642857,3.2428572,6.571429,17.614286,0.0021719486,0.0034287944,-7.345365000000001e-25,1.8626451e-08,0.0,True
2012-07-02,5.425714285714285,5.6,17.257143,21.757143,11.3,77.65715,3.1714287,2.5857143,3.357143,6.9428573,19.171429,6.3985586e-05,0.003238663,-7.345365000000001e-25,1.1175871e-08,0.0,True
2012-07-09,5.417142857142857,9.4,19.042858,24.185715,13.828572,80.1,3.5428574,2.6,3.7285712,6.0857143,21.757143,0.00018697977,0.0030456632,-7.345365000000001e-25,1.8626451e-08,0.0,True
2012-07-16,5.395714285714286,41.7,14.728572,18.742859,11.142858,84.08571,2.5857143,2.4428573,2.5857143,6.9714284,16.971428,0.0008394718,0.0028955266,-7.345365000000001e-25,1.4901161e-08,0.0,True
2012-07-23,5.374285714285714,23.599998,15.5,19.914288,10.928572,77.62858,3.085714,2.742857,3.1285717,8.6,17.77143,0.00045965612,0.002778411,-7.345365000000001e-25,1.4901161e-08,0.0,True
2012-07-30,5.352857142857142,15.4,18.47143,24.557144,12.342857,76.61428,3.5142858,2.9142857,3.7571428,7.7714286,21.528572,0.0003466308,0.0026519895,-7.345365000000001e-25,1.1175871e-08,0.0,True
2012-08-06,5.331428571428572,24.699999,17.671429,23.114286,12.585715,80.52857,3.0,2.6857145,3.1285713,7.9428573,20.214285,0.0045827925,0.0025531054,-7.345365000000001e-25,1.4901161e-08,0.0,True
2012-08-13,5.304285714285713,12.0,16.242857,21.428572,11.17143,76.557144,2.9142857,2.4285717,3.1285713,7.8428574,19.142857,0.00010292232,0.0025095493,-7.345365000000001e-25,1.1175871e-08,0.0,True
2012-08-20,5.285714285714286,6.0,21.742859,28.1,15.1,67.01429,3.8,2.7285714,4.214286,7.0285716,23.3,7.994473e-05,0.002453521,-7.345365000000001e-25,1.4901161e-08,0.0,True
2012-08-27,5.2700000000000005,40.4,17.185715,22.057144,12.485715,80.5,2.457143,1.8857143,2.5571427,6.6714287,19.9,0.00017473102,0.002378054,-7.345365000000001e-25,9.313226e-09,0.0,True
2012-09-03,5.247142857142857,1.9000001,15.857142,20.885714,10.642858,79.1,2.1142857,1.6142856,2.3428571,6.8428574,18.37143,0.00017262995,0.0023164973,-7.345365000000001e-25,9.313226e-09,0.0,True
2012-09-10,5.231428571428572,1.6,16.914286,22.071428,11.871429,78.11428,2.0,1.2714287,2.3428571,6.5142856,18.5,1.4461577e-05,0.0022469237,-7.345365000000001e-25,1.4901161e-08,0.0,True
2012-09-17,5.22,6.0,13.7,17.857143,9.642858,82.28571,1.4285715,1.2714285,1.7428571,6.6714287,15.0,4.5746565e-05,0.0021784455,-7.345365000000001e-25,1.3038516e-08,0.0,True
2012-09-24,5.21,37.1,10.928572,15.228572,6.557143,82.5,1.4571428,1.3714286,1.4,7.4714284,11.985714,0.0014173537,0.0021168664,-7.345365000000001e-25,1.3038516e-08,0.0,True
2012-10-01,5.192857142857143,15.3,12.214286,15.871429,9.071428,84.21429,1.0857143,1.0714287,1.2571429,8.514286,12.3,0.00021119416,0.0020682514,-7.345365000000001e-25,1.4901161e-08,0.0,True
2012-10-08,5.18,35.0,10.685715,14.828572,7.557143,87.0,1.1428573,1.1285714,1.0142857,9.3714285,11.442857,0.0026285648,0.0020438358,-7.345365000000001e-25,1.1175871e-08,0.0,True
2012-10-15,5.1657142857142855,17.6,8.3,12.3,4.157143,85.557144,0.9,0.88571423,0.88571423,9.828571,9.314285,0.0011892468,0.0021006763,-7.345365000000001e-25,5.5879354e-09,0.0,True
2012-10-22,5.148571428571429,2.6,13.528572,16.9,10.714286,86.08572,0.78571427,0.78571427,0.88571423,9.842857,12.3714285,0.00039352477,0.0023382977,-7.345365000000001e-25,9.313226e-09,0.0,True
2012-10-29,5.138571428571429,16.1,6.457143,9.6,3.4285715,86.32857,0.5428571,0.4857143,0.5714286,9.8714285,7.5285716,0.00012651086,0.0026429445,-7.345365000000001e-25,1.0430813e-07,1.0430813e-07,True
2012-11-05,5.125714285714286,15.0,6.5,9.671428,3.4428573,87.185715,0.54285717,0.54285717,0.55714285,10.257143,6.2,0.00074745715,0.0028797984,-7.345365000000001e-25,1.4901161e-08,0.0,True
2012-11-12,5.11,10.7,8.314286,10.528572,5.7000003,88.8,0.51428574,0.5285714,0.51428574,10.328571,7.642857,0.00017166138,0.0031402558,-7.345365000000001e-25,7.450581e-09,0.0,True
2012-11-19,5.105714285714286,2.5,4.571429,7.5428576,0.47142857,92.44286,0.21428573,0.21428573,0.21428572,10.042857,5.0,5.1796436e-05,0.0034534335,1.050177e-06,8.599833e-06,1.23642385e-05,True
2012-11-26,5.095714285714286,8.3,6.3,9.514285,3.4428573,90.40001,0.37142858,0.35714287,0.44285718,10.1285715,5.8714285,0.00018256903,0.003696695,3.292447e-07,4.2486936e-06,0.0,True
2012-12-03,5.085714285714286,9.1,3.2142856,5.728572,0.4857143,91.35714,0.20000002,0.20000002,0.22857143,10.3714285,3.142857,0.00019025058,0.0038720518,0.0003410067,0.00091721304,0.0031205006,True
2012-12-10,5.0685714285714285,24.7,0.17142859,2.6285717,-3.1142857,87.9,0.2,0.2,0.22857143,10.7,0.7285714,0.00044635683,0.004069902,0.0028197821,0.0047951713,0.005152747,True
2012-12-17,5.061428571428571,23.199999,2.5,4.3857145,-0.0285714,92.685715,0.15714286,0.15714286,0.22857143,10.8,1.7714286,0.00079030544,0.0044161305,0.003839016,0.0077795815,0.0050596967,True
2012-12-24,5.052857142857143,35.3,3.914286,6.1,2.2285714,93.200005,0.21428572,0.21428572,0.3857143,10.814285,2.9714286,0.0015348792,0.0056421906,0.0011287814,0.0052222107,0.004760422,True
2012-12-31,5.05,16.4,6.828572,9.242858,4.3428574,85.78571,0.64285713,0.64285713,0.67142856,11.071428,5.5142856,0.00059735775,0.0060643405,1.2702412e-05,0.00012598932,0.0,True
2013-01-07,5.047142857142857,11.0,7.285714,8.642858,5.571429,94.57143,0.25714287,0.25714287,0.3285714,10.642858,6.4714284,0.00021590292,0.0097347945,-7.345365000000001e-25,5.5879354e-09,0.0,True
2013-01-14,5.055714285714286,10.700001,1.2571429,2.9714284,-1.0571429,89.97143,0.21428572,0.21428572,0.27142856,10.528571,2.3714285,0.00024916232,0.0108924955,7.463069e-05,3.799796e-07,0.0005060844,True
2013-01-21,5.061428571428571,6.8,-3.8714287,-2.1000001,-6.0285716,84.68572,0.0,0.0,0.41428572,10.3,-1.2285714,2.0861626e-07,0.01109498,0.0014577309,0.0,0.008143716,True
2013-01-28,5.074285714285714,9.6,-2.6285713,-0.41428572,-5.4857144,87.44286,0.114285715,0.114285715,0.31428573,10.3714285,-0.95714283,0.0003055036,0.010967292,0.008381288,0.006461326,0.0031799115,True
2013-02-04,5.092857142857143,46.4,6.057143,8.385715,3.614286,84.78571,0.7714286,0.7714286,0.7571429,11.114285,3.7857144,0.0020399094,0.011081569,0.0004828487,0.0057780463,0.0012818798,True
2013-02-11,5.111428571428571,7.0,-0.042857137,2.6285713,-2.4714286,85.51428,0.3857143,0.3857143,0.42857143,10.728572,0.67142856,0.0001450926,0.011863217,0.0016160806,0.0007769931,0.0029204786,True
2013-02-18,5.124285714285714,6.6000004,0.5,2.1000001,-1.1714286,89.457146,0.24285714,0.24285714,0.44285718,10.2,0.08571429,0.00011202693,0.012438469,0.0026691754,0.002956001,0.0027351081,True
2013-02-25,5.15125,4.7999997,-0.25714287,1.3142859,-2.2428572,82.47143,0.24285717,0.24285717,0.6857143,10.142858,0.057142857,0.000107854605,0.012277201,0.0019932303,0.0015429519,0.0029321797,True
2013-03-04,5.177142857142857,0.90000004,1.6142857,4.614286,-2.142857,88.24286,0.54285717,0.5142857,0.5857143,10.014286,1.4857143,5.288422e-05,0.011921361,0.001082443,0.0026172753,0.00010788813,True
2013-03-11,5.2,16.199999,2.2571428,5.7714286,-0.82857144,80.32857,0.8142857,0.7428571,0.9714286,9.828571,3.3857143,0.00023007393,0.011359058,0.0019217276,0.00019326992,0.0071213245,True
2013-03-18,5.22,5.4,-0.42857143,3.4857144,-4.057143,78.700005,0.7428571,0.6857143,0.9857143,9.942857,0.8,0.00013157725,0.010770462,0.0056422777,0.0057457946,0.0050301068,True
2013-03-25,5.222857142857143,1.1,-1.1857144,1.5,-3.3714287,68.457146,0.5142857,0.4857143,1.3714286,9.885715,0.45714286,1.9595027e-05,0.010162286,0.0033603283,0.00086534955,0.0011913702,True
2013-04-01,5.24,1.8000001,-0.08571427,3.5714285,-3.5142858,75.82857,1.1142857,0.9571429,1.2428571,9.485714,1.9571428,5.0917268e-05,0.009548858,0.0021707388,0.0020214636,0.0018114019,True
2013-04-08,5.248571428571429,0.0,2.6857145,7.914286,-2.1285713,67.685715,1.7285713,1.3857144,1.8285714,9.042857,4.857143,1.976639e-05,0.008871146,0.0005476475,0.0012347829,9.275973e-06,True
2013-04-15,5.251428571428571,22.199999,8.428572,12.771429,4.0857143,85.54286,1.3000001,1.2285715,1.3285714,9.057143,8.214286,0.0002078265,0.00820031,1.0552861e-05,7.185899e-05,9.0897083e-07,True
2013-04-22,5.258571428571429,0.2,10.271429,15.200002,3.9,70.442856,2.6285713,2.1285713,2.6000001,8.514286,11.828571,5.120039e-05,0.007543221,-7.345365000000001e-25,7.450581e-09,0.0,True
2013-04-29,5.26,7.2000003,9.471429,14.971429,4.4,76.22858,1.942857,1.542857,2.1285713,7.8428574,11.114285,0.000101715326,0.006895706,-7.345365000000001e-25,3.7252903e-09,0.0,True
2013-05-06,5.254285714285714,0.0,11.057143,17.928572,3.6285717,65.3,3.357143,2.2285714,3.2285714,7.042857,13.671429,3.8295984e-06,0.006279364,-7.345365000000001e-25,3.7252903e-09,0.0,True
2013-05-13,5.251428571428571,15.4,12.5,17.085714,8.2,78.41429,2.4714284,2.1142857,2.4142857,6.714286,14.071428,0.0001860857,0.0056762397,-7.345365000000001e-25,1.1175871e-08,0.0,True
2013-05-20,5.238571428571428,39.1,11.442857,15.0,8.142858,88.02857,1.6142856,1.5142857,1.7285715,7.2714286,13.342857,0.00031489134,0.0051828995,-7.345365000000001e-25,7.450581e-09,0.0,True
2013-05-27,5.23,15.700001,8.971429,12.457144,5.542857,85.200005,1.8571428,1.6857141,1.8142856,7.885714,11.914286,0.0001553446,0.0047842935,-7.345365000000001e-25,3.7252903e-09,0.0,True
2013-06-03,5.215714285714285,12.900001,12.1285715,16.157145,8.014286,82.94286,2.6857142,2.1000001,2.5714285,7.885714,15.8,9.857863e-05,0.0044174716,-7.345365000000001e-25,3.7252903e-09,0.0,True
2013-06-10,5.204285714285715,0.0,14.742858,20.34286,8.8,68.02857,3.9285715,2.6142857,4.042857,6.9142857,18.985714,5.364418e-07,0.0040467307,-7.345365000000001e-25,0.0,0.0,True
2013-06-17,5.188571428571429,10.400001,15.400001,20.485716,9.528572,73.38572,3.3,2.357143,3.3714287,6.4714284,17.842857,0.00016224384,0.0036987662,-7.345365000000001e-25,1.4901161e-08,0.0,True
2013-06-24,5.174285714285714,39.8,17.785715,22.457142,14.457144,83.97143,2.9428573,2.5,2.857143,7.571429,19.328571,0.003533192,0.003399089,-7.345365000000001e-25,2.6077032e-08,0.0,True
2013-07-01,5.1571428571428575,22.5,13.142858,16.2,9.400001,81.64286,2.3714287,2.2142859,2.3428571,8.771428,15.314285,0.00024224818,0.0031814128,-7.345365000000001e-25,1.4901161e-08,0.0,True
2013-07-08,5.142857142857143,1.3,16.957144,22.085714,10.942857,78.85714,3.485714,2.757143,3.4714284,8.4,20.942858,4.941225e-05,0.0029958636,-7.345365000000001e-25,7.450581e-09,0.0,True
2013-07-15,5.127142857142857,0.4,15.314286,19.985716,9.771429,78.54286,3.0857143,2.0,3.1714287,7.0285716,20.285715,3.5464764e-06,0.0027929246,-7.345365000000001e-25,1.1175871e-08,0.0,True
2013-07-22,5.111428571428571,0.0,19.357143,26.042858,11.571428,74.12858,4.2571425,1.6285715,4.3,5.9714284,23.671429,5.811453e-07,0.0025853366,-7.345365000000001e-25,1.1175871e-08,0.0,True
2013-07-29,5.092857142857143,46.899998,21.071428,27.300001,14.885715,78.814285,3.6285713,2.0142858,3.6857142,6.1571426,24.4,0.00017100573,0.002360925,-7.345365000000001e-25,1.8626451e-08,0.0,True
2013-08-05,5.08,9.900001,21.028574,27.271427,14.242858,73.1,4.214286,3.0285716,4.1142855,6.457143,23.685715,7.946789e-05,0.002186723,-7.345365000000001e-25,1.4901161e-08,0.0,True
2013-08-12,5.068571428571429,9.700001,16.285715,21.4,10.485715,79.74286,2.7285714,1.9285713,2.7142856,6.0142856,19.642857,0.00016725063,0.0020189807,-7.345365000000001e-25,1.4901161e-08,0.0,True
2013-08-19,5.054285714285713,31.9,16.37143,21.642857,11.0,83.38572,2.5571427,2.0571427,2.4714284,6.0,18.657143,0.000541389,0.0018870234,-7.345365000000001e-25,1.4901161e-08,0.0,True
2013-08-26,5.05,0.1,17.4,22.828571,11.771429,71.200005,2.9285715,1.9714285,3.3428571,5.957143,20.2,1.4141202e-05,0.0017711446,-7.345365000000001e-25,1.1175871e-08,0.0,True
2013-09-02,5.048571428571428,5.0,15.957144,21.442858,9.957143,78.34286,2.2428572,1.3571428,2.357143,5.257143,19.014286,4.5083463e-05,0.0016523674,-7.345365000000001e-25,1.8626451e-08,0.0,True
2013-09-09,5.0371428571428565,66.7,17.285715,22.428572,12.542857,86.41429,1.8857144,1.1999999,2.0714285,5.8,18.8,0.000546366,0.0015605167,-7.345365000000001e-25,1.1175871e-08,0.0,True
2013-09-16,5.027142857142857,31.6,12.828572,16.5,8.957143,89.04286,1.4428571,1.4428571,1.3571428,8.585714,14.771428,0.0007506907,0.0014930218,-7.345365000000001e-25,9.313226e-09,0.0,True
2013-09-23,5.012857142857143,8.3,12.728571,16.77143,9.485715,87.58572,1.1571428,1.1285715,1.3,9.5,13.842857,0.00013792515,0.0014468953,-7.345365000000001e-25,1.4901161e-08,0.0,True
2013-09-30,5.004285714285714,4.3,10.714286,15.542857,6.085714,83.828575,1.1714287,1.042857,1.3571428,9.342857,13.157143,8.195639e-05,0.0014132932,-7.345365000000001e-25,0.0,0.0,True
2013-10-07,4.991428571428571,2.8,11.1285715,16.142857,6.642857,78.042854,1.1571428,0.9857143,1.5428572,8.885715,12.3714285,5.2563846e-05,0.0013786107,-7.345365000000001e-25,5.5879354e-09,0.0,True
2013-10-14,4.98,24.9,10.585715,13.885715,6.514286,88.67143,0.81428576,0.78571427,0.85714287,9.142858,11.614285,0.0012569875,0.0013528392,-7.345365000000001e-25,7.450581e-09,0.0,True
2013-10-21,4.964285714285714,11.0,11.67143,14.442858,8.714286,89.0,0.7,0.6857143,0.7714286,10.257143,11.457143,0.0003090799,0.0013389438,-7.345365000000001e-25,1.1175871e-08,0.0,True
2013-10-28,4.952857142857143,13.900001,13.971429,17.47143,10.214286,84.40001,1.1000001,1.1000001,1.1142857,10.414286,13.071428,0.0009114295,0.0013431236,-7.345365000000001e-25,2.2351742e-08,0.0,True
2013-11-04,4.934285714285714,46.199997,9.085714,11.428572,7.0,88.114296,0.7,0.7,0.71428573,10.771428,9.157143,0.0008123219,0.0013795346,-7.345365000000001e-25,9.313226e-09,0.0,True
2013-11-11,4.910000000000001,67.8,7.457143,9.971429,4.714286,89.38572,0.7285714,0.7285714,0.44285712,11.4,7.5,0.0023666024,0.0021590367,-7.345365000000001e-25,7.450581e-09,0.0,True
2013-11-18,4.904285714285714,6.7,6.2285714,8.014286,4.7000003,94.85714,0.24285717,0.24285717,0.27142859,10.6,6.5,7.419288e-05,0.0019943863,-7.345365000000001e-25,1.8626451e-09,0.0,True
2013-11-25,4.891428571428572,3.4,3.4,6.1857147,0.18571427,90.40001,0.31428573,0.31428573,0.22857143,10.228572,3.5285714,7.902086e-05,0.002409719,2.5959242e-05,0.00013246015,0.00014362857,True
2013-12-02,4.887142857142857,14.5,5.371429,7.714286,2.614286,91.557144,0.34285715,0.34285715,0.3285714,10.271428,4.7714286,0.00011360645,0.0027025267,3.35489e-06,1.6244128e-05,0.0,True
2013-12-09,4.888571428571429,29.4,4.3142858,6.285714,2.1,90.12858,0.5285714,0.5285714,0.47142857,10.614285,3.7285714,0.00031593442,0.0029142052,3.9742106e-05,0.0001782123,0.0001939293,True
2013-12-16,4.897142857142858,3.1000001,4.914286,6.857143,2.9285715,91.542854,0.22857143,0.22857143,0.3857143,10.485714,4.3,4.3973327e-05,0.0031113178,1.5326908e-07,1.763925e-06,0.0,True
2013-12-23,4.912857142857143,10.8,6.4,7.2571435,3.614286,86.90001,0.4857143,0.4857143,0.5142857,10.414286,5.2285714,0.00027410686,0.0033002347,-7.345365000000001e-25,0.0,0.0,True
2013-12-30,4.937142857142858,15.299999,6.0285716,0.0,3.0285716,88.40001,0.5,0.5,0.5,10.8714285,5.242857,0.0009683296,0.0038956925,-7.345365000000001e-25,3.7252903e-09,0.0,True
2014-01-06,4.96,18.8,6.714286,8.028571,4.0285716,84.18572,0.5,0.5,0.5,10.4,4.3,0.0008320734,0.0041875765,-7.345365000000001e-25,5.5879354e-09,0.0,True
2014-01-13,4.99,14.6,6.4428573,8.657144,3.8,87.457146,0.68571424,0.68571424,0.55714285,10.642858,5.5857143,0.00057875365,0.0049185604,-7.345365000000001e-25,1.8626451e-09,0.0,True
2014-01-20,5.011428571428572,18.2,4.457143,6.2571425,2.4,91.700005,0.34285712,0.3285714,0.34285715,10.6,3.9857142,0.00039887428,0.0060348213,2.8513727e-05,9.018928e-06,0.00038008764,True
2014-01-27,5.02875,23.0,-1.8000001,-0.25714284,-3.357143,90.68572,0.18571427,0.18571427,0.31428573,10.3714285,0.2,3.7178397e-05,0.0071234703,0.0046880813,0.0015041307,0.016218472,True
2014-02-03,5.057142857142857,1.9,0.7285715,3.7428572,-1.9857142,85.38572,0.4,0.4,0.44285718,10.3,0.5857143,0.00038932264,0.0076018795,0.009004763,0.012696378,0.00019338354,True
2014-02-10,5.0842857142857145,18.0,5.571429,8.228572,3.0571427,81.82857,0.84285706,0.8285714,0.81428576,10.442857,3.8428571,0.0007684976,0.007918581,0.00033589773,0.001653824,1.4901161e-06,True
2014-02-17,5.088571428571428,7.9,5.557143,8.242857,2.457143,81.28571,1.0142857,1.0142857,0.9142857,10.285714,4.714286,0.00048419833,0.008825786,2.1003541e-07,1.3150275e-06,0.0,True
2014-02-24,5.122857142857143,9.2,6.4428573,9.814286,3.3,83.08572,0.9142857,0.90000004,0.8428572,10.242857,5.7285714,0.00018115342,0.009480134,-7.345365000000001e-25,0.0,0.0,True
2014-03-03,5.145714285714286,1.9000001,5.657143,9.685715,1.8142856,82.41429,0.90000004,0.8428572,0.87142855,9.985714,5.6571426,7.537007e-05,0.009605251,1.9811448e-06,1.1725351e-05,1.3008714e-05,True
2014-03-10,5.15,0.2,7.071429,13.842857,0.5142857,74.971436,1.5285714,1.2714285,1.3428571,9.685715,7.5142856,5.364418e-07,0.009457357,3.973643e-07,1.4416873e-06,0.0,True
2014-03-17,5.172857142857143,2.0,7.614286,12.014285,3.9,80.62858,1.2714285,1.0285715,1.2571429,9.114285,8.514286,2.7045608e-05,0.009139508,-7.345365000000001e-25,3.7252903e-09,0.0,True
2014-03-24,5.188571428571429,27.6,7.6,12.214286,3.7142856,80.72857,1.4857142,1.3142856,1.5142858,9.114285,8.1,0.00035672635,0.008729018,-7.345365000000001e-25,5.5879354e-09,0.0,True
2014-03-31,5.201428571428572,2.1999998,7.4428573,13.742858,2.4,79.67143,1.6714286,1.3714286,1.6285714,8.985714,8.771428,2.2679567e-05,0.008271396,-7.345365000000001e-25,0.0,0.0,True
2014-04-07,5.215714285714285,8.5,11.485715,16.728573,6.3142858,83.17143,1.5142858,1.2571429,1.5714285,8.514286,11.814285,0.00027798116,0.0077716634,-7.345365000000001e-25,1.3038516e-08,0.0,True
2014-04-14,5.214285714285714,21.1,8.957143,12.771429,4.8,81.02857,1.8857143,1.6142856,1.7285715,8.614285,10.714286,0.00032358617,0.0073263645,-7.345365000000001e-25,1.8626451e-09,0.0,True
2014-04-21,5.227142857142858,8.6,9.5,14.8,4.0857143,73.00001,2.6857142,2.057143,2.4285715,8.085714,11.471429,0.0001566112,0.0069107115,-7.345365000000001e-25,5.5879354e-09,0.0,True
2014-04-28,5.231428571428572,29.5,13.5,18.685715,9.014286,85.0,2.385714,1.8142855,2.2714286,7.8714285,15.442857,0.0010737926,0.0064973757,-7.345365000000001e-25,1.8626451e-09,0.0,True
2014-05-05,5.24,8.0,10.728572,14.67143,7.0428576,73.4,2.4857142,1.9999999,2.3714287,7.785714,14.142858,0.00013979524,0.0061374083,-7.345365000000001e-25,0.0,0.0,True
2014-05-12,5.2457142857142856,61.3,11.328572,14.1285715,8.985715,86.67143,2.0142856,1.9571428,1.6999999,8.971429,12.571428,0.0011349618,0.0058514103,-7.345365000000001e-25,1.8626451e-08,0.0,True
2014-05-19,5.25,0.9,11.6,16.5,6.142857,77.75715,2.757143,2.4285715,2.8428571,9.557143,14.842857,2.3163855e-05,0.005673349,-7.345365000000001e-25,3.7252903e-09,0.0,True
2014-05-26,5.252857142857143,26.900002,17.97143,23.085714,11.971429,70.24286,3.7000003,3.1714284,3.8714283,8.642858,20.185715,0.0005206615,0.005426258,-7.345365000000001e-25,3.7252903e-09,0.0,True
2014-06-02,5.258571428571429,13.200001,12.614286,16.942858,7.971429,74.74286,2.7000003,2.1857142,2.9285715,8.428572,16.22857,0.00024759024,0.005176939,-7.345365000000001e-25,7.450581e-09,0.0,True
2014-06-09,5.264285714285713,19.7,17.185715,22.914288,11.1285715,71.200005,3.914286,3.285714,3.9142857,7.9,20.085714,0.00024332106,0.004900329,-7.345365000000001e-25,1.4901161e-08,0.0,True
2014-06-16,5.268571428571428,4.2,16.642857,21.285715,12.114286,73.6,3.6999996,2.8999999,3.7714286,6.9142857,21.0,0.0028233826,0.004597999,-7.345365000000001e-25,7.450581e-09,0.0,True
2014-06-23,5.278571428571429,5.8,14.314286,17.928572,10.442857,77.04286,2.9285717,1.8142855,2.8142858,6.1571426,17.7,3.556907e-05,0.004321769,-7.345365000000001e-25,1.8626451e-08,0.0,True
2014-06-30,5.29,16.3,14.828572,19.685715,10.328572,78.01429,3.1714284,1.8428571,2.9857142,6.0142856,18.842857,0.00016580522,0.0040503964,-7.345365000000001e-25,7.450581e-09,0.0,True
2014-07-07,5.291428571428571,12.9,18.1,23.828571,12.242858,72.62858,4.028571,2.5428574,3.8999999,6.0857143,20.72857,0.00010842085,0.0037669092,-7.345365000000001e-25,1.4901161e-08,0.0,True
2014-07-14,5.2942857142857145,43.5,18.614286,23.7,13.900001,81.08572,3.3,2.685714,3.2714286,7.928571,21.37143,0.0001487881,0.0034904703,-7.345365000000001e-25,1.8626451e-08,0.0,True
2014-07-21,5.29,16.8,21.414288,27.342855,15.271429,70.62858,4.357143,3.0857143,4.428571,7.114286,23.985714,0.00039158762,0.0032095984,-7.345365000000001e-25,1.1175871e-08,0.0,True
2014-07-28,5.281428571428571,3.6,20.457144,25.457144,15.371429,76.21429,4.0857143,2.442857,3.9857142,6.5,24.071428,0.0001502186,0.0029404163,-7.345365000000001e-25,1.8626451e-08,0.0,True
2014-08-04,5.267142857142857,1.9,20.071428,26.014286,14.157144,73.24286,3.8714287,2.0000002,3.9714284,6.1857142,24.242857,3.7647784e-05,0.0027113184,-7.345365000000001e-25,1.1175871e-08,0.0,True
2014-08-11,5.247142857142857,27.8,18.37143,23.685715,12.728572,74.700005,3.5,2.2714286,3.4285715,6.1,21.614286,0.0003182888,0.0024940595,-7.345365000000001e-25,1.4901161e-08,0.0,True
2014-08-18,5.225714285714285,28.0,14.885715,19.028574,11.571428,81.57143,2.385714,2.142857,2.4142857,6.8142858,16.77143,0.00024236739,0.0023226216,-7.345365000000001e-25,2.6077032e-08,0.0,True
2014-08-25,5.198571428571428,37.5,12.300001,17.300001,8.3714285,81.41429,2.1571429,2.1285713,2.2571428,8.528571,14.414286,0.0015487671,0.0021958202,-7.345365000000001e-25,1.1175871e-08,0.0,True
2014-09-01,5.171428571428572,19.2,15.214286,20.428572,10.1,81.44286,2.0142858,1.8,2.3999999,8.742857,17.557142,0.00016913563,0.0020849034,-7.345365000000001e-25,7.450581e-09,0.0,True
2014-09-08,5.142857142857143,0.0,16.742857,22.085714,11.557143,82.18572,2.0000002,1.6285714,2.3428571,8.357142,19.314285,3.4421682e-05,0.001992792,-7.345365000000001e-25,5.5879354e-09,0.0,True
2014-09-15,5.118571428571428,2.3,15.1,19.2,10.971429,86.90001,1.5142857,1.1999999,1.6142857,7.742857,17.471428,3.3408403e-05,0.0019088537,-7.345365000000001e-25,1.4901161e-08,0.0,True
2014-09-22,5.094285714285713,29.099998,16.685715,22.300001,11.800001,79.62858,1.957143,1.5428572,2.2857144,7.428571,18.471428,7.148087e-05,0.0018293709,-7.345365000000001e-25,1.1175871e-08,0.0,True
2014-09-29,5.072857142857144,8.3,13.528572,18.1,8.785714,83.85714,1.2,0.9714286,1.3142856,7.3714285,14.885715,0.00011186302,0.0017570928,-7.345365000000001e-25,7.450581e-09,0.0,True
2014-10-06,5.057142857142857,7.9,14.900001,19.242859,10.6285715,86.0,1.0857143,0.8571429,1.2571429,7.5285716,16.285715,6.945431e-05,0.0016940981,-7.345365000000001e-25,1.3038516e-08,0.0,True
2014-10-13,5.05,19.5,13.185715,16.97143,9.571428,85.74286,1.1,1.0428572,1.1142857,7.8285713,13.685715,0.0010889024,0.0016381443,-7.345365000000001e-25,1.3038516e-08,0.0,True
2014-10-20,5.034285714285715,11.7,13.814286,17.057144,10.185715,88.65715,0.91428566,0.85714287,0.88571423,8.285714,13.814285,7.210672e-05,0.001596652,-7.345365000000001e-25,1.3038516e-08,0.0,True
2014-10-27,5.017142857142857,17.1,11.328572,13.585714,8.942858,85.12858,0.8428572,0.8285714,0.9285714,9.1,11.328571,0.00025574118,0.0015693009,-7.345365000000001e-25,1.3038516e-08,0.0,True
2014-11-03,5.0,5.3,11.5,14.485715,8.5,87.51429,0.6857143,0.64285713,0.6857143,8.785714,11.3,0.0001084581,0.001550734,-7.345365000000001e-25,9.313226e-09,0.0,True
2014-11-10,4.984285714285714,4.4,8.085714,11.185715,5.214286,89.51429,0.5285714,0.4857143,0.42857143,9.0,8.6285715,0.00054650754,0.0015386641,-7.345365000000001e-25,1.8626451e-09,0.0,True
2014-11-17,4.968571428571429,12.9,8.685715,10.571428,6.328572,93.54286,0.3285714,0.29999998,0.37142858,9.071428,8.8714285,0.00030213594,0.0015363321,-7.345365000000001e-25,7.450581e-09,0.0,True
2014-11-24,4.951428571428572,5.5,6.328572,9.057143,3.2714286,91.200005,0.38571426,0.38571426,0.25714287,9.357142,6.5857143,8.3848834e-05,0.0015574396,-7.345365000000001e-25,1.8626451e-09,0.0,True
2014-12-01,4.932857142857143,0.1,2.142857,3.614286,0.90000004,89.02857,0.25714284,0.25714284,0.41428572,9.457143,3.0142858,1.9431114e-05,0.0016036183,6.1932064e-06,7.8231096e-08,3.844872e-05,True
2014-12-08,4.911428571428572,12.8,1.1714286,2.9714284,-0.82857144,91.74286,0.21428572,0.21428572,0.25714287,9.528571,1.5285715,6.279349e-05,0.001653254,0.00012772424,0.0002032686,0.00020880625,True
2014-12-15,4.890000000000001,20.3,3.9428573,6.0285716,2.0857143,89.14286,0.61428577,0.61428577,0.42857143,10.485714,3.4571428,0.0007148832,0.0017040595,1.1784689e-05,6.124005e-05,2.110377e-05,True
2014-12-22,4.877142857142857,44.8,7.414286,9.714286,4.571429,89.37142,0.6714286,0.6714286,0.62857145,11.071428,6.0142856,0.0010820031,0.0018828064,3.5762787e-07,2.3189932e-06,5.289912e-07,True
2014-12-29,4.86,16.5,3.2000003,5.3,0.35714287,86.328575,0.47142857,0.47142857,0.47142857,10.942857,3.3142858,0.0001911521,0.0021821484,8.707955e-06,6.493181e-06,4.1570514e-05,True
2015-01-05,4.854285714285715,9.8,4.3,6.2000003,2.1285715,87.41429,0.2,0.2,0.4857143,10.45,2.95,9.484589e-05,0.002597496,6.0853504e-06,3.576465e-05,0.0,True
2015-01-12,4.85,42.2,6.0428576,8.271429,3.557143,85.58572,0.85714287,0.85714287,0.8,10.757143,4.857143,0.0005543232,0.0029224232,3.122148e-07,3.8817525e-06,3.911555e-06,True
2015-01-19,4.842857142857143,32.3,3.8428571,5.585715,1.5571429,89.47143,0.5857143,0.5857143,0.4,11.028571,3.6,0.0009022355,0.0041130558,0.00060243264,0.00054216944,0.0048245788,True
2015-01-26,4.848571428571428,9.7,0.028571436,2.357143,-2.0714285,93.77143,0.22857141,0.22857141,0.22857143,10.442857,0.45714286,0.00026734173,0.0050148144,0.0048272666,0.0071649943,0.0048155785,True
2015-02-02,4.865714285714286,26.5,1.7571429,3.7285714,-0.085714296,93.65715,0.42857143,0.42857143,0.2857143,10.857142,1.6285714,0.00044681877,0.0059350356,0.0039408035,0.0054747593,0.0080578625,True
2015-02-09,4.885714285714286,6.7,1.1142858,3.6142857,-1.4714286,88.15715,0.45714286,0.45714286,0.4,10.271428,1.1428572,0.00013484061,0.0068807453,0.0036022493,0.00507774,0.00031897798,True
2015-02-16,4.924285714285714,0.4,3.2142856,6.071429,1.1,87.21429,0.5142857,0.45714286,0.5142857,10.014286,2.9142857,1.2725592e-05,0.00739789,5.0499326e-05,0.00027201883,3.2037497e-07,True
2015-02-23,4.967142857142858,25.7,2.7285714,5.9714284,-0.17142858,90.114296,0.59999996,0.5714286,0.5285714,10.242857,2.6714287,0.0004490614,0.007494405,0.00029424825,0.0017299745,0.003226634,True
2015-03-02,4.985714285714286,25.6,4.657143,7.8428574,1.5714285,83.14286,1.1428572,1.1428572,0.90000004,10.614285,4.4428573,0.0008089021,0.007639222,0.00028959342,0.0015480462,6.981194e-06,True
2015-03-09,5.008571428571429,10.1,6.2714286,10.342857,3.057143,77.94286,1.2142857,1.1285714,1.2714285,10.357142,5.7,0.000152722,0.008416958,2.457982e-06,1.4103949e-05,9.723008e-06,True
2015-03-16,5.038571428571428,0.1,4.9428573,8.957143,0.88571423,81.37142,1.2428572,1.0571429,1.1571429,9.657143,6.428571,6.823987e-05,0.008855522,3.462746e-07,1.911074e-06,1.9669533e-06,True
2015-03-23,5.061428571428571,7.8999996,5.357143,10.385714,0.7714286,80.62858,1.3428572,1.1000001,1.2428571,9.328571,7.357143,8.5800886e-05,0.008743577,-7.345365000000001e-25,2.7939677e-08,0.0,True
2015-03-30,5.081428571428572,58.9,6.2999997,9.242857,3.1714287,83.25714,1.3285714,1.2714287,1.1714286,9.8,7.0,0.0012483224,0.008510463,-7.345365000000001e-25,3.7252903e-09,0.0,True
2015-04-06,5.112857142857143,30.0,4.971429,9.0,0.71428573,77.8,1.957143,1.9,1.5142858,10.614285,7.0571427,0.00051730126,0.008371793,0.00010462034,0.0008203145,0.0008309372,True
2015-04-13,5.132857142857143,3.6,8.471429,14.085714,2.9142857,78.1,1.9714286,1.6857141,1.9,9.6,10.385715,6.4603984e-05,0.00830885,7.493155e-07,6.655231e-06,0.0,True
2015-04-20,5.167142857142857,0.0,8.814286,15.1,2.6857145,72.98572,2.642857,2.0142858,2.4285715,8.742857,12.085714,7.4505806e-07,0.008046627,-7.345365000000001e-25,3.7252903e-09,0.0,True
2015-04-27,5.1971428571428575,2.7,9.257143,14.300001,4.428571,79.37142,2.142857,1.6571428,2.042857,7.9857144,12.428572,0.0001167804,0.007652186,-7.345365000000001e-25,3.7252903e-09,0.0,True
2015-05-04,5.215714285714285,14.3,8.857143,13.985715,3.0571427,74.200005,2.5714285,2.1428568,2.3428571,7.7,11.5,0.00017891824,0.007209249,-7.345365000000001e-25,7.450581e-09,0.0,True
2015-05-11,5.24,21.3,13.042857,18.542858,7.914286,71.37143,3.2999997,2.8285716,3.1142857,7.9,14.385715,0.0007087365,0.006729126,-7.345365000000001e-25,1.1175871e-08,0.0,True
2015-05-18,5.267142857142857,6.0,10.314286,14.885715,5.557143,73.92857,2.3714287,1.5857143,2.3857143,7.1285715,13.542857,5.4731965e-05,0.006267771,-7.345365000000001e-25,0.0,0.0,True
2015-05-25,5.277142857142857,12.099999,11.17143,16.028572,6.357143,74.71429,2.957143,1.9571427,2.8714287,6.885714,14.542857,0.00013032556,0.0058387145,-7.345365000000001e-25,0.0,0.0,True
2015-06-01,5.291428571428571,14.1,11.214286,15.542857,6.414286,74.62858,2.7857144,1.9999999,2.5714285,6.5571427,13.9,0.00021238625,0.0054008365,-7.345365000000001e-25,7.450581e-09,0.0,True
2015-06-08,5.302857142857143,3.6000001,14.857142,19.957144,7.7999997,68.34286,3.7857144,2.1285715,3.857143,6.257143,17.62857,1.706183e-05,0.004977584,-7.345365000000001e-25,3.7252903e-09,0.0,True
2015-06-15,5.314285714285715,2.8000002,14.742858,20.057144,9.2,70.62858,3.7285717,1.2857143,3.5571427,5.7714286,18.457144,3.184378e-05,0.0045235306,-7.345365000000001e-25,7.450581e-09,0.0,True
2015-06-22,5.321428571428571,30.1,12.300001,16.642857,8.042857,81.75714,2.5714285,1.6714287,2.3285713,5.928571,15.357142,0.00028918684,0.0041377023,-7.345365000000001e-25,7.450581e-09,0.0,True
2015-06-29,5.32,3.4,15.942858,20.671429,10.428572,78.01429,3.1714287,2.2285714,3.0571427,6.142857,18.742857,0.00010795891,0.0038117021,-7.345365000000001e-25,1.1175871e-08,0.0,True
2015-07-06,5.318571428571429,23.4,21.814285,28.2,15.1,69.02857,5.342857,2.2857146,5.3857145,5.357143,24.571428,4.0128827e-05,0.0034469292,-7.345365000000001e-25,1.8626451e-08,0.0,True
2015-07-13,5.312857142857142,17.1,16.428572,21.114286,11.771429,77.74286,3.2000003,1.7857144,3.0571427,5.1571426,19.171429,0.00016299635,0.0031240433,-7.345365000000001e-25,1.1175871e-08,0.0,True
2015-07-20,5.3,21.8,17.414288,21.9,11.985715,81.71429,3.2857144,2.0285716,3.1142857,5.385714,20.257143,0.00023342669,0.0028815567,-7.345365000000001e-25,1.4901161e-08,0.0,True
2015-07-27,5.281428571428571,63.199997,16.857143,21.671429,11.885715,80.28571,3.157143,2.3285716,2.9714284,5.9,19.428572,0.0027824417,0.0026477352,-7.345365000000001e-25,1.8626451e-08,0.0,True
2015-08-03,5.255714285714285,27.1,15.442858,20.97143,9.885714,75.9,3.457143,2.7,3.2571428,7.7,17.942858,0.0003809929,0.0024871826,-7.345365000000001e-25,1.3038516e-08,0.0,True
2015-08-10,5.234285714285714,6.1000004,18.37143,24.557144,11.428572,79.0,2.9428573,2.4,3.0857143,7.042857,21.585714,0.00021916628,0.0023475438,-7.345365000000001e-25,1.1175871e-08,0.0,True
2015-08-17,5.208571428571429,62.300003,18.957144,22.87143,15.314286,85.828575,2.3999999,2.0857143,2.4857142,7.142857,21.328571,0.0009942725,0.0022246987,-7.345365000000001e-25,1.4901161e-08,0.0,True
2015-08-24,5.188571428571429,7.1000004,17.6,22.914288,12.228571,76.6,2.857143,2.4857142,3.0857143,8.471429,20.457144,0.00014574826,0.0021366924,-7.345365000000001e-25,7.450581e-09,0.0,True
2015-08-31,5.167142857142857,22.2,17.657145,22.5,13.014287,82.07143,2.4714284,2.3142855,2.457143,8.485714,19.385714,0.00016973913,0.0020570904,-7.345365000000001e-25,2.2351742e-08,0.0,True
2015-09-07,5.148571428571429,31.8,13.571428,17.657145,9.971429,84.71429,1.9142857,1.8714285,1.9142857,9.342857,15.585714,0.00016827881,0.0019935966,-7.345365000000001e-25,1.8626451e-08,0.0,True
2015-09-14,5.137142857142857,23.7,14.042857,18.985716,9.342857,86.08572,1.6142857,1.5,1.7142857,9.285714,16.257143,0.0006622672,0.0019321218,-7.345365000000001e-25,1.1175871e-08,0.0,True
2015-09-21,5.124285714285714,13.5,13.714286,17.442858,10.3714285,85.84286,1.457143,1.4428571,1.4285715,9.928572,14.514286,0.0009341836,0.0018836707,-7.345365000000001e-25,1.4901161e-08,0.0,True
2015-09-28,5.11,7.5,11.828572,16.542858,7.7428575,89.200005,1.0857142,1.042857,1.1142857,10.0,13.642858,0.00010997057,0.0018498972,-7.345365000000001e-25,5.5879354e-09,0.0,True
2015-10-05,5.105714285714286,1.0,10.542857,17.142859,4.7428575,86.700005,1.0857142,0.9285714,1.1571429,9.442857,13.342857,6.9215894e-06,0.0018179193,-7.345365000000001e-25,3.7252903e-09,0.0,True
2015-10-12,5.094285714285713,5.5,10.642858,13.785714,7.371429,84.457146,0.87142855,0.7857143,1.0,9.528571,11.985714,0.00018458813,0.0017919019,-7.345365000000001e-25,5.5879354e-09,0.0,True
2015-10-19,5.088571428571428,24.8,7.1571426,9.157143,4.7571435,93.542854,0.45714286,0.44285718,0.51428574,10.085714,8.271428,0.00034651905,0.0017713979,-7.345365000000001e-25,0.0,0.0,True
2015-10-26,5.077142857142857,2.0,9.685715,12.914286,6.014286,88.77143,0.6571428,0.62857145,0.6571428,10.085714,10.242857,1.4454126e-05,0.0017662346,-7.345365000000001e-25,9.313226e-09,0.0,True
2015-11-02,5.072857142857144,0.6,7.8,10.828572,4.3,95.51429,0.35714287,0.3285714,0.32857147,9.8,9.085714,7.3611736e-06,0.0017685294,-7.345365000000001e-25,5.5879354e-09,0.0,True
2015-11-09,5.062857142857142,24.0,12.014287,15.3714285,8.785714,89.02857,0.7428571,0.71428573,0.5857143,10.2,11.328571,0.0007032156,0.0017733797,-7.345365000000001e-25,1.4901161e-08,0.0,True
2015-11-16,5.054285714285713,56.6,11.685715,13.457144,8.714286,86.88572,0.88571423,0.88571423,0.78571427,10.642858,10.842857,0.0012365058,0.0022299215,-7.345365000000001e-25,2.2351742e-08,0.0,True
2015-11-23,5.05,22.6,7.0285716,8.914286,4.457143,84.97143,1.0,1.0,0.6714286,11.3,7.071429,0.0009705126,0.002062425,8.7760745e-06,2.0107254e-05,5.565211e-05,True
2015-11-30,5.047142857142857,43.8,5.285714,7.914286,2.9285715,87.24286,0.8000001,0.8000001,0.5714286,10.942857,4.885714,0.00093638897,0.002765946,2.9206276e-05,0.00014778599,0.000108163804,True
2015-12-07,5.058571428571428,4.4,8.928572,10.6285715,6.828572,83.02857,0.6428572,0.6428572,0.8428572,10.7,7.6285715,0.000152722,0.0033554807,-7.345365000000001e-25,1.8440187e-07,0.0,True
2015-12-14,5.082857142857143,28.1,6.5285716,9.571428,3.9285717,87.14286,0.5285714,0.5285714,0.44285718,10.771428,6.1285715,0.0008030534,0.0041331574,-7.345365000000001e-25,0.0,0.0,True
2015-12-21,5.12,7.4,10.142858,11.914286,8.185715,88.38572,0.5285714,0.5285714,0.61428577,10.485714,8.685715,0.00023977458,0.0050330684,-7.345365000000001e-25,2.0489097e-08,0.0,True
2015-12-28,5.142857142857143,7.2999997,10.17143,12.642858,7.614286,85.15715,0.6857143,0.6857143,0.7714286,10.414286,8.514286,0.00014422834,0.0058200285,-7.345365000000001e-25,1.4901161e-08,0.0,True
2016-01-04,5.194285714285714,6.7,2.8,4.9428573,0.54285717,88.21429,0.4666667,0.43333337,0.37142858,10.233334,5.8333335,5.2690506e-05,0.0063020587,0.0014811811,2.9802322e-07,0.007016152,True
2016-01-11,5.21,15.2,0.7428571,3.157143,-1.2571429,87.67143,0.35714287,0.35714287,0.37142858,10.485714,1.3571428,0.0006353408,0.006507471,0.0096415905,0.019401632,0.013844017,True
2016-01-18,5.228571428571429,12.0,0.85714287,2.6714287,-1.7857143,90.72858,0.3285714,0.3285714,0.25714287,10.657143,1.6285714,0.00016579032,0.007056698,0.0037136816,0.0020276029,0.00852691,True
2016-01-25,5.251428571428571,8.0,0.68571436,4.042857,-3.4714286,93.442856,0.25714287,0.25714287,0.17142858,10.385715,1.1571429,0.00037066638,0.007742122,0.005979822,0.009076875,0.0004178211,True
2016-02-01,5.271428571428571,24.5,7.585715,9.757143,4.571429,85.3,0.94285715,0.94285715,0.7571429,10.771428,6.257143,0.0017635077,0.0083364025,9.0882895e-06,0.00016815588,0.0,True
2016-02-08,5.301428571428572,34.1,6.728572,8.742857,4.557143,80.72858,1.0,1.0,1.0142857,10.614285,5.5,0.00049547106,0.009544082,8.145968e-06,6.218813e-05,5.915761e-05,True
2016-02-15,5.29125,30.1,2.4714286,4.585715,0.014285718,88.700005,0.67142856,0.67142856,0.5,11.057143,3.0714285,0.0015397221,0.012161486,0.0011690287,0.0013684146,0.0066506155,True
2016-02-22,5.337142857142857,22.2,3.2285714,6.7000003,0.34285715,85.58572,0.74285716,0.74285716,0.5857143,10.571428,3.3,0.0010803118,0.013881996,0.0027733871,0.005512491,0.0005425848,True
2016-02-29,5.348571428571428,5.4,1.4857143,5.642857,-1.4285715,85.24286,0.85714287,0.82857144,0.61428577,10.485714,3.0714285,9.185076e-05,0.015129164,0.0001467069,0.00030619092,0.00040346757,True
2016-03-07,5.39,16.7,2.3714287,5.7428575,-0.74285716,88.64286,0.7142858,0.7142858,0.6571428,10.514286,3.0428572,0.00041166693,0.015469238,0.0009979067,0.0040401164,0.004085887,True
2016-03-14,5.397142857142858,0.3,2.8142858,7.0428576,-0.8428572,81.44286,1.0428572,0.9571429,0.95714283,10.042857,4.242857,5.169213e-05,0.015066341,7.645857e-05,0.0002503898,1.1242926e-05,True
2016-03-21,5.44,5.2,5.328572,8.728572,2.0428572,83.82857,0.9857143,0.82857144,1.0285714,9.6,5.9,2.8580427e-05,0.014333762,1.5894572e-06,9.087846e-06,0.0,True
2016-03-28,5.474285714285714,14.1,7.1857147,10.342857,3.3,82.54286,1.4142857,1.3285714,1.3142856,9.414286,7.457143,0.00024579465,0.013345987,-7.345365000000001e-25,9.313226e-09,0.0,True
2016-04-04,5.492857142857143,11.2,8.957143,13.742858,4.2000003,75.700005,1.8857143,1.7142857,1.7714285,9.357142,10.0,0.00022146106,0.012257129,-7.345365000000001e-25,1.8626451e-09,0.0,True
2016-04-11,5.515714285714286,9.3,8.685715,12.914286,4.6857147,77.17143,1.9428571,1.7571429,1.8714286,9.357142,9.8,0.00018255413,0.011252105,-7.345365000000001e-25,1.8626451e-09,0.0,True
2016-04-18,5.5442857142857145,15.8,8.714286,13.271429,3.9142857,79.91429,1.8285714,1.6571429,1.7142857,9.028571,10.657143,0.000429824,0.010285467,-7.345365000000001e-25,0.0,0.0,True
2016-04-25,5.562857142857142,26.099998,5.6857142,10.385715,1.3857143,76.62858,2.2428572,1.8857143,1.9714286,8.5,9.557143,0.00020608306,0.009463243,7.1809404e-06,5.8477744e-05,0.000108059496,True
2016-05-02,5.577142857142857,23.7,6.428571,11.257143,1.6428572,79.37142,2.1571429,2.042857,1.942857,9.242857,8.8,0.00025306642,0.00877776,2.5215602e-05,0.00018042326,0.0001251325,True
2016-05-09,5.6000000000000005,0.0,15.0,20.914288,7.6285715,57.771427,4.8428574,3.7285712,4.6571426,8.157143,16.642857,2.1904707e-05,0.008092597,-7.345365000000001e-25,2.6077032e-08,0.0,True
2016-05-16,5.618571428571428,8.0,13.485715,18.6,8.571428,62.37143,3.9714286,2.385714,4.0142856,6.6714287,16.557142,3.543496e-05,0.0072718784,-7.345365000000001e-25,7.450581e-09,0.0,True
2016-05-23,5.637142857142857,22.1,14.514287,19.37143,9.642858,75.37144,2.6714284,1.6,2.7428572,6.357143,16.085714,0.00015811622,0.006569624,-7.345365000000001e-25,1.1175871e-08,0.0,True
2016-05-30,5.648571428571429,10.0,14.428572,18.314287,10.771429,85.48572,2.357143,1.6714286,2.357143,6.571429,16.785715,0.00021091104,0.005954325,-7.345365000000001e-25,1.1175871e-08,0.0,True
2016-06-06,5.658571428571428,1.8,19.34286,24.942858,14.614286,78.18572,3.828571,2.3428571,4.0857143,6.757143,22.342857,6.5267086e-05,0.0053662956,-7.345365000000001e-25,1.4901161e-08,0.0,True
2016-06-13,5.67,9.9,15.014287,19.785715,10.400001,78.35714,3.1000004,1.5714285,2.8,6.3714285,19.77143,0.00015514344,0.004800603,-7.345365000000001e-25,7.450581e-09,0.0,True
2016-06-20,5.674285714285714,54.199997,14.900001,19.1,11.014285,83.44286,2.7428572,2.4857142,2.7,7.742857,18.114286,0.004310712,0.0043759346,-7.345365000000001e-25,1.4901161e-08,0.0,True
2016-06-27,5.672857142857143,32.4,17.914286,22.057142,13.742857,83.957146,2.9857144,2.857143,3.0142858,8.985714,20.27143,0.0064934343,0.0041839704,-7.345365000000001e-25,1.4901161e-08,0.0,True
2016-07-04,5.67,23.5,15.857142,19.814287,12.0,78.92857,3.2,3.1142857,2.9857142,9.6,18.357143,0.001707539,0.0038940758,-7.345365000000001e-25,1.8626451e-08,0.0,True
2016-07-11,5.664285714285714,11.5,17.128572,21.4,12.728572,77.85714,3.4,3.0857143,3.3,9.2,19.6,0.0007080883,0.003793344,-7.345365000000001e-25,1.8626451e-08,0.0,True
2016-07-18,5.65,37.9,16.385715,20.614286,12.085715,80.21429,2.8714287,2.6142857,2.957143,8.471429,19.0,0.00024555624,0.0036979914,-7.345365000000001e-25,1.8626451e-08,0.0,True
2016-07-25,5.641428571428571,10.799999,20.800001,26.7,15.285715,81.57143,3.8714283,2.8142858,3.7857144,7.4714284,25.0,7.015467e-05,0.0035583451,-7.345365000000001e-25,1.4901161e-08,0.0,True
2016-08-01,5.63,15.8,17.428572,22.128572,13.214286,82.200005,2.957143,2.3285713,2.857143,7.214286,21.557142,0.00026656687,0.0034148097,-7.345365000000001e-25,9.313226e-09,0.0,True
2016-08-08,5.617142857142857,5.0,17.128572,21.4,12.6,82.114296,2.5571427,2.2857144,2.6857142,7.7,19.171429,0.00014424324,0.0032827407,-7.345365000000001e-25,1.8626451e-08,0.0,True
2016-08-15,5.595714285714286,19.7,14.428572,18.642857,10.257143,84.90001,2.2,2.0285716,1.9857142,7.6714287,16.828571,0.00019082427,0.0031557083,-7.345365000000001e-25,1.1175871e-08,0.0,True
2016-08-22,5.578571428571428,13.1,16.085714,21.514286,10.285714,80.37144,2.585714,2.0714285,2.5571427,7.1,19.528572,9.7841024e-05,0.0030194074,-7.345365000000001e-25,1.4901161e-08,0.0,True
2016-08-29,5.555714285714286,18.0,20.428572,26.4,14.657144,76.84286,3.2714286,2.4428573,3.3142855,6.857143,22.542856,0.00035510957,0.002872169,-7.345365000000001e-25,1.4901161e-08,0.0,True
2016-09-05,5.528571428571429,29.2,16.628572,22.5,11.185715,80.25715,2.357143,1.7428571,2.3857143,6.9714284,19.585714,0.00016054511,0.0027248487,-7.345365000000001e-25,1.4901161e-08,0.0,True
2016-09-12,5.505714285714285,0.0,18.314287,25.442858,11.5,77.32857,2.4285715,1.6285715,2.642857,6.928571,21.242857,1.206994e-06,0.0025908202,-7.345365000000001e-25,9.313226e-09,0.0,True
2016-09-19,5.482857142857143,0.1,18.557144,24.228573,13.3,71.4,2.2857141,1.3428571,2.7142856,6.3428574,20.528572,2.785027e-05,0.0024476722,-7.345365000000001e-25,1.8626451e-08,0.0,True
2016-09-26,5.461428571428571,0.0,14.614286,21.414288,7.857143,76.84286,1.8142859,0.8428572,1.7714287,5.957143,18.0,4.0382147e-06,0.002323337,-7.345365000000001e-25,5.5879354e-09,0.0,True
2016-10-03,5.445714285714287,13.4,13.785714,18.085714,9.314285,81.457146,1.3857142,0.8285714,1.5285714,5.9428573,15.542857,7.5265765e-05,0.0022083446,-7.345365000000001e-25,1.8626451e-08,0.0,True
2016-10-10,5.425714285714285,1.9000001,9.157143,13.071428,4.8428574,82.64286,0.87142855,0.5285714,1.1,6.0285716,11.057143,1.3872981e-05,0.0021128505,-7.345365000000001e-25,5.5879354e-09,0.0,True
2016-10-17,5.408571428571428,1.9,9.642858,12.757143,6.614286,85.87144,0.7,0.48571426,0.87142855,6.0857143,10.114285,2.8163195e-05,0.0020282045,-7.345365000000001e-25,3.7252903e-09,0.0,True
2016-10-24,5.394285714285714,18.1,7.3,10.071428,4.0,93.22858,0.5142857,0.47142857,0.45714286,6.9142857,8.6,0.00018672645,0.0019499213,-7.345365000000001e-25,1.8626451e-09,0.0,True
2016-10-31,5.375714285714286,2.5,9.457143,12.814286,5.5142856,91.114296,0.51428574,0.4571429,0.5142857,7.1,9.814285,1.6406178e-05,0.0018797517,-7.345365000000001e-25,9.313226e-09,0.0,True
2016-11-07,5.361428571428571,21.9,6.371429,9.328572,3.642857,90.17143,0.62857145,0.59999996,0.47142857,7.457143,6.8428574,0.00012628734,0.0018180907,-7.345365000000001e-25,5.5879354e-09,0.0,True
2016-11-14,5.342857142857143,5.4,0.8714286,3.3857143,-1.9428571,88.25715,0.2857143,0.2857143,0.27142859,8.085714,1.9571428,4.8927963e-05,0.0017628446,0.00062411174,0.0007490199,0.0012336671,True
2016-11-21,5.327142857142857,25.8,7.871429,10.771429,4.6,87.17143,0.7571429,0.7571429,0.5857143,8.985714,6.5571427,0.00028800964,0.0017149076,3.6495072e-05,0.00047902577,0.0,True
2016-11-28,5.308571428571428,0.8,4.471429,7.8142858,0.7571429,87.88572,0.32857147,0.32857147,0.27142856,9.1,5.0142856,1.4007092e-06,0.0016759858,-7.345365000000001e-25,0.0,0.0,True
2016-12-05,5.288571428571429,0.7,1.1142857,5.085714,-2.5285716,89.01429,0.31428573,0.3,0.15714286,9.0,2.3285713,1.0237098e-05,0.0016465709,5.307652e-06,2.2351742e-08,2.1494925e-05,True
2016-12-12,5.271428571428571,19.300001,5.6,7.8857145,3.2714286,89.78571,0.3571429,0.34285715,0.3857143,9.214286,5.0285716,0.0009524822,0.001622051,6.460008e-06,2.3975968e-05,1.527369e-06,True
2016-12-19,5.25,1.8000001,5.157143,6.7714286,3.1142857,95.28571,0.15714286,0.14285715,0.17142858,9.7,4.8142858,8.836389e-06,0.0016041026,-7.345365000000001e-25,0.0,0.0,True
2016-12-26,5.231428571428572,9.3,5.542857,7.642857,3.4,88.74286,0.5428571,0.5428571,0.58571434,9.9,4.8285713,0.00012544543,0.001593031,-7.345365000000001e-25,3.9860606e-07,3.799796e-07,True
2017-01-02,5.214285714285714,5.5,2.6857145,4.8857145,0.5714286,91.34286,0.22,0.22,0.24285714,9.96,3.28,4.529953e-05,0.0015845075,1.9249463e-05,6.870739e-05,0.00011263788,True
2017-01-09,5.192857142857143,12.6,0.67142856,3.1714287,-2.0428572,86.64286,0.37142855,0.37142855,0.37142855,10.171429,0.98571426,0.00013808161,0.0015816689,0.0003250667,0.00060719624,0.00096387044,True
2017-01-16,5.175714285714286,36.9,1.7142857,4.3428574,-0.6999999,89.67143,0.67142856,0.67142856,0.34285715,10.771428,1.7714286,0.0004645586,0.0015917048,0.0037060976,0.0053126793,0.010853723,True
2017-01-23,5.15875,0.6,-2.2,0.65714294,-4.9,93.67143,0.17142858,0.17142858,0.12857142,10.285714,-1.9825412e-17,3.2633543e-05,0.0016546324,0.005643379,0.001540117,5.244091e-05,True
2017-01-30,5.142857142857143,15.9,0.90000004,3.2714288,-1.3000001,86.85714,0.3857143,0.37142858,0.32857147,10.185715,0.15714286,0.0003013909,0.0017418414,0.003450808,0.0038379468,0.0006937571,True
2017-02-06,5.122857142857143,7.2,3.757143,5.8285713,1.9428571,92.6,0.3857143,0.3857143,0.37142858,10.385715,3.1142857,0.00017358363,0.0018468648,0.00039978256,0.0012959428,5.416572e-06,True
2017-02-13,5.1085714285714285,0.1,-1.3000001,0.5,-2.7857144,77.457146,0.31428573,0.31428573,0.78571427,10.3,0.12857144,3.4198165e-06,0.0020044222,0.0007882799,0.00016461499,0.001302503,True
2017-02-20,5.098571428571428,10.200001,4.6,7.914286,1.5714285,87.41429,0.5428572,0.5142857,0.55714285,10.185715,3.2857144,8.137524e-05,0.0021521822,0.00026602406,0.00091321394,0.0,True
2017-02-27,5.08,36.0,6.657143,9.171428,3.9285715,84.67143,1.057143,1.057143,0.90000004,11.028571,5.8142858,0.00094819814,0.0022806898,-7.345365000000001e-25,4.4330955e-07,0.0,True
2017-03-06,5.0685714285714285,13.900001,6.014286,9.185715,2.8285716,82.41429,1.0714285,1.0571427,0.9142857,10.571428,5.614286,0.00082977116,0.0025211573,-7.345365000000001e-25,0.0,0.0,True
2017-03-13,5.055714285714286,6.1,5.6857142,9.342857,2.2428572,82.957146,1.0428572,0.9857143,1.0142858,10.357142,6.2714286,0.00057573617,0.003000848,-7.345365000000001e-25,3.7252903e-09,0.0,True
2017-03-20,5.064285714285715,42.8,8.314286,11.657143,4.2285714,83.14286,1.3142856,1.1857145,1.1857144,10.257143,8.457143,0.0005313456,0.0035151467,-7.345365000000001e-25,9.313226e-09,0.0,True
2017-03-27,5.051428571428572,0.1,6.585714,12.014287,1.1428572,72.91429,1.8428571,1.6571428,1.6714286,10.185715,8.642858,1.8633902e-05,0.0039439574,-7.345365000000001e-25,0.0,0.0,True
2017-04-03,5.058571428571428,3.3,11.785714,17.014286,7.085715,76.84286,2.0142856,1.6857144,1.9285715,9.342857,12.671429,0.000138551,0.0042287335,-7.345365000000001e-25,7.450581e-09,0.0,True
2017-04-10,5.072857142857143,1.6,9.028571,13.942858,3.5285716,76.52857,1.7857144,1.3571428,1.8428571,8.7,11.271428,1.17868185e-05,0.0042635724,-7.345365000000001e-25,5.5879354e-09,0.0,True
2017-04-17,5.082857142857143,22.7,7.6285715,11.071428,3.6571429,77.6,1.8428571,1.6857141,1.7857143,8.5,9.171429,0.00027105957,0.0042024627,-7.345365000000001e-25,0.0,0.0,True
2017-04-24,5.0842857142857145,14.700001,6.0285716,10.7,1.1714286,72.5,2.0428572,1.7714285,1.8571428,8.228572,8.442857,0.000156641,0.0041118264,-7.345365000000001e-25,7.264316e-08,7.4505806e-08,True
2017-05-01,5.090000000000001,6.2,7.2000003,11.985715,1.7857143,70.314285,2.4714286,2.0,2.4428573,7.8285713,9.685715,0.000119775534,0.004003018,-7.345365000000001e-25,0.0,0.0,True
2017-05-08,5.091428571428572,11.400001,9.742858,13.6285715,6.4714284,78.65714,2.2428572,1.7857143,2.0857143,7.3142858,11.771428,0.00010238588,0.0038756207,-7.345365000000001e-25,3.7252903e-09,0.0,True
2017-05-15,5.092857142857143,23.3,12.471429,18.085714,6.1714287,73.82857,3.0285714,2.2,2.8,6.742857,15.1,0.00015202165,0.0037355646,-7.345365000000001e-25,3.7252903e-09,0.0,True
2017-05-22,5.097142857142857,8.3,16.442858,21.97143,10.728572,71.07143,3.357143,2.1857142,3.3428574,6.7,18.657143,0.00012217462,0.003576517,-7.345365000000001e-25,1.1175871e-08,0.0,True
2017-05-29,5.087142857142857,3.1,17.128572,23.614286,10.557143,72.4,4.0571427,1.7857143,3.9857142,6.0571427,20.542856,9.447336e-06,0.0033764169,-7.345365000000001e-25,1.1175871e-08,0.0,True
2017-06-05,5.075714285714286,3.4,16.728573,22.585714,9.357142,66.15714,3.8000004,1.3142856,4.0,5.6285715,20.542856,7.148087e-05,0.0031477287,-7.345365000000001e-25,1.1175871e-08,0.0,True
2017-06-12,5.07,21.8,15.885715,20.114286,11.599999,74.15715,3.3571427,2.2857144,3.114286,6.0857143,17.642857,0.00084380805,0.0029489696,-7.345365000000001e-25,1.4901161e-08,0.0,True
2017-06-19,5.054285714285713,0.6,17.77143,23.7,10.542857,72.700005,3.942857,1.7857144,4.0,5.5857143,21.071428,4.7966838e-05,0.002757676,-7.345365000000001e-25,1.1175871e-08,0.0,True
2017-06-26,5.051428571428572,17.6,17.34286,22.5,11.828572,76.02857,3.9714284,1.6000001,3.4428573,5.3,20.985714,0.0001180768,0.0025561154,-7.345365000000001e-25,1.8626451e-08,0.0,True
2017-07-03,5.048571428571428,34.6,15.871429,20.314285,11.542857,85.0,2.8857143,2.3999999,2.6142857,6.8428574,18.642857,0.001647979,0.0024043769,-7.345365000000001e-25,1.8626451e-08,0.0,True
2017-07-10,5.04,4.7,17.285715,22.642857,11.471429,76.61428,3.685714,2.7142856,3.5142858,6.742857,21.914286,0.0001282841,0.002292119,-7.345365000000001e-25,0.0,0.0,True
2017-07-17,5.025714285714286,25.0,16.014286,20.314285,11.828572,79.5,3.1142857,2.7000003,2.8285716,6.885714,19.314285,0.00032825023,0.0021902025,-7.345365000000001e-25,1.8626451e-08,0.0,True
2017-07-24,5.017142857142857,53.4,18.0,23.414288,12.857142,79.200005,3.4857142,3.0571427,3.2142856,7.242857,21.1,0.01457274,0.002096936,-7.345365000000001e-25,1.1175871e-08,0.0,True
2017-07-31,5.008571428571429,31.600002,17.514286,22.085714,13.0,81.37144,3.085714,2.8285716,2.8285713,8.142858,20.0,0.0007222742,0.002087742,-7.345365000000001e-25,1.8626451e-08,0.0,True
2017-08-07,4.9957142857142856,5.6,17.457144,22.47143,12.257143,74.12858,3.085714,2.6857145,3.2,7.857143,20.071428,0.00026895106,0.0021678135,-7.345365000000001e-25,1.1175871e-08,0.0,True
2017-08-14,4.9871428571428575,19.0,15.814286,20.628572,10.514285,81.02857,2.457143,2.142857,2.4857142,7.5571427,18.77143,0.0001604557,0.0022235066,-7.345365000000001e-25,1.1175871e-08,0.0,True
2017-08-21,4.974285714285714,44.0,16.314287,21.2,11.842857,83.22858,2.3714283,2.1857142,2.3714287,7.785714,18.7,0.00031720102,0.0022268891,-7.345365000000001e-25,1.8626451e-08,0.0,True
2017-08-28,4.958571428571429,2.3,16.37143,22.414288,10.114286,78.01429,2.6714284,2.085714,2.8428571,7.5857143,20.257143,3.6358833e-05,0.00220114,-7.345365000000001e-25,1.1175871e-08,0.0,True
2017-09-04,4.944285714285714,13.9,15.271429,21.2,9.142858,82.41429,2.1571429,1.8285714,2.2428572,7.742857,18.72857,0.0003177747,0.0021563545,-7.345365000000001e-25,3.7252903e-09,0.0,True
2017-09-11,4.935714285714285,61.5,14.528572,18.114286,10.771429,86.24286,1.8571428,1.7857141,1.6857144,8.714286,16.257143,0.00094015896,0.0021312758,-7.345365000000001e-25,2.0489097e-08,0.0,True
2017-09-18,4.924285714285714,31.7,11.6285715,15.657144,8.257143,86.32857,1.7,1.6857145,1.5571429,9.9,13.514286,0.0008767545,0.002222836,-7.345365000000001e-25,1.1175871e-08,0.0,True
2017-09-25,4.910000000000001,4.0,12.985715,17.671429,8.728572,88.3,1.2428571,1.1571429,1.2571429,9.542857,15.285714,9.804964e-05,0.0024477243,-7.345365000000001e-25,3.7252903e-09,0.0,True
2017-10-02,4.898571428571429,28.1,14.057143,17.714285,10.17143,89.74286,1.1,1.0714285,1.0714285,9.8,15.314285,0.0005120933,0.0026635677,-7.345365000000001e-25,1.4901161e-08,0.0,True
2017-10-09,4.894285714285714,33.8,11.371429,14.3714285,8.671429,86.41429,1.3571428,1.3571428,1.1285714,10.8,11.814285,0.001037553,0.0029096752,-7.345365000000001e-25,1.4901161e-08,0.0,True
2017-10-16,4.882857142857143,2.1,14.5,17.942858,10.5,85.14286,1.0285714,0.9857143,1.1428572,10.114285,14.2,5.5924058e-05,0.0034210086,-7.345365000000001e-25,2.0489097e-08,0.0,True
2017-10-23,4.88,19.0,12.314286,15.842857,9.085714,88.07143,0.8571429,0.81428576,0.8142857,9.8714285,12.9,0.00031924248,0.0038036704,-7.345365000000001e-25,1.4901161e-08,0.0,True
2017-10-30,4.882857142857143,20.2,11.257143,14.085715,8.3,84.54286,0.9857143,0.9857143,1.0285714,10.242857,11.2,0.00015804172,0.004055202,-7.345365000000001e-25,1.1175871e-08,0.0,True
2017-11-06,4.888571428571429,8.7,8.485715,11.800001,4.7000003,90.08572,0.61428577,0.6,0.47142857,10.028571,9.057143,0.00013026595,0.004281305,-7.345365000000001e-25,7.450581e-09,0.0,True
2017-11-13,4.894285714285714,26.1,5.585715,7.971429,3.0428574,90.77143,0.54285717,0.54285717,0.40000004,10.228572,5.8285713,9.691715e-05,0.0044537857,-7.345365000000001e-25,1.8626451e-09,0.0,True
2017-11-20,4.908571428571428,26.9,6.5428576,8.671429,4.1857142,89.52857,0.62857145,0.62857145,0.4857143,10.414286,6.242857,0.0007093623,0.0045650303,-7.345365000000001e-25,1.8626451e-09,0.0,True
2017-11-27,4.928571428571429,22.0,6.857143,9.285714,4.114286,87.71429,0.64285713,0.64285713,0.55714285,10.9,6.1,0.00053729117,0.0048108846,-7.345365000000001e-25,5.5879354e-09,0.0,True
2017-12-04,4.945714285714287,14.1,3.0142858,4.8714285,1.1428572,93.62858,0.29999998,0.29999998,0.24285714,10.8,2.9857142,0.00023010373,0.005303286,0.00019980044,0.0012129992,0.0013019517,True
2017-12-11,4.974285714285714,41.3,3.5714285,5.1714287,2.0,88.27143,0.5142857,0.5142857,0.5428571,10.928572,3.4714286,0.0002426207,0.0057738572,0.0022648913,0.0008133538,0.020779505,True
2017-12-18,4.998571428571429,21.7,2.1285715,3.7857144,0.4714286,92.64286,0.3285714,0.3285714,0.22857143,11.2,1.6857142,0.0011546016,0.0075745434,0.009247087,0.019469628,0.0029921047,True
2017-12-25,5.04,2.8,6.4428573,7.571429,4.428571,95.52857,0.18571429,0.18571429,0.35714287,10.528571,5.6714287,0.00016245246,0.00863374,0.00080895994,0.004305169,0.0,True
2018-01-01,5.0685714285714285,18.7,5.357143,7.514286,3.3428574,86.04286,0.65000004,0.65000004,0.54285717,10.533334,4.1666665,0.0006236285,0.009698369,2.631687e-05,0.00022483245,0.00021824613,True
2018-01-08,5.098571428571428,39.9,4.1857142,6.057143,2.3428571,82.71429,0.64285713,0.64285713,0.58571434,11.285714,3.8285713,0.0014617667,0.0113719925,1.8732888e-07,1.6670674e-06,0.0,True
2018-01-15,5.148571428571429,13.4,2.3142858,4.3285713,0.38571432,88.58571,0.35714287,0.34285715,0.3857143,10.342857,1.6571429,0.00022926927,0.013855286,2.3841858e-07,7.376075e-07,1.2516975e-06,True
2018-01-22,5.177142857142857,31.800001,2.2714286,4.6714287,0.22857141,91.85714,0.45714286,0.45714286,0.3,11.014286,1.7,0.00044836104,0.013996594,0.002784746,0.0056329127,0.008869298,True
2018-01-29,5.200000000000001,21.099998,7.3142858,9.257143,4.542857,89.67143,0.5857143,0.5857143,0.61428577,10.585714,5.9714284,0.0007607192,0.014047086,0.00037210895,0.0037148632,0.0,True
2018-02-05,5.242857142857143,11.8,2.357143,4.357143,0.25714287,86.71429,0.51428574,0.51428574,0.5,10.771428,2.6285715,0.00016233325,0.014077254,0.00020879791,0.00010311231,0.00088786334,True
2018-02-12,5.291428571428571,5.0,-0.7571429,2.4857142,-3.6285717,81.34286,0.54285717,0.54285717,0.4714286,10.228572,0.34285715,6.493926e-05,0.013922408,0.0009259553,0.001086995,0.0018075779,True
2018-02-19,5.314285714285715,0.4,1.1428572,5.0,-2.0428572,80.8,0.7,0.67142856,0.62857145,10.114285,1.7571429,5.9075654e-05,0.013489991,0.0013587702,0.002239162,0.0017502345,True
2018-02-26,5.347142857142857,0.4,-1.4571428,1.9714286,-4.2571425,74.37142,0.5428571,0.5142857,0.7714286,9.857142,0.6857143,5.736947e-06,0.012801535,0.00060314225,0.00028561056,0.00049701706,True
2018-03-05,5.387142857142857,2.3,-3.4714284,0.5714286,-6.9857144,63.514286,0.32857147,0.29999998,1.1285714,9.785714,-1.2142857,6.99237e-05,0.011992779,0.00088846684,0.000606101,0.0003941059,True
2018-03-12,5.404285714285714,15.0,6.2000003,11.1285715,1.8714286,85.52857,0.9000001,0.8571429,0.8428572,9.9,4.928571,0.00023499131,0.011108056,5.2894866e-05,0.0002419874,0.0,True
2018-03-19,5.425714285714286,1.8,1.3285714,4.6714287,-1.5714285,65.24286,0.85714287,0.8142857,1.5428572,9.957143,2.8,1.6137958e-05,0.010267019,0.00011486666,1.4416873e-06,0.00031582266,True
2018-03-26,5.46,6.1,4.3714285,7.828572,0.9142857,83.457146,0.9571429,0.8714286,0.9285714,9.657143,4.9,5.5342913e-05,0.009490721,6.576947e-05,0.0002149716,1.0877848e-06,True
2018-04-02,5.478571428571429,32.2,4.542857,8.5,0.32857147,83.35714,1.2142856,1.1857144,1.1428572,10.114285,5.4857144,0.0003542751,0.008763403,5.939461e-05,0.00038813427,0.00038689375,True
2018-04-09,5.498571428571428,10.6,10.657144,16.300001,4.728572,71.957146,2.2857144,2.0571427,2.1571429,10.028571,10.642858,0.00022824109,0.008141793,1.4191582e-07,3.75323e-06,0.0,True
2018-04-16,5.511428571428572,30.3,11.300001,16.442858,6.357143,83.28571,1.6857141,1.5142858,1.8428571,9.7,11.714286,0.0001911968,0.0075731203,-7.345365000000001e-25,1.1175871e-08,0.0,True
2018-04-23,5.53,4.7,15.471429,22.585714,7.7714286,64.957146,3.614286,2.9285715,3.5571427,9.0,16.685715,0.00014200807,0.0070159435,-7.345365000000001e-25,1.1175871e-08,0.0,True
2018-04-30,5.567142857142857,27.3,10.671428,14.457144,6.785714,79.51429,2.0428572,1.9428571,1.9571428,8.842857,12.257143,0.0016242415,0.0064760745,-7.345365000000001e-25,7.450581e-09,0.0,True
2018-05-07,5.57,3.2,12.071428,17.942858,4.7428575,64.64286,3.7428572,3.0142858,3.4714284,8.785714,14.7,6.057322e-05,0.0060338452,-7.345365000000001e-25,3.7252903e-09,0.0,True
2018-05-14,5.6000000000000005,27.199999,17.214285,23.4,10.914286,67.828575,4.1285715,2.8999999,4.042857,7.542857,19.042856,4.070252e-05,0.0055374876,-7.345365000000001e-25,1.1175871e-08,0.0,True
2018-05-21,5.615714285714286,0.2,14.314286,19.142857,9.314285,66.92857,3.714286,2.057143,3.6571426,6.9714284,18.114286,3.1739473e-06,0.00505317,-7.345365000000001e-25,1.1175871e-08,0.0,True
2018-05-28,5.635714285714285,0.1,20.114286,26.528574,13.5,57.585716,5.128571,2.0571427,5.6,6.1714287,21.8,2.7865171e-06,0.0045331493,-7.345365000000001e-25,1.4901161e-08,0.0,True
2018-06-04,5.612857142857143,57.1,19.928572,25.071428,16.157143,81.64286,3.5142858,1.7571429,3.4142857,6.4428573,22.814285,0.00032304227,0.0040365383,-7.345365000000001e-25,7.450581e-09,0.0,True
2018-06-11,5.611428571428571,1.5999999,18.9,24.414288,13.142858,68.17143,4.2714286,1.8999999,4.2714286,6.142857,22.814285,2.5048852e-05,0.003627479,-7.345365000000001e-25,0.0,0.0,True
2018-06-18,5.621428571428572,7.2,15.985715,20.414288,11.471429,73.02857,3.1571429,1.3857144,3.1000001,5.9142857,19.214285,2.5123358e-05,0.003263794,-7.345365000000001e-25,1.1175871e-08,0.0,True
2018-06-25,5.625714285714286,19.5,14.885715,18.37143,11.485715,79.54286,3.0285714,1.6857144,2.8714287,5.885714,17.485714,6.721914e-05,0.0029727444,-7.345365000000001e-25,1.4901161e-08,0.0,True
2018-07-02,5.624285714285714,0.0,17.385715,23.285715,10.328572,65.557144,5.071429,1.5428572,4.6857142,5.4142857,21.7,5.9604645e-07,0.0026902333,-7.345365000000001e-25,3.7252903e-09,0.0,True
2018-07-09,5.618571428571428,3.0,16.142857,21.957144,8.557143,73.74286,3.9714286,0.59999996,3.7,4.9714284,21.77143,2.2500753e-06,0.002384454,-7.345365000000001e-25,1.1175871e-08,0.0,True
2018-07-16,5.605714285714286,1.8000001,17.37143,23.128572,10.042857,73.85714,3.9857144,0.71428573,3.7714286,4.785714,21.742857,1.2643635e-05,0.0021443665,-7.345365000000001e-25,1.4901161e-08,0.0,True
2018-07-23,5.578571428571428,0.0,19.928572,26.857143,12.485715,65.08572,4.5285716,0.5714286,4.542857,4.571429,24.457144,6.943941e-06,0.0019004121,-7.345365000000001e-25,1.1175871e-08,0.0,True
2018-07-30,5.547142857142857,20.7,24.257143,31.571428,15.900001,58.714287,5.5285716,1.0142857,5.428571,4.428571,26.37143,1.2367964e-05,0.0016700327,-7.345365000000001e-25,1.4901161e-08,0.0,True
2018-08-06,5.507142857142857,0.5,21.257143,28.857143,12.557143,65.47143,4.6,0.67142856,4.5,4.214286,26.085714,1.5944242e-06,0.0014716461,-7.345365000000001e-25,3.7252903e-09,0.0,True
2018-08-13,5.468571428571429,57.8,19.142857,25.800001,12.714286,71.24286,3.6285713,1.7285713,3.3857143,4.6857142,21.485714,0.00010794401,0.0013127923,-7.345365000000001e-25,1.1175871e-08,0.0,True
2018-08-20,5.437142857142858,5.0,18.428572,23.328571,13.1,77.457146,2.7428572,1.9714286,2.7857144,5.0285716,20.9,4.9307942e-05,0.0012083054,-7.345365000000001e-25,1.8626451e-08,0.0,True
2018-08-27,5.414285714285714,21.1,16.628572,21.985716,11.5,76.542854,2.8428571,2.0571427,2.6571429,4.8,19.12857,8.585304e-05,0.0011122748,-7.345365000000001e-25,1.1175871e-08,0.0,True
2018-09-03,5.388571428571429,5.6000004,15.942858,21.585714,9.971429,77.58572,2.3714287,1.7428571,2.4285715,4.957143,18.657143,1.6346574e-05,0.0010319948,-7.345365000000001e-25,1.1175871e-08,0.0,True
2018-09-10,5.372857142857143,7.5,16.814287,21.485716,12.099999,76.38572,2.1571429,1.6000001,2.3857143,4.8714285,18.842857,6.2316656e-05,0.000957869,-7.345365000000001e-25,1.1175871e-08,0.0,True
2018-09-17,5.351428571428571,3.1000001,14.514287,20.2,8.671429,77.58571,1.942857,1.2142857,1.9285715,4.957143,16.814285,1.2382865e-05,0.0008998886,-7.345365000000001e-25,1.6763806e-08,0.0,True
2018-09-24,5.331428571428572,19.7,15.142858,20.185715,10.242858,72.35714,2.257143,1.4,2.4857142,5.0,15.657143,0.00010417402,0.0008425042,-7.345365000000001e-25,7.450581e-09,0.0,True
2018-10-01,5.311428571428571,13.2,11.2,16.671429,5.357143,74.0,1.4857143,1.1714286,1.7142857,5.242857,12.928572,3.0361116e-05,0.0007973835,-7.345365000000001e-25,3.7252903e-09,0.0,True
2018-10-08,5.288571428571429,4.0,11.485715,17.014286,6.1714287,80.25714,1.3285714,1.1,1.3000001,5.3285713,12.642858,1.834333e-05,0.0007575676,-7.345365000000001e-25,1.3038516e-08,0.0,True
2018-10-15,5.271428571428571,0.0,16.314287,23.314287,9.642858,70.14286,1.6999999,0.99999994,1.9142857,4.9142857,15.8,3.1292439e-07,0.00071907043,-7.345365000000001e-25,1.3038516e-08,0.0,True
2018-10-22,5.247142857142857,2.1,11.814286,16.857143,6.5428576,80.814285,1.0000001,0.5,0.9285714,4.5857143,14.057143,3.993511e-06,0.00068336725,-7.345365000000001e-25,5.5879354e-09,0.0,True
2018-10-29,5.227142857142858,18.2,8.3714285,10.8714285,5.371429,85.557144,0.9142857,0.7571429,0.8142857,4.9714284,8.942857,3.861636e-05,0.00065558404,-7.345365000000001e-25,1.3038516e-08,0.0,True
2018-11-05,5.208571428571429,8.9,7.2000003,10.342857,3.6714287,87.44286,0.62857145,0.58571434,0.5714286,5.785714,7.4142857,8.5026026e-05,0.0006310642,-7.345365000000001e-25,5.5879354e-09,0.0,True
2018-11-12,5.184285714285714,13.6,10.2,13.428572,5.9,88.37144,0.59999996,0.5428571,0.5,5.885714,9.7,0.000115573406,0.0006086379,-7.345365000000001e-25,7.450581e-09,0.0,True
2018-11-19,5.158571428571428,0.9,5.2285714,8.942858,1.9,86.84286,0.41428572,0.3285714,0.35714287,6.214286,5.857143,4.0456653e-06,0.00058885664,-7.345365000000001e-25,3.7252903e-09,0.0,True
2018-11-26,5.135714285714286,1.2,2.5857143,3.8428571,0.9714286,87.61428,0.3,0.22857144,0.4857143,6.1,2.942857,4.284084e-06,0.00057062507,-7.345365000000001e-25,1.15484e-07,1.3411045e-07,True
2018-12-03,5.12,22.6,6.6571426,9.0,3.914286,88.3,0.51428574,0.4857143,0.4714286,6.5571427,5.7714286,0.00016932935,0.00055442005,-7.345365000000001e-25,2.4028122e-07,2.2351742e-07,True
2018-12-10,5.094285714285713,41.699997,6.6142855,8.771429,3.5714285,87.957146,0.7285715,0.7285715,0.5,8.028571,6.1714287,0.0005610585,0.0005399212,-7.345365000000001e-25,7.450581e-09,0.0,True
2018-12-17,5.068571428571429,4.3,1.8571428,3.642857,-0.17142858,87.28571,0.22857144,0.22857144,0.3857143,8.814285,1.6285714,3.9353967e-05,0.00052818656,0.00032793908,0.0007851664,0.001603961,True
2018-12-24,5.0442857142857145,24.6,6.142857,7.9857144,4.1142855,91.35714,0.35714287,0.35714287,0.35714287,9.542857,5.0142856,0.00036969036,0.00051947683,0.00011645044,0.0008619316,0.0,True
2018-12-31,5.027142857142857,7.5,6.4000006,7.5428576,5.3142858,91.42857,0.22857144,0.22857144,0.3857143,9.928572,5.3714285,6.0014427e-05,0.0005139336,-7.345365000000001e-25,1.5459955e-07,0.0,True
2019-01-07,5.001428571428571,19.099998,5.5142856,7.328572,3.0285716,88.457146,0.5285714,0.5285714,0.4714286,9.914286,4.6857142,7.7061355e-05,0.0005104467,-7.345365000000001e-25,1.8626451e-09,0.0,True
2019-01-14,4.977142857142858,22.400002,5.057143,6.714286,2.7,85.0,0.77142864,0.77142864,0.6571428,10.4,4.242857,0.00023394078,0.0005082488,-7.345365000000001e-25,7.0780516e-08,6.7055225e-08,True
2019-01-21,4.952857142857143,8.5,1.1285715,3.7857144,-1.8428571,87.74286,0.41428572,0.41428572,0.31428573,10.428572,2.2714286,8.0391765e-05,0.00050819665,6.646202e-05,1.7544255e-05,0.00013281032,True
2019-01-28,4.934285714285714,30.5,-0.1571429,2.0714285,-2.4285715,87.042854,0.18571427,0.18571427,0.3285714,10.428572,0.17142858,0.00040134043,0.00051214546,0.0011799393,0.004333414,0.0043021366,True
2019-02-04,4.9,4.8,0.5285714,2.5,-1.3000001,88.0,0.38571432,0.38571432,0.37142858,10.442857,0.5857143,6.133318e-05,0.0005248189,0.0024715946,0.0018465165,0.0044389777,True
2019-02-11,4.887142857142857,33.3,5.928571,7.8285713,3.957143,84.35714,0.88571423,0.88571423,0.8,10.757143,4.571429,0.00091791153,0.0005512014,0.00040192265,0.0027702544,0.0,True
2019-02-18,4.867142857142857,0.70000005,6.371429,11.8,1.6000001,76.542854,1.0571429,0.98571426,0.82857144,10.314285,5.642857,1.565367e-05,0.0006248504,-7.345365000000001e-25,1.527369e-07,0.0,True
2019-02-25,4.847142857142857,1.5,6.214286,10.8,1.9142858,79.98572,0.90000004,0.8142857,0.78571427,9.742857,6.0571427,2.8595328e-05,0.0007138625,-7.345365000000001e-25,1.8626451e-09,0.0,True
2019-03-04,4.847142857142857,18.5,7.114286,11.985715,2.8714287,78.72858,1.1571429,1.0571429,1.0,9.528571,6.785714,0.00023251772,0.0007851422,-7.345365000000001e-25,3.7252903e-09,0.0,True
2019-03-11,4.825714285714286,45.6,6.414286,9.242857,3.2571428,80.41429,1.5142857,1.5000001,1.1571429,10.457143,6.142857,0.00063378364,0.0008493215,2.4352755e-06,1.4374033e-05,2.4929643e-05,True
2019-03-18,4.808571428571428,32.600002,6.5,9.471429,3.9857142,79.457146,1.5285714,1.5285714,1.3428571,11.185715,5.8714285,0.0009161383,0.0010032505,1.3907751e-06,1.1000782e-05,0.0,True
2019-03-25,4.828571428571428,12.6,7.414286,11.385715,3.6571429,82.67143,1.2857143,1.2142857,1.2142857,10.228572,8.042857,8.08835e-05,0.0013309792,-7.345365000000001e-25,3.7252903e-09,0.0,True
2019-04-01,4.8585714285714285,1.1,7.828572,12.428572,2.8,76.200005,1.6428572,1.4285715,1.6,9.785714,9.085714,3.053248e-05,0.0015962571,-7.345365000000001e-25,0.0,0.0,True
2019-04-08,4.898571428571429,36.0,9.185715,13.528572,4.928571,79.61428,1.7714285,1.5714285,1.7571429,9.6,10.242857,0.0005225092,0.0017630458,-7.345365000000001e-25,1.8626451e-09,0.0,True
2019-04-15,4.931428571428572,2.6999998,5.071429,9.828572,0.31428573,67.200005,2.142857,1.7142857,2.1142857,8.942857,8.357142,3.4064054e-05,0.0019063875,1.1920929e-06,8.404255e-06,8.933246e-06,True
2019-04-22,4.972857142857143,0.0,13.242858,20.47143,5.3714285,49.128574,4.1142855,2.7428572,4.2,7.8142858,13.6285715,8.195639e-08,0.0019673482,-7.345365000000001e-25,4.209578e-07,0.0,True
2019-04-29,5.002857142857143,8.8,12.2,17.1,6.9714284,73.34286,2.7714286,2.0,2.7428572,7.0285716,13.771428,0.00024701655,0.0019365028,-7.345365000000001e-25,7.450581e-09,0.0,True
2019-05-06,5.032857142857144,11.4,7.714286,11.742858,4.1,76.17143,2.0571427,1.4999999,1.9,6.757143,10.342857,9.23574e-05,0.0019065216,-7.345365000000001e-25,3.7252903e-09,0.0,True
2019-05-13,5.041428571428571,8.5,8.8,13.814286,2.8857143,74.114296,2.742857,1.8857144,2.4142857,6.5857143,12.042857,0.00016307831,0.0018659458,-7.345365000000001e-25,3.7252903e-09,0.0,True
2019-05-20,5.051428571428572,14.0,12.814286,18.357143,6.928571,70.814285,2.914286,1.0857142,2.9428573,6.042857,15.442857,0.00013776124,0.0018072277,-7.345365000000001e-25,7.450581e-09,0.0,True
2019-05-27,5.054285714285713,10.099999,13.485715,18.757143,7.514286,73.15714,2.9142857,1.1999999,2.8142858,5.928571,16.085714,7.040799e-05,0.0017449409,-7.345365000000001e-25,1.1175871e-08,0.0,True
2019-06-03,5.057142857142857,1.3,16.342857,21.985716,9.471429,68.5,3.6428568,1.6285714,3.6142857,5.785714,18.585714,5.891919e-05,0.0016768202,-7.345365000000001e-25,1.4901161e-08,0.0,True
2019-06-10,5.052857142857143,15.6,17.1,22.114286,11.5,70.3,3.8142855,1.7571428,3.7571428,5.542857,19.614286,0.00011485815,0.001594834,-7.345365000000001e-25,1.4901161e-08,0.0,True
2019-06-17,5.05,23.9,17.014286,21.828571,11.014285,77.40001,3.5714283,2.642857,3.3285713,6.1571426,19.77143,0.00029599667,0.001518637,-7.345365000000001e-25,1.1175871e-08,0.0,True
2019-06-24,5.041428571428571,8.1,19.128572,25.242859,12.457144,69.957146,4.7714286,2.6000001,4.5571427,5.5857143,22.485714,0.0006582439,0.0014417022,-7.345365000000001e-25,1.4901161e-08,0.0,True
2019-07-01,5.03,3.6,19.571428,25.742857,12.571428,67.200005,4.8428574,0.8714286,4.5571427,4.928571,23.62857,8.881092e-06,0.0013530105,-7.345365000000001e-25,1.4901161e-08,0.0,True
2019-07-08,5.005714285714285,7.4,14.742858,19.085714,9.285714,71.42857,3.357143,0.81428576,2.9142857,4.7,18.642857,4.4301152e-05,0.0012724027,-7.345365000000001e-25,1.4901161e-08,0.0,True
2019-07-15,4.98,23.500002,14.942857,18.814287,11.7,80.48572,2.4857144,1.1285714,2.1857142,4.857143,17.942858,8.7291e-05,0.0012092069,-7.345365000000001e-25,1.4901161e-08,0.0,True
2019-07-22,4.95,2.3,17.914288,23.714285,12.242858,74.58572,3.3285713,1.4,3.4,4.714286,20.642857,0.00053967535,0.001146555,-7.345365000000001e-25,1.4901161e-08,0.0,True
2019-07-29,4.918571428571428,0.0,24.542858,31.67143,16.957144,60.0,5.3428574,1.0857142,5.7714286,4.4,26.0,1.1906028e-05,0.0010684207,-7.345365000000001e-25,2.2351742e-08,0.0,True
2019-08-05,4.891428571428572,4.8999996,18.84286,24.657145,13.428572,75.24286,3.2714288,1.2714287,3.142857,4.6285715,22.414286,0.00012204051,0.0009943545,-7.345365000000001e-25,7.450581e-09,0.0,True
2019-08-12,4.864285714285714,17.6,18.4,23.300001,12.942857,72.6,3.257143,1.9000002,3.3857143,4.742857,20.571428,0.00012090802,0.0009390861,-7.345365000000001e-25,1.4901161e-08,0.0,True
2019-08-19,4.842857142857143,31.2,16.228573,20.557144,12.728572,81.22858,2.457143,2.1571429,2.357143,5.6571426,17.857143,0.0003387034,0.0008920133,-7.345365000000001e-25,1.8626451e-08,0.0,True
2019-08-26,4.822857142857143,0.9,18.728573,26.100002,11.014287,71.02857,3.357143,2.457143,3.5571427,5.6,21.314285,5.6177378e-06,0.0008477643,-7.345365000000001e-25,9.313226e-09,0.0,True
2019-09-02,4.807142857142857,7.1,19.457144,25.985716,12.557143,73.07143,3.1285713,2.2857144,3.1857142,5.0285716,22.22857,0.00010983646,0.0007978603,-7.345365000000001e-25,9.313226e-09,0.0,True
2019-09-09,4.802857142857143,25.0,13.785714,18.600002,9.085714,80.42857,1.9857141,1.7714285,1.8857143,5.8285713,16.042856,0.00010801852,0.0007618964,-7.345365000000001e-25,1.1175871e-08,0.0,True
2019-09-16,4.79,7.6,13.985715,19.028574,8.342857,80.17143,1.8285713,1.5,1.9142857,6.0571427,16.357143,5.798042e-05,0.00073193014,-7.345365000000001e-25,1.1175871e-08,0.0,True
2019-09-23,4.778571428571429,7.5,12.8,18.742857,6.657143,75.57143,1.8857143,1.3285714,1.9,5.714286,15.1285715,2.656877e-05,0.00070272386,-7.345365000000001e-25,1.8626451e-09,0.0,True
2019-09-30,4.764285714285713,81.6,14.67143,17.842857,12.057143,87.28571,1.3999999,1.3285713,1.2428571,6.957143,15.271428,0.0015617162,0.00067843497,-7.345365000000001e-25,2.0489097e-08,0.0,True
2019-10-07,4.754285714285714,38.0,9.585714,13.057143,5.9714284,86.01429,1.0000001,1.0000001,0.9857143,9.857142,10.785714,0.004895255,0.0010669157,-7.345365000000001e-25,3.7252903e-09,0.0,True
2019-10-14,4.742857142857143,22.7,12.785714,15.971429,10.257143,88.07143,1.1571429,1.1571429,0.9857143,10.442857,12.642858,0.0013245195,0.00066165626,-7.345365000000001e-25,1.6763806e-08,0.0,True
2019-10-21,4.73,26.3,12.657144,15.700002,10.400001,88.9,0.84285706,0.84285706,0.8428572,10.957143,12.785714,0.0005954653,0.00068397075,-7.345365000000001e-25,9.313226e-09,0.0,True
2019-10-28,4.718571428571429,6.5,12.099999,15.271429,8.985715,82.64286,0.9571429,0.9142857,1.0428572,10.285714,11.885715,9.1299415e-05,0.00075202435,-7.345365000000001e-25,1.1175871e-08,0.0,True
2019-11-04,4.71,21.5,6.6857142,10.857142,3.2142856,86.07143,0.59999996,0.59999996,0.5,10.328571,7.214286,0.00046011806,0.0008272454,-7.345365000000001e-25,5.5879354e-09,0.0,True
2019-11-11,4.6971428571428575,10.7,5.3857145,8.414286,1.5714285,90.52857,0.3571429,0.3571429,0.34285715,10.714286,6.1857142,0.00020229816,0.00093666464,-7.345365000000001e-25,0.0,0.0,True
2019-11-18,4.694285714285714,49.4,4.6,6.6285715,2.3142858,89.67143,0.35714287,0.35714287,0.42857143,10.685715,4.5571427,0.00149782,0.0011824518,-7.345365000000001e-25,3.7252903e-08,3.3527613e-08,True
2019-11-25,4.68,1.9000001,4.642857,6.557143,2.2428572,92.14286,0.3285714,0.3285714,0.31428573,10.971429,5.0,0.00035783648,0.0020774081,-7.345365000000001e-25,2.5704503e-07,2.3841858e-07,True
2019-12-02,4.671428571428572,15.0,5.6285715,8.185715,3.0285716,89.62858,0.47142857,0.47142857,0.34285715,10.585714,5.0857143,0.00033585727,0.0016712323,1.004764e-06,2.9169023e-06,5.1036477e-06,True
2019-12-09,4.667142857142857,13.6,5.714286,7.7714286,3.4285715,88.90001,0.5857143,0.5857143,0.47142857,10.557143,5.242857,0.00027120113,0.0019966662,2.2138867e-07,2.3972243e-06,0.0,True
2019-12-16,4.664285714285714,7.3,4.828572,6.6857142,2.7,83.64286,0.57142854,0.57142854,0.5714286,10.614285,4.0285716,0.00016705692,0.0023136586,5.8469317e-07,3.259629e-06,3.285706e-06,True
2019-12-23,4.647142857142858,11.0,7.928572,10.642858,5.085715,83.85714,0.4857143,0.4857143,0.5714286,10.471429,6.3142858,0.000165537,0.0026232675,-7.345365000000001e-25,4.4703484e-08,0.0,True
2019-12-30,4.642857142857143,8.400001,3.614286,5.642857,1.6000001,84.042854,0.3285714,0.3285714,0.4,10.428572,3.4285715,0.00017349422,0.0029342845,4.8819044e-07,5.867332e-07,1.5944242e-06,True
2020-01-06,4.65,7.4000006,3.7714288,6.371429,0.8000001,91.814285,0.2,0.2,0.35714287,10.2,3.5,0.00017766654,0.003244333,1.6036487e-05,0.00010584667,0.00010062754,True
2020-01-13,4.648571428571429,11.8,7.085715,9.414286,4.457143,88.814285,0.4714286,0.4714286,0.54285717,10.557143,6.0,0.00018587708,0.0035044253,-7.345365000000001e-25,3.632158e-07,0.0,True
2020-01-20,4.651428571428572,15.0,6.585715,9.028571,3.9285717,85.27143,0.68571424,0.7,0.64285713,10.514286,5.5857143,0.00021024048,0.0037742108,-7.345365000000001e-25,5.5879354e-09,0.0,True
2020-01-27,4.677142857142857,7.4,3.4714286,5.5142856,1.5428572,93.3,0.27142859,0.27142859,0.31428573,10.242857,3.7571428,9.867549e-05,0.004055567,-7.345365000000001e-25,1.8626451e-09,0.0,True
2020-02-03,4.678571428571429,31.9,7.471429,9.214286,5.214286,85.94286,0.85714287,0.85714287,0.78571427,10.8714285,6.3714285,0.00066155195,0.0043221787,2.611251e-07,2.4233013e-06,2.335757e-06,True
2020-02-10,4.701428571428572,18.4,5.7571425,8.6,2.2428572,79.92857,0.99999994,0.99999994,0.85714287,10.585714,4.9428573,0.0024291724,0.004885949,-7.345365000000001e-25,5.5879354e-09,0.0,True
2020-02-17,4.711428571428572,25.9,6.514286,8.842857,4.1,79.1,1.2714285,1.2714285,1.1714286,11.028571,5.3285713,0.0014037341,0.00605309,8.50984e-05,0.0005373992,0.0005217083,True
2020-02-24,4.748571428571429,63.300003,6.428571,8.842857,4.0,81.700005,1.1857144,1.1857144,1.0428572,11.157143,5.7,0.002776891,0.00871224,1.0217939e-07,1.8570572e-06,2.719462e-06,True
2020-03-02,4.808571428571428,30.599998,4.971429,8.342857,1.9428571,81.92857,1.0857143,1.0857143,1.0,11.185715,4.7,0.00065392256,0.011477672,0.00030978522,0.003490841,0.003461536,True
2020-03-09,4.86,29.099998,5.7000003,8.7,2.9428573,84.04286,1.0285714,1.0285714,0.94285715,10.642858,5.957143,0.00040510297,0.014103465,1.2840544e-05,6.8878755e-05,2.0489097e-07,True
2020-03-16,4.931428571428572,14.6,7.857143,11.5,3.2714286,76.92857,1.557143,1.5285714,1.4857142,10.6285715,7.785714,0.0004632473,0.01541654,9.536743e-07,1.52196735e-05,1.450628e-05,True
2020-03-23,4.968571428571429,1.2,5.857143,9.6,2.1714287,67.200005,1.6857141,1.442857,1.7285715,9.742857,7.285714,1.0088086e-05,0.015508801,-7.345365000000001e-25,3.7252903e-09,0.0,True
2020-03-30,5.015714285714286,2.7,4.957143,10.157144,-0.7428571,56.17143,2.2857144,1.8142859,2.3,8.914286,6.857143,1.8820167e-05,0.014696643,2.8383165e-06,2.1176413e-05,4.0512532e-05,True
2020-04-06,5.042857142857143,1.7,7.6142855,13.242858,1.3857143,61.9,2.4285715,1.8571428,2.4142857,8.257143,8.428572,2.3849308e-05,0.013446823,4.6775453e-06,1.9500032e-05,0.0,True
2020-04-13,5.062857142857142,0.2,10.1,17.128572,3.2285714,64.685715,2.8,1.7285715,2.6857142,7.3142858,13.414286,4.976988e-06,0.01191102,-7.345365000000001e-25,0.0,0.0,True
2020-04-20,5.092857142857143,0.2,8.785714,15.342857,2.0142858,60.34286,3.042857,1.1571429,3.0857143,6.6571426,12.1285715,1.1920929e-06,0.010394633,-7.345365000000001e-25,0.0,0.0,True
2020-04-27,5.115714285714286,0.0,11.328572,17.942858,4.328572,58.87143,3.4857144,0.7714286,3.5142858,6.142857,14.142858,1.0430813e-07,0.008939311,-7.345365000000001e-25,0.0,0.0,True
2020-05-04,5.134285714285714,17.1,9.828572,13.785714,6.642857,79.12858,2.2285714,1.5571429,1.9714285,6.4857144,12.328571,0.00021705031,0.00776235,-7.345365000000001e-25,0.0,0.0,True
2020-05-11,5.185,1.3000001,10.657143,17.528572,3.3285716,63.68572,3.4142857,1.3142856,3.3,6.0571427,15.157143,2.6077032e-06,0.006766394,-7.345365000000001e-25,3.7252903e-09,0.0,True
2020-05-18,5.214285714285714,3.6,9.3714285,14.885715,3.2285714,68.25715,2.7857144,0.7285714,2.642857,5.7714286,12.542857,3.3140182e-05,0.005916029,-7.345365000000001e-25,0.0,0.0,True
2020-05-25,5.231428571428572,12.6,14.7,19.114286,10.242857,72.22857,3.042857,1.0285715,2.8857143,5.7285714,16.828571,8.21501e-05,0.0052073896,-7.345365000000001e-25,7.450581e-09,0.0,True
2020-06-01,5.2457142857142856,0.0,14.471429,20.87143,7.4000006,62.157143,4.4428573,0.8285714,4.2428575,5.4714284,18.685715,4.4703484e-08,0.0045755953,-7.345365000000001e-25,0.0,0.0,True
2020-06-08,5.252857142857143,20.2,14.1,18.928572,9.457143,71.97143,3.4285712,1.8000001,3.1285713,5.8,17.242857,0.00012914091,0.004002996,-7.345365000000001e-25,1.1175871e-08,0.0,True
2020-06-15,5.258571428571429,22.8,16.557142,20.300001,13.400001,83.37144,2.9571426,1.9857142,2.5142858,5.8285713,18.9,0.00031653047,0.003585264,-7.345365000000001e-25,1.1175871e-08,0.0,True
2020-06-22,5.257142857142857,3.8,17.7,22.600002,12.400001,78.24286,3.9999998,2.1714287,3.614286,5.6571426,22.185715,0.00018750131,0.0032349452,-7.345365000000001e-25,1.4901161e-08,0.0,True
2020-06-29,5.25,24.4,19.785715,25.428572,12.8714285,65.88572,5.1857147,1.9285715,4.7285714,5.2,23.285715,0.00013679266,0.002890557,-7.345365000000001e-25,1.1175871e-08,0.0,True
2020-07-06,5.234285714285714,32.1,16.057144,19.7,12.542857,81.02857,2.914286,2.3142858,2.5857143,5.7285714,17.885714,0.00022037327,0.0026285201,-7.345365000000001e-25,1.8626451e-08,0.0,True
2020-07-13,5.21375,24.699999,13.8,17.914286,9.1285715,80.15715,3.0142856,2.542857,2.6571429,6.385714,17.085714,0.0010385513,0.0024390146,-7.345365000000001e-25,7.450581e-09,0.0,True
2020-07-20,5.184285714285714,8.6,16.514286,21.37143,10.542857,78.65715,3.1285713,2.3285713,2.857143,6.071429,20.7,0.00011150539,0.0022810772,-7.345365000000001e-25,1.1175871e-08,0.0,True
2020-07-27,5.160000000000001,9.0,16.657145,21.5,10.642858,75.78571,3.057143,2.0285714,2.9285715,5.428571,19.971428,0.00021974742,0.0021317229,-7.345365000000001e-25,1.4901161e-08,0.0,True
2020-08-03,5.128571428571428,4.6,17.242857,23.114286,10.242858,73.02857,3.5714285,2.0142858,3.3999999,5.142857,20.785715,6.3836575e-05,0.0019959286,-7.345365000000001e-25,1.4901161e-08,0.0,True
2020-08-10,5.098571428571428,0.0,21.800001,29.557144,13.442858,63.557148,4.714286,1.2142857,4.6142855,4.4714284,24.27143,1.1056662e-05,0.0018544123,-7.345365000000001e-25,1.4901161e-08,0.0,True
2020-08-17,5.078571428571428,38.5,23.185715,29.2,17.614286,70.62858,4.1285715,1.0428572,4.2714286,4.457143,25.571428,0.0015043169,0.0017016083,-7.345365000000001e-25,1.1175871e-08,0.0,True
2020-08-24,5.0575,26.6,19.357143,24.457144,14.514287,77.65715,3.042857,1.8857143,2.9428573,5.0571427,21.714285,0.00020459294,0.0015911013,-7.345365000000001e-25,2.2351742e-08,0.0,True
2020-08-31,5.031428571428571,33.7,15.471429,19.785715,11.114286,81.557144,2.2,1.9142857,2.1142857,6.7285714,17.357143,0.00032866,0.0015101805,-7.345365000000001e-25,1.4901161e-08,0.0,True
2020-09-07,5.012857142857143,21.6,14.214286,19.328571,9.142858,82.15715,2.0857143,1.8,1.9857142,6.9428573,16.785715,0.00033263862,0.0014418662,-7.345365000000001e-25,1.1175871e-08,0.0,True
2020-09-14,5.0,5.0,15.385715,20.885714,9.514287,83.67143,1.7714287,1.3714286,1.7857143,6.885714,17.1,2.6658177e-05,0.0013933107,-7.345365000000001e-25,1.8626451e-08,0.0,True
2020-09-21,4.98,0.0,14.400001,22.7,6.6714287,72.828575,2.1,1.2714287,2.2142856,6.2285714,17.685715,2.9802322e-08,0.0013410673,-7.345365000000001e-25,5.5879354e-09,0.0,True
2020-09-28,4.962857142857144,13.4,12.785714,17.628572,7.5285716,82.64286,1.4,1.1714287,1.4714286,6.3285713,15.028571,0.00013256073,0.0012906343,-7.345365000000001e-25,7.450581e-09,0.0,True
2020-10-05,4.95,14.8,12.785714,16.300001,9.0,86.01429,0.9714286,0.88571423,1.1999999,6.957143,13.471429,0.00010570139,0.0012546927,-7.345365000000001e-25,2.0489097e-08,0.0,True
2020-10-12,4.931428571428571,38.7,10.314286,13.942858,7.4000006,89.75715,1.1,1.1,0.90000004,8.471429,11.1,0.0005401373,0.0012240335,-7.345365000000001e-25,1.3038516e-08,0.0,True
2020-10-19,4.914,1.6,8.471429,12.214286,5.2571425,84.15715,0.75714284,0.7,0.8428572,8.657143,9.685715,7.838011e-06,0.0012012422,-7.345365000000001e-25,5.5879354e-09,0.0,True
2020-10-26,4.907755566341296,10.5,12.214286,15.185715,9.328572,85.200005,0.8428572,0.8285714,0.9714286,8.842857,11.571428,0.00023420155,0.0011838153,-7.345365000000001e-25,1.6763806e-08,0.0,True
2020-11-02,4.884890527542877,21.8,12.471429,14.742858,9.814286,87.17143,0.9428572,0.9428572,0.9142857,9.557143,11.614285,0.00080136955,0.0011725724,-7.345365000000001e-25,2.2351742e-08,0.0,False
2020-11-09,4.8692277935347175,0.3,7.642857,11.485715,4.142857,86.58571,0.5571429,0.5285715,0.4857143,9.585714,8.271428,6.1690807e-06,0.0011718869,-7.345365000000001e-25,1.8626451e-09,0.0,False
2020-11-16,4.853138080861388,11.799999,9.414286,11.842857,6.4857144,90.51429,0.5285714,0.5285714,0.5285714,9.6285715,8.985714,0.0009716302,0.0011792108,-7.345365000000001e-25,7.450581e-09,0.0,False
2020-11-23,4.830050524367635,10.2,8.0,11.057143,4.857143,85.08572,0.7428571,0.7428571,0.6857143,9.828571,7.785714,7.839501e-05,0.0011944026,-7.345365000000001e-25,1.1175871e-08,0.0,True
2020-11-30,4.810862793185085,10.1,4.6285715,7.1857147,1.9428571,89.67143,0.22857144,0.22857144,0.29999998,9.785714,4.6857142,7.492304e-05,0.0012228861,2.0435878e-07,7.916242e-07,2.6151538e-06,True
2020-12-07,4.790263089580646,13.4,4.114286,5.928571,2.3,91.614296,0.27142856,0.27142856,0.3285714,10.214286,3.642857,0.00043137372,0.0012576878,4.6695983e-05,0.00017148443,0.0002027452,False
2020-12-14,4.773333333333333,11.8,3.8999999,5.3857145,2.1,91.457146,0.21428573,0.21428573,0.35714287,10.242857,3.3285713,0.0001257658,0.0013256222,2.107166e-05,6.807223e-05,2.7351081e-05,True
2020-12-21,4.755714285714285,24.2,7.7714286,9.7,5.3285713,89.72857,0.3142857,0.3285714,0.34285715,10.7,6.6,0.00029823184,0.0014425069,2.8383164e-08,1.238659e-06,0.0,True
2020-12-28,4.735714285714286,45.7,4.614286,6.8857145,1.7714287,91.77143,0.4,0.4,0.3285714,11.242857,4.4714284,0.0020447522,0.0022367835,2.0572117e-05,8.017011e-05,0.00017355382,True
2021-01-04,4.711428571428571,9.5,2.957143,4.057143,1.6000001,91.94286,0.26666668,0.26666668,0.34285715,11.2,2.8,0.00029170513,0.0024307594,5.239532e-05,0.0001893919,0.00019926578,True
2021-01-11,4.701428571428572,21.4,1.7,3.2000003,0.24285711,93.85714,0.24285714,0.24285714,0.22857143,10.457143,1.5285715,0.00026607513,0.0031911358,0.001084901,0.0018954258,0.0019934773,True
2021-01-18,4.687142857142858,18.1,1.6285714,3.3999999,-0.14285715,87.27143,0.44285712,0.44285712,0.3857143,10.671429,1.3,0.00031155348,0.0038320795,0.0008369798,0.0019997582,0.0028387755,True
2021-01-25,4.684285714285714,17.5,4.2571425,7.4428573,1.5,85.0,0.7285715,0.7285715,0.64285713,10.942857,3.6857142,0.0006361604,0.004595831,0.00011944203,0.0012964346,0.0010779388,True
2021-02-01,4.68125,19.8,-0.29999998,2.2714286,-2.6000001,90.77143,0.27142856,0.27142856,0.24285714,10.7,1.3857143,0.00043591112,0.0055879876,0.0051849117,0.002712926,0.009617094,True
2021-02-08,4.684285714285714,26.1,-0.071428604,1.557143,-1.8285713,85.27143,0.21428572,0.21428572,0.62857145,10.714286,0.95714283,0.0005466938,0.0068288594,0.008984186,0.00781893,0.017119527,True
2021-02-15,4.695714285714286,8.6,-4.071429,-0.6714286,-8.071428,73.814285,0.18571429,0.18571429,0.61428577,10.342857,-1.0571429,0.00020976365,0.0082396045,0.01409551,0.0028890148,0.001297392,True
2021-02-22,4.712857142857144,11.5,8.442858,12.142858,5.042857,78.22858,1.0714285,1.0285714,1.0428572,10.285714,5.1714287,0.00065627694,0.009211637,0.0013487793,0.011062035,0.0,True
2021-03-01,4.742857142857143,0.0,7.7714286,11.857142,3.8285716,81.67143,1.0571429,0.90000004,0.9714286,9.728572,7.6,1.3284385e-05,0.010304771,-7.345365000000001e-25,2.9057264e-07,1.937151e-07,True
2021-03-08,4.77,9.1,3.2285714,7.7428575,-0.7571429,81.27143,0.9142857,0.8000001,0.8428572,9.542857,4.571429,3.9964914e-05,0.010290749,2.1060307e-06,8.530915e-07,0.00028672442,True
2021-03-15,4.804285714285713,47.5,5.5,8.1,2.957143,84.0,1.3000001,1.2857143,1.0285715,10.5,5.1285715,0.0016205907,0.010040082,0.00048775334,0.0025728047,0.0022318624,True
2021-03-22,4.822857142857143,2.0,4.1285715,7.371429,1.1142857,80.64286,1.0857145,1.0142858,1.0714285,10.214286,5.3,3.2417476e-05,0.01009424,-7.345365000000001e-25,4.7124922e-07,0.0,True
2021-03-29,4.851428571428571,6.9,8.414286,13.242858,3.9857144,74.90001,1.6999999,1.5285715,1.7142857,9.614285,8.357142,0.00016514212,0.010005832,-7.345365000000001e-25,0.0,0.0,True
2021-04-05,4.88,7.2999997,7.728572,12.828572,2.757143,71.4,1.8142855,1.5142857,1.8000001,9.042857,9.457143,5.0142407e-05,0.00967896,1.2488592e-05,1.6115606e-05,0.00028689578,True
2021-04-12,4.895714285714285,22.5,3.8285716,7.3714285,0.8,79.07143,1.557143,1.4714286,1.3857143,9.114285,5.457143,0.0003902167,0.009252906,0.0002538136,0.00108115,0.0009324141,True
2021-04-19,4.921428571428572,1.5,6.1285715,11.6285715,0.5,73.614296,2.1857142,1.8285713,2.0142858,8.842857,8.971429,3.901124e-05,0.008772768,1.3856661e-05,8.026324e-05,0.0,True
2021-04-26,4.938571428571429,0.0,7.014286,12.285714,1.3285714,64.58572,2.642857,1.9571428,2.5,7.9714284,11.1,2.2351742e-07,0.00820969,-7.345365000000001e-25,3.1664968e-08,0.0,True
2021-05-03,4.955,37.7,8.1,12.528572,3.5,72.314285,2.3428571,1.8571428,2.0571427,7.4857144,10.928572,0.00041289628,0.0076046735,-7.345365000000001e-25,0.0,0.0,True
2021-05-10,4.975714285714285,23.9,10.385714,14.942857,5.7999997,72.542854,2.9714284,2.714286,2.5,8.242857,11.0,0.0014065653,0.0071205497,5.676633e-08,1.1976808e-06,1.1920929e-06,True
2021-05-17,4.981428571428572,39.9,11.071428,15.185715,7.214286,83.942856,1.8999999,1.7571428,1.9285715,8.328571,13.642858,0.0021905452,0.0067638606,-7.345365000000001e-25,3.7252903e-09,0.0,True
2021-05-24,4.998571428571429,19.9,11.057143,15.071428,6.6714287,76.9,2.4999998,2.3714287,2.357143,8.442857,12.928572,0.0003398955,0.006505221,-7.345365000000001e-25,0.0,0.0,True
2021-05-31,5.002857142857143,14.8,11.485715,16.314287,7.2000003,80.6,2.6285717,2.3142855,2.542857,8.814285,14.171429,0.00033533573,0.0063235164,-7.345365000000001e-25,7.450581e-09,0.0,True
2021-06-07,5.021428571428571,18.099998,17.657145,22.742857,12.971429,76.67143,3.2571428,2.7,3.3285713,8.142858,19.971428,0.00050623715,0.0060862675,-7.345365000000001e-25,7.450581e-09,0.0,True
2021-06-14,5.038571428571429,0.0,17.985714,23.9,10.842857,70.64286,4.2285714,3.0285716,4.2000003,7.3142858,22.014286,1.40964985e-05,0.005828522,-7.345365000000001e-25,7.450581e-09,0.0,True
2021-06-21,5.052857142857143,36.0,19.9,25.257143,14.014287,74.44286,4.4571433,2.5714288,4.042857,6.5857143,22.985714,0.00074724853,0.0054537803,-7.345365000000001e-25,1.4901161e-08,0.0,True
2021-06-28,5.068571428571429,5.2999997,16.785715,21.4,11.828572,77.88572,3.3857143,2.6285713,2.9285715,7.4,20.242857,0.00018522888,0.0051157624,-7.345365000000001e-25,3.7252903e-09,0.0,True
2021-07-05,5.075714285714286,32.0,17.542858,21.657145,13.828572,85.1,2.7714283,2.4714284,2.7285714,7.6571426,20.757143,0.0042835027,0.0048337057,-7.345365000000001e-25,7.450581e-09,0.0,True
2021-07-12,5.088571428571428,2.6,18.6,23.914288,12.985715,78.72858,3.614286,2.8285716,3.4714284,7.142857,22.185715,0.00026975572,0.0046436638,-7.345365000000001e-25,1.4901161e-08,0.0,True
2021-07-19,5.089999999999999,27.300001,18.914288,22.77143,15.528572,85.04286,3.1000001,2.1285713,2.8142858,7.3428574,22.414286,0.0012925118,0.004539944,-7.345365000000001e-25,1.4901161e-08,0.0,True
2021-07-26,5.092857142857143,13.1,18.34286,23.285715,12.557143,78.67143,3.2857144,2.1,3.1714287,6.7,22.085714,0.0002117753,0.0044642314,-7.345365000000001e-25,1.1175871e-08,0.0,True
2021-08-02,5.097142857142857,19.800001,16.785715,21.34286,13.114286,81.08572,3.057143,2.7142856,2.8857143,7.3428574,19.5,0.0033474267,0.0043254793,-7.345365000000001e-25,2.2351742e-08,0.0,True
2021-08-09,5.092857142857143,30.3,16.714285,21.87143,12.300001,80.75714,2.9142857,2.6714284,2.957143,7.5142856,19.62857,0.004242867,0.0042011365,-7.345365000000001e-25,1.8626451e-08,0.0,True
2021-08-16,5.089999999999999,20.8,17.37143,22.671429,11.957143,80.94286,2.857143,2.5,2.8428571,7.6,20.457144,0.000233531,0.004095942,-7.345365000000001e-25,1.4901161e-08,0.0,True
2021-08-23,5.0842857142857145,26.6,16.642857,20.685715,13.385714,85.94286,2.1285713,1.9857143,2.1,7.9,18.242857,0.013886511,0.006126769,-7.345365000000001e-25,1.4901161e-08,0.0,True
2021-08-30,5.071428571428571,9.0,15.828572,19.642857,12.342857,85.057144,1.9857143,1.6857141,2.0571427,7.6,18.014286,0.00010251999,0.00400918,-7.345365000000001e-25,1.8626451e-08,0.0,True
2021-09-06,5.055714285714286,0.0,14.742858,20.685715,8.742857,82.74286,1.9142857,1.4142858,2.0142858,7.142857,18.657143,1.9520521e-06,0.0039869696,-7.345365000000001e-25,9.313226e-09,0.0,True
2021-09-13,5.032857142857144,6.8,17.714285,23.085714,12.885715,84.44286,1.9142858,1.4142857,1.9428571,6.9142857,20.014286,6.955862e-05,0.0038915873,-7.345365000000001e-25,7.450581e-09,0.0,True
2021-09-20,5.014285714285714,2.3000002,14.528572,18.84286,9.657143,85.65715,1.4714285,1.2142857,1.4857142,7.257143,17.142857,8.59499e-05,0.0037932992,-7.345365000000001e-25,1.4901161e-08,0.0,True
2021-09-27,4.99,10.4,15.528572,19.9,11.228571,86.82857,1.2714287,1.057143,1.3428571,6.9714284,16.842857,0.00010166317,0.0036804304,-7.345365000000001e-25,1.6763806e-08,0.0,True
2021-10-04,4.96,27.4,12.957144,16.742857,9.885715,83.15715,1.4142857,1.3857143,1.3571428,8.142858,13.771428,0.0022751763,0.0035697222,-7.345365000000001e-25,1.3038516e-08,0.0,True
2021-10-11,4.932857142857143,11.5,10.342857,15.457144,5.2571435,87.44286,0.94285715,0.90000004,0.9,8.7,12.442857,7.137656e-05,0.003498055,-7.345365000000001e-25,9.313226e-09,0.0,True
2021-10-18,4.908571428571428,17.199999,10.442858,13.400001,6.914286,84.01429,1.0428572,1.0142857,0.9142857,9.142858,10.7,0.0001995489,0.003454186,-7.345365000000001e-25,7.450581e-09,0.0,True
2021-10-25,4.892857142857143,25.9,10.285714,13.6,6.928571,84.40001,1.0714285,1.0714285,0.87142855,10.171429,10.142858,0.0036627874,0.0034610555,-7.345365000000001e-25,1.3038516e-08,0.0,True
2021-11-01,4.878571428571428,15.2,11.842857,14.557143,9.028571,84.71429,0.75714284,0.7428571,0.82857144,10.057143,11.171429,0.0010092705,0.0036525205,-7.345365000000001e-25,1.6763806e-08,0.0,True
2021-11-08,4.864285714285715,10.900001,7.7571435,10.042857,5.371429,91.32857,0.59999996,0.59999996,0.45714286,10.242857,8.114285,0.00018624216,0.003927082,-7.345365000000001e-25,7.450581e-09,0.0,True
2021-11-15,4.8500000000000005,4.4,7.914286,9.457143,6.3142858,90.057144,0.34285712,0.3285714,0.42857143,10.171429,7.8285713,4.9687922e-05,0.004253961,-7.345365000000001e-25,1.8626451e-09,0.0,True
2021-11-22,4.839999999999999,5.7,7.6142855,9.828572,5.285714,90.814285,0.42857143,0.42857143,0.3857143,10.1,7.428571,4.87566e-05,0.0044943765,-7.345365000000001e-25,7.450581e-09,0.0,True
2021-11-29,4.824285714285715,16.5,4.1714287,6.228572,2.2714286,92.88572,0.3857143,0.4,0.24285714,10.228572,4.357143,0.00020720065,0.0046163946,0.00022259212,0.00040368922,0.00087624416,True
2021-12-06,4.811428571428571,24.7,3.5857143,5.3714285,1.3714286,92.02857,0.51428574,0.51428574,0.35714287,10.885715,3.5285714,0.00044816732,0.0047117844,0.00036144824,0.0012498405,0.0014339797,True
2021-12-13,4.797499999999999,7.7,3.9428573,6.357143,1.2857143,92.47143,0.3,0.3,0.17142858,10.528571,3.4285715,0.00019264966,0.0050380677,0.00045526595,0.0018549021,0.0011002049,True
2021-12-20,4.7871428571428565,2.2,6.871429,8.542857,5.0142856,93.90001,0.18571429,0.18571429,0.24285714,10.3,6.357143,8.821487e-06,0.0054567456,1.0785602e-06,1.4653429e-05,0.0,True
2021-12-27,4.781428571428571,15.7,-1.5,1.9571428,-4.657143,86.35714,0.12857144,0.12857144,0.22857143,10.542857,0.37142858,0.00030584633,0.005716935,3.1698317e-05,3.3453107e-05,6.9800764e-05,True
2022-01-03,4.771428571428571,27.0,9.557143,11.242858,7.5,91.74286,0.35000002,0.35000002,0.4857143,10.85,5.325,0.002841115,0.006216325,5.04085e-06,3.7092716e-05,0.0,True
2022-01-10,4.761428571428572,23.9,3.2285714,5.9000006,0.7428571,90.442856,0.5285714,0.5285714,0.27142856,10.9,3.1142857,0.00051870197,0.008223213,0.00029747825,0.0011640582,0.0016523749,True
2022-01-17,4.761428571428572,1.9,4.471429,6.2285714,2.557143,93.314285,0.29999998,0.29999998,0.31428573,10.357142,3.8142858,3.182888e-05,0.010387562,0.00015062377,0.0005497001,1.2367964e-06,True
2022-01-24,4.76,6.0,4.614286,6.2428575,2.757143,88.700005,0.4142857,0.4142857,0.4714286,10.171429,3.942857,9.602308e-05,0.011029594,2.9518492e-07,2.5071204e-06,1.4230609e-06,True
2022-01-31,4.771428571428571,11.4,5.1,7.228572,3.257143,83.22858,0.71428573,0.6999999,0.8,10.142858,4.4142857,0.000116698444,0.010913007,0.00020674297,0.0011925194,0.002356302,True
2022-02-07,4.771428571428571,48.2,5.7285714,7.971429,2.7857144,85.314285,0.91428566,0.91428566,0.7285714,10.742857,4.9714284,0.001942806,0.011278428,0.00018315089,0.0014710557,0.00024631247,True
2022-02-14,4.80125,10.1,5.914286,8.271429,2.8428574,80.42857,0.88571423,0.88571423,0.87142855,10.571428,5.0,0.00015296042,0.010773964,1.5781039e-06,1.261197e-05,4.5634806e-06,True
2022-02-21,4.798571428571428,74.2,6.714286,9.485715,3.9142857,82.957146,1.5,1.5,1.0142857,11.2,5.8714285,0.0037384406,0.013169184,8.782319e-05,0.00076854415,0.0015276372,True
2022-02-28,4.837142857142857,11.099999,4.7714286,8.857142,1.1428572,76.700005,1.1571429,1.1428572,1.0285714,10.857142,4.6571426,0.00028324127,0.01902464,0.000113464535,0.0008343421,5.974248e-05,True
2022-03-07,4.9071428571428575,0.0,2.4714286,7.4,-1.4714286,74.94286,1.1142857,0.94285715,0.94285715,9.842857,4.1,1.66893e-06,0.02015759,4.189355e-06,1.00545585e-05,1.8328428e-06,True
2022-03-14,4.952857142857143,11.0,6.4,12.357142,0.5857143,56.74286,2.0857143,1.6428572,2.085714,9.214286,6.5142856,0.000113621354,0.018626869,2.78155e-07,1.7154962e-06,0.0,True
2022-03-21,4.992857142857143,1.5,7.1285715,12.6285715,0.9714286,73.88572,1.6714286,1.3714286,1.5571429,8.985714,7.6714287,0.00011009723,0.016503386,-7.345365000000001e-25,5.5879354e-09,0.0,True
2022-03-28,5.024285714285715,0.1,8.314286,15.485715,2.0714285,73.27143,1.757143,1.3000001,1.6142856,8.314285,10.085714,2.577901e-06,0.014303498,-7.345365000000001e-25,1.8626451e-09,0.0,True
2022-04-04,5.055714285714286,25.0,3.7285714,6.9857144,0.24285714,76.78571,1.4857142,1.3000001,1.2857143,8.271428,5.7285714,0.0002991259,0.012399644,0.0035366502,0.007092271,0.009382453,True
2022-04-11,5.0625,39.8,6.557143,10.014285,3.1142857,80.74286,2.0,1.9285715,1.5142858,9.771428,7.614286,0.0009458065,0.010949135,8.6835455e-05,0.0009796321,4.954636e-07,True
2022-04-18,5.0842857142857145,0.2,10.685715,16.0,5.285714,65.685715,2.6857145,2.1714284,2.5714285,9.057143,12.571428,1.5869737e-05,0.009928733,-7.345365000000001e-25,1.3038516e-07,0.0,True
2022-04-25,5.101428571428571,0.1,10.728571,16.171429,5.5142856,64.42857,3.214286,2.3428571,3.1000001,7.928571,13.542857,7.942319e-06,0.008913867,-7.345365000000001e-25,0.0,0.0,True
2022-05-02,5.114285714285714,0.0,8.028571,13.657144,1.5,73.5,2.4571426,1.5857143,2.0428572,7.1857142,12.8,3.4570694e-06,0.0079655275,-7.345365000000001e-25,0.0,0.0,True
2022-05-09,5.134285714285714,0.2,11.085715,17.814287,3.1714287,68.9,3.0,1.2285715,2.5714285,6.5857143,15.385715,3.090501e-05,0.0070946887,-7.345365000000001e-25,3.7252903e-09,0.0,True
2022-05-16,5.152857142857143,14.4,15.342857,21.785715,8.8714285,64.4,3.6285713,1.7285715,3.6142857,6.257143,17.257143,6.0349703e-05,0.006270379,-7.345365000000001e-25,1.1175871e-08,0.0,True
2022-05-23,5.171428571428572,38.8,16.714285,22.714285,11.114286,74.48572,3.6142857,2.6000001,3.5142858,6.6,19.471428,0.00032635033,0.0055242106,-7.345365000000001e-25,3.7252903e-09,0.0,True
2022-05-30,5.177142857142857,12.5,12.328572,15.442858,9.214286,77.04286,2.9714286,2.542857,2.6000001,6.6714287,14.9,0.00011950731,0.004918903,-7.345365000000001e-25,3.7252903e-09,0.0,True
2022-06-06,5.191428571428572,29.3,13.8,19.171429,8.485715,76.12858,3.3571427,2.3714283,3.1000001,6.3428574,17.385714,0.00043158978,0.004417889,-7.345365000000001e-25,1.1175871e-08,0.0,True
2022-06-13,5.198571428571428,5.3999996,15.514285,20.528574,9.6285715,77.67143,3.2000003,2.6571429,3.1857145,6.757143,18.071428,0.0001250282,0.0039853677,-7.345365000000001e-25,1.1175871e-08,0.0,True
2022-06-20,5.204285714285715,2.5,16.142857,21.37143,9.785714,69.37143,3.9714284,2.2285714,3.5714285,5.785714,20.671429,0.00013259053,0.003589049,-7.345365000000001e-25,3.7252903e-09,0.0,True
2022-06-27,5.207142857142857,20.3,18.557144,24.128572,12.028572,73.48572,3.8142858,1.7714285,3.8285713,5.614286,21.942858,0.0013913512,0.0032372028,-7.345365000000001e-25,7.450581e-09,0.0,True
2022-07-04,5.202857142857143,14.4,18.52857,24.442858,11.785714,70.02857,4.342857,3.0,4.1857142,5.714286,21.885714,6.574392e-05,0.0029437244,-7.345365000000001e-25,1.1175871e-08,0.0,True
2022-07-11,5.198571428571428,8.3,15.771429,19.97143,12.328572,79.17143,3.0857143,1.8142856,2.6714287,5.3142858,19.157143,8.60095e-05,0.0026926547,-7.345365000000001e-25,1.8626451e-08,0.0,True
2022-07-18,5.1875,4.9,17.514286,23.657145,9.842857,71.3,3.9714284,1.457143,3.6285713,4.8714285,21.542856,3.6150217e-05,0.002475135,-7.345365000000001e-25,1.1175871e-08,0.0,True
2022-07-25,5.172857142857143,12.8,20.77143,26.814285,13.828572,68.92857,4.1,1.9142857,3.9714284,5.071429,22.5,0.00020492077,0.002245903,-7.345365000000001e-25,2.2351742e-08,0.0,True
2022-08-01,5.144285714285714,18.9,16.928572,21.814287,10.67143,73.68572,3.242857,1.6,3.042857,4.742857,20.87143,9.870529e-05,0.0020571575,-7.345365000000001e-25,1.1175871e-08,0.0,True
2022-08-08,5.117142857142857,2.6,18.342855,25.528574,10.328572,72.02857,3.542857,1.5,3.5857143,4.457143,21.942858,4.1007996e-05,0.0018908083,-7.345365000000001e-25,7.450581e-09,0.0,True
2022-08-15,5.091428571428572,13.4,21.728573,29.285715,13.514287,63.700005,4.457143,0.72857136,4.3857145,4.1571426,24.3,2.026558e-05,0.0017247647,-7.345365000000001e-25,1.4901161e-08,0.0,True
2022-08-22,5.062857142857142,19.8,19.27143,25.242859,12.971429,80.14286,2.885714,1.3714285,2.7571428,4.8714285,23.1,8.5651875e-05,0.0015775114,-7.345365000000001e-25,1.1175871e-08,0.0,True
2022-08-29,5.031428571428571,1.0,19.928572,25.885715,13.300001,69.34286,3.1571429,0.99999994,3.2857144,4.5142856,22.842857,3.2529235e-05,0.0014481917,-7.345365000000001e-25,1.1175871e-08,0.0,True
2022-09-05,5.007142857142857,0.3,18.1,24.857143,11.028572,58.87143,3.4428573,0.7142857,3.7142856,4.214286,20.814285,1.5199184e-06,0.0013340339,-7.345365000000001e-25,1.1175871e-08,0.0,True
2022-09-12,4.985714285714287,26.3,16.77143,22.128572,12.057143,82.42857,1.8857142,1.2857143,1.9714285,5.142857,18.942858,0.00017166138,0.001237981,-7.345365000000001e-25,9.313226e-09,0.0,True
2022-09-19,4.964285714285714,45.9,12.957144,17.328571,9.2,81.72858,2.0571427,1.9571428,1.8285714,6.2714286,14.857142,0.00017179549,0.001165688,-7.345365000000001e-25,1.3038516e-08,0.0,True
2022-09-26,4.945714285714287,19.5,10.957144,15.757143,6.085714,84.614296,1.3428571,1.2285715,1.2285715,7.285714,13.542857,0.000110417604,0.0011033192,-7.345365000000001e-25,7.450581e-09,0.0,True
2022-10-03,4.925714285714285,29.3,10.585714,15.314285,6.4428573,87.5,1.2714285,1.2571429,1.0714285,8.914286,12.214286,0.00023160875,0.0010533035,-7.345365000000001e-25,9.313226e-09,0.0,True
2022-10-10,4.910000000000001,2.3,12.328572,16.685715,8.028571,78.542854,1.3285714,1.2428571,1.4571428,8.814285,13.285714,1.8790364e-05,0.0010068119,-7.345365000000001e-25,1.4901161e-08,0.0,True
2022-10-17,4.8925,11.3,11.814286,15.914286,8.071428,89.72857,0.8142857,0.78571427,0.71428573,8.814285,12.657143,0.00013979524,0.0009685829,-7.345365000000001e-25,7.450581e-09,0.0,True
2022-10-24,4.878571428571428,4.2,12.485715,15.871429,8.8714285,87.92857,0.8285714,0.78571427,0.7571429,8.9,13.0,0.0007351339,0.0009377152,-7.345365000000001e-25,1.1175871e-08,0.0,True
2022-10-31,4.86,0.1,14.371429,18.757143,9.471429,88.17143,0.8285714,0.7285714,0.61428577,8.742857,14.842857,1.8164515e-05,0.00091101974,-7.345365000000001e-25,1.1175871e-08,0.0,True
2022-11-07,4.842857142857143,9.6,11.042857,13.642858,8.314286,80.814285,0.9857143,0.94285715,0.9714285,8.685715,10.971429,0.00014325976,0.0008886382,-7.345365000000001e-25,1.4901161e-08,0.0,True
2022-11-14,4.824285714285715,3.3,9.514285,12.928572,5.971429,85.75714,0.61428577,0.5714286,0.55714285,8.8,9.928572,5.583465e-05,0.0008700043,-7.345365000000001e-25,1.3038516e-08,0.0,True
2022-11-21,4.805714285714286,22.9,3.9428573,6.6,1.2142857,88.65715,0.5285714,0.5285714,0.31428573,9.485714,5.1571426,0.0005199164,0.0008562282,2.7622495e-05,1.292862e-05,0.00012198463,True
2022-11-28,4.7871428571428565,21.900002,6.285714,8.471429,3.957143,91.799995,0.3857143,0.3857143,0.27142859,9.771428,5.5285716,0.0004009679,0.00084947795,1.4384587e-05,0.00011302158,0.0,True
2022-12-05,4.767142857142857,5.8,3.457143,4.857143,2.0714285,91.12858,0.22857144,0.22857144,0.3857143,10.157143,3.7142856,7.4476004e-05,0.0008506477,5.540961e-05,0.0001251325,0.00016120821,True
2022-12-12,4.747142857142857,6.9,0.6714286,2.4857144,-1.5428572,92.6,0.18571429,0.18571429,0.08571429,10.1285715,1.3571428,3.7051737e-05,0.0008646026,0.00030560722,7.9941005e-05,0.0007728599,True
2022-12-19,4.721428571428571,8.2,-2.3,0.857143,-5.7999997,91.01429,0.15714286,0.15714286,0.15714286,10.214286,-0.6857143,0.00012405217,0.00088559836,0.0010631935,0.0012491457,0.00076764077,True
2022-12-26,4.698571428571428,21.9,7.4857144,9.17143,4.9857144,94.51428,0.3285714,0.3285714,0.22857143,10.771428,5.6,0.00040978938,0.0009117797,1.8063045e-05,0.00033322163,0.0,True
