,GWL,HYRAS_pr,HYRAS_tas,HYRAS_tasmax,HYRAS_tasmin,HYRAS_hurs,DWD_evapo_p,DWD_evapo_r,DWD_evapo_fao,DWD_soil_moist,DWD_soil_temp5cm,ERA5_sro,ERA5_ssro,ERA5_sdwe,ERA5_sm,ERA5_sf,GWL_flag
1991-01-07,29.81,13.1,5.557143,7.614286,2.5142858,79.12858,0.88571423,0.87142855,0.6571428,9.842857,3.5714285,0.0007754415,0.0013659149,0.0002207983,0.0012584627,0.00032029673,True
1991-01-14,29.81,5.9,4.7571425,7.571429,2.2142856,76.72858,0.82857144,0.7857142,0.78571427,9.642858,3.6,8.3357096e-05,0.0017620176,1.4872778e-06,7.757917e-06,1.5199184e-06,True
1991-01-21,29.83,2.8,-1.1999999,2.6000001,-5.2428575,77.32857,0.24285714,0.21428572,0.42857143,9.585714,-1.4285715,2.7671456e-05,0.0020835027,3.1789143e-05,8.848123e-05,0.00028057396,True
1991-01-28,29.83,0.4,1.6571429,2.614286,0.61428577,90.68572,0.21428572,0.20000002,0.35714287,9.557143,0.057142857,2.977252e-05,0.0023128092,0.0002185674,0.00031919964,0.0004143305,True
1991-02-04,29.82,0.2,-4.7999997,-1.2857143,-7.8142858,66.557144,0.071428575,0.057142857,0.64285713,9.414286,-2.9285715,4.8726797e-06,0.0024695843,0.00033450127,5.8310106e-05,0.0004580915,True
1991-02-11,29.8,14.8,-5.542857,-3.357143,-7.928571,82.07143,0.014285714,0.014285714,0.41428572,9.485714,-3.9714286,4.2542815e-06,0.0025735572,0.0031518936,0.0002046302,0.009630196,True
1991-02-18,29.79,8.8,-2.6714287,-0.5,-5.328572,86.72858,0.1,0.1,0.41428572,9.928572,-0.057142857,2.7090311e-05,0.0026346967,0.013691817,0.0013923738,0.00948666,True
1991-02-25,29.79,4.9,2.5714285,7.371429,-1.8428572,84.3,0.7285714,0.6571428,0.6857143,9.842857,0.51428574,0.00040977448,0.0026647672,0.008158405,0.015810192,3.3266842e-06,True
1991-03-04,29.79,0.2,1.8571428,6.214286,-1.3142856,77.957146,0.78571427,0.7142858,0.90000004,9.585714,1.2142857,1.3247132e-05,0.002717413,0.00042919884,0.00057540834,5.4851174e-05,True
1991-03-11,29.83,2.0,6.871429,11.385714,2.142857,78.92857,0.9285714,0.78571427,1.0714285,9.157143,4.885714,5.2586198e-05,0.0027854517,2.1185193e-05,0.00011771731,0.0,True
1991-03-18,29.85,3.1000001,8.957143,14.571428,4.6142855,79.34286,1.1428572,0.9285714,1.3285714,8.785714,8.485714,5.8047473e-05,0.0028217807,-7.345365000000001e-25,9.872019e-08,0.0,True
1991-03-25,29.86,33.7,8.314286,11.814286,5.1,79.65714,1.2428571,1.2285713,1.1857144,9.257143,8.285714,0.0008329004,0.0028390884,-7.345365000000001e-25,1.8626451e-09,0.0,True
1991-04-01,29.85,5.2000003,5.014286,8.942858,0.82857144,66.58572,1.4714285,1.2857144,1.6714286,8.985714,5.8428574,3.7804246e-05,0.0029260367,7.254737e-06,2.0530075e-05,2.3242086e-05,True
1991-04-08,29.84,8.0,10.071428,15.457144,5.2571435,71.85715,1.9,1.6714286,2.1142857,8.828571,10.357142,0.00025959313,0.002983585,1.07856025e-07,1.9390136e-06,0.0,True
1991-04-15,29.84,0.1,11.757143,18.242857,4.8,55.728573,2.9428573,2.2428572,3.1714287,8.028571,12.242857,4.118681e-05,0.002987422,-7.345365000000001e-25,0.0,0.0,True
1991-04-22,29.82,15.7,3.0714285,7.7000003,-0.7285715,72.65715,1.6428572,1.4,1.5857143,7.5142856,6.8428574,0.0002591759,0.0029508546,0.001839547,0.004660949,0.006671291,True
1991-04-29,29.80837839906748,2.2,7.971429,13.0,2.5714285,69.828575,1.6857144,1.3714286,2.042857,7.3285713,9.857142,0.000119268894,0.0029098317,0.0003378675,0.0017288066,0.0,True
1991-05-06,29.81,18.2,7.3142858,10.914286,4.4857144,80.4,1.5142858,1.2857143,1.7142857,7.4714284,9.642858,0.000340797,0.0028623566,5.449568e-07,3.311783e-06,0.0,True
1991-05-13,29.79,9.2,10.242858,14.585715,6.2714286,75.14286,2.1,1.7428572,2.2142856,7.5571427,11.6285715,0.00020357966,0.002823405,-7.345365000000001e-25,0.0,0.0,True
1991-05-20,29.79,6.9,10.0,14.885714,4.328572,70.12858,2.5571427,2.1571429,2.6714287,7.4142857,11.985714,0.0002193898,0.002786994,-7.345365000000001e-25,0.0,0.0,True
1991-05-27,29.77,2.4,11.1,15.771429,7.1285715,68.88572,2.885714,2.2428572,3.1714287,6.571429,13.385715,6.875396e-05,0.002736628,-7.345365000000001e-25,3.7252903e-09,0.0,True
1991-06-03,29.77,3.1,14.485715,20.485716,8.185714,59.82857,3.5857143,2.0714285,4.0142856,5.7,17.471428,4.774332e-05,0.002657786,-7.345365000000001e-25,0.0,0.0,True
1991-06-10,29.73,10.6,13.642858,19.014286,8.214286,67.14286,3.1857142,1.5428572,3.5285716,5.1857142,16.37143,8.0764294e-05,0.002552174,-7.345365000000001e-25,3.7252903e-09,0.0,True
1991-06-17,29.7,22.9,14.5,18.885715,11.114286,70.41429,3.3285713,1.5857143,3.3285713,5.1,16.671429,0.00016981363,0.0024407208,-7.345365000000001e-25,7.450581e-09,0.0,True
1991-06-24,29.69,20.900002,15.857142,21.185715,11.285714,74.3,3.6428568,3.0,3.457143,5.8,18.4,0.00026597083,0.0023298487,-7.345365000000001e-25,1.1175871e-08,0.0,True
1991-07-01,29.69,26.6,16.357143,20.77143,11.742858,75.314285,3.0857143,2.5714285,3.1285713,5.9,17.8,0.00020471215,0.002218321,-7.345365000000001e-25,7.450581e-09,0.0,True
1991-07-08,29.66,0.2,23.757143,30.028574,16.357143,56.085716,5.542857,3.1857145,6.1285715,5.1571426,24.614286,2.9802322e-07,0.0020932034,-7.345365000000001e-25,3.7252903e-09,0.0,True
1991-07-15,29.64,12.5,21.314287,26.742859,15.6428585,67.8,4.1142855,1.8285713,4.3142858,4.6571426,24.328571,0.00014168024,0.0019499734,-7.345365000000001e-25,1.4901161e-08,0.0,True
1991-07-22,29.61,5.6,17.185715,21.657145,13.757143,71.314285,3.485714,1.6,3.7285714,4.457143,20.485714,3.8973987e-05,0.001833424,-7.345365000000001e-25,1.1175871e-08,0.0,True
1991-07-29,29.63400628585488,6.3,19.685715,26.457144,13.057143,64.91429,4.071429,1.5571429,4.4142857,4.1571426,22.1,0.00010535121,0.0017163604,-7.345365000000001e-25,1.1175871e-08,0.0,True
1991-08-05,29.61,68.0,21.357143,26.300001,17.014286,75.58572,3.4571426,1.1857141,3.6857142,4.1571426,23.314285,0.00018294156,0.0016035512,-7.345365000000001e-25,1.4901161e-08,0.0,True
1991-08-12,29.6,8.8,20.985716,26.214285,16.342857,70.87143,3.6428573,1.8142859,3.8714287,4.2,23.028572,0.0001539737,0.0015071109,-7.345365000000001e-25,1.4901161e-08,0.0,True
1991-08-19,29.6,4.3,17.042858,22.37143,12.542857,71.0,2.9142857,1.4857143,3.4857142,4.0,19.7,4.7534704e-05,0.0014213696,-7.345365000000001e-25,1.4901161e-08,0.0,True
1991-08-26,29.59,2.7,17.285715,22.742857,12.400001,72.54286,2.6714284,1.1142857,3.0857143,3.9142857,19.157143,4.1887164e-05,0.0013447627,-7.345365000000001e-25,3.7252903e-09,0.0,True
1991-09-02,29.59,0.4,17.07143,23.585714,11.557143,71.48572,2.5,0.5285715,3.0714285,3.6571429,18.814285,1.5124679e-05,0.0012729093,-7.345365000000001e-25,7.450581e-09,0.0,True
1991-09-09,29.57,0.8,15.528572,21.457142,10.414286,68.61429,2.2714286,0.31428573,2.9428573,3.5142858,18.0,7.726252e-06,0.0011988655,-7.345365000000001e-25,7.450581e-09,0.0,True
1991-09-16,29.59,4.7999997,14.885715,21.9,8.557143,66.51429,2.1285715,0.31428573,2.8142858,3.4857142,16.6,2.7753413e-05,0.001134567,-7.345365000000001e-25,1.8626451e-09,0.0,True
1991-09-23,29.58,3.4,14.6,20.257143,10.442857,76.799995,1.7714285,0.8571429,2.0,3.642857,15.971429,0.00017273426,0.0010785833,-7.345365000000001e-25,9.313226e-09,0.0,True
1991-09-30,29.60441473712148,3.7,15.571428,20.314287,11.414286,74.299995,1.5714287,0.71428573,2.0285714,3.6571429,15.714286,5.543232e-05,0.0010285005,-7.345365000000001e-25,1.1175871e-08,0.0,True
1991-10-07,29.58,6.0,12.800001,17.885715,8.571428,74.542854,1.4142857,0.75714284,1.7428571,3.5714285,12.928572,3.120303e-05,0.0009864494,-7.345365000000001e-25,3.7252903e-09,0.0,True
1991-10-14,29.55,8.0,14.1,19.985716,9.528572,77.52857,1.1285714,0.41428572,1.5428572,3.4857142,13.814285,5.3673983e-05,0.00094515085,-7.345365000000001e-25,7.450581e-09,0.0,True
1991-10-21,29.54,7.5,8.3,12.885715,4.7714286,75.12858,1.1285714,0.71428573,1.3000001,3.6285715,9.085714,3.9488077e-05,0.0009103343,-7.345365000000001e-25,3.7252903e-09,0.0,True
1991-10-28,29.52,3.0,4.2428575,9.2,-0.31428576,78.87144,0.62857145,0.40000004,0.6857143,3.5714285,4.9857144,4.634261e-06,0.0008799955,-7.345365000000001e-25,1.8626451e-09,0.0,True
1991-11-04,29.53,7.1,5.1714287,9.285714,1.4142857,74.200005,0.77142864,0.5428571,0.9142857,3.5285714,4.1,4.541874e-05,0.0008522421,-7.345365000000001e-25,3.5390258e-08,3.9115548e-08,True
1991-11-11,29.55,32.2,5.5428576,8.157144,3.0571427,86.6,0.7428571,0.6571428,0.62857145,4.5571427,5.0571427,0.0003226921,0.00082775205,1.6178403e-06,3.1664968e-05,3.0007213e-05,True
1991-11-18,29.56,1.8,5.142857,7.357143,2.8714287,81.91429,0.4,0.35714287,0.55714285,5.4,4.457143,3.7953258e-05,0.0008074194,-7.345365000000001e-25,9.313226e-09,0.0,True
1991-11-25,29.57,2.7,2.5428574,4.871429,-0.31428573,87.02857,0.20000002,0.17142858,0.2857143,5.4857144,1.9714285,4.515052e-05,0.0007911101,2.1003541e-07,5.2154064e-07,8.121133e-07,True
1991-12-02,29.57,0.1,2.7142856,4.4,1.0285715,92.17143,0.10000001,0.071428575,0.25714287,5.5142856,2.0857143,8.1956387e-07,0.00077768415,-7.345365000000001e-25,3.1664968e-07,3.2410026e-07,True
1991-12-09,29.59,1.3000001,0.55714285,3.3,-1.6571429,86.74286,0.14285715,0.11428572,0.31428573,5.4857144,0.75714284,3.093481e-05,0.0007658377,9.919916e-05,0.0001960583,0.0002902113,True
1991-12-16,29.6,0.1,-1.2285715,1.5857143,-4.8142858,78.700005,0.15714286,0.12857144,0.3285714,5.4857144,-1.5857143,6.854534e-07,0.00075527653,8.6631095e-05,2.4015084e-05,2.8572977e-06,True
1991-12-23,29.62,27.2,4.071429,6.4857144,1.0285715,86.557144,0.62857145,0.62857145,0.45714286,6.714286,1.1142857,0.00032137334,0.00074573606,0.0005400862,0.0025957748,0.002626367,True
1991-12-30,29.64737001050977,8.400001,3.1857142,5.6285715,0.40000004,85.54286,0.45714286,0.45714286,0.4857143,7.571429,1.7857143,0.0001649782,0.00073829293,0.00053584005,0.0024661925,0.0023174286,True
1992-01-06,29.63,12.3,4.557143,6.928571,2.2857144,83.4,0.2,0.1,0.7285714,7.7,1.5,0.00014629215,0.00073429197,4.1445095e-05,0.00012931414,2.9802322e-06,True
1992-01-13,29.66,3.3000002,2.1571429,5.1285715,-1.0142857,88.27143,0.34285715,0.3285714,0.3285714,8.357142,1.8428571,0.000105410814,0.0007329583,7.748604e-06,8.109957e-06,3.3192337e-05,True
1992-01-20,29.69,30.2,3.1571429,5.8428574,0.5571428,86.38572,0.5,0.47142857,0.4857143,8.814285,2.6714287,0.0004030019,0.00073711574,0.00012224061,3.0692667e-05,0.00082199275,True
1992-01-27,29.71,1.3000001,-3.7,-1.2142857,-6.6,87.6,0.014285714,0.014285714,0.18571429,9.614285,-2.2571428,1.0743737e-05,0.0007556677,0.00082268036,0.00018063374,0.00037543103,True
1992-02-03,29.72,3.1,0.82857144,2.0857143,-0.47142857,92.957146,0.2,0.2,0.2857143,9.585714,-0.25714287,6.535649e-05,0.0007890761,0.0012926317,0.0011690296,0.0022414997,True
1992-02-10,29.74,4.3999996,4.4,7.2999997,1.3714286,85.11428,0.62857145,0.62857145,0.59999996,9.571428,1.4428571,0.00019537657,0.00082487613,0.0006258942,0.0020435965,6.600097e-05,True
1992-02-17,29.74,19.1,4.4428573,7.2000003,2.0714288,89.27143,0.7,0.67142856,0.5142857,9.785714,3.8142858,0.0002650097,0.0008697435,0.00014680908,3.8894825e-05,0.0013940968,True
1992-02-24,29.76,10.2,2.2285714,4.8,-0.50000006,87.14286,0.5428571,0.5285714,0.5285714,9.928572,1.5571429,0.00013932586,0.00093435496,0.0012615011,0.0022327807,0.0010848679,True
1992-03-02,29.75,1.0,5.9000006,12.242857,1.3571428,78.74286,0.9714286,0.85714287,1.0857142,9.828571,4.8714285,1.6599894e-05,0.0010100454,3.8447834e-05,0.0001383666,0.0,True
1992-03-09,29.73,7.6000004,7.0428576,11.457144,3.3714287,75.57143,1.2428572,1.1,1.2285715,9.442857,6.4714284,0.00011698902,0.001077719,1.1353266e-07,1.0002404e-06,0.0,True
1992-03-16,29.71,25.6,3.6571429,7.7571435,-0.09999999,75.91429,1.542857,1.4857142,1.1999999,9.785714,4.0857143,0.0012025833,0.0011378676,0.00072274887,0.0005148314,0.0030428432,True
1992-03-23,29.71,24.699999,6.3714285,10.471429,3.0571427,82.5,1.1,1.0714285,0.95714283,10.157143,6.285714,0.0006200075,0.0012455434,0.0005457344,0.002299076,0.0,True
1992-03-30,29.753209259591067,24.4,3.2714288,6.542857,0.61428577,82.200005,0.9714286,0.9714286,0.90000004,10.514286,3.9285715,0.00037679076,0.0014494285,0.00016295342,0.0004800856,0.00062713027,True
1992-04-06,29.71,4.4,6.1,11.900001,1.5,74.614296,1.6142857,1.557143,1.6571429,10.028571,7.1,0.0001899451,0.0017360225,1.9226756e-05,0.00014110655,0.0,True
1992-04-13,29.72,3.6999998,9.428572,15.214286,3.6285717,59.8,2.2285714,1.8142855,2.3857143,9.328571,10.585714,4.132092e-05,0.0019584969,-7.345365000000001e-25,2.644956e-07,0.0,True
1992-04-20,29.73,13.6,6.3428574,10.742858,2.9428573,74.64286,2.0571427,1.8857143,1.9285715,8.971429,8.057143,0.00029110909,0.0020887926,3.4854525e-06,2.1606684e-05,2.1979213e-05,True
1992-04-27,29.73,9.7,12.314285,17.7,6.471429,61.81429,2.6857145,2.1857142,2.7714286,8.228572,12.728572,0.00014974177,0.002159834,-7.345365000000001e-25,3.5390258e-07,0.0,True
1992-05-04,29.73,6.1000004,10.657143,15.642858,5.1857142,70.185715,2.2142856,1.7714285,2.3,7.642857,12.357142,9.6835196e-05,0.002181597,-7.345365000000001e-25,1.8626451e-09,0.0,True
1992-05-11,29.69,13.8,10.971429,16.042858,6.4000006,73.82857,2.4142857,2.0285714,2.4285715,7.1571426,13.014286,0.0002976209,0.0021639243,-7.345365000000001e-25,7.450581e-09,0.0,True
1992-05-18,29.65,0.0,16.157145,22.485716,9.3,62.57143,3.6571429,2.5714285,3.9857142,6.8,17.457144,8.970499e-06,0.0021267235,-7.345365000000001e-25,7.450581e-09,0.0,True
1992-05-25,29.59,0.0,19.857143,26.657145,12.228571,47.07143,5.214286,1.6857144,5.6571426,5.8,20.814285,4.7683716e-07,0.0020440891,-7.345365000000001e-25,3.7252903e-09,0.0,True
1992-06-01,29.57,0.0,19.014286,25.457144,12.028572,49.885715,4.914285,0.74285704,5.2285714,5.3428574,20.328571,4.4107437e-06,0.0019361749,-7.345365000000001e-25,7.450581e-09,0.0,True
1992-06-08,29.5,5.3,21.257143,27.642857,15.442858,53.228573,5.128571,1.2142857,5.4857144,5.214286,22.12857,1.31726265e-05,0.001813367,-7.345365000000001e-25,7.450581e-09,0.0,True
1992-06-15,29.48,5.3,17.957144,23.714285,12.771429,65.48572,3.5142856,1.2571429,3.8285713,5.071429,20.257143,4.814565e-05,0.0016949326,-7.345365000000001e-25,7.450581e-09,0.0,True
1992-06-22,29.44,0.8,19.985716,25.857143,13.728572,53.67143,4.6,0.88571423,4.914286,4.785714,22.171429,3.322959e-06,0.0015849844,-7.345365000000001e-25,0.0,0.0,True
1992-06-29,29.497454933292413,0.0,20.885715,27.957144,12.014287,44.68572,5.271428,0.6428571,5.6,4.4857144,23.514286,8.34465e-07,0.001455225,-7.345365000000001e-25,7.450581e-09,0.0,False
1992-07-06,29.44,27.300001,20.614286,26.5,15.314285,62.12857,4.1000004,1.0285714,4.1285715,4.571429,23.042856,0.00011661649,0.0013228506,-7.345365000000001e-25,1.4901161e-08,0.0,True
1992-07-13,29.47,11.1,19.97143,26.17143,13.528572,60.5,4.0,2.3857143,4.3857145,4.8714285,22.285715,7.534027e-05,0.0012313575,-7.345365000000001e-25,3.7252903e-09,0.0,True
1992-07-20,29.44,14.299999,19.485716,25.0,13.414286,67.185715,3.8714287,2.4,4.0142856,4.5857143,21.457144,5.929917e-05,0.0011500716,-7.345365000000001e-25,1.4901161e-08,0.0,True
1992-07-27,29.45,21.4,21.100002,28.542858,15.728572,64.72857,4.3857145,2.4857144,4.7714286,4.5857143,24.0,6.425381e-05,0.0010610893,-7.345365000000001e-25,1.1175871e-08,0.0,True
1992-08-03,29.44,0.0,21.614286,28.37143,14.771429,58.42857,4.3571424,1.4142857,5.0285716,4.1,23.414286,1.8313527e-05,0.0009785369,-7.345365000000001e-25,1.4901161e-08,0.0,True
1992-08-10,29.44,0.4,23.757143,31.557142,16.728573,54.414284,5.0142856,0.7571429,5.6571426,3.8285713,24.857143,1.2412667e-05,0.00089680403,-7.345365000000001e-25,1.3038516e-08,0.0,True
1992-08-17,29.42,15.4,16.857143,21.414288,13.742858,72.71429,2.7857144,1.1285714,3.0714285,3.942857,19.5,9.408593e-05,0.0008293539,-7.345365000000001e-25,1.1175871e-08,0.0,True
1992-08-24,29.42,8.0,18.52857,23.671429,13.242858,68.75715,2.7285714,1.6428572,3.1857142,3.9142857,20.1,4.2125583e-05,0.00078098476,-7.345365000000001e-25,1.1175871e-08,0.0,True
1992-08-31,29.44339472568377,37.8,19.828571,25.728573,15.571428,77.58571,2.6714284,2.0,2.8428571,4.1714287,20.942858,0.0005748868,0.0007376969,-7.345365000000001e-25,1.1175871e-08,0.0,True
1992-09-07,29.41,13.4,12.814286,17.314287,9.242857,80.92857,1.8999999,1.7428571,2.0428572,5.285714,14.471429,0.0003465116,0.00070281327,-7.345365000000001e-25,1.1175871e-08,0.0,True
1992-09-14,29.39,2.3,14.0,19.528574,9.785714,74.61428,1.8142856,1.3857143,2.3142858,4.9714284,16.214285,2.0854175e-05,0.00067266077,-7.345365000000001e-25,0.0,0.0,True
1992-09-21,29.38,0.0,13.771429,18.800001,9.514285,72.77143,1.6142857,1.1,2.1714284,4.542857,15.185715,6.1914325e-06,0.00064606965,-7.345365000000001e-25,7.450581e-09,0.0,True
1992-09-28,29.36,4.9,15.171428,20.757143,10.285714,79.17143,1.4142858,0.9285714,1.8428571,4.242857,16.342857,5.7138503e-05,0.00062049925,-7.345365000000001e-25,9.313226e-09,0.0,True
1992-10-05,29.33,7.0,10.985715,15.871429,6.8428574,71.62858,1.0714285,0.67142856,1.7571429,4.0142856,12.571428,2.4594367e-05,0.0005979389,-7.345365000000001e-25,1.8626451e-09,0.0,True
1992-10-12,29.32,1.4000001,7.914286,11.528572,4.3714285,85.40001,0.58571434,0.4714286,0.7,4.428571,9.257143,8.741766e-05,0.000580959,-7.345365000000001e-25,5.5879354e-09,0.0,True
1992-10-19,29.39,3.3999999,4.8142858,10.114286,0.5,75.799995,0.7285714,0.55714285,0.9142857,4.3428574,5.357143,2.1070242e-05,0.00056537986,-7.345365000000001e-25,0.0,0.0,True
1992-10-26,29.4,12.0,4.6,8.6285715,1.5857143,87.21429,0.5285715,0.4714286,0.5285714,4.5285716,5.2,0.00017511845,0.0005513355,4.5980727e-07,3.034249e-06,4.697591e-06,True
1992-11-02,29.39,8.400001,3.2428572,6.6142855,-0.28571427,87.21429,0.41428572,0.3571429,0.32857147,5.714286,3.6,0.0001513362,0.0005400628,1.1239733e-06,3.490597e-06,3.0845404e-06,True
1992-11-09,29.4,2.4,7.2428575,10.214286,4.5142856,83.542854,0.5857143,0.5285714,0.5857143,5.9142857,6.385714,7.368624e-05,0.00053057075,5.676633e-08,1.4565885e-06,0.0,True
1992-11-16,29.42,17.5,4.5285716,7.1285715,1.8142856,90.64286,0.5714286,0.55714285,0.3857143,6.3428574,3.7285714,0.00019298494,0.0005230531,1.7637298e-05,6.000884e-05,7.247925e-05,True
1992-11-23,29.43,16.8,3.9142857,6.2000003,1.8857144,87.814285,0.55714285,0.55714285,0.51428574,7.0142856,3.0857143,0.00020503998,0.00051762164,0.0001263221,0.0004609581,0.0005575493,True
1992-11-30,29.457662138625995,21.9,5.0285716,7.728572,2.5571427,91.17143,0.5428571,0.5428571,0.42857143,7.9142857,4.0142856,0.00023138523,0.0005145818,1.8852097e-05,0.00011955947,0.0,False
1992-12-07,29.43,11.799999,4.0285716,7.1285715,1.2285715,83.90001,0.3857143,0.3857143,0.45714286,8.414286,2.9857142,0.00015146285,0.00051470846,1.1920929e-06,3.516674e-06,5.1930547e-06,True
1992-12-14,29.45,19.8,4.0142856,4.9000006,2.257143,88.77143,0.3857143,0.37142855,0.44285712,9.014286,2.4,0.0003207028,0.0005198568,9.4232104e-07,2.0824373e-06,0.0,True
1992-12-21,29.48,24.5,1.8285714,4.1857142,-0.28571433,91.299995,0.17142858,0.17142858,0.14285715,9.942857,0.98571426,0.00037533045,0.0005345419,0.0004527739,0.00031154975,0.0029501803,True
1992-12-28,29.48,0.1,-4.542857,-1.9428571,-6.7428575,87.44286,0.0,0.0,0.14285715,10.271428,-1.8,3.2931566e-06,0.00057062507,0.00260302,4.131347e-06,0.00022890046,True
1993-01-04,29.51,0.6,-6.642857,-4.0857143,-8.657144,85.78571,0.0,0.0,0.15714286,10.2,-1.9,4.0233135e-07,0.0006212741,0.003515323,6.7725778e-06,0.0011263285,True
1993-01-11,29.58,16.9,4.714286,7.071429,0.6142859,84.557144,0.5428571,0.5428571,0.5428571,10.271428,0.47142857,0.0004721731,0.0006718412,0.0011659237,0.003820816,0.0,True
1993-01-18,29.61,11.3,6.8142858,10.557143,3.8,72.14286,1.0142857,0.98571426,1.1142857,10.385715,3.5428572,0.00065355,0.0007536039,6.073997e-07,3.6917627e-06,0.0,True
1993-01-25,29.63,10.0,6.357143,9.3714285,3.3,76.442856,1.2857143,1.2714285,1.1999999,10.014286,4.8714285,0.00021855533,0.0008691028,1.050177e-06,1.8626451e-09,5.6754798e-05,True
1993-02-01,29.63,5.3,-1.8142859,1.5714285,-4.7571425,82.51428,0.18571429,0.18571429,0.34285715,10.242857,-0.1,9.6321106e-05,0.0009825677,0.0024500291,0.00018099323,0.0030443557,True
1993-02-08,29.6,6.9,0.62857145,2.7857144,-2.0857143,92.35714,0.18571429,0.17142858,0.24285714,10.271428,-0.54285717,0.00014390051,0.0011004433,0.002118786,0.0019722953,0.00019752234,True
1993-02-15,29.58,0.70000005,0.8428572,3.057143,-0.44285712,90.87144,0.17142858,0.17142858,0.35714287,10.214286,0.17142858,2.3208559e-05,0.0012114048,0.000566176,0.0007976815,0.00032265857,True
1993-02-22,29.57,21.8,1.1142857,3.4857144,-1.457143,84.34286,0.6285714,0.6285714,0.6,10.385715,0.82857144,0.00029096007,0.0013140365,0.0029507761,0.0035372227,0.011916779,True
1993-03-01,29.58,1.7,-0.71428573,2.5857143,-3.7714286,81.14286,0.37142855,0.35714287,0.67142856,10.257143,-0.08571429,8.163601e-05,0.0014265105,0.0091094235,0.0036972184,0.0035514794,True
1993-03-08,29.59,1.2,0.07142859,3.4285715,-2.8428574,77.057144,0.47142857,0.45714286,0.8,10.028571,0.32857144,9.248406e-05,0.0015420243,0.0057401997,0.0045420304,0.0020421073,True
1993-03-15,29.57,1.4,5.7285714,11.314286,-0.014285632,71.17143,1.0571429,0.90000004,1.3428571,9.657143,4.8142858,8.197129e-05,0.0016436279,0.0012954359,0.003231708,2.618879e-06,True
1993-03-22,29.56,4.0,9.1,13.514287,5.1714287,70.4,1.7142857,1.4714286,1.8142856,9.171429,8.242857,0.00010163337,0.0017238446,7.5328917e-06,8.111633e-05,0.0,True
1993-03-29,29.56771092321937,2.0,2.8714287,7.6285715,-0.12857139,68.85714,1.4142857,1.2142857,1.5285714,8.657143,4.957143,0.00012336671,0.0017784312,0.00017013436,0.00012801215,0.0008985773,True
1993-04-05,29.54,2.1,5.9857144,10.285714,1.8857143,68.92857,1.357143,1.0714285,1.6857144,8.2,6.5571427,2.4564564e-05,0.0018128306,0.00034157434,0.0009910781,0.00031995773,True
1993-04-12,29.52,9.1,5.371429,10.5,1.5285715,67.22857,1.7428572,1.4285715,1.8999999,7.9428573,7.1285715,0.00019390881,0.0018283129,1.0445004e-06,1.0253862e-05,3.7252903e-07,True
1993-04-19,29.49,11.5,9.971429,15.300001,4.142857,57.42857,2.457143,1.8857142,2.5571427,7.3285713,10.2,7.496774e-05,0.0018214136,-7.345365000000001e-25,8.195639e-08,0.0,True
1993-04-26,29.48,0.0,17.028572,23.9,9.985715,48.985718,4.2285714,2.6285713,4.5142856,6.5142856,16.314285,7.644296e-06,0.0017892867,-7.345365000000001e-25,3.7252903e-09,0.0,True
1993-05-03,29.46,0.2,18.114286,25.84286,11.757143,50.700005,4.6142855,1.1285715,4.9857144,5.7,18.614286,2.8461218e-06,0.0017171726,-7.345365000000001e-25,3.7252903e-09,0.0,True
1993-05-10,29.47,6.9999995,14.442858,20.87143,8.6,60.142857,3.414286,0.7428571,3.5,5.5,16.014286,1.3224781e-05,0.0016443357,-7.345365000000001e-25,7.450581e-09,0.0,True
1993-05-17,29.48,2.3999999,17.84286,24.485716,11.814286,52.957146,4.585714,0.7428571,4.9,5.3142858,20.014286,9.328127e-06,0.0015539601,-7.345365000000001e-25,3.7252903e-09,0.0,True
1993-05-24,29.5,46.199997,18.014286,24.085714,12.885715,67.84286,3.6714282,1.2857143,3.9428573,5.885714,19.342857,0.0003720671,0.0014565215,-7.345365000000001e-25,7.450581e-09,0.0,True
1993-05-31,29.550354975599216,32.100002,15.085715,20.1,10.942857,77.67143,2.9142857,2.614286,2.642857,6.8428574,17.742857,0.00093977153,0.0013900772,-7.345365000000001e-25,7.450581e-09,0.0,True
1993-06-07,29.52,4.3,17.6,23.357143,11.042857,60.571434,3.5714285,2.7857144,4.0285716,6.642857,20.571428,6.3985586e-05,0.0013294742,-7.345365000000001e-25,3.7252903e-09,0.0,True
1993-06-14,29.54,58.8,17.742857,23.157145,13.7,70.84286,3.4714286,2.585714,3.4714284,6.8428574,20.328571,0.0020929426,0.0017754585,-7.345365000000001e-25,0.0,0.0,True
1993-06-21,29.63,18.6,14.814286,18.714285,11.085715,75.92857,2.7857144,2.6142857,2.642857,8.257143,17.1,0.0016247779,0.0012359396,-7.345365000000001e-25,7.450581e-09,0.0,True
1993-06-28,29.64,9.3,13.685715,18.042858,10.328572,71.957146,2.6571426,2.3999999,2.8,7.857143,16.485714,0.00023843348,0.001234889,-7.345365000000001e-25,7.450581e-09,0.0,True
1993-07-05,29.64,8.4,18.728573,24.77143,12.414286,63.085716,3.9285715,2.9571426,4.342857,7.071429,21.842857,9.7960234e-05,0.0012314618,-7.345365000000001e-25,7.450581e-09,0.0,True
1993-07-12,29.63,10.299999,15.114286,20.057144,11.442858,73.22857,3.2000003,2.7428572,3.1857142,6.8714285,17.4,0.00034210086,0.0012119934,-7.345365000000001e-25,7.450581e-09,0.0,True
1993-07-19,29.61,36.4,16.671429,21.300001,12.842857,79.11428,2.8142858,2.5857143,2.8714287,7.242857,19.471428,0.00029011816,0.0011949092,-7.345365000000001e-25,1.1175871e-08,0.0,True
1993-07-26,29.6,19.9,15.928572,21.34286,12.557143,75.88572,2.9285715,2.7285714,2.9428573,7.542857,18.3,0.00026153028,0.0011834055,-7.345365000000001e-25,1.8626451e-08,0.0,True
1993-08-02,29.6,22.2,17.728573,22.657145,13.17143,79.91429,2.9857144,2.7571428,2.6714287,8.0,19.514286,0.0010280684,0.0011782944,-7.345365000000001e-25,1.4901161e-08,0.0,True
1993-08-09,29.58,23.0,17.985714,22.97143,14.514287,79.65714,2.7,2.3714287,2.6857142,7.757143,20.942858,0.000229612,0.0011802837,-7.345365000000001e-25,1.4901161e-08,0.0,True
1993-08-16,29.55,0.70000005,18.52857,24.17143,13.028572,68.71429,3.2999997,2.6857145,3.5714285,7.5857143,20.285715,0.0037041306,0.0011878908,-7.345365000000001e-25,1.4901161e-08,0.0,True
1993-08-23,29.49,5.7999997,15.557143,20.614286,11.8,72.54286,2.357143,1.7857143,2.7714286,6.8714285,19.414286,7.586181e-05,0.001185976,-7.345365000000001e-25,1.1175871e-08,0.0,True
1993-08-30,29.52405939588757,11.5,12.842857,18.228573,8.785714,78.74286,1.7714285,1.4,2.1285713,6.714286,15.6,0.00011153519,0.001179263,-7.345365000000001e-25,7.450581e-09,0.0,True
1993-09-06,29.48,22.7,12.17143,16.357143,9.228571,86.57143,1.4571428,1.4,1.4142857,7.2714286,13.742857,0.0002572462,0.0011698604,-7.345365000000001e-25,1.3038516e-08,0.0,True
1993-09-13,29.46,34.4,13.728572,18.328571,10.471429,87.21429,1.2571429,1.1428572,1.5,7.928571,15.285714,0.0010202229,0.0011645481,-7.345365000000001e-25,9.313226e-09,0.0,True
1993-09-20,29.45,8.099999,11.414286,15.685715,8.114286,82.72858,1.2714285,1.1857144,1.4428571,9.0,12.357142,0.0020837784,0.0014011562,-7.345365000000001e-25,3.7252903e-09,0.0,True
1993-09-27,29.45,2.5,14.857142,18.657145,11.6,85.057144,1.042857,0.9285714,1.3142856,8.714286,14.985714,0.00010804832,0.0013754144,-7.345365000000001e-25,7.450581e-09,0.0,True
1993-10-04,29.47,1.5,11.314286,15.6,7.914286,73.54286,1.1714286,0.9571429,1.6,8.5,11.914286,7.400662e-05,0.0015091822,-7.345365000000001e-25,7.450581e-09,0.0,True
1993-10-11,29.49,10.8,12.942858,17.885715,8.714286,83.057144,1.0,0.8714286,1.1999999,8.3,13.228572,0.00016120076,0.0015972108,-7.345365000000001e-25,7.450581e-09,0.0,True
1993-10-18,29.5,3.8,8.6285715,13.742858,5.157143,80.18572,0.81428564,0.7285714,0.9857143,8.4,9.5,8.945912e-05,0.0016596988,-7.345365000000001e-25,5.5879354e-09,0.0,True
1993-10-25,29.52,3.1999998,5.4857144,8.685715,2.7857146,81.34286,0.4857143,0.42857146,0.7,8.428572,5.7,2.8252602e-05,0.0017104074,-7.345365000000001e-25,0.0,0.0,True
1993-11-01,29.52,0.1,4.8285713,8.085714,2.142857,86.814285,0.2857143,0.22857144,0.45714286,8.428572,4.7285714,1.28299e-05,0.0017521009,-7.345365000000001e-25,0.0,0.0,True
1993-11-08,29.51,9.6,3.9857144,5.7428575,2.1285713,94.44286,0.14285715,0.12857142,0.3,8.485714,3.8,9.442866e-05,0.0017822012,-7.345365000000001e-25,0.0,0.0,True
1993-11-15,29.52,11.700001,4.3285713,6.6,2.2428572,91.87144,0.32857147,0.3142857,0.34285715,8.885715,3.9571428,0.00022612512,0.0018058196,-7.345365000000001e-25,0.0,0.0,True
1993-11-22,29.52,9.8,-2.1571429,-0.51428574,-4.042857,88.15714,0.042857144,0.042857144,0.31428573,9.571428,0.27142859,9.439886e-06,0.0018374696,0.0017873957,6.519258e-08,0.013621837,True
1993-11-29,29.53821053612307,0.70000005,-3.9285715,-1.5285714,-6.157143,88.64286,0.0,0.0,0.2,10.014286,-0.114285715,1.1175871e-07,0.0018845722,0.014543159,0.0,0.0028238334,True
1993-12-06,29.54,3.3,2.6000001,4.5285716,-0.22857134,86.64286,0.24285714,0.24285714,0.47142857,9.942857,2.0857143,0.00038938224,0.0019304901,0.0077066366,0.017683743,0.0014989376,True
1993-12-13,29.61,38.3,4.3428574,6.4,2.2714286,84.75714,0.7000001,0.7000001,0.59999996,10.414286,3.2,0.0006361604,0.0020314008,0.00027432328,0.0016147401,0.0030015893,True
1993-12-20,29.72,15.9,4.8857145,7.857143,2.0428572,83.51428,0.5857143,0.5857143,0.6857143,10.5,3.2285714,0.00030799955,0.0023146272,0.00048648744,0.0017177388,0.0001353398,True
1993-12-27,29.77,29.4,1.3571428,2.2428572,0.2857143,95.14286,0.25714287,0.25714287,0.24285714,10.7,1.0428572,0.00039424747,0.002755098,0.0061411746,0.0046259053,0.015805628,True
1994-01-03,29.8,24.1,1.8428572,3.8428574,-0.22857144,90.442856,0.425,0.425,0.2,10.6,1.45,0.0009597391,0.0034549981,0.006131882,0.013507742,0.0050328635,True
1994-01-10,29.83,5.1,3.757143,5.857143,1.7,89.57143,0.37142852,0.37142852,0.29999998,10.485714,2.5428572,0.00040815026,0.0050094277,0.0008338349,0.0037997738,0.00041792542,True
1994-01-17,29.88,8.5,3.4285715,5.657143,1.4428571,83.814285,0.4857143,0.4857143,0.5285714,10.314285,3.057143,0.00024169683,0.006424919,8.878254e-05,0.00033338554,0.00012968108,True
1994-01-24,29.91,12.8,2.757143,4.114286,0.6571428,86.42857,0.55714285,0.54285717,0.5714286,10.357142,1.0285715,0.00030121207,0.0071731955,0.0009249108,0.0022880342,0.0023260452,True
1994-01-31,29.86144160941412,37.8,4.0857143,7.1571426,1.9428571,84.6,0.9857144,0.9857144,0.7,10.885715,3.057143,0.0019258484,0.008142188,0.00018857207,0.0010237042,0.0010772794,True
1994-02-07,29.95,0.0,2.2714286,4.0142856,0.49999997,78.5,0.47142857,0.45714286,0.6714286,10.214286,1.4571428,1.8037856e-05,0.009689324,0.00012872333,0.00019871444,7.573888e-05,True
1994-02-14,29.96,1.0,-0.9714286,2.2571428,-3.2714288,74.67143,0.22857144,0.22857144,0.64285713,10.1,0.32857144,4.684925e-05,0.01008781,0.00084507465,0.0001718849,0.002096407,True
1994-02-21,29.98,0.1,-3.5571427,0.35714287,-6.9,66.700005,0.071428575,0.071428575,0.8,10.085714,-2.2142856,9.983778e-07,0.009975351,0.0025936705,2.8874725e-05,0.0051462688,True
1994-02-28,29.95,5.9,0.31428576,4.0,-3.6714287,82.07143,0.3,0.2857143,0.5857143,10.185715,-0.17142858,0.00017573684,0.009723127,0.008380811,0.009260001,0.0055163093,True
1994-03-07,29.88,19.2,4.457143,7.5428576,1.7,83.91429,0.9857143,0.9857143,0.87142855,10.285714,2.6285715,0.00045009702,0.009376369,0.00083505537,0.0024373233,0.00015156716,True
1994-03-14,29.86,17.3,7.4857144,11.057143,4.0857143,79.78571,1.2714287,1.2142857,1.1428572,10.214286,6.4428573,0.00023481995,0.009080999,2.4523054e-06,2.6177615e-05,0.0,True
1994-03-21,29.84,25.0,3.1571429,6.357143,1.3428572,84.98572,1.1857141,1.1857141,0.87142855,10.8714285,4.1,0.0008885339,0.008860312,0.0008471693,0.0026501492,0.005298082,True
1994-03-28,29.84,17.0,6.657143,10.814286,2.357143,74.02857,1.7571429,1.7285715,1.6285714,10.385715,6.785714,0.0004978478,0.008918293,0.00040467014,0.0026256293,0.0,True
1994-04-04,29.89,16.0,7.928571,14.6285715,3.557143,77.4,1.8285714,1.7142857,1.7428571,9.914286,8.5,0.0003106743,0.009358063,2.2706532e-08,4.1164458e-07,0.0,True
1994-04-11,30.02,22.2,5.971429,10.714286,1.0571429,75.75715,1.4857142,1.3571428,1.5142858,9.714286,7.4142857,0.0008224994,0.009385943,4.5980727e-07,3.8389117e-06,4.541129e-06,True
1994-04-18,30.2,36.0,7.8,11.942858,4.357143,72.58572,1.5428572,1.5142858,1.6428572,10.857142,8.8,0.0017784685,0.01222752,2.8383164e-08,8.493662e-07,0.0,True
1994-04-25,30.22,0.1,12.857142,19.228573,4.7000003,51.05714,3.1285713,2.4857142,3.5857143,9.4,13.771428,2.965331e-06,0.012010545,-7.345365000000001e-25,0.0,0.0,True
1994-05-02,30.06,0.6,13.385715,19.428572,8.814286,67.814285,2.542857,1.942857,2.8142858,8.285714,15.742857,1.8075109e-05,0.0114519745,-7.345365000000001e-25,3.7252903e-09,0.0,True
1994-05-09,29.85,3.6,13.242858,19.571428,6.728572,56.585716,3.557143,2.4142857,3.7571428,7.428571,15.257143,5.8695674e-05,0.010589778,-7.345365000000001e-25,0.0,0.0,True
1994-05-16,29.76,3.8000002,16.414286,22.34286,10.314286,58.5,3.6999996,1.5714285,3.9285715,6.6,17.9,2.476573e-05,0.009487286,-7.345365000000001e-25,7.450581e-09,0.0,True
1994-05-23,29.74,58.699997,13.471429,18.128572,9.357142,79.799995,2.3999999,1.7428571,2.3142858,7.8285713,15.957143,0.00084177405,0.0084281415,-7.345365000000001e-25,1.4901161e-08,0.0,True
1994-05-30,29.69216038136372,7.7999997,12.414286,16.614286,9.028572,77.557144,2.2,2.0,2.2285714,8.657143,16.028572,0.00012801588,0.0076962262,-7.345365000000001e-25,0.0,0.0,True
1994-06-06,29.7,14.0,14.228572,19.057142,9.257143,71.32857,3.085714,2.6285717,3.1000001,8.014286,16.571428,0.00014618039,0.0070780665,-7.345365000000001e-25,7.450581e-09,0.0,True
1994-06-13,29.66,11.2,13.985715,19.057144,9.1285715,79.37144,2.5714285,2.1000001,2.6142857,7.7285714,17.157143,4.4614077e-05,0.006506078,-7.345365000000001e-25,7.450581e-09,0.0,True
1994-06-20,29.61,12.6,14.571429,19.34286,9.957144,68.98571,3.1714284,2.3714287,3.2142856,7.042857,17.2,4.118681e-05,0.0059464276,-7.345365000000001e-25,7.450581e-09,0.0,True
1994-06-27,29.55,0.0,19.800001,25.27143,12.728572,57.07143,4.6714287,2.3428571,4.842857,6.0,21.72857,1.5892088e-05,0.005378239,-7.345365000000001e-25,1.1175871e-08,0.0,True
1994-07-04,29.52,36.0,21.657145,29.328571,15.357142,57.914284,5.171428,1.8285714,5.428571,5.457143,25.071428,9.676069e-05,0.00477124,-7.345365000000001e-25,1.1175871e-08,0.0,True
1994-07-11,29.48,30.5,18.97143,24.685715,14.271429,72.21429,3.5142858,2.1571429,3.6285713,5.9857144,22.471428,0.00025723875,0.004254207,-7.345365000000001e-25,1.4901161e-08,0.0,True
1994-07-18,29.44,7.7999997,22.657145,28.757143,16.800001,60.228573,4.857143,2.3,5.1571426,5.242857,25.8,2.2619963e-05,0.0037991777,-7.345365000000001e-25,1.1175871e-08,0.0,True
1994-07-25,29.43,0.0,23.414286,30.614286,15.914286,45.385715,5.6142855,0.8142857,6.3714285,4.7714286,25.62857,4.4703484e-08,0.0033720955,-7.345365000000001e-25,1.1175871e-08,0.0,True
1994-08-01,29.43,1.6,27.085714,34.628574,19.885714,53.728573,5.142857,0.75714284,5.914286,4.542857,28.528572,8.746982e-06,0.0029604957,-7.345365000000001e-25,1.1175871e-08,0.0,True
1994-08-08,29.39,3.5,23.257143,29.357143,17.342857,56.24286,4.2714286,0.7571429,4.7999997,4.428571,26.6,4.2676926e-05,0.0026059374,-7.345365000000001e-25,1.1175871e-08,0.0,True
1994-08-15,29.42,47.6,17.528572,22.12857,14.400001,73.200005,2.6285713,1.4428571,2.8428571,5.4857144,20.114286,0.00026328862,0.002335243,-7.345365000000001e-25,1.1175871e-08,0.0,True
1994-08-22,29.46,37.2,15.557143,21.014286,11.385715,75.34286,2.5142858,2.1714284,2.6285713,6.6571426,18.185715,0.0009254217,0.0021493286,-7.345365000000001e-25,1.1175871e-08,0.0,True
1994-08-29,29.46354852853512,28.0,17.057142,21.600002,12.757143,78.32857,2.2285714,2.0571427,2.3857143,7.5,19.3,0.0003914982,0.0019977912,-7.345365000000001e-25,7.450581e-09,0.0,True
1994-09-05,29.47,5.3,16.185715,20.028574,12.914286,78.78571,1.857143,1.6571429,2.142857,7.8142858,18.171429,0.00021654367,0.0018829107,-7.345365000000001e-25,1.4901161e-08,0.0,True
1994-09-12,29.49,37.2,13.914286,17.071428,10.942858,83.67143,1.5142857,1.5142857,1.5142857,8.814285,15.357142,0.008503765,0.0022100434,-7.345365000000001e-25,7.450581e-09,0.0,True
1994-09-19,29.49,20.0,13.0,16.042858,10.900001,83.200005,1.4,1.3571428,1.5,9.442857,14.214286,0.00020286441,0.0017559677,-7.345365000000001e-25,1.3038516e-08,0.0,True
1994-09-26,29.58,0.1,13.228572,18.37143,9.571428,82.08572,1.1,0.92857134,1.3571428,9.471429,14.571428,5.3718686e-06,0.0017264113,-7.345365000000001e-25,7.450581e-09,0.0,True
1994-10-03,29.56,8.599999,11.3714285,14.842857,7.957143,82.457146,0.8428572,0.7,1.0857142,9.157143,13.142858,9.353459e-05,0.0016979575,-7.345365000000001e-25,3.7252903e-09,0.0,True
1994-10-10,29.51,0.6,5.371429,10.785714,1.6428572,79.42857,0.7285714,0.64285713,0.9285714,9.214286,7.571429,2.7783215e-05,0.0016760007,-7.345365000000001e-25,0.0,0.0,True
1994-10-17,29.51,0.1,7.785714,13.1,3.8,81.8,0.62857145,0.5142857,0.82857144,8.957143,8.914286,3.6507845e-06,0.0016523749,-7.345365000000001e-25,1.8626451e-09,0.0,True
1994-10-24,29.5,1.8,6.9428573,11.985715,2.5285716,67.5,0.9714286,0.77142864,1.4571428,8.657143,6.8,1.09523535e-05,0.0016278923,-7.345365000000001e-25,0.0,0.0,True
1994-10-31,29.506076847987675,21.0,9.400001,13.1,5.971429,83.5,0.8000001,0.75714284,0.8142857,8.6,8.914286,0.00033797324,0.0016043931,-7.345365000000001e-25,1.1175871e-08,0.0,True
1994-11-07,29.49,0.9,8.342857,12.6285715,5.014286,77.78571,0.67142856,0.61428565,0.90000004,9.0,7.457143,2.6255846e-05,0.0015841126,-7.345365000000001e-25,3.7252903e-09,0.0,True
1994-11-14,29.52,11.7,4.914286,6.957143,1.8000001,80.52857,0.34285715,0.31428573,0.61428577,8.957143,4.8428574,0.00013747066,0.0015703738,1.4810335e-05,6.588176e-05,7.153675e-05,True
1994-11-21,29.55,14.999999,8.114286,10.585714,5.7428575,85.38572,0.6857143,0.6857143,0.61428577,9.842857,7.071429,0.00023213029,0.0015608519,2.5544847e-07,7.553026e-06,0.0,True
1994-11-28,29.6,4.8999996,6.1285715,7.828572,3.114286,92.07143,0.3,0.3,0.3285714,10.085714,5.757143,0.00013323128,0.0015639514,-7.345365000000001e-25,1.8626451e-09,0.0,True
1994-12-05,29.62,2.4,4.557143,7.471429,2.0285716,87.5,0.24285713,0.24285713,0.27142859,10.171429,3.4142857,4.29675e-05,0.0015845224,-7.345365000000001e-25,1.8626451e-09,0.0,True
1994-12-12,29.63,23.9,7.0,8.885715,3.457143,84.02857,0.67142856,0.67142856,0.55714285,10.342857,5.1714287,0.0002566725,0.0016157404,-7.345365000000001e-25,5.5879354e-09,0.0,True
1994-12-19,29.66,1.7,2.0428572,4.8857145,0.12857148,85.700005,0.31428573,0.31428573,0.3285714,10.442857,1.9428571,8.422136e-05,0.001667358,0.00057091034,0.0007167794,0.0015668832,True
1994-12-26,29.67,3.2,0.14285716,1.3000001,-1.5571429,90.557144,0.08571429,0.08571429,0.20000002,10.2,0.071428575,1.54078e-05,0.0017421767,0.000773481,0.00029185228,0.0015384853,True
1995-01-02,29.71,25.4,5.2000003,7.9857144,3.3142858,84.74286,0.76,0.76,0.64285713,10.5,4.44,0.0006180182,0.0018362552,0.0008681899,0.0037250556,0.0046914667,True
1995-01-09,29.71,8.2,-4.9714284,-2.8285716,-7.6714287,87.35714,0.014285714,0.014285714,0.12857142,10.314285,-1.0571429,3.4958124e-05,0.00203681,0.0038065626,0.00057809986,0.0036672466,True
1995-01-16,29.73,3.8000002,0.95714283,2.8857143,-1.0857143,83.8,0.38571426,0.37142855,0.44285718,10.342857,-0.057142857,0.00021785498,0.0022526756,0.00584893,0.0046816245,0.002593957,True
1995-01-23,29.74,16.8,1.7857143,4.7285714,-0.58571434,80.614296,0.59999996,0.5857143,0.55714285,10.328571,0.21428572,0.0004877746,0.0024607703,0.0058015017,0.009944793,0.0073607937,True
1995-01-30,29.713257729159064,19.8,4.857143,8.214286,1.5857143,85.77143,0.82857144,0.82857144,0.67142856,10.542857,3.1142857,0.00077355653,0.002802603,0.0014866476,0.009014033,0.0083777085,True
1995-02-06,29.79,6.3,5.0142856,7.3428574,1.1714287,81.58572,0.68571424,0.68571424,0.7571429,10.3,3.1285715,0.00016666949,0.0036351606,0.00016613233,0.00054499507,1.7497689e-05,True
1995-02-13,29.88,24.199999,3.4857142,7.328572,0.0,84.08572,0.7714286,0.7571429,0.59999996,10.471429,3.0857143,0.0005726516,0.004509218,0.0016333376,0.0059348475,0.005954005,True
1995-02-20,29.95,19.0,6.0428576,9.814286,3.2,78.94286,1.2285715,1.2285715,0.9285714,10.314285,5.142857,0.00042074174,0.005496338,2.7894974e-05,0.00024553947,0.0,True
1995-02-27,30.0,8.6,3.7142856,7.5,0.88571423,79.78571,0.9428572,0.9285715,0.91428566,10.142858,3.9714286,0.00010161102,0.006409861,4.4107437e-06,6.299466e-06,4.0635467e-05,True
1995-03-06,29.88,6.1,5.1857147,8.928572,1.3714286,75.32857,1.2,1.1285715,1.0714285,9.957143,4.4428573,0.00016580522,0.0069254786,6.310145e-05,0.00041070394,0.00051640347,True
1995-03-13,29.85,0.0,3.5285716,8.6285715,-0.78571427,74.042854,1.1428572,0.94285715,1.1571429,9.5,4.071429,3.4436584e-05,0.0070394427,5.1282703e-05,0.00013647601,8.158386e-06,True
1995-03-20,29.82,8.1,2.8428574,6.6714287,-0.37142852,78.1,1.057143,1.0285715,1.1714286,9.3714285,2.857143,0.00028865784,0.006975621,0.0004515591,0.0019959603,0.0020482615,True
1995-03-27,29.77,22.1,5.6857147,10.3,1.9428571,70.22857,1.8142856,1.6142856,1.8428571,9.185715,5.857143,0.0007868707,0.0068577826,8.138021e-05,0.00015237741,0.0010757893,True
1995-04-03,29.79,15.2,5.2428575,9.5,1.5142858,78.814285,1.5714285,1.5142858,1.542857,9.7,5.1857142,0.0002924502,0.0067456737,0.0023278338,0.0066989604,0.0060385726,True
1995-04-10,29.79,10.4,6.785714,10.971429,2.9285715,67.02857,1.8142856,1.6571426,1.9142858,9.3714285,7.542857,0.00021523237,0.006691605,6.073997e-07,4.703179e-06,0.0,True
1995-04-17,29.78,12.0,5.6714287,10.185715,1.9142858,82.07143,1.3285714,1.2142857,1.3285714,9.328571,7.214286,0.00037026405,0.0066354647,2.8684026e-05,0.0002037324,0.00042932853,True
1995-04-24,29.75,11.9,12.342857,17.657145,6.7714286,67.64286,2.8999999,2.5857143,3.2,9.614285,11.571428,0.00022092462,0.0065825954,2.5045305e-05,0.00023601577,0.0,True
1995-05-01,29.75,0.2,11.657143,17.2,6.471429,61.44286,2.6571426,2.0428574,3.142857,8.485714,14.1,9.4518065e-05,0.0064658,-7.345365000000001e-25,3.7252903e-09,0.0,True
1995-05-08,29.71,4.3,14.3714285,20.557144,7.471429,57.87143,3.5857143,2.5285716,3.8714287,7.4142857,16.885714,7.56681e-05,0.006215483,-7.345365000000001e-25,0.0,0.0,True
1995-05-15,29.67,15.7,8.657144,12.885714,5.157143,77.41429,1.9857142,1.6571428,1.9428571,7.214286,11.3,0.00014624,0.0059255883,-7.345365000000001e-25,0.0,0.0,True
1995-05-22,29.66,16.7,10.828572,15.900001,5.8857145,68.84286,2.4714284,2.0285716,2.6571429,7.4142857,13.885715,0.00019572675,0.005623229,-7.345365000000001e-25,0.0,0.0,True
1995-05-29,29.64351562830755,0.1,19.042858,26.314287,11.028572,56.657143,4.5142856,2.8999999,4.8714285,6.457143,20.928572,8.98391e-05,0.005229257,-7.345365000000001e-25,1.1175871e-08,0.0,True
1995-06-05,29.64,36.5,14.6,18.300001,11.557143,85.77143,1.9428571,1.7142857,1.9,7.6714287,17.4,0.0013662726,0.004868917,-7.345365000000001e-25,3.7252903e-09,0.0,True
1995-06-12,29.64,18.7,13.900001,17.9,10.228571,80.37142,2.1857142,1.9857143,2.3857143,8.228572,17.22857,0.00048054755,0.0045894533,-7.345365000000001e-25,0.0,0.0,True
1995-06-19,29.69,24.5,14.028572,18.114286,9.557143,81.457146,2.585714,2.357143,2.3857143,8.9,16.542856,0.0015054792,0.0044845715,-7.345365000000001e-25,7.450581e-09,0.0,True
1995-06-26,29.75,13.299999,17.085714,22.34286,12.114286,76.67143,3.2571428,2.8142855,3.3,8.285714,19.0,6.337464e-05,0.004263334,-7.345365000000001e-25,1.4901161e-08,0.0,True
1995-07-03,29.62,7.6,19.5,25.257143,13.2,64.75715,4.4714284,3.257143,4.557143,7.071429,22.785715,6.452203e-05,0.0040470213,-7.345365000000001e-25,7.450581e-09,0.0,True
1995-07-10,29.6,0.0,21.528574,27.071428,15.228571,59.84286,4.4714284,2.7,5.0,6.3142858,23.5,1.579523e-05,0.0038003325,-7.345365000000001e-25,3.7252903e-09,0.0,True
1995-07-17,29.56,25.2,21.9,28.600002,17.428572,76.51429,3.9142857,2.1714287,4.0142856,5.8142858,25.5,0.00029088557,0.0035221726,-7.345365000000001e-25,1.4901161e-08,0.0,True
1995-07-24,29.51,2.2,20.928572,26.34286,15.742858,67.64286,3.8999999,2.3285713,4.1142855,5.642857,23.814285,8.922815e-05,0.00328964,-7.345365000000001e-25,1.4901161e-08,0.0,True
1995-07-31,29.49587640371597,0.0,22.97143,29.557144,16.028572,53.385715,4.8857145,1.1571428,5.557143,5.2,24.77143,1.6093254e-06,0.0030295476,-7.345365000000001e-25,1.1175871e-08,0.0,False
1995-08-07,29.49,0.0,21.87143,28.642857,15.585715,57.157143,4.4142857,0.6,5.0,4.9,24.828571,4.172325e-07,0.0027563795,-7.345365000000001e-25,1.3038516e-08,0.0,True
1995-08-14,29.45,6.7000003,20.428572,27.914288,13.085715,53.728573,4.2,0.5714286,4.7571425,4.714286,24.028572,3.3646822e-05,0.0025010407,-7.345365000000001e-25,7.450581e-09,0.0,True
1995-08-21,29.42,4.3,21.757143,28.4,15.1,63.642857,3.4428573,0.6428571,4.0857143,4.6714287,23.385714,1.4290214e-05,0.0022850335,-7.345365000000001e-25,1.3038516e-08,0.0,True
1995-08-28,29.4,8.8,18.785715,24.442858,14.900001,69.87144,2.8142855,0.85714287,3.3285713,4.5,21.328571,0.0001103729,0.002081722,-7.345365000000001e-25,1.1175871e-08,0.0,True
1995-09-04,29.42,40.7,12.928572,17.342857,10.228571,81.17143,1.6285715,1.3,1.7142857,5.9714284,14.257143,0.00029405951,0.0019393712,-7.345365000000001e-25,1.1175871e-08,0.0,True
1995-09-11,29.45,8.3,15.942858,21.27143,11.542857,78.21429,2.0571427,1.7142856,2.2428572,6.385714,17.27143,0.00012022257,0.001821354,-7.345365000000001e-25,1.4901161e-08,0.0,True
1995-09-18,29.46,0.1,15.7,21.34286,11.8714285,78.614296,1.557143,1.1571429,2.0,6.0571427,17.714285,0.00010897219,0.0017154887,-7.345365000000001e-25,3.7252903e-09,0.0,True
1995-09-25,29.49,18.099998,13.042857,16.885715,9.785714,86.15715,1.1571429,0.9714286,1.3285714,6.6714287,14.642858,0.00012205541,0.0016271695,-7.345365000000001e-25,3.7252903e-09,0.0,True
1995-10-02,29.49,30.2,9.214286,13.1285715,6.828572,85.6,1.0571429,1.0428572,1.1285714,7.9,10.514286,0.00023847818,0.0015540272,-7.345365000000001e-25,5.5879354e-09,0.0,True
1995-10-09,29.51,0.2,16.428572,21.814287,12.2,80.22858,1.2285715,1.0428572,1.5571429,7.885714,16.057142,2.0489097e-05,0.0014910847,-7.345365000000001e-25,3.7252903e-09,0.0,True
1995-10-16,29.51,0.0,14.085715,17.671429,11.014285,89.22858,0.61428577,0.51428574,0.87142855,7.614286,15.285714,1.92374e-05,0.0014361218,-7.345365000000001e-25,3.7252903e-09,0.0,True
1995-10-23,29.5,1.0999999,9.285714,14.17143,5.357143,81.24286,0.7571429,0.61428565,0.94285715,7.457143,10.657143,7.2419643e-06,0.0013905168,-7.345365000000001e-25,5.5879354e-09,0.0,True
1995-10-30,29.52534039869452,2.8,9.6,14.300001,4.785714,84.37144,0.6714286,0.5285714,0.7714286,7.1714287,9.8,1.66744e-05,0.0013464242,-7.345365000000001e-25,3.7252903e-09,0.0,True
1995-11-06,29.53,33.2,3.4714286,5.957143,0.51428574,87.84286,0.51428574,0.50000006,0.40000004,7.6285715,4.214286,0.00020656735,0.0013092235,0.0013516744,0.001992697,0.0039334297,True
1995-11-13,29.56,3.9,4.428571,7.3428574,1.1857144,86.200005,0.29999998,0.2857143,0.3285714,8.342857,4.285714,9.056926e-05,0.0012769327,0.0005272627,0.0018768758,3.1292439e-07,True
1995-11-20,29.54,13.6,3.4714286,6.5,0.9857144,83.72858,0.45714286,0.42857143,0.45714286,8.671429,3.5428572,0.00012770295,0.0012495741,0.0012780825,0.00032244995,0.007216286,True
1995-11-27,29.55,0.3,0.4857143,3.9714286,-2.642857,88.957146,0.18571429,0.18571429,0.114285715,9.314285,0.6857143,7.747114e-05,0.0012273863,0.00394673,0.0054240525,1.8626451e-08,True
1995-12-04,29.57,2.0,-1.2714287,-0.11428572,-2.4285715,88.52857,0.014285714,0.014285714,0.29999998,9.385715,-0.44285715,1.8551946e-05,0.0012102053,0.0014945496,0.00038049743,0.0007406324,True
1995-12-11,29.59,9.799999,-1.957143,-0.82857144,-3.5285716,89.44286,0.014285714,0.014285714,0.2857143,9.542857,-1.3428571,4.7698617e-05,0.0011966676,0.006082654,0.0027162451,0.007891269,True
1995-12-18,29.6,0.2,-2.1714287,-0.9714286,-3.3,90.4,0.042857144,0.042857144,0.2857143,9.6,-1.1857142,8.009374e-06,0.0011849478,0.0072995764,0.00024935417,0.0017549768,True
1995-12-25,29.6,20.0,-0.24285719,2.6285717,-3.2428572,91.40001,0.12857144,0.114285715,0.22857143,10.014286,-0.8428571,0.00068351626,0.0011750162,0.0062397947,0.008706294,0.0035602339,True
1996-01-01,29.62,0.1,-7.9000006,-5.6,-10.285714,85.457146,0.0,0.0,0.17142858,10.316667,-2.8333333,7.674098e-07,0.0011754781,0.00470959,0.0,0.001579959,True
1996-01-08,29.63,0.3,-3.2428572,-1.2142857,-5.728572,86.457146,0.042857144,0.028571429,0.2857143,10.185715,-3.0714285,2.4296343e-05,0.0011883229,0.00471567,0.0009682439,0.0003848374,True
1996-01-15,29.6,0.0,0.25714287,1.8571428,-1.2285715,94.200005,0.114285715,0.114285715,0.114285715,10.1,-0.5857143,3.0443072e-05,0.0012039915,0.0030274675,0.0017049313,5.3972006e-05,True
1996-01-22,29.58,0.0,-3.9142857,-1.7857143,-5.142857,88.614296,0.0,0.0,0.2857143,10.0,-3.2142856,2.5331974e-06,0.0012201667,0.002532329,0.00013106875,0.0007523857,True
1996-01-29,29.57060605630875,0.0,-8.457143,-5.3428574,-11.2,71.44286,0.0,0.0,0.4714286,10.0,-7.757143,1.4901161e-07,0.001236096,0.002950833,0.0,0.0015694238,True
1996-02-05,29.58,1.5,-4.4142857,-1.2285715,-7.414286,82.0,0.0,0.0,0.32857147,10.0,-4.3714285,2.6077032e-07,0.0012499765,0.0041818223,0.0,0.0026204288,True
1996-02-12,29.55,6.8,-6.642857,-2.642857,-10.942858,74.02857,0.14285715,0.12857142,0.4857143,9.985714,-5.6714287,2.796948e-05,0.0012611598,0.0055243117,0.0012810398,0.0025964677,True
1996-02-19,29.53,18.3,1.0714287,2.6857142,-1.0857143,89.685715,0.42857143,0.41428572,0.40000004,10.142858,-0.071428575,0.0005133897,0.0012696013,0.007981079,0.011027876,0.01039388,True
1996-02-26,29.49,6.7999997,-2.2714286,1.957143,-5.9857144,79.07143,0.37142855,0.35714287,0.64285713,10.3,-0.028571429,0.0001026988,0.0012935176,0.008275236,0.0046953317,0.004632406,True
1996-03-04,29.65,0.3,0.22857144,4.3142858,-2.3428574,78.72858,0.4857143,0.44285718,0.7428571,9.928572,0.25714287,6.978959e-05,0.001342997,0.0029403141,0.002927404,0.0016376004,True
1996-03-11,29.66,2.1,-0.24285714,3.3857143,-3.2285714,72.74286,0.7285714,0.61428577,1.0857142,9.657143,0.042857144,2.2478402e-05,0.0014050454,0.00425345,0.0008572545,0.0042273365,True
1996-03-18,29.65,0.4,0.3857143,2.8999999,-1.9,77.799995,0.4,0.34285715,0.9428572,9.457143,-0.071428575,5.0142407e-05,0.0014640316,0.003808243,0.0027390644,0.0004889816,True
1996-03-25,29.65,7.4,3.7428572,7.9428573,0.057142884,79.72857,0.88571435,0.7714286,1.0714285,9.228572,2.5857143,0.0001232028,0.0015075877,0.000587611,0.0016880613,2.7060509e-05,True
1996-04-01,29.65,6.7999997,1.5857143,6.3857145,-2.2714286,74.07143,1.2142857,1.0428572,1.2714285,9.042857,2.3857143,8.761883e-05,0.0015382767,0.0008383422,0.0014116503,0.003683649,True
1996-04-08,29.6,0.0,6.6285715,11.914286,0.6285714,68.87143,1.5285712,1.1999999,1.8428571,8.7,5.5142856,4.7668815e-05,0.0015605241,0.0008853958,0.002256671,0.00027478486,True
1996-04-15,29.59,3.2,5.471429,10.528571,0.82857144,68.24286,1.6285715,1.3142859,1.7571429,8.271428,6.4714284,8.067489e-05,0.0015674978,0.0008942116,0.0027519409,0.0035309382,True
1996-04-22,29.56,0.0,15.714286,23.585714,5.6285715,38.24286,4.014286,2.7428572,4.585714,7.285714,14.3714285,9.559095e-06,0.001551874,0.00010008471,0.00062646717,0.0,True
1996-04-29,29.568651461484023,8.9,13.5,20.114286,8.457143,65.62858,3.0285714,1.9,3.1571429,6.4428573,15.557143,7.549673e-05,0.0015157238,-7.345365000000001e-25,4.4703484e-08,0.0,True
1996-05-06,29.54,10.5,10.7,15.614286,5.4428573,73.17143,2.1,1.5142857,2.1142857,6.5,12.8714285,0.0001424104,0.001481384,-7.345365000000001e-25,0.0,0.0,True
1996-05-13,29.53,25.1,8.671429,10.6285715,6.828572,90.557144,1.1285715,0.95714283,0.9714286,7.1714287,9.842857,8.845329e-05,0.0014520958,-7.345365000000001e-25,3.7252903e-09,0.0,True
1996-05-20,29.6,22.1,13.099999,18.300001,9.3,80.98572,2.2,1.9857142,2.2428572,7.285714,14.985714,0.0012476742,0.0014210045,-7.345365000000001e-25,0.0,0.0,True
1996-05-27,29.64,28.2,13.385715,18.657145,9.014286,80.614296,2.6142857,2.4857144,2.2714286,7.9,15.171429,0.00071885437,0.0013795644,-7.345365000000001e-25,3.7252903e-09,0.0,True
1996-06-03,29.59,11.7,15.185715,19.671429,10.314286,74.84286,2.9142857,2.4285715,2.857143,7.614286,17.028572,0.00014600158,0.001342617,-7.345365000000001e-25,0.0,0.0,True
1996-06-10,29.56,3.0,21.642857,28.457142,14.657144,65.72857,4.4428573,3.3142858,4.7999997,6.785714,23.87143,3.5449862e-05,0.0012959316,-7.345365000000001e-25,1.1175871e-08,0.0,True
1996-06-17,29.56,0.6,17.157145,23.042858,11.028572,65.11429,3.9428573,2.3285716,4.214286,5.714286,21.285715,1.9207597e-05,0.0012362674,-7.345365000000001e-25,0.0,0.0,True
1996-06-24,29.53,2.9,12.914286,16.528572,9.871429,72.58572,2.3428571,1.0142857,2.4857142,5.0571427,16.014286,3.0234456e-05,0.0011857226,-7.345365000000001e-25,3.7252903e-09,0.0,True
1996-07-01,29.41,13.3,15.157144,20.857143,10.400001,75.0,2.6571429,1.1999999,2.957143,4.9714284,17.057142,0.00015482306,0.0011438429,-7.345365000000001e-25,1.1175871e-08,0.0,True
1996-07-08,29.48,31.6,15.228572,20.27143,11.0,82.22858,2.7571428,2.1428573,2.5857143,5.6571426,17.542856,0.0019459426,0.0011020228,-7.345365000000001e-25,1.4901161e-08,0.0,True
1996-07-15,29.50076603864825,2.0,16.7,20.514286,13.085714,77.87144,2.7142856,2.2714286,2.8285713,7.0285716,18.085714,0.00013782084,0.0010717288,-7.345365000000001e-25,1.4901161e-08,0.0,True
1996-07-22,29.487820384355096,3.6,15.800001,21.985716,9.5,62.81429,3.4285715,2.4428573,3.8857143,6.1857142,19.3,2.2694468e-05,0.0010415763,-7.345365000000001e-25,3.7252903e-09,0.0,False
1996-07-29,29.475921420356308,13.5,18.114286,22.542858,13.571428,77.614296,2.9428573,2.157143,3.0,6.2285714,20.571428,0.00042153895,0.0010079443,-7.345365000000001e-25,1.4901161e-08,0.0,True
1996-08-05,29.47334652735004,15.4,18.071428,23.157145,13.514285,73.4,2.9,2.1142857,3.2428572,6.071429,21.185715,0.00014257431,0.0009811074,-7.345365000000001e-25,9.313226e-09,0.0,True
1996-08-12,29.44,7.8,19.528574,25.457142,14.6285715,68.12858,3.3857143,2.1714284,3.7285714,5.2714286,21.6,0.0001861602,0.0009518787,-7.345365000000001e-25,1.8626451e-08,0.0,True
1996-08-19,29.42,18.0,17.87143,23.542858,14.014285,83.72858,2.2285714,1.7714287,2.4428573,5.614286,19.857143,0.0007606447,0.0009300262,-7.345365000000001e-25,9.313226e-09,0.0,True
1996-08-26,29.42,8.7,20.685715,28.128572,15.328572,67.62858,3.314286,2.1000001,3.8857143,5.0285716,22.27143,0.00023896992,0.00090482086,-7.345365000000001e-25,9.313226e-09,0.0,True
1996-09-02,29.41,2.3,15.885715,21.257143,11.514285,76.62858,1.9285716,1.3428572,2.4285715,5.2,17.842857,0.0016393289,0.0008859411,-7.345365000000001e-25,1.3038516e-08,0.0,True
1996-09-09,29.4,10.5,13.2,19.257143,9.185715,75.27143,1.8714286,1.3428571,2.2571428,5.2714286,15.314285,6.6906214e-05,0.0008689314,-7.345365000000001e-25,3.7252903e-09,0.0,True
1996-09-16,29.42,10.3,11.142858,15.800001,7.2428575,81.51429,1.2857143,1.042857,1.4571428,5.542857,12.571428,0.00019609928,0.0008560866,-7.345365000000001e-25,0.0,0.0,True
1996-09-23,29.42,0.2,9.971429,14.414286,6.7428575,75.74286,1.0857142,0.8142857,1.7571429,5.5,10.8,1.2949109e-05,0.0008452982,-7.345365000000001e-25,3.7252903e-09,0.0,True
1996-09-30,29.443929363139105,12.700001,11.357142,14.657144,8.242857,86.700005,0.8000001,0.6857143,0.9857143,5.7714286,11.6,0.00022681057,0.0008376315,-7.345365000000001e-25,9.313226e-09,0.0,True
1996-10-07,29.44,16.3,10.6285715,15.6,7.2571435,85.07143,0.85714287,0.7714286,0.9857143,6.4428573,11.514286,0.00042065978,0.00083242357,-7.345365000000001e-25,5.5879354e-09,0.0,True
1996-10-14,29.46,2.1,10.942857,15.914286,6.7714286,85.21429,0.7142858,0.55714285,0.85714287,6.3142858,11.271428,8.791685e-06,0.00083497167,-7.345365000000001e-25,3.7252903e-09,0.0,True
1996-10-21,29.47,11.1,10.642858,14.214286,7.3285713,89.614296,0.51428574,0.47142857,0.5857143,6.5571427,10.428572,0.00026854873,0.0008417964,-7.345365000000001e-25,3.7252903e-09,0.0,True
1996-10-28,29.49,18.7,8.085714,11.442857,4.5142856,88.88572,0.55714285,0.5,0.5428571,7.042857,7.8714285,0.0002206564,0.0008552894,-7.345365000000001e-25,5.5879354e-09,0.0,True
1996-11-04,29.5,6.2,10.67143,13.157144,8.657144,83.78571,0.90000004,0.84285706,1.0285714,7.5142856,9.528571,0.00016568601,0.00088056177,-7.345365000000001e-25,1.3038516e-08,0.0,True
1996-11-11,29.52,7.2,7.957143,11.342857,5.085714,80.90001,0.71428573,0.6714286,0.9142857,7.5571427,6.9428573,0.00018039346,0.00092315674,-7.345365000000001e-25,1.8626451e-09,0.0,True
1996-11-18,29.54,10.4,4.914286,6.7571425,2.6714287,92.942856,0.17142859,0.17142859,0.34285715,7.9,4.642857,0.00015600026,0.0009763986,-7.345365000000001e-25,0.0,0.0,True
1996-11-25,29.56,1.6,2.2142859,5.042857,-0.028571436,84.51429,0.37142855,0.35714284,0.47142857,8.385715,1.9857143,0.00010544807,0.0010412186,1.510552e-05,1.793541e-05,0.0006699823,True
1996-12-02,29.54,18.6,1.1714287,2.3428574,-0.2857143,93.21429,0.24285714,0.24285714,0.27142859,8.8714285,0.6857143,0.00030172616,0.0011177361,0.0064767315,0.007728439,0.012957104,True
1996-12-09,29.53,0.4,1.457143,3.8,0.057142854,86.41429,0.21428573,0.21428573,0.34285715,9.171429,1.0714285,0.00013540685,0.0012142658,0.0021029143,0.004558215,1.4733523e-05,True
1996-12-16,29.5,1.7,0.18571427,1.8714286,-1.9,89.57143,0.11428572,0.11428572,0.25714284,9.3,-0.24285714,4.3943524e-05,0.0013482347,0.0014542625,0.00082398206,0.0005840957,True
1996-12-23,29.48,3.9,-2.1285717,0.25714287,-4.0857143,83.557144,0.057142857,0.042857144,0.2857143,9.6,-1.4428571,8.697808e-05,0.0014714077,0.0019720225,0.0005340986,0.0017860495,True
1996-12-30,29.456881599167687,2.7,-9.042857,-5.8,-11.728571,86.557144,0.0,0.0,0.014285714,9.657143,-5.7285714,1.8626451e-07,0.0015828907,0.0028934877,0.0,0.0034040287,True
1997-01-06,29.45,0.0,-10.071428,-7.3428574,-13.442858,86.0,0.0,0.0,0.12857144,9.6,-6.3,2.1606684e-07,0.0016788319,0.0060142903,0.0,0.0016959533,True
1997-01-13,29.42,1.2,-4.1714287,-2.5142858,-6.285714,87.457146,0.014285714,0.014285714,0.25714287,9.685715,-3.0714285,2.2634864e-05,0.0017537847,0.0071254796,0.0010375436,0.0012024976,True
1997-01-20,29.38,2.1,0.5142857,4.357143,-2.614286,85.74286,0.22857144,0.18571429,0.25714284,9.614285,-1.7,0.00018915534,0.0018084869,0.004951233,0.003916273,0.0009392947,True
1997-01-27,29.38,0.4,1.0285715,3.6714287,-0.88571423,83.44286,0.2857143,0.24285713,0.40000004,9.614285,-0.35714287,9.469688e-05,0.0018530712,0.0020822457,0.0025661066,0.00013235584,True
1997-02-03,29.31,2.0,0.12857144,2.5285716,-2.914286,88.700005,0.2857143,0.27142856,0.31428573,9.457143,-0.5857143,4.4748187e-05,0.0019075945,0.00058216706,0.0010460913,0.0002037324,True
1997-02-10,29.3,3.8,4.6714287,8.014286,0.78571427,77.08571,0.8142857,0.71428573,0.8,9.328571,0.9285714,6.3076615e-05,0.0019651353,0.00019959042,0.0004749745,2.380833e-05,True
1997-02-17,29.32,13.6,2.9428573,6.0285716,0.7142857,79.57143,0.84285706,0.8285714,0.82857144,9.4,1.9857143,0.00034279376,0.0020215288,0.00020355837,0.00016570464,0.00085667893,True
1997-02-24,29.33,15.5,7.085715,10.242857,3.042857,77.57143,1.2714285,1.2142857,1.1428572,9.714286,3.9857142,0.00038824975,0.0021409765,0.00021018868,0.0010675564,0.00040768087,True
1997-03-03,29.33,29.599998,7.9428573,12.814286,4.142857,69.51429,1.8285714,1.7142857,1.6571429,9.828571,6.8428574,0.00039488077,0.0023686737,4.5413064e-08,1.0877848e-06,0.0,True
1997-03-10,29.32,0.0,6.7999997,13.1,0.7714286,70.814285,1.2142857,0.94285715,1.3571428,9.257143,6.5571427,1.1101365e-06,0.002644211,-7.345365000000001e-25,1.4156103e-07,1.4528632e-07,True
1997-03-17,29.31,6.5,5.557143,9.271429,2.9428573,82.68572,0.8428572,0.74285716,0.9142857,8.957143,6.1857142,0.00010553002,0.0028167292,0.00028701624,0.00024561398,0.0023300834,True
1997-03-24,29.31,8.7,1.4857142,5.428571,-2.5857143,72.957146,0.9285715,0.82857144,1.1285714,9.214286,2.6142857,0.00021705776,0.0029114634,0.0021646875,0.0029740967,0.0026606582,True
1997-03-31,29.579144254406604,4.7,6.957143,11.342857,2.7000003,66.942856,2.0,1.7714287,1.9571428,8.942857,6.885714,0.00016289204,0.0029716864,0.00033654485,0.0014599022,2.05338e-05,True
1997-04-07,29.59,13.099999,5.642857,11.642858,1.0285715,70.957146,1.8428571,1.6571428,1.8142856,8.714286,6.9714284,0.00019472837,0.0029981807,0.0004720858,0.0021875706,0.0029885098,True
1997-04-14,29.7,2.8000002,6.6714287,11.2,1.9142858,59.585716,1.9714285,1.6714287,2.1571429,8.4,7.4,5.6371093e-05,0.0029942617,0.00019319284,0.00075490586,2.4959445e-07,True
1997-04-21,29.86701662292048,1.9,4.7285714,10.428572,0.24285711,61.457146,2.0142856,1.6,2.0714285,7.742857,7.0571427,5.7920814e-05,0.0029689744,3.7749607e-05,0.00015330873,0.00017374009,True
1997-04-28,29.950868291870865,5.1,9.957144,15.542857,3.3857143,58.557148,2.7285714,2.0142856,2.857143,6.928571,10.485714,6.651878e-05,0.0029142424,3.6500749e-06,1.904741e-05,7.450581e-09,True
1997-05-05,30.26,7.8,12.6285715,17.214285,8.8,78.67143,2.4142857,1.9142857,2.3285713,6.7285714,13.685715,0.00013589859,0.0028479472,-7.345365000000001e-25,7.450581e-09,0.0,True
1997-05-12,30.22,8.0,12.528572,18.642857,6.2571435,63.985718,3.2,2.5142856,3.1000001,6.642857,14.142858,0.0007594824,0.002763927,-7.345365000000001e-25,7.450581e-09,0.0,True
1997-05-19,30.18,6.1,19.657145,26.042858,13.885715,68.48572,3.8857143,2.3428571,4.2428575,5.6714287,21.028572,0.00057122856,0.0026525483,-7.345365000000001e-25,1.1175871e-08,0.0,True
1997-05-26,30.12,17.1,11.771429,16.857143,7.457143,74.21429,2.3857143,1.8428572,2.3999999,6.1714287,15.571428,0.0013963729,0.0025530532,-7.345365000000001e-25,0.0,0.0,True
1997-06-02,30.13,22.300001,11.342857,16.485714,5.928571,70.4,2.8714283,2.1285715,2.6000001,5.9857144,14.185715,0.00023287535,0.0024717674,-7.345365000000001e-25,7.450581e-09,0.0,True
1997-06-09,30.12,0.0,19.585714,25.585714,12.257143,51.9,4.9857144,1.6999999,5.4714284,5.1285715,21.071428,3.1664968e-06,0.0023627877,-7.345365000000001e-25,3.7252903e-09,0.0,True
1997-06-16,30.12,5.2999997,18.885714,24.657145,13.957144,64.84286,3.9142857,1.557143,4.1142855,4.9,21.657143,0.00022244453,0.002228804,-7.345365000000001e-25,3.7252903e-09,0.0,True
1997-06-23,30.11,14.1,15.385715,20.385715,10.442858,69.314285,3.042857,1.7714285,3.2857144,4.9,18.214285,0.00023916364,0.0021219552,-7.345365000000001e-25,7.450581e-09,0.0,True
1997-06-30,30.073462945787583,5.0,18.157145,23.7,13.414286,73.17143,3.5142858,2.457143,3.542857,4.928571,19.657143,0.00020582974,0.0020274743,-7.345365000000001e-25,1.8626451e-08,0.0,True
1997-07-07,30.11,1.1,18.77143,24.128572,13.7,68.314285,3.457143,1.8285716,3.7285714,4.4857144,21.085714,9.852648e-05,0.0019273981,-7.345365000000001e-25,1.4901161e-08,0.0,True
1997-07-14,30.13,0.2,20.357143,26.457144,13.271429,54.94286,4.3714285,0.9857143,5.0285716,4.0285716,23.042856,9.506941e-06,0.0018245727,-7.345365000000001e-25,3.7252903e-09,0.0,True
1997-07-21,30.13,80.8,18.171429,23.157145,15.385715,82.21429,2.457143,1.7571429,2.3999999,5.571429,20.542856,0.001729101,0.0017242655,-7.345365000000001e-25,1.8626451e-08,0.0,True
1997-07-28,30.15,3.8,19.942858,25.585714,15.185715,69.17143,3.4142854,2.9857142,3.9428573,7.4142857,22.557142,0.00012411177,0.0016617551,-7.345365000000001e-25,1.4901161e-08,0.0,True
1997-08-04,30.09,9.8,18.542858,24.242859,13.828572,74.01429,2.857143,2.357143,3.1571429,7.142857,21.671429,9.75579e-05,0.0016059652,-7.345365000000001e-25,7.450581e-09,0.0,True
1997-08-11,29.98,5.3,21.557144,28.228573,15.814285,66.3,3.8857143,2.6285713,4.1714287,6.257143,24.0,1.8045306e-05,0.0015461817,-7.345365000000001e-25,1.4901161e-08,0.0,True
1997-08-18,29.77,0.0,22.457144,29.257143,16.357143,60.200005,3.842857,1.6285715,4.5571427,5.1857142,24.6,3.6023557e-05,0.0014711022,-7.345365000000001e-25,5.5879354e-09,0.0,True
1997-08-25,29.6386337566532,1.5,23.414288,29.957142,17.814287,60.55714,3.7571428,0.7714286,4.2,4.7,24.72857,6.1787665e-05,0.0013943613,-7.345365000000001e-25,1.3038516e-08,0.0,True
1997-09-01,29.44,18.6,20.214285,26.97143,15.542857,73.61428,2.8714283,1.4714286,3.142857,5.2714286,22.1,0.00023671985,0.0013252348,-7.345365000000001e-25,7.450581e-09,0.0,True
1997-09-08,29.43,11.6,18.385714,22.942858,14.928572,78.4,1.9285715,1.4857143,2.3,5.457143,20.385714,0.00021335483,0.0012717918,-7.345365000000001e-25,1.4901161e-08,0.0,True
1997-09-15,29.43,7.9,14.042857,19.17143,9.728571,69.91429,2.042857,1.5,2.4142857,5.3142858,15.328571,0.00011802465,0.001225397,-7.345365000000001e-25,7.450581e-09,0.0,True
1997-09-22,29.42,0.0,12.6285715,18.857143,7.228572,69.78571,1.7571429,0.92857134,2.2142856,5.0571427,14.828571,2.7865171e-06,0.0011789724,-7.345365000000001e-25,3.7252903e-09,0.0,True
1997-09-29,29.428848913188794,4.1,13.0,19.9,6.957143,73.0,1.4285715,0.4857143,1.9142858,4.8,14.442857,3.0845404e-06,0.0011382625,-7.345365000000001e-25,1.8626451e-09,0.0,False
1997-10-06,29.42,6.1,13.371429,16.87143,10.771429,78.84286,1.2571429,0.7714286,1.6142857,4.7,13.514286,6.1139464e-05,0.0011014715,-7.345365000000001e-25,1.1175871e-08,0.0,True
1997-10-13,29.4,15.099999,13.385715,17.5,10.3714285,79.40001,1.3000001,0.98571426,1.5428572,4.9,12.942857,0.00017501414,0.0010695532,-7.345365000000001e-25,1.3038516e-08,0.0,True
1997-10-20,29.39,7.5,7.8142858,13.285714,3.4428573,79.07143,0.81428576,0.68571424,0.90000004,5.357143,8.357142,9.210408e-05,0.001043126,-7.345365000000001e-25,0.0,0.0,True
1997-10-27,29.39,5.6,2.5142858,7.928571,-0.71428573,78.25715,0.61428577,0.51428574,0.71428573,5.3142858,4.114286,8.189678e-05,0.001018256,3.8794107e-05,4.2438507e-05,0.00020127371,True
1997-11-03,29.39,0.6,2.8428574,6.1714287,-0.6,80.5,0.38571432,0.31428576,0.61428577,5.3,2.6857142,1.3589859e-05,0.0009979308,0.00031035286,0.0005722828,0.00052094087,True
1997-11-10,29.38,6.5,7.071429,10.228572,3.3428574,78.700005,0.5714286,0.4857143,0.78571427,5.3714285,4.9714284,0.0001412481,0.0009801984,3.1703996e-05,8.969568e-05,0.0,True
1997-11-17,29.35,5.8,5.6714287,7.7428575,3.2857144,88.85714,0.27142859,0.21428572,0.3857143,5.5285716,4.9857144,8.648634e-05,0.00096525997,-7.345365000000001e-25,2.0116568e-07,0.0,True
1997-11-24,29.34,0.0,0.114285715,2.0857143,-1.3857143,83.471436,0.18571429,0.15714286,0.3857143,5.785714,0.6571429,1.1473894e-06,0.00095267594,0.00013671603,3.4157187e-05,0.0004717745,True
1997-12-01,29.36,6.7,2.3,4.2714286,0.57142854,91.12858,0.15714286,0.12857144,0.34285715,5.8285713,1.2428571,4.3094158e-05,0.00094230473,0.0003075316,0.00034876913,4.8182905e-05,True
1997-12-08,29.38,12.0,1.7714287,3.2714288,-0.5142857,90.4,0.12857142,0.114285715,0.29999998,6.5285716,0.6,0.0001744777,0.00093367696,0.00362151,0.0063612945,0.008024514,True
1997-12-15,29.42,34.6,4.6571426,6.928571,2.8857143,89.299995,0.3285714,0.3285714,0.4,7.6857142,3.857143,0.0003643632,0.0009271726,0.000361312,0.0018953979,0.00018964708,True
1997-12-22,29.44,10.1,-3.6428573,-1.4285715,-6.0,85.6,0.014285714,0.014285714,0.3,8.457143,-2.3857143,0.00015875697,0.00092913955,0.00018975849,5.4448843e-05,0.00024784356,True
1997-12-29,29.48634595588777,10.200001,4.9,6.5,2.8857143,90.78571,0.41428572,0.4,0.3857143,9.071428,1.4285715,0.00023412704,0.00094453245,0.00016785235,0.0006450433,0.00031273812,True
1998-01-05,29.45,9.6,5.657143,7.6857147,3.3285716,81.0,0.25,0.25,0.64285713,9.2,1.45,0.00026975572,0.0009799004,1.3703391e-05,4.916638e-05,0.0,True
1998-01-12,29.44,18.8,6.4714284,9.5,3.6571429,88.07143,0.6571428,0.64285713,0.41428572,10.157143,4.9428573,0.0012997389,0.0010545626,-7.345365000000001e-25,2.3841858e-07,0.0,True
1998-01-19,29.46,7.0,4.8,7.571429,2.4857144,80.34286,0.5714286,0.5714286,0.59999996,10.0,3.1285715,9.6067786e-05,0.0012348816,-7.345365000000001e-25,0.0,0.0,True
1998-01-26,29.45,4.2,-0.5714286,2.1142857,-2.1857142,87.828575,0.15714286,0.15714286,0.3285714,10.157143,0.51428574,0.000114791095,0.0014150813,0.002183602,0.00063550845,0.0049500726,True
1998-02-02,29.46,6.6000004,-3.5857143,-0.48571435,-7.1857142,82.07143,0.057142857,0.057142857,0.35714287,10.3,-1.4142857,7.304549e-05,0.0015838891,0.004476241,0.0012906305,0.002905354,True
1998-02-09,29.49,0.8,2.557143,5.357143,0.057142872,77.17143,0.61428577,0.57142866,0.71428573,10.085714,0.12857144,0.00012516975,0.0017301664,0.0038732234,0.0054385085,0.0013652109,True
1998-02-16,29.5,1.7,10.185715,12.642858,7.414286,75.15715,1.1285714,1.0142857,1.4428571,9.7,6.785714,6.176531e-05,0.00185211,0.00016353812,0.0008472111,0.0,True
1998-02-23,29.53,0.4,6.914286,11.385715,3.2000003,73.62858,1.0428572,0.88571435,1.1,9.314285,6.071429,2.2158027e-05,0.0019506961,-7.345365000000001e-25,0.0,0.0,True
1998-03-02,29.53,11.3,6.828572,9.185715,4.2,80.38572,0.95714283,0.87142855,0.9714286,9.071428,5.928571,0.00010116398,0.0020238608,0.00011550245,0.00040363893,0.0008011684,True
1998-03-09,29.53,30.1,5.4428573,9.785714,2.6142857,81.971436,1.4285715,1.4285715,1.0142857,9.8,5.6285715,0.0016637295,0.0020819083,0.00016698951,0.0009004604,0.0010347031,True
1998-03-16,29.53,11.400001,2.457143,5.828572,-0.67142856,74.557144,0.94285715,0.90000004,1.0714285,10.014286,3.057143,0.00013530254,0.002252251,0.0006528071,0.00089802407,0.00064854696,True
1998-03-23,29.54,1.6,4.214286,8.214286,1.5285714,69.200005,1.3714285,1.2714285,1.3571428,9.971429,5.1857142,0.0001706034,0.0024705008,7.1900235e-05,0.00025751255,0.00032129884,True
1998-03-30,29.52262580138872,0.3,7.114286,12.342857,2.0142858,64.64286,1.6714286,1.3714286,1.8714286,9.385715,7.428571,2.8133392e-05,0.0026547313,6.87497e-05,0.0002014041,0.0,True
1998-04-06,29.54,17.2,10.842857,15.114286,6.8857145,78.35714,1.6714286,1.5428572,1.6285714,9.142858,10.985714,0.0004581213,0.0027633086,6.81196e-08,7.6927245e-07,0.0,True
1998-04-13,29.53,10.2,7.285714,11.242858,3.9857144,80.35714,1.5285714,1.4142857,1.457143,9.442857,8.585714,0.00030322373,0.0029050782,-7.345365000000001e-25,0.0,0.0,True
1998-04-20,29.51,4.8,7.642857,12.642858,2.6714287,69.04286,2.0142856,1.7142857,1.9714286,8.942857,9.214286,4.0888786e-05,0.00308308,-7.345365000000001e-25,0.0,0.0,True
1998-04-27,29.5,3.8999999,13.985715,18.985716,8.900001,71.52857,2.5285714,2.085714,2.5142858,8.457143,14.571428,0.00015252829,0.003174834,-7.345365000000001e-25,1.1175871e-08,0.0,True
1998-05-04,29.49,11.299999,14.842857,20.228573,10.585714,72.24286,2.6428568,2.1000001,2.6142857,7.6285715,16.485714,0.00023210049,0.003159821,-7.345365000000001e-25,1.1175871e-08,0.0,True
1998-05-11,29.48,3.8,16.485714,22.157145,10.485715,65.700005,3.2857144,2.1857142,3.5142858,7.0285716,17.014286,3.7297606e-05,0.003099814,-7.345365000000001e-25,3.7252903e-09,0.0,True
1998-05-18,29.47,0.1,15.685715,22.742859,8.657143,58.414288,3.957143,1.4999999,4.214286,5.9857144,18.785715,7.927418e-06,0.0029787794,-7.345365000000001e-25,3.7252903e-09,0.0,True
1998-05-25,29.47,2.4,12.828572,17.342857,8.500001,65.35714,2.8142858,0.9142857,3.0571427,5.614286,15.814285,5.6251884e-05,0.0028438792,-7.345365000000001e-25,0.0,0.0,True
1998-06-01,29.46,11.599999,18.328571,24.685715,13.114286,73.48572,3.6285717,1.3714285,3.5857143,5.5571427,20.428572,0.0005566478,0.0027106255,-7.345365000000001e-25,7.450581e-09,0.0,True
1998-06-08,29.47,10.700001,19.985716,26.37143,14.828572,67.32857,4.285714,2.6857145,4.342857,5.642857,22.571428,0.0001282841,0.0025538802,-7.345365000000001e-25,1.4901161e-08,0.0,True
1998-06-15,29.45,8.8,16.185715,21.385714,11.271429,70.47143,3.1142857,2.0285716,3.2142856,5.7,19.257143,0.00033853948,0.002397269,-7.345365000000001e-25,3.7252903e-09,0.0,True
1998-06-22,29.42,10.9,17.057142,22.557144,12.814286,73.87142,3.5285714,2.2714286,3.5,5.457143,19.671429,0.00013317168,0.002271518,-7.345365000000001e-25,1.1175871e-08,0.0,True
1998-06-29,29.47943104794032,19.5,17.542858,22.114286,14.042857,77.77143,3.4428573,2.5714285,3.3285713,5.428571,21.114286,0.0001559332,0.0021540076,-7.345365000000001e-25,7.450581e-09,0.0,False
1998-07-06,29.41,22.699999,15.342857,19.114286,12.585714,81.34286,2.6571429,2.0000002,2.4285715,5.242857,17.914286,0.00022318214,0.002043888,-7.345365000000001e-25,1.8626451e-08,0.0,True
1998-07-13,29.42,30.9,14.400001,19.028574,11.071428,83.74286,2.4857144,2.1571429,2.1714284,5.242857,16.7,0.00018236041,0.0019578263,-7.345365000000001e-25,1.4901161e-08,0.0,True
1998-07-20,29.42,1.8,17.77143,23.17143,12.142858,66.44286,3.8428571,2.4714284,3.9285715,4.857143,19.657143,4.403293e-05,0.0018708035,-7.345365000000001e-25,7.450581e-09,0.0,True
1998-07-27,29.43,7.1,21.157145,27.300001,15.942858,63.25714,4.028571,2.0285714,4.357143,4.3142858,23.414286,0.00019262731,0.0017607585,-7.345365000000001e-25,1.1175871e-08,0.0,True
1998-08-03,29.43,4.1,17.942858,23.314285,14.085715,73.3,3.1142857,1.9,3.1857142,4.3142858,20.27143,0.00017371774,0.0016675442,-7.345365000000001e-25,1.3038516e-08,0.0,True
1998-08-10,29.41,0.9,19.17143,24.614286,14.042857,65.57143,3.614286,1.0714285,3.8285716,4.042857,20.757143,2.9616058e-05,0.0015859157,-7.345365000000001e-25,1.6763806e-08,0.0,True
1998-08-17,29.41,0.90000004,20.300001,27.1,14.914286,57.857143,3.8428571,0.5857143,4.471429,3.8,22.014286,1.9967556e-05,0.0014914796,-7.345365000000001e-25,1.1175871e-08,0.0,True
1998-08-24,29.39,16.5,16.328571,21.942858,12.485715,67.48572,2.7714286,0.90000004,3.1142857,3.9,18.457144,0.00044617057,0.0014048964,-7.345365000000001e-25,1.4901161e-08,0.0,True
1998-08-31,29.362816950896224,24.0,12.857142,17.87143,10.5,83.65715,1.6428572,1.4857143,1.8000001,5.1,14.314285,0.00017519295,0.0013422593,-7.345365000000001e-25,5.5879354e-09,0.0,False
1998-09-07,29.39,12.1,15.900001,19.757143,12.042857,81.557144,1.7142857,1.3999999,1.9142857,5.3428574,16.914286,0.00011178106,0.0012901798,-7.345365000000001e-25,9.313226e-09,0.0,True
1998-09-14,29.4,13.299999,15.485715,19.114286,12.557143,81.82857,1.5857143,1.3714285,1.8,5.7285714,16.457144,0.00014960766,0.0012425333,-7.345365000000001e-25,1.1175871e-08,0.0,True
1998-09-21,29.42,9.799999,12.428572,16.4,9.014286,83.57143,1.2,1.1142858,1.3142856,7.071429,13.342857,0.00071789324,0.0012050867,-7.345365000000001e-25,3.7252903e-09,0.0,True
1998-09-28,29.42,28.099998,13.657144,18.442858,9.485715,85.74286,1.0,0.82857144,1.2714285,6.9857144,14.657143,3.427267e-05,0.0011726245,-7.345365000000001e-25,5.5879354e-09,0.0,True
1998-10-05,29.43,15.9,7.6285715,9.985715,6.0142856,84.38572,0.64285713,0.5142857,0.90000004,7.214286,9.571428,0.00017157197,0.0011452138,1.7444292e-05,0.0001043044,0.00010870397,True
1998-10-12,29.46,14.299999,9.157143,11.457144,6.914286,86.17143,0.74285716,0.7142858,0.82857144,7.7714286,9.157143,0.0001885742,0.00112468,7.549922e-07,7.200986e-06,0.0,True
1998-10-19,29.53,12.1,9.714286,14.514285,5.457143,80.77143,0.9714285,0.9285714,1.0428572,8.028571,9.842857,9.8481774e-05,0.0011076704,-7.345365000000001e-25,9.313226e-09,0.0,True
1998-10-26,29.55,25.8,9.985715,13.471429,6.957143,82.67143,1.0,0.9428572,1.0428572,8.357142,9.171429,0.0010946989,0.0010925159,-7.345365000000001e-25,9.313226e-09,0.0,True
1998-11-02,29.59,58.3,6.6142855,9.014285,4.9857144,86.65715,0.9142857,0.9142857,0.7714286,10.457143,6.6285715,0.0046304762,0.00183478,-7.345365000000001e-25,3.7252903e-09,0.0,True
1998-11-09,29.6,11.0,5.2428575,8.685715,2.5428574,84.11428,0.61428565,0.61428565,0.59999996,10.614285,4.8142858,0.00033798814,0.001202032,-7.345365000000001e-25,1.8626451e-09,0.0,True
1998-11-16,29.62,3.9,4.257143,6.6714287,2.1142857,89.957146,0.3,0.3,0.32857147,10.414286,3.9857142,0.0001232326,0.0013735145,1.6780126e-05,1.9872561e-05,0.00010320917,True
1998-11-23,29.63,1.2,-2.9285715,-0.7142858,-4.614286,86.828575,0.071428575,0.071428575,0.24285714,10.242857,-0.51428574,5.5134296e-06,0.0015682802,0.0012006249,2.3344532e-05,0.0016494803,True
1998-11-30,29.624286340623257,0.3,-0.62857145,0.71428573,-2.2142856,89.17143,0.042857144,0.042857144,0.27142859,10.242857,-0.9142857,3.3527613e-05,0.0017336681,0.0017417896,0.00053924136,0.00072459877,True
1998-12-07,29.64,5.9,-2.9857144,-1.5857143,-4.1285715,87.42857,0.042857144,0.042857144,0.35714287,10.214286,-1.6571429,1.6838312e-06,0.0018619746,0.0042654164,0.0,0.009135086,True
1998-12-14,29.64,13.2,-2.2571428,0.7428571,-6.1714287,89.21429,0.22857143,0.22857143,0.22857143,10.414286,-0.042857144,0.0010219514,0.0019591302,0.008173886,0.0095734205,0.0001624152,True
1998-12-21,29.66,9.900001,4.5571427,7.371429,2.457143,85.28571,0.45714283,0.45714283,0.41428572,10.557143,2.8857143,0.00022499263,0.0020807236,0.00012770153,0.0010583103,5.7451427e-05,True
1998-12-28,29.69,6.0,4.3428574,5.914286,1.6000001,82.27143,0.5142857,0.5142857,0.61428577,10.242857,2.0142858,0.000104382634,0.0022875518,0.0004496461,0.0009863917,0.0009341389,True
1999-01-04,29.7,0.1,2.0571427,5.828572,-0.7714286,86.9,0.2,0.16666667,0.24285714,10.133333,1.6666666,2.090633e-05,0.0024828017,3.0880883e-06,5.5339187e-06,1.9744039e-07,True
1999-01-11,29.71,12.2,4.542857,6.9857144,2.8,84.77143,0.44285718,0.42857143,0.5285714,10.1,3.6571429,0.0001474917,0.00264135,0.00017337005,4.117936e-05,0.0018406883,True
1999-01-18,29.7,7.5,3.8000004,5.585715,1.1571429,83.07143,0.50000006,0.50000006,0.64285713,10.242857,1.7857143,0.00026420504,0.0027749166,0.0026847748,0.0069178455,0.0053548776,True
1999-01-25,29.69,7.5,5.285714,8.6,1.2857143,82.75715,0.4857143,0.4714286,0.5,10.057143,2.9142857,4.3660402e-05,0.0029365122,9.8217104e-05,0.0003393609,3.106892e-05,True
1999-02-01,29.7,4.6,-0.22857144,2.5,-2.7142856,82.17143,0.21428573,0.21428573,0.45714286,10.214286,1.0285715,0.00017032772,0.0030977875,0.0012553192,0.000847796,0.003849443,True
1999-02-08,29.73,15.5,2.957143,4.914286,1.2857143,89.38572,0.64285713,0.64285713,0.55714285,10.4,1.5428572,0.00029603392,0.0032641962,0.0013349794,0.0030452926,0.0032480396,True
1999-02-15,29.75,0.8,-2.3142858,0.9857143,-5.928571,79.58572,0.1,0.1,0.41428572,10.285714,-0.24285714,1.6838312e-06,0.0034922361,0.0038255681,6.593764e-05,0.0011501946,True
1999-02-22,29.79,25.2,2.1714287,4.471429,0.014285709,88.5,0.61428577,0.61428577,0.5,10.514286,0.47142857,0.00046807528,0.003691353,0.006451482,0.010561714,0.010313768,True
1999-03-01,29.83,11.3,4.4142857,7.4857144,1.457143,80.41429,0.98571426,0.9714286,0.9285714,10.257143,3.2571428,0.00045874715,0.0039507225,0.0030152288,0.006923914,0.0038522668,True
1999-03-08,29.82,12.8,5.4428573,9.5,2.9285715,84.02857,0.88571435,0.90000004,0.8428572,10.5,5.957143,0.000536561,0.0045194477,2.014637e-05,0.00015084445,3.874302e-07,True
1999-03-15,29.8,1.7,3.042857,6.071429,0.41428572,77.01429,0.7857142,0.7285714,0.95714283,10.085714,3.557143,8.170307e-05,0.0055393428,2.8212864e-06,8.832663e-06,9.257346e-06,True
1999-03-22,29.79,4.8,4.357143,8.228572,1.3571428,77.65715,1.0142858,0.9285714,1.1,9.728572,4.757143,9.49204e-05,0.006067425,2.1855036e-05,0.00012402609,0.00014657527,True
1999-03-29,29.722068184901783,13.7,8.314286,14.0,3.5142858,76.42857,1.4714286,1.3285714,1.5857143,9.557143,8.228572,9.75281e-05,0.006148845,5.5631e-05,0.00027440116,0.00024515763,False
1999-04-05,29.77,1.2,11.728572,18.614286,4.457143,63.014286,2.1285713,1.7285715,2.5571427,9.1,11.957143,1.3411045e-07,0.0060510114,-7.345365000000001e-25,4.4330955e-07,0.0,True
1999-04-12,29.74,7.1,10.928572,15.7,7.971429,77.54286,1.8000001,1.5857142,1.7714285,8.914286,11.271428,0.0001963973,0.0058802366,-7.345365000000001e-25,7.450581e-09,0.0,True
1999-04-19,29.72,20.6,6.0,10.357142,2.9857142,75.62858,1.6857141,1.5571429,1.6285714,8.842857,7.5857143,0.00031089783,0.005698718,7.72022e-06,5.07012e-05,5.089119e-05,True
1999-04-26,29.69,3.2,11.714286,17.885715,5.642857,69.71429,2.4285715,2.0714285,2.542857,8.557143,13.0,0.00020556152,0.005491212,7.947286e-08,5.6251884e-07,0.0,True
1999-05-03,29.65,0.2,12.0,17.757143,6.5,65.47143,2.7,2.0142858,2.9714284,7.9142857,14.8,8.687377e-06,0.0052694827,-7.345365000000001e-25,3.7252903e-09,0.0,True
1999-05-10,29.62,15.5,13.271429,18.542858,7.2000003,62.985718,3.4428575,2.5,3.4142857,6.928571,15.171429,0.00016602129,0.0049901158,-7.345365000000001e-25,0.0,0.0,True
1999-05-17,29.6,25.6,11.528572,16.785715,7.914286,74.47143,2.5714285,2.2571428,2.457143,7.3428574,14.528571,0.00017801672,0.004718207,-7.345365000000001e-25,3.7252903e-09,0.0,True
1999-05-24,29.56,0.3,15.785714,21.4,9.428572,63.97143,3.5428574,2.3857143,3.6285713,6.4142857,17.514286,4.2818487e-05,0.004412189,-7.345365000000001e-25,3.7252903e-09,0.0,True
1999-05-31,29.497826987623643,2.5,18.514286,25.100002,12.17143,61.94286,4.042857,2.1571429,4.4142857,5.714286,21.457144,0.00011013448,0.0041003823,-7.345365000000001e-25,1.1175871e-08,0.0,True
1999-06-07,29.53,7.8999996,17.228573,22.542858,12.17143,67.8,3.5857143,2.4857142,3.6142857,5.7285714,20.142857,0.00018201023,0.0037886128,-7.345365000000001e-25,3.7252903e-09,0.0,True
1999-06-14,29.53,17.4,14.971429,19.942858,10.557143,78.48572,2.7285714,2.0,2.7,5.9714284,18.414286,0.0028635934,0.0035327747,-7.345365000000001e-25,3.7252903e-09,0.0,True
1999-06-21,29.52,18.4,17.714285,22.928572,12.371429,69.057144,3.357143,2.4857142,3.4857142,5.6857142,20.27143,0.00020845234,0.0032930747,-7.345365000000001e-25,7.450581e-09,0.0,True
1999-06-28,29.51,0.6,15.7,20.914288,10.642858,65.58572,3.1714287,1.9857142,3.5571427,5.3285713,18.885714,8.404255e-05,0.003069356,-7.345365000000001e-25,3.7252903e-09,0.0,True
1999-07-05,29.51,12.3,22.028574,27.657145,15.657144,65.11429,4.4,2.1142857,4.4857144,4.8714285,23.714285,0.0001091212,0.0028527305,-7.345365000000001e-25,1.4901161e-08,0.0,True
1999-07-12,29.5,4.1,21.171429,26.9,16.257143,65.14286,4.185714,1.9714288,4.3714285,4.8714285,22.671429,0.00016655773,0.0026443228,-7.345365000000001e-25,1.4901161e-08,0.0,True
1999-07-19,29.47,0.0,20.885714,27.12857,14.800001,60.514286,4.2857146,1.8571428,4.7285714,4.9142857,23.0,0.00011830777,0.0024436414,-7.345365000000001e-25,7.450581e-09,0.0,True
1999-07-26,29.42,4.3,19.628572,24.014286,16.085714,64.442856,3.442857,1.5142858,3.6571429,4.428571,21.785715,0.00011192262,0.0022595301,-7.345365000000001e-25,1.4901161e-08,0.0,True
1999-08-02,29.43,0.0,21.285715,28.257143,14.0,47.585716,4.985714,0.7428571,5.6857142,4.1571426,23.085714,6.854534e-07,0.0020878464,-7.345365000000001e-25,7.450581e-09,0.0,True
1999-08-09,29.44,3.1,21.914286,29.414288,15.185715,56.200005,4.1857142,0.61428577,4.7285714,3.9571428,23.757143,2.5078654e-05,0.0019021705,-7.345365000000001e-25,7.450581e-09,0.0,True
1999-08-16,29.44,9.0,17.057144,22.542858,12.742858,66.22857,2.9857142,1.2428572,3.2428572,4.0571427,19.6,0.00010623038,0.0017561838,-7.345365000000001e-25,7.450581e-09,0.0,True
1999-08-23,29.42,12.999999,15.800001,20.414288,11.585714,71.0,2.3857143,1.6285715,2.6142857,4.385714,17.285715,0.0001013428,0.0016380921,-7.345365000000001e-25,1.1175871e-08,0.0,True
1999-08-30,29.42337625117488,8.5,18.042858,24.4,12.614286,67.314285,2.642857,1.2285715,3.0,3.9857142,19.557142,2.0310283e-05,0.0015285462,-7.345365000000001e-25,7.450581e-09,0.0,True
1999-09-06,29.43,0.7,17.942858,24.77143,12.071428,65.92857,2.757143,0.98571426,3.3714287,3.8285713,18.571428,1.810491e-05,0.0014292076,-7.345365000000001e-25,9.313226e-09,0.0,True
1999-09-13,29.43,0.4,20.9,28.142857,15.028572,62.44286,2.7857144,0.37142855,3.6857142,3.6571429,21.114286,2.8893352e-05,0.0013314784,-7.345365000000001e-25,9.313226e-09,0.0,True
1999-09-20,29.42,2.2,17.742857,23.84286,12.171428,64.85714,2.2999997,0.34285715,3.0714285,3.6285715,18.742857,3.4213066e-05,0.0012367666,-7.345365000000001e-25,1.1175871e-08,0.0,True
1999-09-27,29.42,1.2,16.814287,3.1571429,13.1285715,79.87144,1.457143,0.7,1.8142856,3.9142857,17.585714,0.00010498613,0.0011660829,-7.345365000000001e-25,1.1175871e-08,0.0,True
1999-10-04,29.42,5.3,14.271429,9.428572,11.814285,76.84286,1.3571427,0.9857143,1.8428571,4.3142858,14.428572,8.767843e-05,0.0011077076,-7.345365000000001e-25,1.1175871e-08,0.0,True
1999-10-11,29.41,3.2,11.614286,14.685715,9.057143,86.042854,0.8,0.64285713,0.95714283,4.385714,11.514286,6.6168606e-05,0.0010586008,-7.345365000000001e-25,9.313226e-09,0.0,True
1999-10-18,29.41,0.5,7.471429,13.414286,3.757143,80.92857,0.67142856,0.42857143,0.94285715,4.4142857,8.714286,3.054738e-06,0.0010162964,-7.345365000000001e-25,3.7252903e-09,0.0,True
1999-10-25,29.4,1.0,7.914286,12.814286,3.7000003,77.1,0.74285716,0.5285714,1.0,4.2714286,7.5142856,1.3589859e-05,0.0009761527,-7.345365000000001e-25,0.0,0.0,True
1999-11-01,29.4,3.1,10.900001,14.800001,7.1714287,78.38572,0.8571429,0.58571434,1.1142857,4.214286,9.885715,5.2422285e-05,0.0009389892,-7.345365000000001e-25,5.5879354e-09,0.0,True
1999-11-08,29.4,6.6,8.042857,11.571428,5.428571,87.32857,0.47142857,0.35714287,0.5285714,4.642857,7.8142858,0.00014802814,0.00090622157,-7.345365000000001e-25,3.7252903e-09,0.0,True
1999-11-15,29.41,6.4,3.142857,6.0428576,0.9428572,90.27143,0.27142859,0.25714287,0.31428573,5.3285713,4.042857,0.00011473149,0.00087855756,1.6064871e-06,3.8407743e-06,6.6384673e-06,True
1999-11-22,29.39,7.6,0.042857137,2.1571429,-1.8714286,90.5,0.14285715,0.12857144,0.24285714,5.4142857,0.47142857,1.6972423e-05,0.00085504353,0.0021935077,0.00037603267,0.0066833273,True
1999-11-29,29.44467669702424,0.0,3.8142858,6.857143,0.057142906,85.6,0.27142859,0.21428572,0.29999998,5.6,2.4857142,7.981062e-05,0.0008349493,0.0027790694,0.0062991194,3.2819808e-06,True
1999-12-06,29.41,21.3,4.6714287,7.085714,1.9428571,80.957146,0.7714286,0.74285716,0.8142857,5.957143,3.4,0.00014024228,0.00081662834,0.00010242916,0.00045878254,0.0009802803,True
1999-12-13,29.46,12.2,6.414286,8.614285,4.042857,81.3,0.72857136,0.6999999,0.7,6.6571426,4.8714285,0.00024650246,0.0008010492,6.0365313e-05,0.0006421227,0.0,True
1999-12-20,29.49,5.5,0.9571429,2.8,-0.78571427,85.42857,0.3142857,0.3142857,0.42857143,7.214286,0.85714287,0.00011527538,0.00078974664,0.0014234781,0.0006491225,0.0028237067,True
1999-12-27,29.52,20.400002,0.7285715,2.857143,-1.2285715,84.51429,0.24285713,0.22857143,0.3857143,7.6857142,-0.042857144,0.00024390966,0.00078292936,0.0032895575,0.0050944462,0.009677164,True
2000-01-03,29.54,2.5,2.1714287,3.3714287,0.50000006,92.44286,0.125,0.075,0.2857143,8.475,0.15,0.00017378479,0.0007796064,0.005431124,0.0072533675,0.0012308732,True
2000-01-10,29.55,5.4,3.4,5.8,1.1857144,89.971436,0.3142857,0.29999998,0.27142859,8.657143,2.3714285,0.0001296252,0.0007824525,0.00018752189,0.0010760725,0.0,True
2000-01-17,29.55,2.4,0.32857147,2.5857143,-2.4142857,87.457146,0.18571427,0.18571427,0.25714284,8.671429,0.014285714,1.6115606e-05,0.00079503655,0.00012147994,0.00039802864,0.00043303147,True
2000-01-24,29.54,13.7,-1.2428572,2.2142856,-3.6285713,80.200005,0.41428572,0.40000004,0.5285714,8.985714,0.67142856,0.00012983382,0.00081231445,0.0023492007,6.690435e-05,0.0064837635,True
2000-01-31,29.5985078566576,14.2,2.5857143,4.8714285,-0.8285715,80.57143,0.78571427,0.7571429,0.7571429,9.485714,1.3857143,0.00040762126,0.00083464384,0.003399798,0.006386036,0.00052217394,False
2000-02-07,29.55,7.0,6.414286,9.3,3.557143,81.9,0.8714286,0.8428572,0.82857144,9.857142,5.1285715,0.00017301738,0.00087771565,1.8755594e-05,0.00019394793,0.0,True
2000-02-14,29.6,16.9,4.457143,7.7714286,2.1000001,80.4,1.0714285,1.0714285,0.85714287,9.957143,3.9714286,0.00031277537,0.0009544492,0.00011557057,0.00017015636,0.0008552559,True
2000-02-21,29.62,3.1,1.6428572,5.1285715,-0.34285715,85.64286,0.61428577,0.61428577,0.55714285,10.085714,2.2571428,0.00018522143,0.0010577366,0.00086312636,0.0013963934,0.0019163284,True
2000-02-28,29.65,10.2,4.157143,7.857143,0.6999999,84.35714,0.87142855,0.85714287,0.88571435,10.185715,3.0,0.00026594847,0.0011813268,0.000855145,0.0024365112,0.0011608936,True
2000-03-06,29.68,8.7,4.042857,7.9000006,1.4857143,76.40001,1.2285715,1.2,1.1857144,10.0,4.0285716,0.00019839406,0.0013160333,0.0003758215,0.0010414738,0.0015672334,True
2000-03-13,29.72,22.300001,6.7000003,10.085715,3.5285716,82.37144,1.2714287,1.2714287,1.0285714,10.3714285,6.542857,0.0015792325,0.0014771968,0.00017978463,0.0014064126,0.0009780452,True
2000-03-20,29.77,21.8,4.285714,8.042857,0.6857143,76.14286,1.1857144,1.1857144,1.1428572,10.557143,5.1571426,0.00068069994,0.001796037,0.0012389875,0.0036277398,0.0041458197,True
2000-03-27,29.8,4.0,6.6285715,11.385714,3.0714285,78.07143,1.1714286,1.0428572,1.3857143,9.885715,7.5571427,0.00014194846,0.0022561029,7.8417004e-05,0.00049503706,0.0,True
2000-04-03,29.79,7.7,7.1285715,10.371429,3.4714286,84.557144,1.1428572,1.0714285,1.2142857,10.085714,7.4,0.00021009147,0.002608128,1.5326908e-07,1.1697412e-06,7.8231096e-08,True
2000-04-10,29.74,1.4,5.542857,10.114286,1.4857142,73.91429,1.4428571,1.2142857,1.5571429,9.542857,7.4142857,5.930662e-05,0.0028822795,-7.345365000000001e-25,0.0,0.0,True
2000-04-17,29.7,26.4,9.2,15.428572,3.1714287,73.6,2.1714284,1.9285715,2.1142857,9.242857,9.7,0.00027333945,0.0030274019,-7.345365000000001e-25,0.0,0.0,True
2000-04-24,29.68,3.6999998,16.7,23.228573,11.071428,64.01429,3.2285714,2.5857146,3.5571427,8.542857,17.314285,4.592538e-05,0.0030569062,-7.345365000000001e-25,7.450581e-09,0.0,True
2000-05-01,29.65,5.3999996,18.214287,24.814287,12.042857,63.357143,3.7142856,2.6,3.7714286,7.3714285,19.014286,4.144013e-05,0.0029952154,-7.345365000000001e-25,3.7252903e-09,0.0,True
2000-05-08,29.59,0.0,17.928572,25.257143,10.957144,42.94286,4.7571425,1.9571428,5.457143,6.357143,19.471428,5.9604645e-08,0.00287012,-7.345365000000001e-25,3.7252903e-09,0.0,True
2000-05-15,29.53,2.1,18.585714,25.67143,11.400001,48.985718,4.357143,0.8571428,4.914286,5.8285713,21.171429,2.2768974e-05,0.0027045459,-7.345365000000001e-25,3.7252903e-09,0.0,True
2000-05-22,29.5,33.8,14.871429,20.571428,10.328572,70.64286,2.9714284,1.1857144,3.0285716,5.8428574,18.185715,0.00017675757,0.0025351867,-7.345365000000001e-25,3.7252903e-09,0.0,True
2000-05-29,29.47,5.5,14.6285715,20.2,9.17143,68.08572,3.3857148,1.8285713,3.1142857,5.757143,17.328571,5.3606927e-05,0.0024105236,-7.345365000000001e-25,7.450581e-09,0.0,True
2000-06-05,29.45,14.999999,18.028572,23.5,11.785714,61.200005,3.9571426,1.0857142,4.2571425,5.4714284,19.957144,0.00014866889,0.0022605136,-7.345365000000001e-25,1.1175871e-08,0.0,True
2000-06-12,29.43,2.7,18.84286,24.47143,13.042857,59.528572,4.457143,1.6285714,4.785714,5.4142857,20.942858,6.41495e-05,0.0021041483,-7.345365000000001e-25,1.1175871e-08,0.0,True
2000-06-19,29.4,3.3,18.857143,25.12857,11.557143,54.971428,4.3285713,1.1142857,4.8285713,5.142857,21.028572,3.4421682e-05,0.0019415393,-7.345365000000001e-25,7.450581e-09,0.0,True
2000-06-26,29.38,6.7999997,19.542858,25.985716,15.085715,60.885715,4.5285716,1.2428571,4.5142856,5.0,22.0,8.955598e-05,0.001780577,-7.345365000000001e-25,7.450581e-09,0.0,True
2000-07-03,29.37,3.1,14.957143,19.357143,10.742858,67.14286,2.9857142,0.88571435,3.1857142,4.857143,17.0,6.574392e-05,0.001660265,-7.345365000000001e-25,7.450581e-09,0.0,True
2000-07-10,29.35,11.7,16.642857,21.528574,13.1285715,71.47143,2.7142856,1.6000001,3.042857,4.885714,18.514286,0.00018563867,0.0015544221,-7.345365000000001e-25,1.1175871e-08,0.0,True
2000-07-17,29.35,5.0,15.757143,20.685715,11.828572,68.3,2.8285713,1.4142857,3.3142858,4.6857142,17.557142,8.916855e-05,0.001458846,-7.345365000000001e-25,3.7252903e-09,0.0,True
2000-07-24,29.35,9.8,16.042858,19.442858,12.442857,76.8,2.2571428,1.1857144,2.4857142,4.6571426,17.514286,0.00010189414,0.0013788342,-7.345365000000001e-25,1.8626451e-08,0.0,True
2000-07-31,29.37,12.8,17.5,21.800001,15.371429,81.92857,2.4285715,1.7285715,2.4714284,5.0,19.6,0.00030630827,0.0013057292,-7.345365000000001e-25,1.4901161e-08,0.0,True
2000-08-07,29.37,5.8,18.485716,24.657145,13.214286,68.88572,3.3142858,2.2571428,3.7285714,5.1571426,21.1,7.493049e-05,0.0012372583,-7.345365000000001e-25,1.1175871e-08,0.0,True
2000-08-14,29.35,2.4,18.785715,24.614286,13.471429,67.84286,2.942857,1.5285714,3.4714284,4.757143,20.6,4.5724213e-05,0.0011716187,-7.345365000000001e-25,1.1175871e-08,0.0,True
2000-08-21,29.37,61.4,19.571428,25.428572,16.057142,79.67143,2.9857144,2.3142855,2.9571426,5.3142858,22.342857,0.00022342056,0.0011057034,-7.345365000000001e-25,9.313226e-09,0.0,True
2000-08-28,29.43,28.199999,16.685715,21.628572,12.071428,68.314285,2.785714,2.1857142,3.1714284,5.6571426,19.285715,7.036328e-05,0.0010495186,-7.345365000000001e-25,9.313226e-09,0.0,True
2000-09-04,29.44,36.5,15.042857,19.800001,12.257143,82.17143,1.9714286,1.6714286,1.9714285,5.9428573,17.985714,0.00023025274,0.0010006204,-7.345365000000001e-25,1.1175871e-08,0.0,True
2000-09-11,29.49,11.8,15.571428,19.728573,12.042857,83.52857,1.442857,1.3,1.7571429,6.6285715,16.62857,0.00011511147,0.0009647012,-7.345365000000001e-25,9.313226e-09,0.0,True
2000-09-18,29.48,6.7999997,14.17143,18.457144,11.414286,83.114296,1.3571428,1.1714286,1.6285714,6.6857142,16.142857,7.331371e-05,0.0009326488,-7.345365000000001e-25,7.450581e-09,0.0,True
2000-09-25,29.48,1.4,11.142858,16.800001,6.371429,74.78571,1.3571428,1.0714285,1.8999999,6.6285715,12.357142,8.523464e-06,0.00090405345,-7.345365000000001e-25,1.8626451e-09,0.0,True
2000-10-02,29.48,4.0,16.4,22.414288,11.857142,76.971436,1.5142858,1.2285715,1.9571428,6.457143,16.12857,0.00010563433,0.00087492913,-7.345365000000001e-25,7.450581e-09,0.0,True
2000-10-09,29.45,9.9,11.957144,15.342857,9.757143,89.15715,0.6571428,0.5714286,0.82857144,6.5857143,13.357142,0.0001269877,0.0008502081,-7.345365000000001e-25,0.0,0.0,True
2000-10-16,29.48,2.6,12.157144,15.785715,8.971429,87.67143,0.71428573,0.61428577,0.8142857,6.8714285,12.028571,4.865229e-05,0.0008324161,-7.345365000000001e-25,7.450581e-09,0.0,True
2000-10-23,29.47,0.6,10.971429,15.900001,7.3714285,83.51428,0.6571428,0.5142857,0.8,6.6714287,11.142858,5.096197e-06,0.0008143261,-7.345365000000001e-25,1.8626451e-09,0.0,True
2000-10-30,29.46,2.6,11.5,14.571428,8.471429,75.957146,0.88571435,0.7428571,1.3000001,6.4714284,10.242857,2.9087067e-05,0.00079777837,-7.345365000000001e-25,9.313226e-09,0.0,True
2000-11-06,29.46,4.2,7.714286,11.885715,4.8857145,81.01429,0.5857143,0.45714286,0.78571427,6.385714,7.571429,5.928427e-05,0.00078282505,-7.345365000000001e-25,5.5879354e-09,0.0,True
2000-11-13,29.45,0.1,7.728572,11.942857,4.7428575,75.614296,0.67142856,0.55714285,0.85714287,6.4142857,6.542857,3.5122037e-05,0.000769563,-7.345365000000001e-25,1.8626451e-09,0.0,True
2000-11-20,29.46,11.0,5.328572,8.514286,3.0285716,86.25714,0.37142855,0.35714287,0.3,6.8428574,5.257143,0.00015856326,0.0007573515,-7.345365000000001e-25,0.0,0.0,True
2000-11-27,29.47,5.0,5.7428575,7.7571435,2.7142856,91.471436,0.21428573,0.18571429,0.22857143,7.0142856,4.7714286,8.124858e-05,0.0007478222,-7.345365000000001e-25,0.0,0.0,True
2000-12-04,29.46,0.90000004,6.857143,9.728572,3.7142856,91.457146,0.21428573,0.17142858,0.17142858,7.1,5.457143,1.4334917e-05,0.0007404834,-7.345365000000001e-25,0.0,0.0,True
2000-12-11,29.47,5.1,6.428571,9.357142,3.7,87.62858,0.3,0.3,0.24285714,7.1285715,5.0,8.176267e-05,0.00073412806,-7.345365000000001e-25,0.0,0.0,True
2000-12-18,29.47,9.9,6.285714,8.228572,4.3857145,84.47143,0.6285714,0.61428565,0.64285713,7.642857,5.5,0.00027597696,0.0007287264,0.00029333433,0.0009883456,0.0014480911,True
2000-12-25,29.48,7.9,-1.7571429,-0.1142857,-3.6571429,87.41429,0.014285714,0.014285714,0.27142859,8.057143,-0.71428573,2.8386712e-06,0.00072618574,0.0015046482,3.1542033e-05,0.008104708,True
2001-01-01,29.49,11.4,-0.8000001,0.81428576,-2.9285715,89.85714,0.083333336,0.083333336,0.21428572,8.4,-0.016666668,5.6758523e-05,0.00072648376,0.012863778,0.0007968601,0.006349262,True
2001-01-08,29.49,10.700001,3.757143,6.428571,1.357143,89.11428,0.37142858,0.37142858,0.22857143,8.842857,1.5571429,0.00057302415,0.0007303655,0.0044361465,0.014818048,0.0,True
2001-01-15,29.51,0.0,-0.29999998,1.2571429,-2.4,89.814285,0.10000001,0.10000001,0.21428572,9.0,0.2857143,7.5027347e-06,0.0007555336,0.00019746168,0.00012936816,0.0002622269,True
2001-01-22,29.51,2.3999999,-1.8571428,0.5285714,-4.7000003,88.11428,0.057142857,0.057142857,0.20000002,8.985714,-1.8428571,8.34465e-07,0.0007928908,0.00074465503,3.455393e-05,0.0025535524,True
2001-01-29,29.52,11.700001,2.9142857,5.228572,0.7,92.15715,0.42857143,0.42857143,0.24285714,9.214286,0.4,0.00042916834,0.00083141774,0.0011970429,0.0035423134,0.001663439,True
2001-02-05,29.54,15.400001,-1.2142857,0.65714294,-3.7857144,89.32857,0.12857142,0.12857142,0.24285714,9.642858,0.042857144,0.00037549436,0.00088944286,0.0045225904,0.007633906,0.012404803,True
2001-02-12,29.57,4.5,7.0142856,10.157144,3.3999999,80.04286,0.8000001,0.75714296,0.85714287,9.942857,4.1285715,0.0004287064,0.0010015741,0.00058764505,0.007002743,5.849451e-05,True
2001-02-19,29.6,2.5,2.7142856,6.8428574,-0.8428572,86.457146,0.4857143,0.4714286,0.4714286,9.7,2.9285715,5.634129e-05,0.0011867285,1.1614391e-05,3.0931085e-05,4.4245273e-05,True
2001-02-26,29.62,19.2,-0.14285707,3.6714287,-2.9428573,81.6,0.61428565,0.59999996,0.6714286,9.657143,1.8142858,8.2716346e-05,0.001348272,0.0026857343,0.00025809184,0.006415747,True
2001-03-05,29.61,4.3,0.07142859,4.1,-2.8285716,81.02857,0.5714286,0.5142857,0.71428573,9.742857,0.34285715,7.674098e-05,0.0014844686,0.0054579917,0.0034446716,0.0059821494,True
2001-03-12,29.59,5.2,7.071429,11.400001,3.2428572,80.471436,1.0428572,1.0,1.0714285,9.742857,5.9,0.00038032234,0.0015977621,0.002594329,0.007694993,7.674098e-07,True
2001-03-19,29.62,14.7,3.9857144,7.8857145,2.2857144,83.35714,0.94285715,0.9285714,0.9285714,9.828571,4.9714284,0.0003952682,0.0017327592,0.00017584505,0.00073027797,0.0023483224,True
2001-03-26,29.64,20.599998,0.18571429,2.8428574,-1.6714287,82.02857,0.6285715,0.61428577,0.8000001,10.414286,1.4857143,0.00026372075,0.0019409433,0.0061338684,0.00388252,0.020008046,True
2001-04-02,29.67,1.0999999,6.6,11.1,1.6571429,70.557144,1.5285714,1.3571428,1.7714285,10.1,6.0285716,0.00039661676,0.0022360757,0.008281044,0.015048226,6.111339e-05,True
2001-04-09,29.67,6.2,9.114286,15.242858,5.3857145,77.02857,1.7428571,1.6285714,1.8714285,9.528571,9.8714285,0.0013124794,0.002613157,3.2969885e-05,0.00031385385,0.0,True
2001-04-16,29.67,6.8,4.8285713,8.8714285,1.4285715,79.28571,1.2285713,1.1285714,1.3714286,9.3,6.3285713,0.00024920702,0.0030331016,0.0004573152,0.0013115518,0.0017060004,True
2001-04-23,29.59,3.4,5.585714,9.785714,2.3,75.17143,1.4428571,1.3142856,1.5714285,9.185715,6.7285714,0.00014250726,0.0033509806,7.119633e-05,0.00037103705,0.0,True
2001-04-30,29.64,12.5,12.242857,18.714285,6.085714,69.200005,2.7571428,2.4142857,2.857143,8.828571,12.857142,0.00017285347,0.0035399199,2.4977186e-07,1.5720725e-06,0.0,True
2001-05-07,29.62,12.7,13.642858,19.128572,8.614285,69.6,2.8428571,2.2857144,3.1857142,8.085714,15.057143,0.00030708313,0.0035558343,-7.345365000000001e-25,7.450581e-09,0.0,True
2001-05-14,29.57,3.4,16.414286,23.485716,8.928572,55.014286,4.114286,2.9428573,4.3714285,7.4,18.22857,2.1383166e-06,0.003485985,-7.345365000000001e-25,3.7252903e-09,0.0,True
2001-05-21,29.54,5.8,14.085715,19.214285,9.714286,70.38572,3.2,2.2142856,3.2857144,6.4142857,17.3,0.00010420382,0.0033618286,-7.345365000000001e-25,0.0,0.0,True
2001-05-28,29.53,11.7,16.585714,22.47143,9.942858,60.62857,3.957143,1.4142857,4.042857,5.714286,19.714285,3.8340688e-05,0.0032141507,-7.345365000000001e-25,0.0,0.0,True
2001-06-04,29.51,20.6,12.871429,16.885715,9.957144,80.5,2.6857142,1.7428572,2.3857143,6.0142856,15.3,0.00026586652,0.003060624,-7.345365000000001e-25,3.7252903e-09,0.0,True
2001-06-11,29.54,3.1,12.985715,17.285715,9.157143,76.92857,2.3428571,1.8142856,2.5142858,6.071429,15.6285715,0.00018590689,0.002930835,-7.345365000000001e-25,3.7252903e-09,0.0,True
2001-06-18,29.51,15.799999,15.400001,20.800001,10.085714,76.12858,3.0,2.2714286,2.9285715,5.857143,18.3,0.00019323081,0.0027911365,-7.345365000000001e-25,7.450581e-09,0.0,True
2001-06-25,29.5,7.8999996,15.300001,21.071428,10.7,75.58572,3.1285713,2.2142856,3.2,5.614286,18.114286,0.000107482076,0.0026477575,-7.345365000000001e-25,1.1175871e-08,0.0,True
2001-07-02,29.49,13.299999,19.285715,24.542858,13.900001,69.0,3.8857143,2.1714284,3.9571426,5.1571426,22.528572,0.00013713539,0.0025010258,-7.345365000000001e-25,1.1175871e-08,0.0,True
2001-07-09,29.46,20.7,21.5,27.114286,15.785714,66.957146,4.2285714,1.4285713,4.242857,5.0142856,23.12857,0.0031187236,0.0023486689,-7.345365000000001e-25,1.1175871e-08,0.0,True
2001-07-16,29.45,26.0,17.47143,21.84286,13.657143,74.15715,3.442857,2.4285715,3.3142855,5.428571,20.214285,0.00020083785,0.0022146255,-7.345365000000001e-25,1.1175871e-08,0.0,True
2001-07-23,29.47,0.0,19.028574,24.685715,12.814285,66.25715,3.5285716,2.4285715,3.942857,5.4142857,21.242857,2.0228326e-05,0.002100952,-7.345365000000001e-25,1.1175871e-08,0.0,True
2001-07-30,29.41,12.8,23.0,29.52857,15.842857,61.642857,4.571429,1.9,4.8285713,4.8142858,25.2,3.027916e-05,0.0019672662,-7.345365000000001e-25,1.1175871e-08,0.0,True
2001-08-06,29.43,24.4,18.37143,24.557144,13.985715,74.90001,3.1714284,2.1142857,3.142857,4.8,21.342857,0.00029633194,0.0018426031,-7.345365000000001e-25,1.6763806e-08,0.0,True
2001-08-13,29.45,10.8,17.314287,22.028574,13.400001,76.74286,2.8714287,1.9857142,2.8857143,4.6571426,19.014286,0.00020326674,0.001746051,-7.345365000000001e-25,9.313226e-09,0.0,True
2001-08-20,29.43,8.0,21.685715,27.814285,16.828571,75.27143,3.3285713,1.6714286,3.4857142,4.4857144,23.457144,0.00023683906,0.0016559958,-7.345365000000001e-25,1.8626451e-08,0.0,True
2001-08-27,29.43,8.3,21.985716,28.185715,16.885715,71.37143,2.9428573,1.1285715,3.3857143,4.242857,23.657143,8.137524e-05,0.0015708283,-7.345365000000001e-25,7.450581e-09,0.0,True
2001-09-03,29.42,3.5,16.37143,20.84286,12.257143,74.71429,2.1,1.0428572,2.5571427,4.2,18.185715,0.00010947883,0.0014944002,-7.345365000000001e-25,7.450581e-09,0.0,True
2001-09-10,29.43,45.100002,13.2,16.97143,10.485715,85.97143,1.6714286,1.3714285,1.5,5.1,14.842857,0.00058944523,0.0014362261,-7.345365000000001e-25,1.3038516e-08,0.0,True
2001-09-17,29.53,23.0,11.714286,15.971429,9.400001,90.64286,1.1999999,1.1571428,1.1285714,7.0857143,13.185715,0.00062307715,0.0013987198,-7.345365000000001e-25,9.313226e-09,0.0,True
2001-09-24,29.54,22.7,11.771429,15.642858,9.028571,88.457146,1.1285714,1.0571429,1.1857144,8.671429,12.828571,0.0005367547,0.0013804659,-7.345365000000001e-25,1.1175871e-08,0.0,True
2001-10-01,29.54,30.3,12.757143,15.371429,10.428572,91.77143,0.74285716,0.74285716,0.8142857,9.3,13.585714,0.0028641522,0.001392819,-7.345365000000001e-25,5.5879354e-09,0.0,True
2001-10-08,29.6,17.2,14.242858,19.157145,10.114286,87.828575,1.0142858,1.0142858,1.0571429,9.714286,14.7,0.0022087991,0.001508221,-7.345365000000001e-25,9.313226e-09,0.0,True
2001-10-15,29.59,2.8,14.471429,19.385714,10.557143,83.22857,1.0428572,0.9142857,1.2142857,9.528571,14.257143,4.693866e-06,0.0016948357,-7.345365000000001e-25,5.5879354e-09,0.0,True
2001-10-22,29.59,4.3,12.057143,15.457144,9.5,90.64286,0.50000006,0.4428572,0.6571428,9.271428,12.4,0.00014849007,0.0018314123,-7.345365000000001e-25,3.7252903e-09,0.0,True
2001-10-29,29.51,5.2,9.885715,12.942858,7.571429,89.44286,0.4857143,0.4714286,0.54285717,9.271428,10.042857,9.472668e-05,0.0019262955,-7.345365000000001e-25,1.8626451e-09,0.0,True
2001-11-05,29.51,0.5,10.1285715,12.757143,7.285714,78.17143,0.78571427,0.7285715,1.1571429,9.2,9.228572,3.2246113e-05,0.001997739,-7.345365000000001e-25,7.450581e-09,0.0,True
2001-11-12,29.52,10.6,4.3428574,6.8428574,1.7857143,86.52857,0.42857146,0.41428575,0.45714286,9.557143,4.285714,0.00020884722,0.0020554364,2.9075713e-05,6.221607e-05,7.773191e-05,True
2001-11-19,29.53,0.3,3.642857,6.6714287,0.12857144,90.91429,0.20000002,0.20000002,0.22857143,9.8,3.4714286,1.3589859e-05,0.002117224,6.6416605e-06,1.5605241e-05,1.1511147e-06,True
2001-11-26,29.53,10.9,2.7714288,5.371429,-0.31428573,87.98572,0.37142855,0.35714284,0.31428573,9.885715,2.8285713,0.00013576448,0.0021756887,2.5510788e-05,2.4115667e-05,6.0081482e-05,True
2001-12-03,29.52,11.5,1.9428571,3.3857143,0.7285715,93.41429,0.14285715,0.14285715,0.24285714,10.3,2.0285714,0.00018303841,0.0022316203,1.2551035e-05,3.0189753e-05,2.3059547e-06,True
2001-12-10,29.54,17.7,2.3,3.9714284,0.5285714,91.1,0.11428572,0.11428572,0.25714287,10.514286,1.8,0.00025868416,0.00232476,1.7239934e-05,2.7235597e-05,0.00013251975,True
2001-12-17,29.55,3.4,-0.5428571,1.7857143,-3.057143,85.957146,0.071428575,0.071428575,0.2857143,10.3,-0.44285715,2.3521483e-05,0.002476193,0.00040069647,0.00019104034,0.0014243089,True
2001-12-24,29.59,25.5,-1.3714286,1.0857145,-3.8142858,83.971436,0.071428575,0.071428575,0.35714287,10.385715,-0.14285715,0.00014993548,0.0026187375,0.0037897257,0.0010312982,0.012928229,True
2001-12-31,29.61,17.3,0.14285715,2.1000001,-1.8857143,87.07143,0.32857147,0.32857147,0.3857143,10.542857,0.0,0.00039938092,0.0023657084,0.009566645,0.008624874,0.0066894107,True
2002-01-07,29.63,2.1999998,-2.5285716,0.8714286,-6.928571,82.48572,0.14285715,0.14285715,0.21428572,10.314285,-0.9,0.0002155304,0.0030448511,0.009765319,0.0049308147,0.001494348,True
2002-01-14,29.61,2.4,-0.9857143,0.4857143,-2.2428572,96.11428,0.042857144,0.042857144,0.18571429,10.3,-0.35714287,3.7387013e-05,0.0033391118,0.008251775,0.0011071377,0.0036133975,True
2002-01-21,29.6,7.2999997,1.3142859,3.857143,-1.1285715,88.6,0.25714287,0.25714287,0.24285714,10.3,-0.3,0.0006252229,0.003585264,0.007340505,0.009474734,0.00039203092,True
2002-01-28,29.61,11.6,7.871429,11.028572,4.7285714,75.614296,1.2714285,1.2714285,1.0857142,10.242857,5.1,0.00093942136,0.003893733,6.637119e-05,0.0005385913,2.8423965e-06,True
2002-02-04,29.65,0.9,9.528571,13.157144,6.1,67.98572,1.3428572,1.2428572,1.5142858,10.142858,6.885714,1.7225742e-05,0.004445292,-7.2791902999999985e-25,4.4703484e-08,0.0,True
2002-02-11,29.68,21.5,8.514285,11.528572,5.428571,82.6,1.0428572,1.0,0.8428572,9.9,6.8428574,0.0009333268,0.004889399,-7.2791902999999985e-25,5.5879354e-09,0.0,True
2002-02-18,29.69,1.1,3.2857144,8.171429,-0.37142855,73.41429,0.9714286,0.91428566,0.9142857,10.214286,3.7571428,0.0001333803,0.0053499267,6.244296e-07,5.9977174e-07,1.2256205e-06,True
2002-02-25,29.71,31.4,1.9,5.414286,-0.6857143,84.38572,0.8,0.8,0.64285713,10.328571,1.6142857,0.00044923276,0.005859822,0.0042904443,0.008101735,0.016312517,True
2002-03-04,29.76,10.1,4.8142858,8.2,1.5571429,78.87144,1.2285715,1.2285715,1.0,10.585714,4.3285713,0.00074710697,0.007566273,0.0008723168,0.0083601605,0.00022026151,True
2002-03-11,29.84,8.6,7.457143,10.914286,4.557143,71.11429,1.5714285,1.5142857,1.5285714,10.071428,6.2285714,0.00015713274,0.008093879,1.8182254e-05,0.000111108646,0.0,True
2002-03-18,29.86,16.3,5.914286,10.157144,2.4142857,80.47143,0.9571429,0.88571435,1.1,9.957143,5.8,0.00013907254,0.008436449,0.00046685195,0.0015427675,0.0016339719,True
2002-03-25,29.78,6.0,4.642857,7.928571,2.5285716,80.68572,0.9857143,0.9571429,1.0,10.057143,5.1571426,0.0002655983,0.008384138,1.2443179e-05,7.968396e-05,8.69669e-05,True
2002-04-01,29.72,0.0,6.7714286,12.942858,1.2285715,60.200005,1.6000001,1.3428571,2.0571427,9.7,7.857143,2.8386712e-06,0.008237839,3.4059798e-05,0.000103319064,2.8576702e-05,True
2002-04-08,29.66,0.0,6.414286,12.157144,0.7428571,55.128574,2.3714287,1.8142856,2.7142856,8.757143,8.571428,6.556511e-06,0.007947832,1.5060107e-05,3.9009377e-05,6.277859e-05,True
2002-04-15,29.61,20.8,8.6,11.542857,5.042857,75.91429,1.2285713,0.98571426,1.4285715,8.3714285,8.642858,0.00040620565,0.007596649,4.5526594e-06,2.1833926e-05,0.0,True
2002-04-22,29.62,9.5,9.342857,14.342857,4.7428575,80.67143,1.542857,1.4142857,1.8142856,9.471429,11.185715,0.00018803775,0.007272236,-7.2791902999999985e-25,1.4901161e-08,0.0,True
2002-04-29,29.67,14.0,10.857142,15.257143,6.585715,79.38572,1.8142859,1.6857144,1.7857143,9.085714,11.942857,0.0002098009,0.0069558993,-7.2791902999999985e-25,0.0,0.0,True
2002-05-06,29.68,13.4,12.728571,16.4,9.428572,81.74286,1.7428572,1.6428573,1.8571428,9.014286,13.671429,0.0036363155,0.0069288537,-7.2791902999999985e-25,3.7252903e-09,0.0,True
2002-05-13,29.63,18.0,16.84286,22.885715,11.785714,70.48572,3.4,2.8285716,3.6142857,8.714286,18.185715,0.00015754998,0.006527327,-7.2791902999999985e-25,7.450581e-09,0.0,True
2002-05-20,29.56,11.5,15.557143,20.67143,10.528572,72.01429,3.1285713,2.3714287,3.2571428,7.8285713,18.62857,0.00013034046,0.006329067,-7.2791902999999985e-25,7.450581e-09,0.0,True
2002-05-27,29.5,32.0,16.685715,21.87143,12.057143,78.41429,2.9714286,2.457143,3.0857143,7.542857,19.214285,0.0005558133,0.0060608387,-7.2791902999999985e-25,3.7252903e-09,0.0,True
2002-06-03,29.51,9.400001,15.6,21.114286,10.257143,70.58572,3.357143,2.6285713,3.4428573,7.4142857,19.042856,8.932501e-05,0.0058179647,-7.2791902999999985e-25,3.7252903e-09,0.0,True
2002-06-10,29.47,21.2,17.785715,21.828571,13.842857,76.957146,3.0285716,2.2571428,3.1571429,6.6285715,20.057142,0.0005541146,0.005530134,-7.2791902999999985e-25,1.4901161e-08,0.0,True
2002-06-17,29.42,9.4,17.042858,21.4,12.828572,79.27143,3.0428574,2.357143,2.8285713,6.9,19.2,0.00020430982,0.005298853,-7.2791902999999985e-25,1.1175871e-08,0.0,True
2002-06-24,29.4,2.5,20.571428,25.742859,15.314286,68.87143,4.214286,2.8142858,4.4142857,6.242857,23.471428,8.445978e-05,0.005000487,-7.2791902999999985e-25,1.4901161e-08,0.0,True
2002-07-01,29.37,5.6,16.114286,20.657145,11.457143,68.97143,3.457143,1.8571427,3.4428573,5.6285715,19.157143,8.533895e-05,0.0046849176,-7.2791902999999985e-25,3.7252903e-09,0.0,True
2002-07-08,29.35,6.3,17.557144,22.942858,12.242858,75.27143,3.1999996,1.4714286,3.0857143,5.357143,19.257143,5.2541494e-05,0.004397571,-7.2791902999999985e-25,1.4901161e-08,0.0,True
2002-07-15,29.34,42.2,20.7,26.385714,15.242858,69.57143,4.1142855,2.0142856,4.0142856,5.242857,22.957144,0.0003232658,0.004055582,-7.2791902999999985e-25,1.1175871e-08,0.0,True
2002-07-22,29.34,16.5,17.5,21.37143,14.785714,85.68572,2.4857142,2.0714285,2.2571428,6.5142856,19.542856,0.0005059093,0.0037879348,-7.2791902999999985e-25,2.2351742e-08,0.0,True
2002-07-29,29.34,5.9,18.742857,23.614286,14.157144,76.98572,3.1857145,2.4857142,3.2142856,6.4142857,19.928572,0.00013128668,0.0035817102,-7.2791902999999985e-25,1.4901161e-08,0.0,True
2002-08-05,29.32,56.300003,21.642857,27.828571,17.428572,76.557144,3.4285715,2.4142857,3.642857,6.2,24.028572,0.0065983683,0.0033498257,-7.2791902999999985e-25,1.6763806e-08,0.0,True
2002-08-12,29.42,88.6,20.028574,25.057144,16.285715,83.68572,2.4571426,2.1857142,2.6285713,8.028571,22.485714,0.007030949,0.003998056,-7.2791902999999985e-25,1.4901161e-08,0.0,True
2002-08-19,29.6,15.2,20.457142,25.414288,16.071428,78.48572,2.9714284,2.6000001,2.957143,10.1285715,22.214285,0.00078959763,0.0033873245,-7.2791902999999985e-25,1.8626451e-08,0.0,True
2002-08-26,29.64,13.0,21.528574,28.314287,15.957143,68.185715,3.5142858,2.6285713,4.0,8.514286,24.285715,1.6070902e-05,0.0033948421,-7.2791902999999985e-25,9.313226e-09,0.0,True
2002-09-02,29.54,0.0,20.314285,26.328571,15.057143,70.07143,2.8714287,1.8285713,3.3428571,7.4142857,23.385714,1.834333e-05,0.0033258423,-7.2791902999999985e-25,5.5879354e-09,0.0,True
2002-09-09,29.48,0.0,19.185715,25.585714,13.485715,69.27143,2.6857142,1.1999999,3.2285714,6.757143,21.1,1.0162592e-05,0.0032159612,-7.2791902999999985e-25,1.1175871e-08,0.0,True
2002-09-16,29.42,1.3,15.885715,21.914288,10.957144,74.042854,1.942857,0.9428572,2.5,6.5142856,18.042856,5.272031e-05,0.0030855238,-7.2791902999999985e-25,7.450581e-09,0.0,True
2002-09-23,29.39,32.3,12.742858,16.37143,10.642858,85.314285,1.1,0.62857145,1.2714285,6.5,14.728572,0.00035382062,0.002971001,-7.2791902999999985e-25,1.1175871e-08,0.0,True
2002-09-30,29.43,4.5,10.6285715,15.6285715,6.371429,83.04286,1.0285714,0.8,1.2142857,7.257143,11.585714,8.679181e-05,0.0028738827,-7.2791902999999985e-25,3.7252903e-09,0.0,True
2002-10-07,29.43,17.400002,11.371429,16.057142,7.2714286,85.44286,1.0428572,0.87142855,1.1999999,7.5142856,12.6285715,0.00016178936,0.0027799234,-7.2791902999999985e-25,5.5879354e-09,0.0,True
2002-10-14,29.42,10.3,5.1714287,9.114286,1.6,80.5,0.62857145,0.5428571,0.9857143,8.471429,6.1714287,0.00013235956,0.0027009249,0.0011873188,0.0033229422,0.0065814033,True
2002-10-21,29.43,11.3,7.7428575,10.8714285,4.9,90.85714,0.6571428,0.64285713,0.55714285,8.8,7.9714284,0.00041814893,0.0026404038,0.00031660285,0.0034920182,0.0,True
2002-10-28,29.46,27.1,9.1285715,12.771429,5.7428575,86.75714,1.1,1.0857142,0.85714287,9.657143,8.457143,0.0015633255,0.0026166812,1.1353266e-08,3.9674342e-07,0.0,True
2002-11-04,29.53,23.9,5.3,8.642858,2.3714287,86.15714,0.42857143,0.42857143,0.42857143,10.314285,5.7,0.00032052398,0.0027339086,0.0007721526,0.0009921938,0.0064605176,True
2002-11-11,29.58,20.4,1.4714286,4.7571425,-1.4428571,86.35714,0.3857143,0.3857143,0.31428573,10.514286,1.9857143,0.000528194,0.0030122995,0.0043870383,0.008209996,0.0053147525,True
2002-11-18,29.64,3.1,7.457143,10.242858,4.642857,89.471436,0.35714287,0.35714287,0.3857143,10.385715,6.3,0.00021961331,0.0035512447,0.0004155579,0.0026004016,0.0,True
2002-11-25,29.67,7.9,3.0,5.2000003,0.5142857,93.61428,0.14285716,0.14285716,0.14285715,10.5,3.1857142,0.0003001988,0.004177682,6.834666e-06,1.638569e-05,1.0661781e-05,True
2002-12-02,29.67,18.4,5.457143,6.9857144,3.4,94.52857,0.14285716,0.14285716,0.21428572,10.642858,4.9857144,0.00037830323,0.0048106983,3.4059798e-07,1.590699e-06,0.0,True
2002-12-09,29.67,0.2,-2.3,-0.37142852,-3.5857143,83.87144,0.042857144,0.042857144,0.37142855,10.4,-0.08571429,4.4852495e-06,0.005524449,0.000107509746,1.1175871e-08,0.00022331998,True
2002-12-16,29.64,0.9,-5.8857145,-3.1857142,-8.671429,81.957146,0.0,0.0,0.24285714,10.271428,-4.6285715,1.7642975e-05,0.006017484,0.00022268863,1.7546117e-06,0.0002623126,True
2002-12-23,29.6,1.7,-1.2285715,0.14285715,-2.6142857,90.8,0.0,0.0,0.18571427,10.328571,-1.2285714,3.4213066e-05,0.0061676726,0.0025835945,7.445738e-05,0.006768223,True
2002-12-30,29.590372075420543,18.0,0.85714287,2.8857143,-1.0142858,79.72858,0.11428572,0.11428572,0.4714286,10.428572,-1.0857143,0.0002978295,0.0061623976,0.004696318,0.0061799064,0.0051848367,False
2003-01-06,29.65,29.199999,-2.557143,0.7857143,-6.114286,87.6,0.0,0.0,0.24285714,10.9,-0.2,0.0004413128,0.006195508,0.005374863,0.00481255,0.007077381,True
2003-01-13,29.69,6.6000004,-6.3428574,-3.7571428,-9.8,89.47143,0.042857144,0.042857144,0.12857144,10.414286,-1.0571429,0.00014285743,0.0065786988,0.008504363,0.0030481182,0.0053087026,True
2003-01-20,29.72,2.0,4.0285716,6.471429,1.8142859,83.72858,0.5285714,0.51428574,0.51428574,10.242857,0.8428571,0.0002811998,0.006897755,0.0015213263,0.010043452,1.9147992e-05,True
2003-01-27,29.76,11.4,3.7714288,6.1285715,1.3000001,87.8,0.34285715,0.34285715,0.37142858,10.1,1.6857142,0.000112749636,0.007222533,0.00036113034,0.0015179217,0.0014602765,True
2003-02-03,29.78,15.6,-0.62857145,2.3428574,-3.1000001,92.01429,0.31428573,0.31428573,0.31428573,10.357142,0.9714286,0.00044625252,0.0073652714,0.0035886536,0.0013437103,0.00719871,True
2003-02-10,29.77,4.0,-1.5285714,1.0571429,-3.9714286,86.44286,0.12857144,0.12857144,0.34285715,10.3,-0.08571429,2.4333596e-05,0.0074300766,0.0070464327,0.001153402,0.0032881014,True
2003-02-17,29.7,0.2,-3.5285716,0.7285715,-6.7285714,72.314285,0.071428575,0.071428575,0.59999996,10.228572,-1.6857142,6.9364905e-06,0.0074116364,0.006972421,0.00031475537,0.00068806484,True
2003-02-24,29.65,0.1,-0.62857145,2.9285715,-3.7000003,82.84286,0.40000004,0.37142855,0.61428577,10.142858,-1.0857143,6.195903e-05,0.0073448494,0.005792362,0.003217103,0.00046017766,True
2003-03-03,29.61,4.3,1.5428572,6.642857,-2.2714286,72.75715,0.71428573,0.64285713,0.9285714,9.757143,0.2,0.00010627508,0.0072230026,0.001655204,0.0027403478,0.0007411428,True
2003-03-10,29.59,7.7,3.6285713,7.8428574,0.11428571,79.72858,0.8714286,0.77142864,0.9142857,9.642858,2.2428572,0.0001892522,0.007050939,0.0011030436,0.0029565599,0.0017630756,True
2003-03-17,29.61,11.1,4.7000003,9.357142,0.88571435,76.84286,1.0571429,1.0142857,1.0857142,9.8714285,5.071429,0.00018351525,0.0068649277,9.150732e-06,7.239729e-05,4.5895576e-06,True
2003-03-24,29.66,0.1,4.157143,10.257143,-1.6714287,57.057148,1.5285714,1.2428571,1.9571428,9.414286,4.742857,5.528331e-06,0.006693952,3.290744e-05,6.435253e-05,8.3711e-05,True
2003-03-31,29.62,0.1,8.728572,14.842857,3.4714286,69.48572,1.7142856,1.3857143,1.9285715,8.842857,9.2,1.5072525e-05,0.0064650998,2.100354e-06,1.4595687e-05,0.0,True
2003-04-07,29.6,8.5,4.728572,9.3714285,0.41428572,67.37143,1.8714285,1.5428572,1.9,8.4,6.4714284,9.468198e-05,0.006189488,5.6204342e-05,3.734231e-05,0.00043076277,True
2003-04-14,29.58,1.1,4.614286,10.014287,-1.2714287,60.44286,1.9857142,1.4714286,2.2428572,7.9428573,6.1714287,4.3675303e-05,0.005896516,0.0011919964,0.0024765916,0.0023270696,True
2003-04-21,29.55,2.1,12.457144,18.642857,6.328572,49.228573,3.6857142,2.457143,3.9142857,6.8714285,11.857142,2.5875866e-05,0.005535409,1.0848045e-05,0.00010849163,0.0,True
2003-04-28,29.53,2.5,14.2,20.657145,7.457143,54.714287,3.2714286,1.4,3.4285715,6.0571427,14.485714,3.9190054e-05,0.005128056,-7.2791902999999985e-25,0.0,0.0,True
2003-05-05,29.53,4.4,15.6285715,21.814285,8.771429,61.32857,3.8999999,1.3142856,3.6285717,5.7285714,15.757143,6.438792e-05,0.0047396123,-7.2791902999999985e-25,3.7252903e-09,0.0,True
2003-05-12,29.51,7.8,15.642858,21.457144,10.400001,63.128574,3.1714284,0.7285715,3.457143,5.5285716,18.37143,3.9830804e-05,0.0043166876,-7.2791902999999985e-25,3.7252903e-09,0.0,True
2003-05-19,29.49,20.4,12.028572,17.5,7.157143,76.042854,2.614286,1.4999999,2.4142857,5.6571426,15.314285,0.00017231703,0.003956087,-7.2791902999999985e-25,3.7252903e-09,0.0,True
2003-05-26,29.5,4.7,16.528572,22.057144,11.085714,68.88572,3.6857142,1.6428572,3.642857,5.4714284,18.385714,1.8142164e-05,0.003617674,-7.2791902999999985e-25,1.1175871e-08,0.0,True
2003-06-02,29.47,0.8,19.814287,26.600002,12.1285715,53.042854,4.6285715,0.75714284,5.3285713,5.1,22.22857,6.0126185e-06,0.0032528713,-7.2791902999999985e-25,0.0,0.0,True
2003-06-09,29.47,24.2,22.142857,29.300001,15.6285715,58.014286,5.428571,2.0,5.857143,5.071429,24.585714,2.8342009e-05,0.0028801784,-7.2791902999999985e-25,1.4901161e-08,0.0,True
2003-06-16,29.45,1.5,19.5,24.87143,12.914286,59.0,4.6142855,1.4142857,4.8857145,4.857143,23.414286,5.930662e-06,0.0025515854,-7.2791902999999985e-25,3.7252903e-09,0.0,True
2003-06-23,29.43,15.8,17.5,22.800001,12.814286,67.50001,3.9714284,1.6428572,3.8,4.7285714,20.342857,9.691715e-05,0.0022924766,-7.2791902999999985e-25,7.450581e-09,0.0,True
2003-06-30,29.44,0.2,19.0,24.742859,12.8714285,60.37143,4.3,0.9714286,4.5285716,4.5571427,21.642857,8.687377e-06,0.0020704344,-7.2791902999999985e-25,7.450581e-09,0.0,True
2003-07-07,29.42,11.0,17.114286,21.2,14.314286,76.47143,2.8714287,1.4571428,2.9428573,4.4428573,19.114286,8.369982e-05,0.001869671,-7.2791902999999985e-25,1.8626451e-08,0.0,True
2003-07-14,29.42,4.5,18.528574,24.357143,12.757143,65.65714,3.942857,1.1857144,4.1857142,4.2714286,20.971428,1.8686056e-05,0.0017109737,-7.2791902999999985e-25,1.4901161e-08,0.0,True
2003-07-21,29.41,12.3,23.77143,30.714285,17.514286,59.55714,5.0428576,1.3857143,5.5,4.142857,25.2,0.00013925135,0.0015435368,-7.2791902999999985e-25,7.450581e-09,0.0,True
2003-07-28,29.39,20.0,21.828571,28.157145,17.857143,70.85714,3.6714287,2.2285714,4.0857143,4.3285713,24.5,0.00018672645,0.0013999417,-7.2791902999999985e-25,1.4901161e-08,0.0,True
2003-08-04,29.39,0.1,23.457142,29.557144,17.385715,61.700005,3.985714,1.7142857,4.542857,4.2,25.514286,1.0281801e-05,0.0012810975,-7.2791902999999985e-25,1.1175871e-08,0.0,True
2003-08-11,29.35,0.0,23.37143,30.357143,16.27143,51.2,4.842857,0.61428577,5.714286,3.7714286,25.77143,0.0,0.0011572093,-7.2791902999999985e-25,1.1175871e-08,0.0,True
2003-08-18,29.32,3.8999999,21.47143,28.228573,15.157144,54.785713,4.3714285,0.5285714,5.1285715,3.6,23.642857,6.571412e-06,0.0010445267,-7.2791902999999985e-25,1.1175871e-08,0.0,True
2003-08-25,29.28,4.3,19.028574,24.685715,13.971429,68.07143,3.1714284,0.5142857,3.5857143,3.6,21.314285,1.3113022e-05,0.0009575635,-7.325276e-25,9.313226e-09,0.0,True
2003-09-01,29.24,16.9,15.385715,20.885714,11.67143,71.64286,2.3285716,0.9142858,2.8428571,3.9,17.642857,8.162856e-05,0.0008891523,-7.345365000000001e-25,9.313226e-09,0.0,True
2003-09-08,29.21,0.4,15.685715,21.614286,9.971429,65.74286,2.5,1.3285714,2.957143,4.0142856,16.87143,8.687377e-06,0.0008334145,-7.345365000000001e-25,5.5879354e-09,0.0,True
2003-09-15,29.19,17.699999,15.028572,19.742859,11.6,80.12858,1.4285715,1.1428572,1.7142857,4.928571,16.471428,0.00019606948,0.00078303367,-7.345365000000001e-25,7.450581e-09,0.0,True
2003-09-22,29.17,0.0,18.657145,26.9,11.771429,64.78571,2.6142857,1.6714286,3.5285716,4.6857142,18.614286,4.4703484e-08,0.00073865056,-7.345365000000001e-25,5.5879354e-09,0.0,True
2003-09-29,29.16,10.1,12.457144,18.685715,7.3,71.38572,1.5857143,1.042857,2.0,4.242857,14.3,8.070469e-05,0.0006959662,-7.345365000000001e-25,7.450581e-09,0.0,True
2003-10-06,29.18,14.6,10.214286,14.8,6.014286,86.14286,0.92857134,0.7714286,0.9714286,4.4857144,11.757143,0.00016699731,0.0006631538,-7.345365000000001e-25,0.0,0.0,True
2003-10-13,29.21,9.4,9.442857,13.471429,6.4714284,81.51429,1.0000001,0.87142855,1.0857142,4.9,9.728572,0.0001642108,0.00063727796,-7.345365000000001e-25,1.1175871e-08,0.0,True
2003-10-20,29.19,0.0,5.0,10.728572,-0.04285717,78.34286,0.6571428,0.44285718,0.78571427,4.757143,6.3714285,1.013279e-06,0.000614807,-7.345365000000001e-25,0.0,0.0,True
2003-10-27,29.19,10.2,2.1428573,6.057143,-1.4142858,83.37144,0.44285718,0.37142858,0.5,4.8428574,3.642857,7.6469034e-05,0.0005959496,4.9216405e-06,2.1765009e-05,2.7261674e-05,True
2003-11-03,29.21,9.5,6.2000003,9.728571,2.642857,84.24286,0.5142857,0.42857143,0.64285713,5.3,5.1571426,8.2701445e-05,0.0005799234,1.9527617e-06,5.8133155e-06,0.0,True
2003-11-10,29.2,0.0,5.2571435,7.8285713,2.7571428,86.74286,0.31428573,0.24285714,0.4857143,5.4,4.8,2.719462e-06,0.000565432,-7.345365000000001e-25,3.7252903e-09,0.0,True
2003-11-17,29.2,18.4,2.957143,6.571429,-0.0142857,85.65715,0.34285715,0.27142859,0.29999998,5.4428573,2.5428572,0.0001000762,0.0005524084,-7.345365000000001e-25,0.0,0.0,True
2003-11-24,29.27,4.4,9.7,12.928572,6.657143,85.78571,0.41428572,0.35714287,0.5142857,6.3,7.8,3.8407743e-05,0.0005411953,-7.345365000000001e-25,7.450581e-09,0.0,True
2003-12-01,29.31,9.8,6.8285713,9.271429,4.9,94.28571,0.20000002,0.18571429,0.2,6.5571427,6.4142857,8.3461404e-05,0.00053133816,-7.345365000000001e-25,3.7252903e-09,0.0,True
2003-12-08,29.33,1.5999999,3.0857143,5.2571425,0.9142857,87.200005,0.25714287,0.24285714,0.37142858,6.7,3.2428572,1.9945204e-05,0.00052286685,2.1730151e-05,1.5459955e-07,7.610768e-05,True
2003-12-15,29.35,33.9,2.4285715,5.728572,-0.62857145,84.57143,0.41428572,0.4,0.35714287,7.2714286,1.1285714,0.00031317025,0.00051532686,7.279146e-05,0.0001832787,0.00019194931,True
2003-12-22,29.4,8.7,3.3,6.114286,0.4142857,83.0,0.42857146,0.41428572,0.41428572,8.314285,1.9571428,0.000109151006,0.00050943345,0.00018839042,0.00047201104,0.00069794804,True
2003-12-29,29.435,0.0,2.3142858,4.7714286,-0.028571436,73.15715,0.31428573,0.2857143,0.71428573,8.471429,0.35714287,3.296137e-05,0.0005058199,0.00018529098,0.00028019398,6.556511e-07,True
2004-01-05,29.40819290805435,0.2,-2.4428573,0.34285712,-4.7000003,81.200005,0.1,0.1,0.114285715,8.4,0.25,4.8428774e-07,0.00050346553,0.00037482238,5.412847e-06,0.0011479855,True
2004-01-12,29.42,20.5,1.4142857,4.071429,-1.6000001,92.5,0.20000002,0.20000002,0.15714286,9.1285715,-0.41428572,0.00030114502,0.0005021915,0.0029209284,0.0066626538,0.0059273764,True
2004-01-19,29.45,27.1,2.5285716,4.357143,0.42857146,91.114296,0.4142857,0.4142857,0.35714287,10.342857,1.0,0.000561744,0.000503622,0.0019368614,0.0039141662,0.009677425,True
2004-01-26,29.5,0.90000004,-4.6714287,-2.142857,-7.142857,82.557144,0.028571429,0.028571429,0.3,10.385715,-0.5285714,1.1883676e-05,0.000521034,0.0075967824,0.00030127168,0.0033410192,True
2004-02-02,29.51,24.5,1.8857144,4.342857,-1.0,87.14286,0.47142857,0.47142857,0.5,10.428572,0.6571429,0.0012716427,0.0005507469,0.0077552567,0.012372706,0.003840249,True
2004-02-09,29.54,18.7,8.342857,10.957144,6.071429,83.11428,1.1142857,1.1,0.9857143,10.557143,6.6285715,0.00041644275,0.0006140098,0.0003442594,0.00039586052,0.0022962317,True
2004-02-16,29.62,10.0,1.2428572,3.3428574,-1.2285715,90.35714,0.25714284,0.25714284,0.35714287,10.428572,1.1571429,0.0002605468,0.000738807,0.0046538967,0.0074580237,0.006870039,True
2004-02-23,29.64,0.1,1.2285715,4.714286,-1.7142857,67.08572,0.7428571,0.64285713,1.0857142,10.042857,0.87142855,3.6492944e-05,0.0008960664,0.0010367008,0.00086557865,0.00057633594,True
2004-03-01,29.59,4.7,-0.3571429,3.3,-3.7285714,80.8,0.58571434,0.54285717,0.7,9.742857,0.18571429,4.1641295e-05,0.0010379702,0.0030399845,0.0014406722,0.006085139,True
2004-03-08,29.54,3.0,0.6714286,4.3428574,-3.0857143,74.64286,0.7428571,0.6714286,0.9142857,9.585714,1.0142857,9.287894e-05,0.001153715,0.0026339632,0.0038217213,0.0020387322,True
2004-03-15,29.52,3.9,5.642857,9.3714285,2.3999999,77.1,1.1,0.9428572,1.2142857,9.385715,4.3142858,0.00018903613,0.0012475997,0.0020503146,0.0048096105,0.0018552467,True
2004-03-22,29.49,10.9,10.728571,15.228572,6.857143,75.24286,1.9285715,1.7428572,1.9142857,8.957143,9.857142,0.00020423532,0.0013221949,3.1278246e-06,3.7817284e-05,0.0,True
2004-03-29,29.52,0.0,4.0285716,8.271429,-0.071428575,72.92857,1.1571429,0.9428571,1.4142857,8.828571,5.3,1.1458993e-05,0.0013868287,0.0001276618,0.00030352362,0.00040403008,True
2004-04-05,29.49,4.1,9.485715,15.814286,3.9714286,61.74286,2.5,2.0571427,2.8285713,8.1,9.542857,4.145503e-05,0.0014350936,1.3186818e-05,8.920394e-05,0.0,True
2004-04-12,29.48,18.1,5.6714287,10.614286,1.6857144,83.814285,1.3714285,1.1999999,1.2857143,8.042857,7.7285714,0.00018690526,0.0014620945,-7.2791902999999985e-25,1.1175871e-08,0.0,True
2004-04-19,29.46,3.8999999,11.67143,17.885715,5.014286,64.3,2.614286,1.9571428,2.9428573,7.457143,12.742857,7.9512596e-05,0.0014710203,-7.2791902999999985e-25,0.0,0.0,True
2004-04-26,29.44,5.2999997,11.971429,17.157145,6.7999997,70.4,2.0857143,1.5428572,2.3142858,6.928571,13.285714,0.00013566017,0.0014588386,-7.2791902999999985e-25,1.8626451e-09,0.0,True
2004-05-03,29.44,3.4,15.257143,20.728573,10.114286,60.128574,3.5285714,2.1857142,4.057143,6.1857142,15.814285,2.3186207e-05,0.0014330074,-7.2791902999999985e-25,5.5879354e-09,0.0,True
2004-05-10,29.44,25.1,13.6285715,18.457144,9.114286,82.1,2.2285714,1.7428571,2.3142858,6.5,15.457143,0.00034040213,0.0013973117,-7.2791902999999985e-25,7.450581e-09,0.0,True
2004-05-17,29.43,4.1000004,11.971429,15.514287,8.014286,81.314285,1.8285713,1.4142858,2.0571427,6.6285715,14.0,8.267164e-05,0.001372695,-7.2791902999999985e-25,0.0,0.0,True
2004-05-24,29.42,4.9,11.871429,16.9,6.8428574,68.84286,2.9428573,2.0857143,3.0857143,5.9142857,14.485714,0.000118508935,0.001340285,-7.2791902999999985e-25,3.7252903e-09,0.0,True
2004-05-31,29.41,0.2,13.828572,19.657145,7.2000003,63.514286,3.2857144,1.757143,3.9285715,5.4428573,16.285715,3.671646e-05,0.0013037771,-7.2791902999999985e-25,0.0,0.0,True
2004-06-07,29.4,12.700001,16.47143,22.071428,11.6285715,72.74286,3.057143,1.542857,3.5571427,5.3285713,19.171429,0.00012023747,0.0012519583,-7.2791902999999985e-25,3.7252903e-09,0.0,True
2004-06-14,29.4,42.6,17.042858,21.528574,12.742858,80.28571,3.3,2.2,3.0714285,5.5,20.185715,0.00023417175,0.0012045726,-7.2791902999999985e-25,1.1175871e-08,0.0,True
2004-06-21,29.43,14.9,14.557143,19.514286,9.714286,74.48572,3.142857,2.3142858,3.0857143,5.5285716,17.22857,0.00014039129,0.0011607632,-7.2791902999999985e-25,1.4901161e-08,0.0,True
2004-06-28,29.43,13.6,15.871429,20.314287,11.228572,74.67143,3.3142858,2.414286,3.142857,5.142857,17.814285,6.67125e-05,0.001115568,-7.2791902999999985e-25,7.450581e-09,0.0,True
2004-07-05,29.4,13.2,15.871429,20.9,11.3,74.74286,3.385714,2.3142858,3.3285713,4.7,18.457144,0.00015208125,0.0010699928,-7.2791902999999985e-25,7.450581e-09,0.0,True
2004-07-12,29.4,20.3,16.571428,21.557144,12.400001,74.12858,3.3999999,2.2285714,3.5,4.9857144,19.12857,0.00016698241,0.0010239109,-7.2791902999999985e-25,1.4901161e-08,0.0,True
2004-07-19,29.42,24.9,18.157145,23.114286,14.1285715,79.71429,3.1571426,2.5142858,3.2000003,5.257143,20.028572,0.00013982505,0.0009840205,-7.284705e-25,1.4901161e-08,0.0,True
2004-07-26,29.44,29.7,18.657145,24.157145,14.071428,81.1,3.0142858,2.6714284,3.1142857,6.3285713,21.971428,0.0002612695,0.000940077,-7.345365000000001e-25,1.1175871e-08,0.0,True
2004-08-02,29.44,0.0,19.614286,25.957144,13.0,67.65714,3.6857145,2.742857,4.257143,5.742857,22.414286,5.2936375e-05,0.000899449,-7.345365000000001e-25,7.450581e-09,0.0,True
2004-08-09,29.42,0.0,23.014286,29.5,16.628572,58.92857,4.785714,1.9999999,5.3857145,4.5857143,24.428572,4.1127205e-06,0.00085314363,-7.345365000000001e-25,1.1175871e-08,0.0,True
2004-08-16,29.38,14.0,21.514286,27.47143,15.771429,68.41429,3.7,1.542857,4.142857,4.3285713,23.214285,0.00011373311,0.0008034557,-7.345365000000001e-25,1.3038516e-08,0.0,True
2004-08-23,29.39,8.8,19.042858,24.428572,14.214286,70.01429,2.9857142,1.5428572,3.3857143,4.1714287,21.0,7.1808696e-05,0.0007635951,-7.345365000000001e-25,7.450581e-09,0.0,True
2004-08-30,29.39,53.7,16.328571,21.128572,13.414286,86.74286,1.942857,1.5857143,1.8714286,4.642857,18.1,0.00021676719,0.0007306859,-7.345365000000001e-25,1.1175871e-08,0.0,True
2004-09-06,29.43,2.7,16.828571,23.357143,10.942857,74.48572,2.4428573,1.6999999,3.042857,5.0,18.571428,3.3825636e-06,0.0007027164,-7.345365000000001e-25,5.5879354e-09,0.0,True
2004-09-13,29.4,1.8000001,15.957144,22.214285,10.157143,67.61429,2.4142857,1.6142858,2.957143,4.257143,17.971428,7.279217e-05,0.0006698668,-7.345365000000001e-25,7.450581e-09,0.0,True
2004-09-20,29.4,1.7,14.828572,20.528574,9.6,68.24286,2.1571429,0.9714286,2.7428572,3.8285713,16.142857,3.144145e-06,0.0006427467,-7.345365000000001e-25,5.5879354e-09,0.0,True
2004-09-27,29.41,10.5,11.685715,15.642858,9.457144,87.08572,1.1428571,0.9142857,1.2571429,4.042857,12.442857,8.041412e-05,0.0006204322,-7.345365000000001e-25,1.3038516e-08,0.0,True
2004-10-04,29.42,9.1,12.400001,16.814287,8.3714285,87.12858,1.0142857,0.78571427,1.1,4.5,12.928572,6.403029e-05,0.0006041527,-7.345365000000001e-25,3.7252903e-09,0.0,True
2004-10-11,29.42,0.3,10.414286,15.814286,6.2714286,80.28571,0.95714283,0.71428573,1.2285715,4.257143,11.6285715,6.996095e-06,0.00058624893,-7.345365000000001e-25,5.5879354e-09,0.0,True
2004-10-18,29.4,14.4,7.5428576,11.328572,4.1,82.64286,0.7714286,0.5428571,0.9285714,4.214286,7.928571,7.646531e-05,0.000570111,-7.345365000000001e-25,3.7252903e-09,0.0,True
2004-10-25,29.42,2.2,11.828572,16.885715,7.0285716,77.98572,1.0714285,0.81428576,1.1999999,4.3142858,10.3714285,5.7317317e-05,0.00055631995,-7.345365000000001e-25,9.313226e-09,0.0,True
2004-11-01,29.37,5.5,10.271429,12.514285,8.585714,89.75714,0.38571426,0.2857143,0.5285714,4.4714284,10.5,0.00013097376,0.0005436167,-7.345365000000001e-25,5.5879354e-09,0.0,True
2004-11-08,29.36,3.8,7.7714286,10.285714,5.228572,86.54286,0.44285718,0.34285712,0.55714285,4.6,7.642857,5.1870942e-05,0.0005329251,-7.345365000000001e-25,1.8626451e-09,0.0,True
2004-11-15,29.41,18.4,3.3142858,5.7000003,0.6714286,92.01429,0.31428573,0.29999998,0.25714287,5.257143,3.4285715,0.00012996793,0.000523746,4.5413064e-08,1.2498349e-06,1.1958182e-06,True
2004-11-22,29.43,48.0,4.6714287,7.471429,1.9,89.9,0.54285717,0.54285717,0.3285714,6.7,3.9142857,0.0006506294,0.0005164072,0.0022058997,0.005906198,0.00769246,True
2004-11-29,29.52,7.9999995,3.042857,5.871429,0.4857143,88.85714,0.3285714,0.3285714,0.3285714,7.9,2.4714286,0.00010064244,0.00051258504,0.00064187957,0.0018110797,9.350479e-06,True
2004-12-06,29.51,0.2,3.5857143,5.3142858,1.6142857,92.24286,0.14285715,0.14285715,0.2857143,8.142858,2.857143,7.428229e-06,0.0005123094,4.2024112e-05,0.0001515802,0.0,True
2004-12-13,29.5,0.2,2.5857143,4.1857142,0.71428573,91.0,0.10000001,0.10000001,0.24285714,8.1,1.8,1.1630356e-05,0.00051406026,3.5138357e-05,4.0410087e-05,0.00013041496,True
2004-12-20,29.49,10.9,0.7571429,3.6571429,-1.8142859,84.98572,0.32857147,0.3,0.31428573,8.185715,0.114285715,7.253885e-05,0.0005169362,0.00078358536,0.0002662912,0.0023852251,True
2004-12-27,29.49,14.0,2.4285717,5.414286,-0.77142864,88.24286,0.37142858,0.37142858,0.32857147,8.685715,1.0428572,0.00026091188,0.0005207658,0.001127243,0.0032287743,0.0012756996,True
2005-01-03,29.529062832028096,15.6,3.8857143,5.542857,1.8714286,87.57143,0.25,0.22500001,0.42857143,9.225,1.45,0.00019609928,0.0005284697,0.00027630443,0.00077492744,0.00046614558,True
2005-01-10,29.57,3.9,7.471429,9.942857,4.914286,76.04286,1.0,0.9571429,1.0571429,9.5,5.1857142,0.0001219064,0.00054421276,9.593509e-07,1.0281801e-05,0.0,True
2005-01-17,29.59,0.3,3.8285716,6.6571426,1.3857143,83.17143,0.42857146,0.35714287,0.55714285,9.214286,2.8285713,3.0979514e-05,0.00056892633,-7.345365000000001e-25,2.2724271e-07,3.46452e-07,True
2005-01-24,29.55,32.4,2.2285714,4.514286,0.2,88.64286,0.55714285,0.55714285,0.34285715,9.9,1.5428572,0.00028784573,0.00059725344,0.0012987852,0.0013782904,0.0065509006,True
2005-01-31,29.6,7.3,-1.6000001,0.0,-3.5428574,91.64286,0.071428575,0.071428575,0.25714287,10.214286,0.3,0.00016793981,0.00063545257,0.0063028224,0.0046518333,0.00335785,True
2005-02-07,29.61,1.9,0.34285715,3.7142856,-2.6285717,78.74286,0.4,0.4,0.54285717,10.071428,0.5714286,7.408112e-05,0.00068204105,0.002311366,0.0021870546,0.00020690262,True
2005-02-14,29.59,25.3,1.8285714,5.157143,-1.1142857,82.057144,0.62857145,0.6,0.5714286,10.314285,0.47142857,0.00046955794,0.00073889643,0.0011295704,0.0015491508,0.0034367144,True
2005-02-21,29.63,2.3,-0.32857147,1.7428572,-2.1571429,82.84286,0.2,0.18571429,0.5428571,10.3714285,0.14285715,3.103912e-05,0.00081630796,0.0059877746,0.0013385322,0.004792895,True
2005-02-28,29.64,10.099999,-2.0142858,0.25714284,-4.8714285,86.84286,0.1,0.1,0.44285718,10.342857,0.1,4.8831105e-05,0.0009037927,0.011710587,0.0023120623,0.012365568,True
2005-03-07,29.63,3.6999998,-2.5,0.8142857,-5.3142858,75.957146,0.08571429,0.08571429,0.7285714,10.3,0.1,1.0758638e-05,0.0009847432,0.017027622,0.0005188342,0.005825199,True
2005-03-14,29.59,10.6,1.1285714,4.4428573,-1.6428572,80.4,0.8000001,0.8000001,0.85714287,10.242857,0.78571427,0.00037781894,0.001057975,0.013366444,0.011487698,0.005527679,True
2005-03-21,29.64,3.3999999,6.7714286,11.457144,2.5428574,67.957146,1.5285715,1.3857143,1.6999999,9.857142,6.542857,0.00033302605,0.001151599,0.0016579401,0.009988198,3.7789345e-05,True
2005-03-28,29.64,1.9000001,8.985715,13.857142,4.5,76.48572,1.3142856,1.1285714,1.5285714,9.357142,9.142858,0.00011776388,0.0012874156,4.819461e-06,2.3297966e-05,0.0,True
2005-04-04,29.61,0.0,9.028571,16.185715,1.8285714,46.828575,2.8857143,2.2285714,3.5142858,8.571428,9.4,9.730458e-06,0.0013964549,-7.345365000000001e-25,3.7252903e-09,0.0,True
2005-04-11,29.58,7.2,8.171429,13.157144,3.9857144,77.24286,1.8142859,1.5428572,1.7142857,7.9,9.642858,0.00017109513,0.0014596432,-7.345365000000001e-25,0.0,0.0,True
2005-04-18,29.57,0.0,13.6285715,19.657145,7.957143,67.92857,2.5,1.7142859,2.957143,7.3,14.157143,1.3038516e-05,0.0014922842,-7.345365000000001e-25,7.450581e-09,0.0,True
2005-04-25,29.53,0.0,8.328572,14.5,2.2857144,50.228573,2.9285712,1.357143,3.6142857,6.457143,11.928572,9.581447e-06,0.0014861897,-7.345365000000001e-25,0.0,0.0,True
2005-05-02,29.49,9.3,15.057143,21.34286,8.485715,63.11429,3.2142856,1.4142858,3.6142857,6.142857,15.728572,0.000105917454,0.0014584884,-7.345365000000001e-25,3.7252903e-09,0.0,True
2005-05-09,29.5,26.3,10.6285715,15.657144,7.6714287,80.82857,2.3285713,1.6428572,2.1571429,6.2714286,13.814285,0.00050987303,0.0014229044,-7.345365000000001e-25,3.7252903e-09,0.0,True
2005-05-16,29.53,31.000002,9.442857,14.67143,5.557143,81.85714,2.2714286,1.9428571,2.1142857,6.928571,12.314285,0.00036156923,0.0013964474,-7.345365000000001e-25,0.0,0.0,True
2005-05-23,29.56,9.6,13.371429,18.2,8.185715,71.685715,2.557143,2.1142857,2.8428571,7.0142856,15.642858,0.00021908432,0.0013722554,-7.345365000000001e-25,3.7252903e-09,0.0,True
2005-05-30,29.51,13.2,19.928572,25.885714,13.885715,64.57143,4.428571,3.157143,4.728572,6.242857,22.571428,7.279217e-05,0.0013409331,-7.345365000000001e-25,7.450581e-09,0.0,True
2005-06-06,29.47,8.8,13.957144,17.928572,9.771429,73.77143,2.8714287,2.0142856,2.9142857,5.9,16.757143,7.8730285e-05,0.0012998208,-7.345365000000001e-25,7.450581e-09,0.0,True
2005-06-13,29.45,10.5,11.8,16.9,6.7571425,74.77143,2.7142856,1.9857143,2.5857143,5.5857143,14.614285,0.000121220946,0.0012641996,-7.345365000000001e-25,0.0,0.0,True
2005-06-20,29.42,0.5,19.428572,25.328571,12.742858,66.98572,4.2428575,1.5999998,4.6142855,4.9428573,21.814285,3.2491982e-05,0.001220569,-7.345365000000001e-25,1.1175871e-08,0.0,True
2005-06-27,29.38,7.2,21.028574,27.928572,13.985715,61.34286,4.9714284,1.4285715,5.1571426,4.7714286,24.285715,6.912649e-05,0.0011572838,-7.345365000000001e-25,1.1175871e-08,0.0,True
2005-07-04,29.33,10.2,19.728573,25.071428,13.685715,64.34286,4.1714287,1.3142856,4.4857144,4.6714287,22.928572,0.00020082295,0.0010917932,-7.345365000000001e-25,7.450581e-09,0.0,True
2005-07-11,29.3,37.100002,16.87143,21.742857,13.114286,84.84286,2.8142858,2.3999999,2.6142857,6.1714287,19.885714,0.00057412684,0.0010501593,-7.345365000000001e-25,1.1175871e-08,0.0,True
2005-07-18,29.28,1.2,21.414288,27.5,15.7,62.857143,4.4857144,3.1571429,4.9,5.3285713,24.62857,3.284216e-05,0.001004152,-7.345365000000001e-25,7.450581e-09,0.0,True
2005-07-25,29.28,57.7,16.571428,20.728573,13.800001,81.814285,2.6714287,2.2571428,2.5714285,6.042857,18.671429,0.00046092272,0.0009666905,-7.345365000000001e-25,1.8626451e-08,0.0,True
2005-08-01,29.29,37.7,20.02857,24.7,16.314287,77.614296,3.6142857,3.2285717,3.4428573,6.8285713,23.071428,0.0010171235,0.00093805045,-7.345365000000001e-25,7.450581e-09,0.0,True
2005-08-08,29.34,22.7,15.014287,19.614286,11.242857,82.42857,2.4142857,2.2285714,2.5142858,7.042857,18.7,0.00033330917,0.00090934336,-7.345365000000001e-25,7.450581e-09,0.0,True
2005-08-15,29.34,14.2,15.171428,18.557144,12.3,83.328575,1.8571428,1.7142857,1.9428571,7.385714,16.514286,0.00020885468,0.0008923188,-7.345365000000001e-25,1.6763806e-08,0.0,True
2005-08-22,29.31,9.2,19.414288,26.0,13.357142,74.14286,3.2,2.4857144,3.5857143,6.857143,21.928572,8.225441e-06,0.00087367,-7.345365000000001e-25,5.5879354e-09,0.0,True
2005-08-29,29.28,7.6000004,16.814287,21.642857,12.728571,77.34286,2.2571428,1.8000001,2.6857142,6.5,19.328571,0.00018785894,0.0008537844,-7.345365000000001e-25,7.450581e-09,0.0,True
2005-09-05,29.27,0.0,19.0,25.285715,13.228571,69.74286,2.7857146,1.7571428,3.3999999,5.6,21.22857,4.3682754e-05,0.00083147734,-7.345365000000001e-25,1.1175871e-08,0.0,True
2005-09-12,29.27,8.1,19.628572,25.37143,14.1,76.557144,2.4714286,1.2571429,2.8285713,5.142857,21.257143,0.00013747811,0.0008063689,-7.345365000000001e-25,1.3038516e-08,0.0,True
2005-09-19,29.32,19.5,13.028572,18.671429,8.5,80.82857,1.5571429,1.2714287,1.8000001,6.1285715,15.585714,0.00023214519,0.00078936666,-7.345365000000001e-25,1.8626451e-09,0.0,True
2005-09-26,29.33,3.7,14.728572,20.67143,9.828572,80.42857,1.5000001,1.1428572,1.8285714,6.2285714,16.0,3.9324164e-05,0.0007734597,-7.345365000000001e-25,0.0,0.0,True
2005-10-03,29.35,19.1,11.914286,16.128572,8.6285715,89.90001,0.85714287,0.7714286,0.9714286,6.614286,13.142858,0.00022768974,0.0007608235,-7.345365000000001e-25,1.8626451e-09,0.0,True
2005-10-10,29.37,0.0,13.928572,19.828571,9.942858,81.28571,1.1571429,0.88571435,1.4,6.8,13.857142,1.1920929e-07,0.0007509962,-7.345365000000001e-25,7.450581e-09,0.0,True
2005-10-17,29.35,0.0,10.5,16.9,5.6857147,79.88572,0.90000004,0.67142856,1.1,6.385714,11.385715,5.662441e-07,0.00073978305,-7.345365000000001e-25,3.7252903e-09,0.0,True
2005-10-24,29.32,21.599998,10.1285715,14.071428,6.3142858,88.25714,0.7571429,0.6285714,0.7285714,6.457143,10.428572,0.0002541691,0.0007314831,-7.345365000000001e-25,7.450581e-09,0.0,True
2005-10-31,29.36,3.7,11.342857,16.328571,7.6,80.74286,0.90000004,0.7714286,0.88571423,6.957143,10.614285,2.9601157e-05,0.00072499365,-7.345365000000001e-25,9.313226e-09,0.0,True
2005-11-07,29.34,8.7,9.514285,13.485715,5.7285714,87.52857,0.51428574,0.44285718,0.42857143,6.9857144,8.8714285,0.00011266768,0.0007195473,-7.345365000000001e-25,3.7252903e-09,0.0,True
2005-11-14,29.32,0.2,8.057143,11.5,4.657143,88.32857,0.37142855,0.2857143,0.2857143,7.1285715,7.214286,2.413988e-06,0.00071617216,-7.345365000000001e-25,0.0,0.0,True
2005-11-21,29.33,13.2,2.3999999,4.471429,0.41428572,93.828575,0.21428573,0.20000003,0.21428572,8.0,2.7142856,0.00021453202,0.0007146746,0.00027131467,0.00074886903,0.0014279485,True
2005-11-28,29.31,3.9,0.88571423,3.1571429,-1.1571429,85.98572,0.17142858,0.15714286,0.37142858,8.285714,0.78571427,1.8447638e-05,0.00071659684,0.0011303993,0.0005281959,0.0021696687,True
2005-12-05,29.27,2.3,1.3000001,3.8714287,-1.1857144,88.1,0.17142858,0.15714288,0.25714287,8.328571,-0.1,0.00010108948,0.0007217452,0.0016944238,0.0019669011,0.0001869537,True
2005-12-12,29.26,1.5,1.9,4.457143,-0.59999996,95.17143,0.10000001,0.10000001,0.10000001,8.442857,0.98571426,2.3111701e-05,0.0007292852,0.00036793094,0.0005556196,3.117323e-05,True
2005-12-19,29.3,23.6,2.5285716,4.3,0.5285715,92.62858,0.32857138,0.32857138,0.25714287,9.042857,1.8,0.00033013523,0.0007401481,0.00060302304,0.0005529076,0.0040357523,True
2005-12-26,29.35,17.0,3.4857144,5.3857145,1.6571429,91.90001,0.2857143,0.2857143,0.22857143,10.142858,2.3,0.00028210878,0.0007638112,0.0011698349,0.0037582293,0.004485391,True
2006-01-02,29.413000037261604,10.3,-1.857143,0.85714287,-5.042857,90.08572,0.02,0.02,0.18571427,10.42,0.22,0.00016078353,0.0008107722,0.010860137,0.005841106,0.012614369,True
2006-01-09,29.44,0.0,-1.8142859,-0.22857141,-3.2857144,89.92857,0.057142857,0.042857144,0.24285714,10.228572,-0.014285714,1.9699335e-05,0.0008717403,0.010758145,0.00091209635,0.0011282414,True
2006-01-16,29.43,1.3,-1.8857144,1.557143,-4.5,85.557144,0.114285715,0.114285715,0.15714286,10.2,-1.0714285,8.7827444e-05,0.0009400174,0.009024126,0.0025659576,3.2860786e-05,True
2006-01-23,29.45,17.2,-4.7714286,-1.5714285,-7.785714,83.299995,0.057142857,0.057142857,0.27142859,10.442857,-1.4714285,0.0005348623,0.0010087341,0.013398812,0.0078811385,0.011716414,True
2006-01-30,29.47,0.0,-6.5,-2.2285714,-10.6,75.08572,0.0,0.0,0.31428573,10.3,-4.5571427,1.3411045e-07,0.0010989383,0.011843557,0.0,0.00030772388,True
2006-02-06,29.44,9.9,-2.2571428,0.0,-4.857143,88.18572,0.042857144,0.042857144,0.27142859,10.214286,-2.0428572,1.8045306e-05,0.0011956245,0.012278398,0.00077461824,0.0050638244,True
2006-02-13,29.48,19.6,1.3000001,3.1571429,-0.34285712,91.17143,0.4142857,0.4142857,0.31428573,10.728572,3.9650823999999995e-18,0.001091972,0.0013105273,0.009942231,0.014373595,0.009446833,True
2006-02-20,29.54,10.6,2.3999999,5.4714284,-0.34285715,88.38572,0.4714286,0.4714286,0.44285718,10.3,0.54285717,0.0005501509,0.0015262812,0.004916645,0.009539984,5.9194863e-06,True
2006-02-27,29.57,0.7,-0.85714287,2.057143,-3.2142856,75.84286,0.37142858,0.34285715,0.71428573,10.157143,-0.08571429,1.6644597e-05,0.0018654317,0.0015568847,0.0004157573,0.0019224305,True
2006-03-06,29.55,5.1,-0.45714286,3.7000003,-3.9285715,79.67143,0.5714286,0.5428571,0.7571429,9.971429,-0.12857144,4.7177076e-05,0.0021766946,0.0037964582,0.0012049172,0.0054651797,True
2006-03-13,29.5,12.9,-1.7571429,1.3714286,-4.2428575,85.35714,0.24285714,0.22857143,0.5857143,10.157143,0.0,3.78415e-05,0.0024031028,0.011674472,0.0016306788,0.014729809,True
2006-03-20,29.49,0.0,0.21428572,3.1000001,-2.3857143,82.700005,0.32857147,0.3,0.71428573,10.185715,0.0,0.00019833446,0.0025644377,0.013761475,0.009548843,0.0014354922,True
2006-03-27,29.5,13.5,4.2000003,9.271429,-0.1714286,75.62858,1.2714285,1.1571428,1.2571429,9.985714,3.6285715,0.0028374493,0.00309024,0.0035235654,0.007182941,1.3515353e-05,True
2006-04-03,29.57,14.1,9.385714,14.342857,4.9714284,79.94286,1.7428571,1.7428571,1.5,10.142858,9.071428,0.00084507465,0.003141582,1.5065783e-05,0.00014455058,0.0,True
2006-04-10,29.65,2.2,5.957143,10.985715,1.4,68.77143,1.9571428,1.6999999,2.0428572,9.814285,7.4142857,6.450713e-05,0.0039021,-7.345365000000001e-25,2.0861626e-07,2.0861626e-07,True
2006-04-17,29.7,14.200001,7.6857147,11.885715,4.142857,80.62858,1.6285715,1.4714286,1.4714286,9.285714,8.685715,0.000724718,0.0043532774,-7.345365000000001e-25,0.0,0.0,True
2006-04-24,29.68,15.5,11.442858,16.37143,6.8857145,75.61428,2.057143,1.7285715,2.2,8.914286,13.114285,0.0001796633,0.004519053,-7.345365000000001e-25,0.0,0.0,True
2006-05-01,29.6,12.2,11.157144,16.085714,6.357143,74.542854,2.2,1.9000002,2.2857144,8.7,13.642858,0.00016409904,0.0045409203,-7.345365000000001e-25,0.0,0.0,True
2006-05-08,29.57,0.0,16.757143,23.528574,9.67143,51.957146,4.385714,3.2,4.7999997,7.7285714,17.285715,9.775162e-06,0.004443243,-7.345365000000001e-25,7.450581e-09,0.0,True
2006-05-15,29.54,0.0,15.842857,22.47143,8.242857,57.37143,3.8999999,1.8714286,4.2285714,6.4,18.242857,4.4986606e-05,0.004229605,-7.345365000000001e-25,0.0,0.0,True
2006-05-22,29.5,22.0,14.471429,19.642857,10.014285,77.35714,2.885714,2.0142856,2.7428572,6.214286,16.028572,0.0002335757,0.00402008,-7.345365000000001e-25,1.1175871e-08,0.0,True
2006-05-29,29.49,18.0,11.942857,16.428572,8.1285715,78.01429,2.885714,2.1857142,2.5,6.1,14.6,0.00018916279,0.003816627,-7.345365000000001e-25,3.7252903e-09,0.0,True
2006-06-05,29.52,15.1,10.985715,15.1285715,6.6857142,77.04286,2.242857,1.8000001,2.3999999,6.457143,13.6285715,0.00018686056,0.0036267638,-7.345365000000001e-25,0.0,0.0,True
2006-06-12,29.49,8.0,17.514286,23.67143,10.400001,62.728573,4.0142856,2.5285716,4.7000003,5.9142857,20.4,2.5004148e-05,0.0034259409,-7.345365000000001e-25,3.7252903e-09,0.0,True
2006-06-19,29.48,18.900002,20.985716,27.085714,15.257143,68.88572,4.1714287,1.7285715,4.4857144,5.4,23.857143,0.0003696829,0.0031677485,-7.345365000000001e-25,7.450581e-09,0.0,True
2006-06-26,29.49,3.0,21.685715,27.314285,15.7,64.71429,4.7999997,1.8285714,4.8285713,5.1285715,24.714285,5.3808093e-05,0.0029503405,-7.345365000000001e-25,7.450581e-09,0.0,True
2006-07-03,29.46,0.0,20.057144,25.742859,14.242858,58.54286,4.7,0.7571429,5.057143,4.742857,23.27143,2.7865171e-06,0.0027191192,-7.345365000000001e-25,3.7252903e-09,0.0,True
2006-07-10,29.43,52.999996,23.47143,30.4,17.042858,61.44286,5.414285,1.5,5.6571426,4.7,25.914286,0.00031872094,0.0024721548,-7.345365000000001e-25,1.4901161e-08,0.0,True
2006-07-17,29.45,10.6,22.128572,28.34286,15.800001,60.34286,5.071429,1.2857143,5.2999997,4.5285716,25.842857,8.299947e-06,0.00226181,-7.345365000000001e-25,5.5879354e-09,0.0,True
2006-07-24,29.41,0.0,25.84286,32.685715,17.957144,53.05714,5.657143,0.6999999,6.1285715,4.2,27.614286,2.4586916e-06,0.0020489395,-7.345365000000001e-25,1.1175871e-08,0.0,True
2006-07-31,29.4,17.1,24.557144,30.800001,19.2,60.385715,4.7285714,0.9142857,5.071429,4.0571427,27.342857,1.7628074e-05,0.0018462837,-7.345365000000001e-25,7.450581e-09,0.0,True
2006-08-07,29.4,22.599998,18.87143,24.214285,14.542857,73.75714,3.2428572,1.4714286,3.2571428,4.257143,21.614286,0.00015570968,0.0016880184,-7.345365000000001e-25,1.3038516e-08,0.0,True
2006-08-14,29.41,12.8,16.414286,20.785715,13.17143,78.62858,2.4428573,1.6000001,2.7571428,4.357143,19.757143,5.567819e-05,0.0015701726,-7.345365000000001e-25,7.450581e-09,0.0,True
2006-08-21,29.38,13.4,18.542858,24.285715,14.114286,79.32857,2.8571432,2.2571428,2.857143,4.542857,20.514286,0.00011982024,0.0014620721,-7.345365000000001e-25,1.4901161e-08,0.0,True
2006-08-28,29.39,21.3,16.114286,20.657145,13.057143,83.72858,1.9999999,1.6999999,2.0428572,4.8,18.27143,0.00014910102,0.0013661385,-7.345365000000001e-25,1.1175871e-08,0.0,True
2006-09-04,29.4,9.400001,16.814287,20.014286,14.157144,80.32857,2.2142856,1.8571428,2.2285714,5.2,17.27143,0.0001577884,0.0012903288,-7.345365000000001e-25,2.2351742e-08,0.0,True
2006-09-11,29.4,0.4,16.828571,23.014286,11.771429,74.77143,2.3,1.6285714,2.8999999,4.6714287,18.242857,5.3286552e-05,0.0012179017,-7.345365000000001e-25,1.1175871e-08,0.0,True
2006-09-18,29.38,0.0,19.628572,26.757143,13.342857,64.3,2.9714284,1.3714285,3.7857144,3.9714286,19.742857,6.2584877e-07,0.0011440665,-7.345365000000001e-25,1.4901161e-08,0.0,True
2006-09-25,29.37,0.0,17.842857,24.614286,12.314286,66.61429,2.5,0.5142857,3.1857142,3.7285714,18.6,2.3692846e-06,0.0010752007,-7.345365000000001e-25,7.450581e-09,0.0,True
2006-10-02,29.36,5.2,16.914286,22.028574,12.957144,80.0,1.4857141,0.5857143,1.7857143,3.7142856,17.857143,1.449883e-05,0.0010151714,-7.345365000000001e-25,1.1175871e-08,0.0,True
2006-10-09,29.35,4.3,13.071428,17.585714,9.785714,83.3,1.0428572,0.7142857,1.2857143,3.9,13.528571,4.87864e-05,0.00096821785,-7.345365000000001e-25,7.450581e-09,0.0,True
2006-10-16,29.35,0.1,11.5,16.014286,8.014285,88.52857,0.6571428,0.3285714,0.82857144,3.857143,13.0,3.181398e-06,0.00092773885,-7.345365000000001e-25,1.8626451e-09,0.0,True
2006-10-23,29.38,3.0,11.657143,17.2,6.7571435,81.77143,0.91428566,0.48571426,1.1142857,3.7285714,11.528571,1.45584345e-05,0.0008913502,-7.345365000000001e-25,5.5879354e-09,0.0,True
2006-10-30,29.35,11.200001,12.614286,16.585714,8.642858,79.828575,1.2142856,0.71428573,1.3000001,3.7142856,12.357142,0.000121332705,0.0008564964,-7.345365000000001e-25,9.313226e-09,0.0,True
2006-11-06,29.37,7.9,6.414286,9.971429,3.1571429,83.8,0.78571427,0.68571424,0.7,4.2,6.3142858,6.353855e-05,0.00082664937,4.4419652e-05,0.00012201443,0.0001209192,True
2006-11-13,29.39,10.299999,6.9428573,9.985715,4.285714,84.47143,0.7,0.64285713,0.67142856,4.6,6.6,0.00010406971,0.00080032647,-7.345365000000001e-25,2.8871e-07,0.0,True
2006-11-20,29.39,4.6,10.214286,13.942857,7.514286,83.8,0.5285714,0.42857143,0.6571428,5.0285716,8.514286,5.0008297e-05,0.0007764697,-7.345365000000001e-25,1.8626451e-09,0.0,True
2006-11-27,29.39,7.1000004,8.271429,11.1285715,5.285714,86.32857,0.45714286,0.41428572,0.4714286,5.3,6.8142858,9.910762e-05,0.00075545907,-7.345365000000001e-25,0.0,0.0,True
2006-12-04,29.37,5.2,6.2428575,9.757143,3.057143,89.51429,0.31428573,0.2857143,0.2857143,5.457143,5.2,3.3825636e-05,0.0007372573,-7.345365000000001e-25,0.0,0.0,True
2006-12-11,29.39,11.0,8.1,11.185715,4.871429,79.51429,0.64285713,0.54285717,0.7571429,5.385714,6.385714,7.109344e-05,0.00072092563,-7.345365000000001e-25,3.7252903e-09,0.0,True
2006-12-18,29.4,4.7,6.0142856,8.171429,3.7714288,85.057144,0.4714286,0.4285714,0.45714286,5.785714,4.8428574,0.00010947883,0.00070658326,-7.345365000000001e-25,0.0,0.0,True
2006-12-25,29.4,2.2,4.8428574,6.2571435,3.1857145,92.32857,0.12857144,0.12857144,0.2,5.8,3.8857143,1.513958e-05,0.0006948486,-7.345365000000001e-25,0.0,0.0,True
2007-01-01,29.410244305974008,10.8,3.4285715,5.2714286,1.5,89.65715,0.3166667,0.3,0.42857143,5.9666667,1.8,9.585917e-05,0.0006849468,0.0007253885,0.0025112517,0.002496384,True
2007-01-08,29.44,13.599999,6.5428576,8.342857,4.8142858,88.457146,0.6,0.5857143,0.42857143,6.428571,5.3285713,0.00062023103,0.0006759614,5.2906216e-06,3.056228e-05,0.0,True
2007-01-15,29.42,8.1,8.7,11.242858,5.6142855,75.88572,1.2285715,1.1857144,1.1571429,6.9714284,6.6571426,0.00012655556,0.00066963583,-7.345365000000001e-25,3.7252903e-09,0.0,True
2007-01-22,29.48,42.899998,6.2714286,9.685715,3.2142856,84.52857,1.0142857,1.0,0.71428573,8.442857,5.2285714,0.0025955886,0.00066770613,2.78155e-07,5.5879354e-09,6.902963e-06,True
2007-01-29,29.57,5.7,-0.41428572,2.5,-3.871429,79.97143,0.37142855,0.37142855,0.5142857,9.1285715,-0.14285715,0.00015987456,0.00068136305,0.0016911427,0.0036158115,0.0052717887,True
2007-02-05,29.57,4.9,5.5285716,7.414286,3.3714287,87.90001,0.65714294,0.65714294,0.5857143,9.342857,4.3142858,9.676814e-05,0.0007085204,0.00023466632,0.0016123597,0.0,True
2007-02-12,29.58,12.7,0.40000004,2.9428573,-1.9857143,91.25715,0.25714287,0.25714287,0.32857147,9.571428,0.9142857,0.00023187697,0.00074581057,0.0040983134,0.006025361,0.009396415,True
2007-02-19,29.56,9.200001,5.0,7.7571435,3.0571427,81.37144,0.74285716,0.71428573,0.7285714,10.085714,4.114286,0.0003528893,0.00079951435,0.00052870455,0.0034872508,0.0,True
2007-02-26,29.57,8.8,4.3,8.1,1.3857144,79.828575,0.7285714,0.7,0.8142857,9.928572,3.9142857,0.00019307435,0.00089387596,0.00014905703,0.0006382037,0.0006264411,True
2007-03-05,29.57,21.8,5.6285715,9.142858,2.5285716,85.71429,1.0142858,1.0142858,0.7428571,10.228572,5.257143,0.00057383627,0.0010097399,6.7268097e-06,5.284883e-05,1.2516975e-05,True
2007-03-12,29.61,3.3999999,8.514286,13.928572,4.057143,76.0,1.3714285,1.2285715,1.4,9.857142,7.428571,7.492304e-05,0.0012083054,-7.345365000000001e-25,6.146729e-08,0.0,True
2007-03-19,29.59,7.4,7.6,12.828572,3.2428572,77.21429,1.5142857,1.3142856,1.4428571,9.314285,7.928571,0.00014849007,0.001381211,-7.345365000000001e-25,0.0,0.0,True
2007-03-26,29.6,31.2,6.3428574,10.471429,2.5857143,74.48572,1.6428572,1.5714285,1.8000001,10.114285,6.0285716,0.0010844991,0.0015325025,0.0015569528,0.007998943,0.007890262,True
2007-04-02,29.64,0.0,10.942858,17.6,5.0,54.357143,2.6714284,2.1,3.1571429,9.214286,10.414286,2.7313828e-05,0.0017754659,3.7919908e-06,2.8938055e-05,0.0,True
2007-04-09,29.59,0.0,8.071428,12.357142,4.142857,70.84286,1.8428572,1.4,2.0285714,8.4,9.671429,1.8157065e-05,0.0019351095,-7.345365000000001e-25,0.0,0.0,True
2007-04-16,29.54,0.0,14.857142,22.014286,7.7428575,57.31429,3.3142858,2.1285715,3.8428571,7.5,14.228572,6.5267086e-06,0.0019979626,-7.345365000000001e-25,1.8626451e-09,0.0,True
2007-04-23,29.5,0.3,10.7,17.185715,3.8428574,55.18572,3.2000003,1.2142857,3.457143,6.6571426,13.085714,7.852912e-06,0.0019744188,-7.345365000000001e-25,3.7252903e-09,0.0,True
2007-04-30,29.49,0.0,15.742858,23.514286,8.5,53.214287,3.857143,0.9285714,4.4142857,6.1571426,17.5,1.3709068e-06,0.0019123256,-7.345365000000001e-25,0.0,0.0,True
2007-05-07,29.46,23.0,14.271429,21.128572,7.4000006,50.67143,3.8999999,0.64285713,4.2571425,5.9428573,17.042856,0.00038188696,0.001825951,-7.345365000000001e-25,0.0,0.0,True
2007-05-14,29.51,57.4,13.257143,18.600002,9.028571,82.828575,3.0285716,2.642857,2.3,6.742857,14.8714285,0.00070114434,0.0017545447,-7.345365000000001e-25,7.450581e-09,0.0,True
2007-05-21,29.56,13.6,15.657144,21.414286,9.485715,68.35715,3.585714,2.9,3.885714,6.8,17.585714,0.0014272034,0.0016961992,-7.345365000000001e-25,3.7252903e-09,0.0,True
2007-05-28,29.52,49.1,19.814287,26.014286,14.828572,77.957146,3.614286,2.914286,3.7142856,6.3285713,22.942858,0.00023271143,0.0016273409,-7.345365000000001e-25,7.450581e-09,0.0,True
2007-06-04,29.57,7.4,16.114286,20.957144,11.971429,78.814285,2.385714,1.9857141,2.7285714,7.3142858,19.114286,0.0007278621,0.0015775785,-7.345365000000001e-25,7.450581e-09,0.0,True
2007-06-11,29.54,0.2,22.17143,28.857143,16.2,65.97143,4.428571,3.2142856,5.085714,6.457143,24.62857,3.8564205e-05,0.0015260503,-7.345365000000001e-25,3.7252903e-09,0.0,True
2007-06-18,29.48,41.4,20.2,26.114286,15.657144,73.74286,4.028571,3.1857145,3.9714284,6.3,23.528572,0.0001938343,0.0014471859,-7.345365000000001e-25,7.450581e-09,0.0,True
2007-06-25,29.54,55.9,18.7,24.585714,13.771429,78.88572,3.6714282,3.2999997,3.557143,7.7714286,21.9,0.002628155,0.0013829172,-7.345365000000001e-25,1.1175871e-08,0.0,True
2007-07-02,29.62,14.4,16.0,20.100002,12.114286,76.77143,3.1571426,2.8142858,3.0285714,7.7,18.1,0.0011975765,0.0013321638,-7.345365000000001e-25,1.8626451e-08,0.0,True
2007-07-09,29.59,33.0,15.771429,20.242859,12.614286,81.48572,3.042857,2.7428572,2.7142856,7.8428574,18.157143,0.00030474365,0.001293838,-7.345365000000001e-25,1.4901161e-08,0.0,True
2007-07-16,29.62,16.8,19.957144,25.87143,14.614286,76.07143,3.9428573,3.2857144,3.8999999,7.6571426,21.242857,0.0002642423,0.0012604892,-7.345365000000001e-25,1.8626451e-08,0.0,True
2007-07-23,29.57,17.0,20.885715,25.77143,16.214285,68.25715,4.0285716,3.0,4.171428,7.042857,24.12857,0.006433621,0.0012106299,-7.345365000000001e-25,1.1175871e-08,0.0,True
2007-07-30,29.57,23.3,17.1,21.5,13.228572,75.78571,3.2571428,2.857143,3.1000001,7.571429,19.528572,0.00048648566,0.0011752099,-7.345365000000001e-25,1.4901161e-08,0.0,True
2007-08-06,29.55,0.4,17.614286,23.457144,12.157144,69.557144,3.414286,2.6714287,3.857143,7.3142858,19.857143,3.297627e-05,0.0011610687,-7.345365000000001e-25,7.450581e-09,0.0,True
2007-08-13,29.52,20.800001,19.942858,25.37143,15.842857,84.11428,2.6714287,2.142857,2.8285713,6.8714285,22.7,0.000101938844,0.0011364967,-7.345365000000001e-25,1.1175871e-08,0.0,True
2007-08-20,29.5,26.3,19.02857,24.757143,13.457144,72.700005,3.0571427,2.3999999,3.3428571,6.8428574,21.5,8.961558e-05,0.0011133477,-7.345365000000001e-25,7.450581e-09,0.0,True
2007-08-27,29.51,27.800001,18.485716,23.485716,14.7,82.1,2.385714,2.1714284,2.6714287,8.185715,20.928572,0.0039478093,0.0010882989,-7.345365000000001e-25,1.1175871e-08,0.0,True
2007-09-03,29.53533153008428,22.3,14.057143,18.542858,10.028571,80.44286,1.8571428,1.5714285,2.0142858,7.8714285,16.957144,0.0012561977,0.0010704175,-7.345365000000001e-25,9.313226e-09,0.0,True
2007-09-10,29.54,14.299999,12.728571,17.085714,9.271429,85.38572,1.5,1.4142858,1.6285714,8.5,14.514286,0.00020696968,0.0010672435,-7.345365000000001e-25,1.4901161e-08,0.0,True
2007-09-17,29.53,2.2,14.185715,18.385714,10.1285715,76.01429,1.7142857,1.5,2.1285713,8.571428,14.985714,4.8443675e-05,0.001079917,-7.345365000000001e-25,9.313226e-09,0.0,True
2007-09-24,29.51,5.0,13.842857,20.2,8.514286,77.02857,1.7571428,1.4571428,2.0714285,8.457143,14.585714,0.000118896365,0.0010890737,-7.345365000000001e-25,7.450581e-09,0.0,True
2007-10-01,29.51,36.3,12.757143,16.0,9.842857,89.54286,0.9857143,0.9285714,0.94285715,9.385715,13.8714285,0.002735421,0.0010976642,-7.345365000000001e-25,1.1175871e-08,0.0,True
2007-10-08,29.55,0.8,10.742858,15.057143,7.228572,89.44286,0.67142856,0.6285714,0.82857144,9.814285,12.5,8.189678e-05,0.0011517555,-7.345365000000001e-25,0.0,0.0,True
2007-10-15,29.53,0.3,8.857142,13.757143,4.6857147,78.71429,0.78571427,0.67142856,1.0142857,9.528571,9.842857,1.180172e-05,0.0012239888,-7.345365000000001e-25,1.8626451e-09,0.0,True
2007-10-22,29.5,3.4,7.714286,12.414286,3.7,80.32857,0.7571429,0.6714286,0.90000004,9.228572,7.9428573,6.28978e-05,0.0012776032,-7.345365000000001e-25,3.7252903e-09,0.0,True
2007-10-29,29.47,1.0,7.042857,9.3714285,4.6571426,88.87144,0.3571429,0.3,0.5714286,9.171429,6.8142858,1.1950731e-05,0.0013168976,-7.345365000000001e-25,1.8626451e-09,0.0,True
2007-11-05,29.47,9.1,8.485715,10.971429,5.6,91.24286,0.4,0.37142858,0.41428572,9.1,8.071428,3.5598874e-05,0.0013457313,-7.345365000000001e-25,5.5879354e-09,0.0,True
2007-11-12,29.52,34.2,4.585714,6.928571,2.1857142,90.85714,0.6571428,0.6571428,0.44285712,10.1,4.4428573,0.00052955,0.0013688877,0.0011814038,0.0020749941,0.006726347,True
2007-11-19,29.57,3.1,2.4428573,5.085714,-0.17142855,91.5,0.20000002,0.20000002,0.22857143,10.3714285,2.1857142,0.00010050088,0.0014231429,0.00283432,0.0040734503,0.000121945515,True
2007-11-26,29.54,4.7,3.0142858,6.0285716,0.31428576,87.799995,0.31428573,0.31428573,0.34285715,10.2,2.0857143,7.9482794e-05,0.0015124455,0.00057537784,0.00133406,0.0012479946,True
2007-12-03,29.54,20.2,4.071429,6.571429,1.4857143,87.457146,0.5142857,0.5142857,0.3857143,10.285714,2.7,0.0005993843,0.0016036853,0.00036144824,0.0007548891,5.662441e-07,True
2007-12-10,29.57,8.8,6.728572,9.342857,4.2714286,84.35714,0.5714286,0.5714286,0.5714286,10.4,5.1285715,0.00028122962,0.0017400384,7.095791e-07,4.5020133e-06,0.0,True
2007-12-17,29.59,1.3,1.8571428,3.457143,0.028571347,85.78571,0.14285715,0.14285715,0.2857143,10.228572,1.7428571,7.2695315e-05,0.001963757,0.00018283867,1.1270866e-05,0.00050551817,True
2007-12-24,29.58,0.0,-2.4285715,-1.2857143,-3.7285714,95.02857,0.0,0.0,0.15714286,10.2,-1.0714285,1.989305e-06,0.0021800771,0.0005340974,3.284216e-05,9.0412796e-05,True
2007-12-31,29.54,1.8000001,1.7,3.8285716,-0.62857145,85.94286,0.20000002,0.17142858,0.35714287,10.114285,-0.45714286,3.0644238e-05,0.0023452118,0.00038485866,0.0003600344,1.7210841e-06,True
2008-01-07,29.52,10.2,-1.1857144,0.15714295,-3.3,87.57143,0.10000001,0.10000001,0.35714287,10.171429,-0.9142857,0.00022125244,0.0024573356,0.0025707823,0.0017182846,0.0046557747,True
2008-01-14,29.54,0.5,4.0857143,7.371429,1.0,82.04286,0.54285717,0.51428574,0.4857143,10.214286,0.55714285,9.584427e-05,0.0025476664,0.00092248124,0.003113551,2.926588e-05,True
2008-01-21,29.52,45.6,7.414286,9.885715,4.2428575,87.72857,0.71428573,0.6857143,0.5,10.514286,5.2,0.0018353313,0.0030679628,1.788707e-05,0.000108804554,0.0,True
2008-01-28,29.65,14.6,5.5,8.214286,2.1142857,84.82857,0.78571427,0.78571427,0.64285713,10.885715,4.4428573,0.00042302907,0.0036786795,-7.345365000000001e-25,1.0803342e-07,1.0803342e-07,True
2008-02-04,29.79,2.7,3.757143,6.428571,1.2142857,80.57143,0.67142856,0.67142856,0.64285713,10.314285,2.9857142,5.6132674e-05,0.004681058,2.9932886e-05,7.672608e-05,0.00011008978,True
2008-02-11,29.75,3.0,6.1714287,10.271429,2.7142856,80.5,0.67142856,0.64285713,0.7,9.985714,4.2714286,0.00011600554,0.005385086,5.7447523e-06,2.9936433e-05,0.0,True
2008-02-18,29.67,0.4,1.6999999,4.7714286,-1.1571428,77.21429,0.4142857,0.37142855,0.64285713,9.814285,1.6,2.451241e-05,0.005696833,0.00011625744,0.00015128218,0.00031347573,True
2008-02-25,29.67939960310216,4.9,7.1,10.057143,4.5285716,80.12858,1.0571429,0.9714286,1.0142857,9.6,5.8,7.4625015e-05,0.005774051,2.4846622e-05,0.00015061535,0.0,True
2008-03-03,29.64,17.7,6.8,10.742858,3.3857143,80.47143,1.3285714,1.2857143,1.1142857,9.642858,5.7714286,0.0004863292,0.0057391226,-7.345365000000001e-25,6.891787e-08,0.0,True
2008-03-10,29.66,3.5,5.785714,10.114286,2.3285713,76.71429,1.1571428,1.0857142,1.3000001,9.985714,4.885714,7.297099e-05,0.005732365,0.00014855748,0.00046672672,0.0004969202,True
2008-03-17,29.65,13.8,6.085715,10.042857,3.0714285,79.814285,1.4714286,1.4142857,1.2857143,9.8,6.1,0.00033588707,0.0057451576,4.3710074e-07,3.9767474e-06,2.7418137e-06,True
2008-03-24,29.66,14.0,1.6285714,6.0285716,-1.5285715,80.47143,1.0142857,1.0,0.9857143,10.042857,3.057143,0.00034550577,0.005760245,0.0019112541,0.0033661164,0.007122919,True
2008-03-31,29.69,4.7,5.7428575,11.271429,1.0142858,71.92857,1.7285713,1.5714285,1.7857143,9.914286,5.8285713,0.00022548437,0.0058786273,0.0018622989,0.0046390593,0.0013650395,True
2008-04-07,29.65,14.7,7.014286,11.457144,3.2428572,85.51428,1.0857142,1.0571429,1.1857144,9.757143,8.028571,0.0002777353,0.0059673935,2.5828679e-06,2.030842e-05,0.0,True
2008-04-14,29.66,25.300001,6.728572,10.414286,3.6285717,85.02857,1.3571428,1.3428571,1.3857143,10.385715,7.6571426,0.00062503666,0.006091751,5.460353e-05,0.00037128478,0.00035994872,True
2008-04-21,29.77,18.7,7.328572,11.014287,3.9285715,82.52857,1.4857142,1.3999999,1.6428572,10.542857,8.457143,0.00094637275,0.007001534,2.4977186e-07,2.0097941e-06,0.0,True
2008-04-28,29.85,4.2,13.071428,19.257143,6.585714,59.757145,3.2428572,2.6285713,3.7428572,9.285714,14.3,7.636845e-05,0.007995285,-7.345365000000001e-25,0.0,0.0,True
2008-05-05,29.79,2.6,13.485715,19.314285,8.057143,70.9,2.642857,2.2714286,2.7857144,8.685715,15.7,0.00016282499,0.007893555,-7.345365000000001e-25,0.0,0.0,True
2008-05-12,29.65,0.0,17.342857,24.514286,9.685715,54.228573,4.2,2.7428572,4.7714286,7.5142856,19.7,2.3841858e-06,0.007505052,-7.345365000000001e-25,3.7252903e-09,0.0,True
2008-05-19,29.56,3.6,14.571428,20.542858,9.085714,69.8,2.785714,1.4857142,3.142857,6.7,18.5,0.00015194714,0.006965086,-7.345365000000001e-25,3.7252903e-09,0.0,True
2008-05-26,29.51,0.4,15.142858,21.414288,8.414286,59.32857,3.3285716,1.2428572,3.857143,6.214286,17.885714,9.998679e-06,0.00642588,-7.345365000000001e-25,0.0,0.0,True
2008-06-02,29.47,0.0,21.114286,27.685715,14.6,48.74286,5.2999997,0.8285714,6.6285715,5.8285713,21.72857,1.3411045e-07,0.005796157,-7.345365000000001e-25,7.450581e-09,0.0,True
2008-06-09,29.43,0.0,21.87143,28.928572,14.757143,45.68572,5.485714,0.75714284,6.285714,5.5571427,23.614286,6.854534e-07,0.005088106,-7.345365000000001e-25,0.0,0.0,True
2008-06-16,29.41,15.0,14.871429,20.34286,10.314285,67.22857,3.4714284,1.1857144,3.7142856,5.571429,19.142857,0.000183478,0.004478611,-7.345365000000001e-25,7.450581e-09,0.0,True
2008-06-23,29.39,14.0,18.97143,25.142857,12.342857,59.028572,4.857143,2.0857143,4.9857144,5.457143,21.414286,6.684661e-05,0.0040010884,-7.345365000000001e-25,0.0,0.0,True
2008-06-30,29.39,6.6,18.257143,23.614286,12.442858,64.71429,4.1857142,1.5285714,4.4428573,5.285714,21.028572,4.146248e-05,0.0035552755,-7.345365000000001e-25,1.1175871e-08,0.0,True
2008-07-07,29.39,21.4,20.757143,27.300001,14.342857,62.485718,4.7,1.6999999,4.8285713,5.2714286,23.171429,5.377829e-05,0.0031552836,-7.345365000000001e-25,1.1175871e-08,0.0,True
2008-07-14,29.38,8.1,17.114286,22.100002,12.885715,79.25715,2.8714287,2.1571429,2.8999999,5.5285716,19.585714,0.00013647974,0.002833657,-7.345365000000001e-25,7.450581e-09,0.0,True
2008-07-21,29.39,13.0,16.385715,20.885715,12.785714,79.314285,2.5142858,1.9285716,2.6714287,5.542857,18.5,0.00019198656,0.002583988,-7.345365000000001e-25,1.4901161e-08,0.0,True
2008-07-28,29.37,6.2999997,21.957142,29.114286,15.485715,64.4,4.5,2.4714286,4.942857,5.114286,22.971428,8.612871e-06,0.0023537204,-7.345365000000001e-25,1.1175871e-08,0.0,True
2008-08-04,29.39,10.2,22.12857,28.257143,17.27143,60.94286,4.4,1.7571428,4.857143,4.6,23.785715,4.117191e-05,0.0021039099,-7.345365000000001e-25,1.6763806e-08,0.0,True
2008-08-11,29.34,7.4,19.600002,25.314285,13.67143,67.38572,3.6857142,1.4571428,4.0142856,4.457143,21.142857,3.695488e-05,0.0019077137,-7.345365000000001e-25,1.4901161e-08,0.0,True
2008-08-18,29.33,8.0,18.1,22.800001,14.085715,72.22857,2.7999997,1.4428571,3.2857144,4.5285716,19.557142,0.00010551512,0.0017481893,-7.345365000000001e-25,1.4901161e-08,0.0,True
2008-08-25,29.33,21.9,17.542858,22.300001,12.942857,77.07143,2.4857144,1.7,2.7142856,4.742857,18.971428,0.00014141202,0.0016116202,-7.345365000000001e-25,1.1175871e-08,0.0,True
2008-09-01,29.37,5.8999996,17.642857,22.885715,13.214286,77.21429,2.2999997,1.7285715,2.5857143,4.885714,19.342857,1.9267201e-05,0.001500085,-7.345365000000001e-25,1.3038516e-08,0.0,True
2008-09-08,29.38,27.1,16.714285,21.085714,12.328572,84.3,1.9428571,1.5857143,1.9285715,5.0571427,18.685715,0.00013512373,0.0013922527,-7.345365000000001e-25,1.1175871e-08,0.0,True
2008-09-15,29.4,0.1,14.357142,19.34286,9.8714285,74.02857,1.6999999,1.2428571,2.1142857,5.1285715,16.557142,9.223819e-06,0.0012996793,-7.345365000000001e-25,1.8626451e-09,0.0,True
2008-09-22,29.38,2.8,11.400001,15.5,8.171429,75.64286,0.9714286,0.7285715,1.3714286,4.742857,13.0,2.8118491e-05,0.0012243837,-7.345365000000001e-25,0.0,0.0,True
2008-09-29,29.4,11.3,11.814286,16.942858,8.400001,83.57143,1.0,0.81428576,1.3285714,5.071429,12.757143,6.5125525e-05,0.0011614263,-7.345365000000001e-25,1.8626451e-09,0.0,True
2008-10-06,29.43,26.5,9.3714285,13.114286,6.471429,87.52857,0.9285714,0.85714287,0.94285715,5.757143,9.928572,0.00019944459,0.001104869,-7.345365000000001e-25,5.5879354e-09,0.0,True
2008-10-13,29.41,0.5,11.728572,16.842857,7.2000003,89.614296,0.71428573,0.5714286,0.85714287,5.9,11.814285,9.059906e-06,0.0010578334,-7.345365000000001e-25,9.313226e-09,0.0,True
2008-10-20,29.42,9.0,10.928572,14.885715,7.5,83.0,0.8285714,0.7,0.9142857,5.957143,10.457143,6.5773726e-05,0.0010156855,-7.345365000000001e-25,9.313226e-09,0.0,True
2008-10-27,29.42,11.6,9.457143,13.685715,5.8428574,85.51429,0.6571428,0.55714285,0.7571429,6.114286,8.985714,0.00013764203,0.0009778067,-7.345365000000001e-25,5.5879354e-09,0.0,True
2008-11-03,29.45,29.300001,5.471429,7.957143,3.6285713,93.85714,0.24285714,0.24285714,0.34285715,7.9857144,6.0,0.0003348142,0.0009474531,0.00053507375,0.0023403652,0.0023170412,True
2008-11-10,29.5,3.1,10.342857,11.685715,8.342857,93.25715,0.3142857,0.29999998,0.5,8.5,9.142858,3.9741397e-05,0.0009263903,7.657778e-06,5.2979216e-05,0.0,True
2008-11-17,29.5,1.1,7.414286,10.757143,4.114286,83.57143,0.5285715,0.4857143,0.6571428,8.3714285,6.714286,1.3679266e-05,0.00090853125,-7.345365000000001e-25,5.5879354e-09,0.0,True
2008-11-24,29.51,29.4,2.6571429,5.0714293,0.40000004,89.08572,0.45714286,0.45714286,0.4,9.014286,2.8714285,0.00016607344,0.000893645,0.0012322948,0.00013163313,0.0037601069,True
2008-12-01,29.52,13.5,2.1285713,4.142857,-0.50000006,90.17143,0.22857144,0.21428573,0.25714287,9.385715,1.2142857,0.00016523898,0.0008819923,0.00158839,0.0032973401,0.00034432486,True
2008-12-08,29.54,8.0,3.0571427,4.8428574,0.87142855,92.185715,0.25714287,0.25714287,0.24285714,10.085714,1.8142858,0.00020454824,0.00087397546,0.0014779454,0.0034231767,0.0031053685,True
2008-12-15,29.54,6.6000004,1.6571429,2.3857143,0.55714285,91.97143,0.12857142,0.12857142,0.2857143,10.2,0.95714283,8.019805e-05,0.00087017566,0.0015288761,0.0033820644,0.0036076233,True
2008-12-22,29.54,4.3,4.2428575,5.7285714,2.3714287,90.97143,0.38571426,0.38571426,0.3857143,10.2,2.7428572,9.123981e-05,0.0008700788,0.00026522364,0.00073506124,9.652227e-06,True
2008-12-29,29.533968016217923,5.7000003,-0.028571436,2.2571428,-2.5142858,87.1,0.1,0.1,0.18571429,10.271428,0.9,4.784763e-05,0.000874266,5.1157815e-05,5.61215e-06,0.00013899058,True
2009-01-05,29.54,10.0,-3.5428574,-0.08571429,-7.2571435,90.57143,0.0,0.0,0.12857144,10.3,-3.3,1.0281801e-05,0.0008833632,0.0037767943,0.00020188838,0.012645744,True
2009-01-12,29.51,0.1,-6.5,-2.642857,-11.157144,85.91429,0.014285714,0.014285714,0.17142858,10.314285,-0.74285716,7.4505806e-08,0.0008944869,0.01270238,0.0,0.000743147,True
2009-01-19,29.49,5.9,0.4857143,2.7857144,-2.3,85.17143,0.25714287,0.25714287,0.34285715,10.242857,-0.08571429,0.000254713,0.0009057075,0.010362784,0.007977532,0.00033124536,True
2009-01-26,29.52,3.4,1.1285714,3.642857,-1.5857143,92.457146,0.27142856,0.27142856,0.18571427,10.257143,0.014285714,0.00021600723,0.0009205267,0.0028069702,0.004012933,0.0007649623,True
2009-02-02,29.5,0.4,-0.88571435,0.5285715,-2.5428574,89.1,0.08571429,0.08571429,0.3857143,10.214286,-0.5,6.4969063e-06,0.0009532273,0.0023114113,0.00026721507,0.0022420809,True
2009-02-09,29.5,0.90000004,1.6285715,4.157143,-0.64285713,86.42857,0.34285715,0.31428573,0.3857143,10.1,0.0,7.246435e-05,0.000995554,0.0017698776,0.002535956,2.6255846e-05,True
2009-02-16,29.51,17.8,-0.54285717,2.1571429,-2.7142856,87.90001,0.24285717,0.24285717,0.41428572,10.271428,-0.028571429,0.00016392767,0.0010399073,0.005608036,0.0024236403,0.017450538,True
2009-02-23,29.51,10.8,-0.3285714,1.8571428,-2.5857143,90.3,0.18571427,0.18571427,0.37142858,10.442857,0.014285714,0.0004568845,0.00109227,0.016998813,0.0155273285,0.010349818,True
2009-03-02,29.56,13.799999,4.785714,6.914286,2.8285716,88.28571,0.62857145,0.61428577,0.5428571,10.3714285,3.3142858,0.00044350326,0.0011893585,0.0033132236,0.010221502,0.00012953207,True
2009-03-09,29.62,8.7,4.714286,8.228572,1.3142856,87.27143,0.6857143,0.6857143,0.67142856,10.228572,4.428571,0.00022484362,0.0014011562,1.6189757e-05,7.910654e-05,0.0,True
2009-03-16,29.64,14.6,6.1,8.942858,3.5857143,85.057144,0.84285706,0.84285706,0.87142855,10.357142,5.757143,0.00035376102,0.001628533,6.2442965e-08,5.066395e-07,0.0,True
2009-03-23,29.64,5.4,5.357143,9.314286,1.6142857,67.01429,1.5714284,1.4571428,1.6571429,9.885715,6.042857,0.00019370764,0.0019018352,7.3171796e-06,2.0582229e-05,2.310425e-05,True
2009-03-30,29.589485658054087,5.5,4.6714287,8.671429,1.0428572,79.92857,1.1428571,1.1142857,1.2142857,10.0,5.4,0.0001874417,0.002139628,8.645512e-05,0.00026392192,0.0002737455,True
2009-04-06,29.55423793053423,0.0,11.414286,18.300001,4.557143,62.9,2.3428571,1.9,2.8857143,9.357142,11.614285,1.385808e-06,0.0023300648,8.798781e-07,4.688278e-06,0.0,True
2009-04-13,29.59,0.2,13.985715,20.528574,7.828572,62.8,2.8857143,2.1857142,3.4714284,8.457143,14.8714285,8.928776e-05,0.002420999,-7.345365000000001e-25,3.7252903e-09,0.0,True
2009-04-20,29.54,1.4,12.685715,19.34286,6.571429,54.57143,3.1142857,2.0714285,3.7857144,7.3428574,14.3714285,6.210804e-05,0.0024126545,-7.345365000000001e-25,3.7252903e-09,0.0,True
2009-04-27,29.495,0.7,13.457143,20.785715,6.457143,57.542854,3.585714,1.5000001,3.8,6.6,14.742857,2.0988286e-05,0.0023553,-7.345365000000001e-25,0.0,0.0,True
2009-05-04,29.51299241377207,2.2,15.042857,22.657145,7.785714,58.457146,3.5285716,1.0714287,3.8285713,6.1285715,17.385714,1.9364059e-05,0.0022612587,-7.345365000000001e-25,0.0,0.0,True
2009-05-11,29.45,28.8,12.485715,17.385715,6.714286,75.07143,2.6714287,1.7285715,2.5571427,6.214286,14.7,0.00023250282,0.0021739453,-7.345365000000001e-25,3.7252903e-09,0.0,True
2009-05-18,29.45,6.8,14.028572,20.214285,7.7999997,59.728573,3.6857145,2.2428572,4.1,6.042857,16.685715,0.00014221668,0.0020736381,-7.345365000000001e-25,3.7252903e-09,0.0,True
2009-05-25,29.44,10.9,16.557142,22.514286,10.814286,66.48572,3.6142857,2.1857142,4.0857143,5.9142857,19.914286,8.891523e-05,0.001968421,-7.345365000000001e-25,7.450581e-09,0.0,True
2009-06-01,29.44,42.3,15.371429,21.84286,10.671428,73.67143,3.3428571,2.5142858,3.3142855,6.071429,17.671429,0.00030305237,0.001858294,-7.345365000000001e-25,1.1175871e-08,0.0,True
2009-06-08,29.48,10.5,12.528571,17.642857,7.957143,71.97143,2.9714286,2.057143,3.042857,6.042857,15.8,0.00010316074,0.0017656833,-7.345365000000001e-25,0.0,0.0,True
2009-06-15,29.48346669105261,27.0,15.1285715,19.828571,10.228571,71.04286,3.3857143,2.6857145,3.5142856,6.0142856,17.157143,0.00029470026,0.001679413,-7.345365000000001e-25,1.1175871e-08,0.0,True
2009-06-22,29.45,13.8,15.271429,20.728573,10.514287,69.1,3.242857,2.4,3.6857142,5.742857,18.685715,0.0005222559,0.0015883371,-7.345365000000001e-25,0.0,0.0,True
2009-06-29,29.43225752340976,10.5,18.457144,22.528574,14.242858,76.87144,2.8142855,1.8285714,3.0714285,5.5857143,19.62857,9.724498e-05,0.0015100017,-7.345365000000001e-25,1.4901161e-08,0.0,True
2009-07-06,29.43,3.8999999,22.0,27.7,17.142857,73.471436,3.8285713,2.3428571,4.4714284,5.4857144,25.0,0.00021316111,0.0014385283,-7.345365000000001e-25,1.1175871e-08,0.0,True
2009-07-13,29.44,17.6,16.814287,21.87143,12.528572,73.35714,3.4,2.442857,3.6857142,5.1714287,19.857143,0.00026065856,0.001364924,-7.345365000000001e-25,1.4901161e-08,0.0,True
2009-07-20,29.43,16.099998,20.057144,25.77143,15.314286,72.87143,3.642857,2.457143,3.6714287,5.1,22.12857,0.00042164326,0.0012984574,-7.345365000000001e-25,1.1175871e-08,0.0,True
2009-07-27,29.41,21.5,19.228573,24.685715,13.971429,71.42857,3.7571428,2.885714,3.8428574,5.2,21.22857,0.0031390488,0.0012401864,-7.345365000000001e-25,1.4901161e-08,0.0,True
2009-08-03,29.4,4.5,19.814287,25.528574,13.728571,60.77143,3.957143,2.3,4.4714284,4.5571427,22.6,0.00016121566,0.0011828244,-7.345365000000001e-25,1.1175871e-08,0.0,True
2009-08-10,29.39,1.8,21.142857,27.97143,14.971429,61.18572,4.0571427,1.1999999,4.6857142,4.257143,23.485714,1.527369e-05,0.0011254624,-7.345365000000001e-25,7.450581e-09,0.0,True
2009-08-17,29.37,2.9,19.785715,25.557144,14.400001,64.61429,3.442857,1.0285715,4.157143,4.042857,21.542856,1.6391277e-05,0.0010718927,-7.345365000000001e-25,1.4901161e-08,0.0,True
2009-08-24,29.35,13.900001,19.5,26.114286,13.114286,62.842857,3.5428567,1.1857144,4.1142855,4.0857143,21.514286,4.145503e-05,0.0010157004,-7.345365000000001e-25,5.5879354e-09,0.0,True
2009-08-31,29.35,0.4,19.814287,26.47143,13.528571,60.44286,3.1428568,0.9714286,4.1,3.9285715,21.185715,9.767711e-06,0.0009608269,-7.345365000000001e-25,7.450581e-09,0.0,True
2009-09-07,29.34,26.300001,17.057142,22.242857,12.357142,71.97143,2.5714285,1.4,2.8714287,4.142857,18.0,9.123981e-05,0.00091165304,-7.345365000000001e-25,1.1175871e-08,0.0,True
2009-09-14,29.36,3.5,16.37143,22.185715,11.328572,72.057144,2.0571427,1.0142858,2.5571427,3.9285715,17.828571,3.436953e-05,0.00087082386,-7.345365000000001e-25,1.1175871e-08,0.0,True
2009-09-21,29.293473269593,0.0,15.814286,22.442858,10.414286,71.57143,1.8714286,0.7571429,2.5,3.6857142,17.214285,8.6426735e-07,0.00083498657,-7.345365000000001e-25,1.3038516e-08,0.0,False
2009-09-28,29.31,0.1,14.742858,20.528574,9.357142,72.74286,1.4714286,0.25714287,2.1000001,3.5428572,16.042856,3.6507845e-06,0.0007984638,-7.345365000000001e-25,5.5879354e-09,0.0,True
2009-10-05,29.326102290549013,17.6,11.042857,14.728572,6.7000003,77.54286,1.1714286,0.84285706,1.5142858,3.8142858,11.828571,5.9626997e-05,0.0007699728,-7.345365000000001e-25,9.313226e-09,0.0,True
2009-10-12,29.33,47.7,10.657144,14.514287,7.3,87.68572,0.87142855,0.7571429,0.9142857,5.0571427,11.6285715,0.0018849969,0.0007457435,-7.345365000000001e-25,7.450581e-09,0.0,True
2009-10-19,29.43,11.7,4.871429,7.8142858,2.457143,83.971436,0.5857143,0.54285717,0.74285716,6.571429,5.642857,0.00017614663,0.00072683394,-7.345365000000001e-25,0.0,0.0,True
2009-10-26,29.45,5.5,7.2000003,9.5,4.828572,89.84286,0.37142858,0.34285715,0.55714285,6.957143,6.7714286,0.000112228096,0.00071323663,-7.345365000000001e-25,3.7252903e-09,0.0,True
2009-11-02,29.45,24.099998,5.657143,8.814286,2.9428573,89.44286,0.3857143,0.35714287,0.5,7.3428574,6.542857,0.00025301427,0.000703834,-7.345365000000001e-25,1.8626451e-09,0.0,True
2009-11-09,29.42225371052384,15.9,5.214286,8.228572,2.7142856,89.85714,0.3285714,0.3285714,0.45714286,9.328571,4.9142857,0.00069220364,0.0006984025,-7.345365000000001e-25,0.0,0.0,True
2009-11-16,29.46491974436181,2.1,7.8857145,10.285714,5.4714284,89.78571,0.34285715,0.34285715,0.47142857,9.757143,6.8285713,0.00014863908,0.000702329,-7.345365000000001e-25,3.7252903e-09,0.0,False
2009-11-23,29.51,8.4,10.142858,13.114286,7.1,80.67143,0.61428577,0.61428577,0.9285714,9.857142,7.9714284,0.00017823279,0.0007149875,-7.345365000000001e-25,5.5879354e-09,0.0,True
2009-11-30,29.52,12.4,8.685715,11.085714,6.471429,75.27143,0.8,0.7714285,1.0,9.8714285,7.0285716,0.00016924739,0.0007370785,-7.345365000000001e-25,3.7252903e-09,0.0,True
2009-12-07,29.48,14.6,3.4857142,5.6285715,0.7571429,93.38572,0.17142858,0.17142858,0.17142858,10.4,3.2571428,0.0003646314,0.00077389926,-7.345365000000001e-25,0.0,0.0,True
2009-12-14,29.46,20.199999,2.0714285,3.4428573,0.15714288,93.58572,0.08571429,0.08571429,0.17142858,10.614285,2.4285715,0.000503473,0.0008416027,4.5293855e-05,4.2840838e-07,0.00023593754,True
2009-12-21,29.49,3.3,-6.142857,-3.5,-8.757143,84.91429,0.0,0.0,0.21428572,10.3,-2.057143,3.874302e-07,0.00095341355,0.0020506042,2.4214387e-07,0.0051054545,True
2009-12-28,29.546111475961347,15.5,1.4714286,3.4428573,-0.71428573,88.21429,0.3,0.3,0.37142855,10.5,-0.042857144,0.00036539137,0.0010663532,0.006374745,0.009741947,0.00781339,True
2010-01-04,29.484769767574324,20.900002,-2.5714285,-1.5428572,-3.6714287,90.51429,0.0,0.0,0.21428572,10.566667,-0.06666667,1.758337e-06,0.0011983216,0.017553698,7.4794516e-05,0.021724705,True
2010-01-11,29.48,12.1,-5.3142858,-3.6285717,-7.642857,89.88572,0.0,0.0,0.21428572,10.442857,-0.014285714,4.4703484e-08,0.0013360381,0.031206256,0.0,0.021702372,True
2010-01-18,29.51,3.1999998,-2.2285714,-1.2428571,-3.7714288,90.34286,0.028571429,0.028571429,0.31428573,10.342857,0.014285714,2.7418137e-06,0.001452893,0.0461269,8.052215e-05,0.0024297312,True
2010-01-25,29.584953881551844,2.8999999,-7.2285714,-5.1,-9.642858,82.471436,0.014285714,0.014285714,0.2857143,10.3,0.071428575,8.749962e-05,0.001547195,0.04847019,0.001910394,0.0030599684,True
2010-02-01,29.475,15.2,-4.2428575,-0.8142857,-7.871429,82.457146,0.15714286,0.15714286,0.35714287,10.314285,0.042857144,6.1541796e-06,0.0016266257,0.055174977,4.998222e-05,0.013319377,True
2010-02-08,29.5,8.900001,-1.5142858,0.4428572,-4.1285715,84.67143,0.24285714,0.24285714,0.41428572,10.314285,0.1,3.4302473e-05,0.001690954,0.066717334,0.0017231032,0.00804954,True
2010-02-15,29.5,7.0,-3.1857145,-1.557143,-4.4857144,84.200005,0.0,0.0,0.41428572,10.285714,0.1,7.4505806e-08,0.0017414391,0.07160856,0.0,0.008763097,True
2010-02-22,29.52,3.7,0.44285718,3.957143,-2.857143,81.11428,0.45714286,0.44285712,0.61428577,10.242857,0.14285715,0.00029494613,0.0017792135,0.06970383,0.013467763,0.0002996549,True
2010-03-01,29.49,7.0999994,4.4857144,7.8285713,1.4857142,79.21429,0.9285714,0.9,1.0142857,10.171429,1.9285715,0.0021231025,0.0019058734,0.036732882,0.05644428,0.004474696,True
2010-03-08,29.65,0.8,-0.59999996,2.8857143,-3.614286,72.21429,0.5285714,0.4857143,0.95714283,9.957143,0.74285716,0.000100165606,0.0029845089,0.0077815964,0.0025888886,0.0024992675,True
2010-03-15,29.7,17.2,0.7571429,4.214286,-2.7142856,83.557144,0.6999999,0.64285713,0.7571429,9.971429,1.2285714,0.00046643615,0.003950797,0.005067598,0.007712463,0.0030261017,True
2010-03-22,29.7,6.2,8.67143,12.857142,4.2,72.54286,1.4571428,1.3857144,1.6142857,10.0,7.4,0.00026856363,0.00460577,0.0009760459,0.003343027,0.00044926628,True
2010-03-29,29.72,13.700001,10.142858,15.714287,4.957143,72.28571,1.7857141,1.6,1.9714286,9.728572,10.114285,0.0005183667,0.0051418394,2.8383164e-07,1.8570572e-06,0.0,True
2010-04-05,29.73,1.9000001,8.285714,13.17143,3.2285714,68.200005,1.8000001,1.5714285,1.9714286,9.514286,9.228572,7.4252486e-05,0.005499147,-7.345365000000001e-25,3.7252903e-09,0.0,True
2010-04-12,29.67,0.3,8.842857,14.471429,3.5,67.6,1.9857142,1.6285714,2.3,8.814285,9.957143,6.221235e-05,0.0056052282,-7.345365000000001e-25,1.8626451e-09,0.0,True
2010-04-19,29.62,0.8,9.171428,15.285714,3.114286,59.4,2.3428571,1.7714285,2.6285713,8.171429,10.442857,2.901256e-05,0.005512923,-7.345365000000001e-25,1.8626451e-09,0.0,True
2010-04-26,29.56,4.8,9.3714285,15.742858,3.1285717,59.74286,2.7571428,2.1,3.0285716,7.4142857,11.442857,7.8603625e-05,0.0053334385,-7.345365000000001e-25,0.0,0.0,True
2010-05-03,29.56,15.299999,13.714287,18.728573,8.828572,67.50001,2.7714288,1.8714285,3.0571427,6.8714285,15.042857,0.00011177361,0.005090162,-7.345365000000001e-25,3.7252903e-09,0.0,True
2010-05-10,29.56,11.8,9.0,12.6,5.4714284,78.18572,1.6,1.3,1.7142857,7.3,11.228572,0.00015360117,0.0048538223,-7.345365000000001e-25,0.0,0.0,True
2010-05-17,29.457852778979703,18.5,9.985715,13.214286,6.142857,77.40001,1.7857143,1.542857,1.9142857,7.9,11.285714,0.00039702654,0.0046239346,-7.345365000000001e-25,3.7252903e-09,0.0,True
2010-05-24,29.487041764370336,16.0,14.214286,18.485716,10.342857,80.94286,2.1571429,1.9428571,2.3857143,8.7,15.471429,0.0020101517,0.0044497102,-7.345365000000001e-25,1.4901161e-08,0.0,True
2010-05-31,29.449139727583823,23.0,12.428572,16.814287,7.785714,73.78571,2.4142857,2.1857142,2.5714285,8.771428,15.4,0.0005405322,0.0042847767,-7.345365000000001e-25,3.7252903e-09,0.0,True
2010-06-07,29.50718569780819,2.2,16.528572,21.614286,10.814286,69.25715,3.4714284,2.9142857,3.7428572,9.0,18.242857,0.00026658177,0.0041891932,-7.345365000000001e-25,1.1175871e-08,0.0,True
2010-06-14,29.53,1.1,19.27143,24.357143,13.7,66.12858,3.6857142,2.7714286,4.071429,7.857143,22.385714,2.2739172e-05,0.0040404946,-7.345365000000001e-25,7.450581e-09,0.0,True
2010-06-21,29.47,3.2,15.385715,21.257143,9.857142,61.18571,3.914286,2.0142856,4.3,6.642857,19.857143,1.0810792e-05,0.0038584545,-7.345365000000001e-25,7.450581e-09,0.0,True
2010-06-28,29.45,0.0,19.528574,25.728573,12.1285715,56.157143,4.3714285,1.1857141,5.1857142,5.9142857,22.414286,3.4570694e-06,0.003635697,-7.345365000000001e-25,0.0,0.0,True
2010-07-05,29.41,0.2,24.514286,31.057144,17.728573,52.328575,5.4,1.0,6.0,5.542857,26.971428,1.5109777e-05,0.0033406317,-7.345365000000001e-25,1.1175871e-08,0.0,True
2010-07-12,29.39,2.0,24.97143,32.385715,17.328571,48.84286,5.6714287,1.2,6.4714284,5.5285716,26.414286,1.2174249e-05,0.0030327812,-7.345365000000001e-25,1.1175871e-08,0.0,True
2010-07-19,29.355,1.9,23.757143,30.014286,17.585714,55.7,4.7428565,1.1857144,5.5,5.4142857,26.157143,9.214878e-05,0.002729252,-7.345365000000001e-25,1.1175871e-08,0.0,True
2010-07-26,29.35,33.2,20.942858,26.314285,15.614286,64.47143,3.9285712,1.7571429,4.4428573,5.857143,23.385714,0.0028822422,0.0024730787,-7.345365000000001e-25,1.4901161e-08,0.0,True
2010-08-02,29.31,3.3999999,20.285715,26.542858,14.714286,61.27143,3.6142857,2.2857144,4.3714285,5.7714286,22.785715,1.707673e-05,0.0022708252,-7.345365000000001e-25,1.1175871e-08,0.0,True
2010-08-09,29.37,18.2,19.142857,24.442858,14.714286,76.17143,2.5714285,1.857143,3.042857,6.0285716,21.114286,0.00011216104,0.0020964667,-7.345365000000001e-25,1.4901161e-08,0.0,True
2010-08-16,29.42,25.4,19.357143,23.77143,15.528572,80.11428,2.2714286,1.9714285,2.5142858,7.357143,21.214285,0.009793341,0.0019511506,-7.345365000000001e-25,1.4901161e-08,0.0,True
2010-08-23,29.4,14.2,19.5,24.714285,14.928572,74.52857,2.914286,2.6714284,3.2857144,8.7,20.928572,0.0003348887,0.0018601641,-7.345365000000001e-25,1.3038516e-08,0.0,True
2010-08-30,29.43,33.199997,15.1,18.37143,12.67143,82.314285,1.942857,1.7571429,2.0428572,8.942857,17.328571,0.0023150444,0.0029840916,-7.345365000000001e-25,9.313226e-09,0.0,True
2010-09-06,29.47,4.4,12.857142,18.800001,8.5,78.58572,1.6714286,1.5285714,2.1285713,9.614285,15.185715,6.020069e-05,0.0018245354,-7.345365000000001e-25,3.7252903e-09,0.0,True
2010-09-13,29.44,14.6,15.257143,20.028574,11.157143,80.32857,1.7142856,1.5285712,2.0285714,9.414286,16.642857,0.0001731962,0.0018760487,-7.345365000000001e-25,3.7252903e-09,0.0,True
2010-09-20,29.4806685226426,23.3,12.900001,16.342857,9.928572,78.24286,1.5857142,1.5571429,1.8285714,9.928572,13.914286,0.0019820035,0.0019216835,-7.345365000000001e-25,3.7252903e-09,0.0,True
2010-09-27,29.54,71.3,13.957143,18.600002,10.028571,86.78571,1.2571429,1.1,1.4571428,10.085714,14.942857,0.0037480742,0.003965795,-7.345365000000001e-25,9.313226e-09,0.0,True
2010-10-04,29.56,0.6,9.900001,14.5,6.085715,82.814285,0.88571435,0.84285724,1.1857144,10.542857,11.042857,2.1591783e-05,0.0026304275,-7.345365000000001e-25,5.5879354e-09,0.0,True
2010-10-11,29.6,0.0,10.885715,15.585715,7.6285715,79.700005,1.0142857,0.8428572,1.3142856,9.7,12.542857,1.3560057e-06,0.0032383427,-7.345365000000001e-25,5.5879354e-09,0.0,True
2010-10-18,29.57,9.7,6.4857144,10.542857,3.0285716,87.22858,0.54285717,0.4857143,0.67142856,9.642858,8.085714,0.0001526326,0.0034715757,-7.345365000000001e-25,1.8626451e-09,0.0,True
2010-10-25,29.56303345652409,7.4,6.1285715,8.957143,3.0571427,82.25715,0.6999999,0.68571424,0.85714287,9.942857,5.8285713,8.0123544e-05,0.003556423,-7.345365000000001e-25,3.7252903e-09,0.0,True
2010-11-01,29.58,0.2,7.857143,11.714286,4.7714286,78.85714,0.6285714,0.55714285,0.90000004,9.714286,7.0,8.583069e-06,0.0035805404,-7.345365000000001e-25,1.8626451e-09,0.0,True
2010-11-08,29.63,29.3,8.485715,10.771429,6.0285716,89.12858,0.6285714,0.61428565,0.6571428,10.285714,8.3,0.0025966316,0.0042939484,-7.345365000000001e-25,7.450581e-09,0.0,True
2010-11-15,29.64,19.0,8.157143,10.985715,5.1714287,82.90001,0.68571424,0.68571424,0.6857143,10.485714,7.071429,0.0006184429,0.0038794056,-7.345365000000001e-25,3.7252903e-09,0.0,True
2010-11-22,29.71,31.2,4.957143,6.1714287,3.642857,93.84286,0.21428573,0.21428573,0.31428573,11.185715,5.114286,0.001204893,0.0054884106,1.058692e-05,4.377775e-05,4.3839216e-05,True
2010-11-29,29.86,4.9,-0.5285715,0.90000004,-2.2428572,85.62858,0.11428572,0.11428572,0.32857147,10.657143,0.9285714,0.00010086596,0.0073065236,0.0018829277,8.5892156e-05,0.004312299,True
2010-12-06,29.673891960760773,8.8,-5.3,-2.7857144,-8.957143,80.14286,0.057142857,0.057142857,0.37142858,10.3714285,-0.5857143,2.4586916e-07,0.008640319,0.010770451,0.0,0.013876379,True
2010-12-13,29.84,22.8,-1.2857143,0.7714286,-3.5428574,89.91429,0.15714286,0.15714286,0.35714287,10.614285,0.08571429,0.00047072768,0.0088601485,0.02125132,0.014102891,0.014835812,True
2010-12-20,29.29,20.5,-5.328572,-3.1714287,-8.385715,88.98572,0.0,0.0,0.18571429,10.557143,0.014285714,9.685755e-08,0.008922555,0.029910263,0.0,0.024730273,True
2010-12-27,28.94,19.6,-3.9857144,-2.2571428,-6.414286,92.24286,0.014285714,0.014285714,0.24285714,10.585714,0.1,7.414073e-05,0.008948341,0.04615485,0.00071014836,0.012738537,True
2011-01-03,28.94,1.7,-3.3714287,-0.9857143,-5.9428573,89.6,0.025,0.025,0.25714287,10.45,0.125,0.00012563169,0.00885579,0.053177055,0.0058215186,0.0018304177,True
2011-01-10,28.99,7.4,1.2571429,4.3,-2.0285716,86.685715,0.24285714,0.24285714,0.31428573,10.3,0.75714284,0.0018164217,0.01006601,0.0340614,0.04551662,0.0018727258,True
2011-01-17,29.06,17.0,5.6285715,7.8142858,3.714286,88.87144,0.4571429,0.4571429,0.3857143,10.528571,4.0857143,0.0006519556,0.012749046,0.003458046,0.009480841,0.0,True
2011-01-24,29.11,5.0,1.4285715,2.7285714,-0.014285714,88.47143,0.17142858,0.17142858,0.31428573,10.328571,1.3285714,0.00012537837,0.016070694,0.00088807516,0.0005572904,0.0038331822,True
2011-01-31,29.14,3.3,-1.7428572,0.71428573,-4.1285715,88.78571,0.10000001,0.10000001,0.3,10.328571,-0.14285715,0.0001333803,0.016117588,0.0034650054,0.0013767462,0.0017364286,True
2011-02-07,29.14,10.8,4.0571427,5.542857,1.7285715,84.72858,0.62857145,0.61428577,0.78571427,10.3714285,1.8857143,0.00024397671,0.015544288,0.0019505535,0.004875565,0.0012193285,True
2011-02-14,29.19,6.5,1.9714286,4.0285716,-0.55714285,70.942856,0.62857145,0.5857143,0.94285715,10.257143,2.0857143,0.00014773011,0.0146583095,0.0002484662,8.773059e-06,0.0012476407,True
2011-02-21,29.07,0.0,-2.4714284,-0.3285714,-4.157143,65.12858,0.12857142,0.12857142,0.94285715,10.2,-0.67142856,2.0116568e-06,0.013702318,0.0014447882,9.309128e-05,0.00082885846,True
2011-02-28,28.94,0.0,-3.3857143,2.6857145,-8.514286,65.37143,0.4857143,0.45714286,0.9285714,10.071428,-1.8142858,9.447336e-06,0.012712456,0.0012296211,0.00054316036,3.490597e-06,True
2011-03-07,28.64,0.0,0.25714284,6.642857,-4.6285715,63.385715,0.9714285,0.8000001,1.2285715,9.657143,0.3,7.0482492e-06,0.011679493,0.0003855569,0.00042016618,1.161173e-05,True
2011-03-14,28.34,3.4,7.1,12.514287,1.6714286,63.214287,1.5285715,1.2571429,1.8000001,9.1,4.7714286,5.5737793e-05,0.0106412545,5.447297e-05,0.00019281916,0.0,True
2011-03-21,28.32831281684285,11.4,4.8,8.4,2.0285714,81.200005,0.95714283,0.8428572,1.1,9.328571,5.385714,0.00014521927,0.009669103,8.5149495e-08,8.3073974e-07,0.0,True
2011-03-28,28.26,0.9,6.5428576,12.1285715,1.5142858,67.057144,1.7428571,1.4142858,1.942857,8.942857,7.6285715,1.6912818e-05,0.008780971,-7.345365000000001e-25,1.8626451e-08,2.6077032e-08,True
2011-04-04,28.25,12.5,11.971429,18.171429,6.714286,69.24286,2.2142859,1.8142859,2.3857143,8.357142,11.714286,6.387383e-05,0.007967636,-7.345365000000001e-25,7.450581e-09,0.0,True
2011-04-11,28.15,0.1,11.642858,17.485714,6.3857145,62.414288,2.585714,1.957143,2.9142857,7.9,11.8,5.438924e-06,0.0072174594,-7.345365000000001e-25,1.8626451e-09,0.0,True
2011-04-18,28.15,11.999999,9.571428,14.028572,5.3857145,70.88572,1.942857,1.5857143,2.1142857,7.428571,10.728572,0.00013583153,0.00654535,-7.345365000000001e-25,0.0,0.0,True
2011-04-25,28.10859105687136,0.0,15.757143,22.785715,8.642858,49.42857,3.8714287,2.3285716,4.457143,6.5285716,16.342857,4.4703484e-07,0.0058906004,-7.345365000000001e-25,0.0,0.0,True
2011-05-02,28.12,12.7,13.028572,19.571428,8.257143,62.542854,3.2000003,1.4857142,3.3999999,5.9,15.528571,0.00015833974,0.005273998,-7.345365000000001e-25,0.0,0.0,True
2011-05-09,28.1,0.0,12.300001,19.557144,4.6571426,49.55714,3.9714284,0.7999999,4.3285713,5.5142856,14.657143,3.993511e-06,0.004730724,-7.345365000000001e-25,0.0,0.0,True
2011-05-16,28.05,8.799999,15.028572,21.442858,9.514285,66.37143,3.2999997,1.1857144,3.3999999,5.428571,17.328571,6.528199e-05,0.00419987,-7.345365000000001e-25,7.450581e-09,0.0,True
2011-05-23,28.04,2.7,17.557144,23.928572,11.614286,65.6,3.6571426,1.4857142,4.0285716,5.3428574,19.685715,4.968047e-05,0.0037754998,-7.345365000000001e-25,1.1175871e-08,0.0,True
2011-05-30,28.14,0.1,17.214285,23.828571,10.485715,53.157143,4.7,0.7285714,5.1142855,5.1,19.314285,3.3676624e-06,0.003349416,-7.345365000000001e-25,3.7252903e-09,0.0,True
2011-06-06,28.17,9.2,20.600002,28.485716,13.485715,57.0,4.9571424,1.2857143,5.3285713,4.9142857,22.342857,8.945167e-05,0.0029594153,-7.345365000000001e-25,1.1175871e-08,0.0,True
2011-06-13,28.242551901842777,17.2,18.1,24.128572,13.042857,64.88572,3.8142855,2.1142857,4.1142855,5.1,21.828571,9.088218e-05,0.002628304,-7.345365000000001e-25,7.450581e-09,0.0,True
2011-06-20,28.34,10.4,17.9,23.2,13.614286,64.8,3.9285712,2.0285716,4.071429,4.742857,20.714285,7.432699e-05,0.0023509115,-7.345365000000001e-25,1.4901161e-08,0.0,True
2011-06-27,28.31,14.200001,17.27143,23.0,11.900001,72.54286,3.6428568,2.6142857,3.7142856,5.071429,19.914286,8.3491206e-05,0.0021234155,-7.345365000000001e-25,1.4901161e-08,0.0,True
2011-07-04,28.36,40.1,16.885715,21.128572,12.7,76.12858,3.042857,1.7142857,3.042857,5.142857,19.571428,0.00027878582,0.0019205064,-7.345365000000001e-25,1.4901161e-08,0.0,True
2011-07-11,28.39,20.4,20.442858,26.185715,15.414286,68.51429,4.057143,3.5714285,4.4857144,6.5,23.314285,0.011430666,0.0017670542,-7.345365000000001e-25,1.1175871e-08,0.0,True
2011-07-18,28.41,21.4,18.800001,23.814287,14.014287,66.61428,3.8285713,3.3285716,3.8285713,6.6857142,21.328571,0.0005802512,0.0016302988,-7.345365000000001e-25,1.1175871e-08,0.0,True
2011-07-25,28.61,26.9,15.971429,19.6,12.642858,74.471436,2.7857144,2.3142855,2.7428572,7.3,18.157143,0.002003312,0.0015368164,-7.345365000000001e-25,1.1175871e-08,0.0,True
2011-08-01,28.802405241662008,80.0,17.057144,20.785715,14.028572,85.200005,2.1571429,1.8571428,2.1,8.714286,19.2,0.0074290484,0.0046755,-7.345365000000001e-25,1.4901161e-08,0.0,True
2011-08-08,28.79,23.5,19.614286,24.5,15.242858,78.38572,3.1,2.8142858,3.2714286,9.442857,22.114286,0.0007701963,0.0015528724,-7.345365000000001e-25,1.4901161e-08,0.0,True
2011-08-15,28.99,15.0,17.571428,21.9,14.285714,74.37144,2.5857143,2.3714283,2.9285715,9.028571,19.1,0.0012244955,0.0016639307,-7.345365000000001e-25,1.6763806e-08,0.0,True
2011-08-22,28.92,1.0,19.228573,24.257143,13.757143,70.42857,2.9285715,2.3857143,3.442857,8.5,21.757143,4.631281e-05,0.001766853,-7.345365000000001e-25,7.450581e-09,0.0,True
2011-08-29,29.05,27.400002,18.84286,24.5,14.585715,79.85714,2.5142858,2.2285717,2.6714287,8.685715,21.014286,0.00018442422,0.0018149838,-7.345365000000001e-25,1.4901161e-08,0.0,True
2011-09-05,29.153552072538385,5.9,16.714285,22.185715,11.985715,76.75714,2.0857143,1.6999999,2.5285714,8.357142,18.814285,7.481873e-05,0.0018194914,-7.345365000000001e-25,1.1175871e-08,0.0,True
2011-09-12,29.44,35.9,16.642857,20.657145,13.528572,82.314285,2.0285714,1.9285713,2.0571427,9.071428,17.757143,0.003060937,0.0017979369,-7.345365000000001e-25,1.1175871e-08,0.0,True
2011-09-19,29.59,10.8,14.728572,19.114286,10.842857,76.314285,1.6857141,1.5142858,2.1857142,9.314285,16.62857,0.0002501607,0.0017785504,-7.345365000000001e-25,5.5879354e-09,0.0,True
2011-09-26,29.54,0.0,14.485715,20.6,8.842857,75.52857,1.5857143,1.3714286,2.1285713,9.385715,15.8714285,5.0216913e-06,0.001781024,-7.345365000000001e-25,5.5879354e-09,0.0,True
2011-10-03,29.54,2.9,16.9,23.67143,10.885714,75.557144,1.3857142,1.0857142,2.0,8.814285,17.514286,8.493662e-07,0.001777485,-7.345365000000001e-25,3.7252903e-09,0.0,True
2011-10-10,29.53693499936321,21.0,12.685715,16.685715,9.228571,80.37142,1.1714286,1.0428572,1.4285715,8.585714,13.671429,0.000162974,0.0017603785,-7.345365000000001e-25,1.3038516e-08,0.0,True
2011-10-17,29.54,14.7,7.914286,13.400001,3.9428573,82.67143,0.82857144,0.7714285,0.8428572,9.528571,9.328571,0.00023671985,0.0017484203,-7.345365000000001e-25,3.7252903e-09,0.0,True
2011-10-24,29.635,1.4,6.3,11.5,2.5285716,84.48572,0.61428577,0.5428571,0.71428573,9.342857,6.7,4.5008957e-05,0.0017419308,-7.345365000000001e-25,3.7252903e-09,0.0,True
2011-10-31,29.53015845664567,0.6,10.471429,13.985715,7.371429,88.22858,0.45714286,0.3857143,0.5714286,9.157143,9.585714,4.2811036e-05,0.0017384291,-7.345365000000001e-25,5.5879354e-09,0.0,True
2011-11-07,29.52,0.0,8.185715,13.457144,4.7571425,88.65715,0.38571426,0.31428573,0.40000004,8.971429,7.7285714,2.0861626e-07,0.0017332286,-7.345365000000001e-25,0.0,0.0,True
2011-11-14,29.55,0.0,2.7857144,7.0,-0.3428571,89.685715,0.22857144,0.18571429,0.27142856,8.8714285,3.3857143,2.9355288e-06,0.001726158,2.7134306e-06,4.3213367e-07,5.484745e-05,True
2011-11-21,29.53,0.0,2.5,5.0285716,-0.18571433,93.34286,0.114285715,0.08571429,0.22857143,8.8,2.3428571,7.264316e-06,0.0017198175,0.00013836792,0.000203548,0.00020980462,True
2011-11-28,29.54,1.6,4.7428575,7.514286,2.0428572,86.957146,0.3285714,0.31428573,0.47142857,8.728572,3.3428571,7.1823597e-06,0.0017128587,2.4335724e-05,6.745383e-05,6.6682696e-07,True
2011-12-05,29.52,9.0,5.2714286,8.8,1.557143,83.52857,0.5285714,0.48571426,0.5714286,8.714286,3.8142858,0.00018163025,0.0017031282,-7.345365000000001e-25,2.6263297e-07,0.0,True
2011-12-12,29.63,12.8,3.7142856,5.828572,1.2142857,80.78571,0.5714286,0.5714286,0.6571428,9.357142,2.5142858,0.00016283989,0.0016943589,-7.345365000000001e-25,1.1175871e-08,2.2351742e-08,True
2011-12-19,29.67302907181301,32.2,3.8142858,5.9857144,1.7714287,84.61428,0.54285717,0.54285717,0.62857145,10.071428,2.5428572,0.0008762181,0.0016945004,0.001880958,0.004398588,0.007128194,True
2011-12-26,29.69,9.8,4.928571,6.557143,2.6857142,91.12858,0.3,0.2857143,0.37142858,10.271428,3.3428571,0.00026872754,0.0017664135,0.0012420643,0.003107939,0.00038566068,True
2012-01-02,29.72888468141295,13.9,6.057143,8.114286,3.414286,87.114296,0.42000002,0.4,0.47142857,10.24,4.46,0.00035761297,0.0019187853,2.3047129e-05,0.00010699034,8.710101e-05,True
2012-01-09,29.765,19.9,4.4857144,6.828572,2.2285714,84.457146,0.6999999,0.6999999,0.6,10.614285,3.6,0.00061804056,0.0021665692,5.3212756e-05,0.00026499853,0.0002767481,True
2012-01-16,29.84,3.1000001,3.642857,5.571429,1.5714285,82.5,0.52857137,0.52857137,0.59999996,10.314285,2.8714285,0.0001322031,0.0026926994,3.0012357e-05,8.683838e-05,0.0003291741,True
2012-01-23,29.84081583620371,22.699999,2.5714285,4.2,0.59999996,89.114296,0.45714286,0.45714286,0.3857143,10.6285715,1.6,0.000748083,0.003261596,0.0015118349,0.0044288877,0.0065402724,True
2012-01-30,29.84,1.3,-3.3428571,-1.1,-5.2428575,78.957146,0.057142857,0.057142857,0.44285712,10.471429,-0.78571427,7.249415e-06,0.0041278303,0.0035401753,0.00016182847,0.0028079972,True
2012-02-06,29.89,0.6,-10.757143,-7.014286,-14.285714,74.41429,0.0,0.0,0.3,10.3,-6.2285714,2.0861626e-07,0.004888639,0.004563604,0.0,0.00079979375,True
2012-02-13,29.84,1.2,-6.8857145,-3.614286,-11.785714,79.41429,0.0,0.0,0.34285715,10.271428,-5.042857,3.799796e-07,0.0052327365,0.0062281233,0.0,0.0033216812,True
2012-02-20,29.82,12.7,2.3142858,5.157143,-0.9142858,80.32857,0.7857143,0.7857143,0.71428573,10.285714,0.17142858,0.00043678284,0.005321726,0.004971686,0.008920234,0.0027448721,True
2012-02-27,29.84,15.8,5.085715,8.214286,1.5857143,80.3,1.0,1.0,0.9285714,10.2,2.942857,0.00028627366,0.005406037,0.00070884114,0.003897842,0.0028609484,True
2012-03-05,29.91,2.5,6.0142856,9.585714,2.5,77.07143,0.91428566,0.8428572,1.0857142,10.028571,5.214286,6.535649e-05,0.0056184083,5.6198667e-07,5.416572e-06,3.7252903e-08,True
2012-03-12,29.89,3.2,5.2571425,9.157143,1.6142858,72.65714,1.1,0.9714286,1.2571429,9.6285715,4.8285713,9.3474984e-05,0.005756758,-7.345365000000001e-25,2.7939677e-08,0.0,True
2012-03-19,29.87,0.4,8.528571,13.614286,4.3,71.75715,1.5571429,1.2857143,1.8000001,9.228572,7.9142857,5.0142407e-05,0.0057563186,-7.345365000000001e-25,0.0,0.0,True
2012-03-26,29.77,0.1,10.071428,15.985715,3.8999999,69.64286,1.8571428,1.3714286,2.0,8.542857,10.357142,6.631017e-07,0.0056541115,-7.345365000000001e-25,0.0,0.0,True
2012-04-02,29.774767958192573,4.9,7.8,12.071428,4.042857,70.700005,1.9714286,1.6000001,2.0857143,7.8428574,8.957143,8.563697e-05,0.0054990426,-7.345365000000001e-25,0.0,0.0,True
2012-04-09,29.74,10.2,4.4428573,8.742857,0.30000004,73.0,1.4142857,1.1428572,1.5,7.742857,6.114286,0.00013399124,0.0053312555,1.7728124e-05,4.453957e-05,7.632375e-05,True
2012-04-16,29.64,2.8,8.6,13.8714285,3.642857,68.71429,1.9428571,1.5571429,2.1285713,7.385714,9.557143,8.936599e-05,0.005135298,2.923466e-06,2.957508e-05,0.0,True
2012-04-23,29.64,1.3,9.685715,15.642858,3.5,59.271427,2.7,1.9857143,2.857143,6.6714287,11.542857,5.7682395e-05,0.004888825,-7.345365000000001e-25,1.1175871e-08,0.0,True
2012-04-30,29.63,2.8,16.442858,23.185715,9.942858,58.4,3.7571433,1.9,3.9285715,6.0571427,16.242857,8.5920095e-05,0.0046093836,-7.345365000000001e-25,3.7252903e-09,0.0,True
2012-05-07,29.58954437275865,13.5,14.185715,19.5,9.214286,73.58571,2.7285712,1.2285715,2.8857143,5.8142858,16.37143,0.00029286742,0.004295543,-7.345365000000001e-25,3.7252903e-09,0.0,True
2012-05-14,29.58,9.1,14.442858,20.214285,8.171429,67.1,3.457143,1.942857,3.357143,5.6714287,16.485714,0.00010767579,0.004018374,-7.345365000000001e-25,1.1175871e-08,0.0,True
2012-05-21,29.54,1.0,14.457144,20.957142,7.6571426,57.057148,4.1142855,0.8999999,4.1,5.357143,16.314285,2.0369887e-05,0.0037279725,-7.345365000000001e-25,0.0,0.0,True
2012-05-28,29.54,0.0,20.1,27.085714,13.1,48.614285,5.4428573,0.6571428,5.8428574,5.071429,22.242857,8.3372e-06,0.003393717,-7.345365000000001e-25,7.450581e-09,0.0,True
2012-06-04,29.5,34.9,12.67143,16.614286,9.057143,69.08572,2.8285713,1.2571429,2.8999999,5.3285713,16.528572,0.00025518984,0.0030924752,-7.345365000000001e-25,0.0,0.0,True
2012-06-11,29.460233627887,3.5,15.842857,20.828571,10.442858,63.757145,3.5,2.3142855,3.7285714,5.3714285,17.971428,0.00031608343,0.002866678,-7.345365000000001e-25,0.0,0.0,True
2012-06-18,29.44,20.0,17.357143,22.657145,12.371429,70.442856,3.7000003,1.8428571,3.6571429,4.785714,19.9,0.00019040704,0.002649501,-7.345365000000001e-25,7.450581e-09,0.0,True
2012-06-25,29.48,36.7,16.628572,21.214285,12.614286,75.67143,3.3857143,2.3857143,3.1142857,5.1571426,19.285715,0.00036218762,0.0024612173,-7.345365000000001e-25,1.4901161e-08,0.0,True
2012-07-02,29.51,19.6,18.957144,23.628572,14.300001,75.057144,3.5000002,2.785714,3.5142858,5.114286,21.257143,0.0079284385,0.0023034588,-7.345365000000001e-25,7.450581e-09,0.0,True
2012-07-09,29.58,64.5,20.34286,25.757143,15.942858,80.41429,3.3285716,2.7285714,3.4142857,5.5857143,23.157143,0.0045939237,0.00217399,-7.345365000000001e-25,1.4901161e-08,0.0,True
2012-07-16,29.59,37.3,15.885715,20.114286,12.7,80.185715,3.085714,2.757143,2.7571428,5.614286,19.042856,0.000511989,0.002093263,-7.345365000000001e-25,1.1175871e-08,0.0,True
2012-07-23,29.64,18.199999,16.2,21.314287,12.085714,74.97143,3.2428572,2.6857142,3.1571429,6.1714287,18.685715,0.00028641522,0.0020508766,-7.345365000000001e-25,7.450581e-09,0.0,True
2012-07-30,29.56608161180357,20.599998,21.942858,28.142857,16.085714,67.442856,4.3714285,3.2428572,4.4714284,5.3714285,24.257143,0.00019311905,0.0019942299,-7.345365000000001e-25,1.1175871e-08,0.0,True
2012-08-06,29.59,8.5,19.857143,25.27143,15.300001,74.01429,3.3714287,2.5571427,3.457143,5.457143,22.814285,0.0001540631,0.0019325018,-7.345365000000001e-25,1.1175871e-08,0.0,True
2012-08-13,29.56,4.3,16.442858,21.714285,12.542857,70.98572,2.9714284,1.7571429,3.2857144,4.957143,20.028572,1.3902783e-05,0.0018705726,-7.345365000000001e-25,3.7252903e-09,0.0,True
2012-08-20,29.51,1.5,20.785715,27.800001,14.385715,67.24286,3.7142856,1.3285713,4.142857,4.4428573,22.585714,2.3782253e-05,0.0017981082,-7.345365000000001e-25,7.450581e-09,0.0,True
2012-08-27,29.534059544219883,12.6,18.557144,23.414288,14.585715,73.957146,2.7714286,1.5142858,3.1714287,4.614286,21.285715,0.00014683604,0.0017167851,-7.345365000000001e-25,5.5879354e-09,0.0,True
2012-09-03,29.49,9.1,17.2,22.4,12.085715,76.17143,2.2,1.2428571,2.5,4.4857144,19.614286,5.7160854e-05,0.0016500875,-7.345365000000001e-25,5.5879354e-09,0.0,True
2012-09-10,29.5,8.2,17.128572,22.457144,12.757143,75.74286,2.2714286,0.94285715,2.5571427,4.214286,18.87143,1.6264617e-05,0.001586102,-7.345365000000001e-25,1.6763806e-08,0.0,True
2012-09-17,29.5,1.8000001,15.442858,20.914288,10.528571,72.04286,1.9714286,1.1428572,2.542857,4.214286,17.0,0.00013026595,0.0015197545,-7.345365000000001e-25,7.450581e-09,0.0,True
2012-09-24,29.49369432114944,7.1,12.185715,17.385715,7.4000006,72.57143,1.7142857,0.9142857,2.0142856,4.1,14.1285715,6.683171e-05,0.0014581159,-7.345365000000001e-25,1.8626451e-09,0.0,True
2012-10-01,29.49,14.6,13.6,18.828571,9.328572,76.6,1.4428571,1.0142858,1.6857144,4.3714285,14.214286,0.00015509874,0.0014032945,-7.345365000000001e-25,5.5879354e-09,0.0,True
2012-10-08,29.557871271308816,19.4,11.442857,16.714287,7.0,83.0,1.1285714,0.91428566,1.2714285,4.9428573,12.2,0.0011489689,0.0013550967,-7.345365000000001e-25,7.450581e-09,0.0,True
2012-10-15,29.599185356826343,6.2,8.185715,12.685715,4.4857144,85.685715,0.7285714,0.64285713,0.8428572,5.4714284,8.785714,0.00012338161,0.001321055,-7.345365000000001e-25,5.5879354e-09,0.0,True
2012-10-22,29.505,0.6,12.742858,18.171429,7.914286,82.057144,0.85714287,0.6285714,1.0428572,5.2714286,11.442857,5.8561563e-06,0.0012915805,-7.345365000000001e-25,7.450581e-09,0.0,True
2012-10-29,29.55465092075893,1.7,6.1857147,9.528572,3.3428574,77.41429,0.5142857,0.40000004,0.7,5.2,7.1285715,2.1323562e-05,0.001268521,3.923121e-05,4.8344955e-05,0.00014233217,True
2012-11-05,29.51,14.0,6.057143,8.957143,3.3285713,87.65715,0.5,0.45714286,0.45714286,5.6285715,5.7,0.000229761,0.001248911,6.758032e-05,0.00030670688,0.00020550936,True
2012-11-12,29.51,6.2,7.957143,10.271429,5.728572,83.42857,0.5285714,0.4857143,0.62857145,5.9,7.1285715,8.362532e-05,0.0012327805,-7.345365000000001e-25,3.6135316e-07,0.0,True
2012-11-19,29.51,1.0,2.0714285,4.6,-0.51428574,95.87144,0.12857144,0.11428572,0.17142858,6.0,2.557143,8.7320805e-06,0.0012213066,7.627124e-05,0.00013204478,0.00018291548,True
2012-11-26,29.53251861720501,6.2,5.8142858,8.414286,3.142857,90.200005,0.27142856,0.22857143,0.27142856,6.0857143,4.6714287,7.82609e-05,0.0012130588,1.2590772e-05,5.7194382e-05,0.0,True
2012-12-03,29.54,24.8,2.7142856,4.0571427,0.9714286,92.0,0.17142858,0.17142858,0.25714287,7.2,2.7857144,0.00032996386,0.0012068972,0.0001147361,8.4955245e-06,0.0013774186,True
2012-12-10,29.62,16.1,-2.457143,0.3857143,-5.5285716,90.38572,0.11428572,0.11428572,0.15714286,7.8142858,-0.114285715,4.1261315e-05,0.001211986,0.004530748,0.000811493,0.012707844,True
2012-12-17,29.617485025134588,9.2,-0.25714287,1.2428572,-2.5571427,92.042854,0.057142857,0.057142857,0.17142858,8.5,0.042857144,0.00044949353,0.0012281463,0.0123522,0.0098478105,0.0021309555,False
2012-12-24,29.63,17.400002,0.9142858,2.6142857,-0.54285717,93.442856,0.057142857,0.057142857,0.22857143,9.271428,0.17142858,0.0004787445,0.0012830198,0.0048781065,0.0073618405,0.0034102276,True
2012-12-31,29.7,3.5,5.7000003,8.928572,2.5857143,79.814285,0.5714286,0.55714285,0.6857143,9.928572,3.3714285,0.00017373264,0.0012199283,0.00029867224,0.0027739462,2.2351742e-07,True
2013-01-07,29.74,31.2,6.3428574,8.0,4.6857142,90.971436,0.41428572,0.41428572,0.44285712,10.257143,5.285714,0.0003067106,0.0016694963,4.5980727e-07,2.9429793e-06,0.0,True
2013-01-14,29.83,14.4,0.78571427,2.3,-1.2857143,91.1,0.10000001,0.10000001,0.22857143,10.642858,2.0428572,0.0003976971,0.0019679219,0.001021879,9.313226e-08,0.0025360808,True
2013-01-21,29.8167310277428,4.9,-4.0285716,-2.4857144,-5.828572,84.58572,0.0,0.0,0.35714287,10.314285,-1.0,3.2782555e-07,0.002392508,0.0036299627,0.0,0.0056766346,True
2013-01-28,29.755,5.6,-4.728572,-1.9857143,-7.7714286,84.85714,0.08571429,0.08571429,0.25714287,10.3,-0.9,5.799532e-05,0.00271862,0.009536238,0.0021962188,0.0048783794,True
2013-02-04,29.84,29.800001,4.1857142,7.057143,1.4,86.41429,0.7142858,0.7142858,0.61428577,10.8714285,1.6285714,0.0013645291,0.003032267,0.0025673935,0.013131736,0.0054760464,True
2013-02-11,29.91,5.7,-0.6,1.9714286,-3.2000003,86.78571,0.24285713,0.24285713,0.4,10.457143,0.47142857,9.8481774e-05,0.003744781,0.0031466256,0.00086892955,0.0025059693,True
2013-02-18,29.89,7.0,0.08571429,1.7,-1.3142859,85.328575,0.14285715,0.14285715,0.42857143,10.242857,-0.042857144,3.835559e-05,0.0044163913,0.003930234,0.0017934777,0.0016235895,True
2013-02-25,29.84,9.1,-0.7571429,0.6857143,-2.0000002,86.74286,0.12857144,0.12857144,0.5,10.3714285,0.0,0.00014133751,0.0047776923,0.011304498,0.0056730285,0.015363906,True
2013-03-04,29.86938180234792,0.3,1.7857143,5.285714,-0.9857143,83.08572,0.6571428,0.62857145,0.67142856,10.2,1.2857143,0.00022929907,0.0049437955,0.0063709305,0.010086954,0.00039143115,True
2013-03-11,29.785,10.900001,1.3000001,5.6,-1.8857144,75.72857,0.7285714,0.64285713,1.0,9.885715,2.4285715,5.197525e-05,0.005049169,0.0042211725,0.0019426662,0.014318451,True
2013-03-18,29.74,5.5,-2.2428572,2.1142857,-6.357143,69.01429,0.45714286,0.45714286,1.0714285,10.142858,0.12857144,4.1350722e-05,0.0051146075,0.013052185,0.0018356033,0.005352754,True
2013-03-25,29.69,11.7,-2.6571429,0.7571429,-5.7000003,73.057144,0.2,0.2,1.0285714,10.342857,0.1,1.218915e-05,0.0051345453,0.024332603,0.0006414,0.014587458,True
2013-04-01,29.679837944249403,5.4,-0.11428572,2.9285715,-2.6857145,73.15714,0.7714285,0.75714284,1.1428572,10.1,0.2,0.0001136139,0.005118929,0.02391297,0.005363535,0.00638764,False
2013-04-08,29.68,0.0,2.0857143,5.5,-1.8142859,69.27143,1.1142857,0.98571426,1.4,9.842857,2.1857142,0.00033100694,0.005082883,0.014888934,0.015729923,0.0007091537,True
2013-04-15,29.69,10.7,9.785714,15.0,4.8285713,71.71429,2.0285714,1.8142859,2.1714287,9.528571,9.171429,0.0005494952,0.0050770044,0.0011066879,0.0051402096,2.0481646e-05,True
2013-04-22,29.68,0.0,13.328572,19.328571,8.285714,58.271427,3.0571427,2.3999999,3.3714287,8.6,14.585714,3.2246113e-05,0.0052454323,3.0086153e-07,2.719462e-06,0.0,True
2013-04-29,29.64,13.8,12.67143,18.328571,8.185715,65.97143,2.7000003,2.1714284,3.0142858,7.885714,13.985714,0.0003297478,0.0051931515,-7.345365000000001e-25,0.0,0.0,True
2013-05-06,29.61,0.0,13.385715,19.014286,7.2428575,55.04286,2.9714284,2.1285713,3.4428573,7.2714286,15.0,2.682209e-06,0.005053714,-7.345365000000001e-25,0.0,0.0,True
2013-05-13,29.58,21.6,14.685715,20.314285,10.1,77.957146,2.5857143,2.0571427,2.5857143,6.885714,17.171429,0.0002194345,0.004863739,-7.345365000000001e-25,7.450581e-09,0.0,True
2013-05-20,29.56,9.6,16.514286,22.185715,10.771429,69.67143,3.6428573,2.1428573,3.6285713,6.3714285,18.471428,0.00010834634,0.0046382993,-7.345365000000001e-25,1.1175871e-08,0.0,True
2013-05-27,29.6,45.1,10.7,14.757143,7.085714,79.98572,2.0571427,1.4285715,2.1,7.0571427,13.857142,0.0010676384,0.004406415,-7.345365000000001e-25,0.0,0.0,True
2013-06-03,29.68,42.3,14.514287,19.828571,11.357142,85.85714,2.0428572,2.0,1.9714285,9.642858,15.728572,0.006128259,0.0045415238,-7.345365000000001e-25,1.4901161e-08,0.0,True
2013-06-10,29.74,8.7,17.157145,23.84286,10.400001,65.65714,3.9,3.1714287,4.5285716,9.228572,20.528572,1.2591481e-05,0.004376024,-7.345365000000001e-25,3.7252903e-09,0.0,True
2013-06-17,29.68,13.7,18.714285,23.97143,12.442858,61.628574,4.385714,3.3857143,4.457143,8.042857,21.814285,0.0001334399,0.004291497,-7.345365000000001e-25,7.450581e-09,0.0,True
2013-06-24,29.68,20.7,21.77143,27.614286,16.357143,65.35715,4.928571,3.7428572,5.1,7.3,24.928572,0.0014238432,0.0040757507,-7.345365000000001e-25,1.4901161e-08,0.0,True
2013-07-01,29.7,42.2,14.228572,19.100002,10.271429,79.42857,2.7428572,2.4285715,2.5571427,7.928571,17.342857,0.00040453672,0.0038938075,-7.345365000000001e-25,1.4901161e-08,0.0,True
2013-07-08,29.7,0.1,19.771427,25.34286,14.157144,69.42857,4.014286,3.0714285,4.328572,7.1,23.328571,0.00028267503,0.00372269,-7.345365000000001e-25,1.1175871e-08,0.0,True
2013-07-15,29.6,0.0,18.114286,23.128572,13.242858,68.22857,3.5714285,1.642857,3.8,6.114286,22.0,1.4171004e-05,0.0035142452,-7.345365000000001e-25,1.4901161e-08,0.0,True
2013-07-22,29.54333588268825,0.0,21.87143,28.571428,14.614286,58.07143,4.942857,1.0285715,5.3142858,5.6,25.042856,3.2782555e-07,0.0033014119,-7.345365000000001e-25,7.450581e-09,0.0,True
2013-07-29,29.47,10.799999,24.585714,30.97143,18.657145,59.628574,4.785714,1.1,5.3,5.4142857,27.042856,0.0003001392,0.003032811,-7.345365000000001e-25,1.1175871e-08,0.0,True
2013-08-05,29.45,4.0,22.514286,28.957142,17.228573,66.84286,4.357143,2.7999997,4.585714,5.757143,24.9,0.00019773841,0.0028103143,-7.345365000000001e-25,1.4901161e-08,0.0,True
2013-08-12,29.51,37.4,18.957144,24.714285,14.885715,78.799995,3.0571427,2.4714284,3.0428574,6.2,22.614286,0.00019848347,0.0026198477,-7.345365000000001e-25,1.1175871e-08,0.0,True
2013-08-19,29.48,3.4,18.128572,23.928572,13.314285,71.6,3.0428574,2.1714284,3.3142855,5.785714,20.6,5.5760145e-05,0.0024512112,-7.345365000000001e-25,1.1175871e-08,0.0,True
2013-08-26,29.44,0.0,17.7,24.114286,12.657144,64.01429,3.114286,1.6857141,3.8428571,5.2,20.37143,1.1384487e-05,0.002295196,-7.345365000000001e-25,3.7252903e-09,0.0,True
2013-09-02,29.47,4.2999997,16.857143,22.47143,11.900001,70.91429,2.4142857,0.75714284,2.8142858,4.757143,19.385714,7.285178e-05,0.0021366403,-7.345365000000001e-25,1.1175871e-08,0.0,True
2013-09-09,29.4,18.2,17.171429,22.442858,12.742858,76.5,2.3857143,1.1285715,2.5571427,5.0285716,18.914286,0.00032621622,0.0020112991,-7.345365000000001e-25,1.1175871e-08,0.0,True
2013-09-16,29.412040068970526,9.8,13.442858,18.4,10.342857,85.91429,1.2571428,1.0714285,1.4571428,5.6857142,15.385715,4.659593e-05,0.001900807,-7.345365000000001e-25,5.5879354e-09,0.0,True
2013-09-23,29.37,10.8,12.471429,16.085714,9.714286,85.90001,1.1,0.90000004,1.3285714,5.7714286,13.485714,9.813905e-05,0.0018103793,-7.345365000000001e-25,5.5879354e-09,0.0,True
2013-09-30,29.42,11.7,9.657144,14.571428,5.8142858,85.77143,0.95714283,0.8,1.1285714,6.1,11.585714,0.00015744567,0.0017338172,-7.345365000000001e-25,3.7252903e-09,0.0,True
2013-10-07,29.44,1.0,9.442857,14.557143,5.442857,75.8,1.0,0.7714286,1.3285714,5.9,10.4,1.4550984e-05,0.0016605705,-7.345365000000001e-25,0.0,0.0,True
2013-10-14,29.49,53.0,10.914286,14.442858,7.4000006,90.28571,0.6571428,0.59999996,0.6857143,6.928571,11.728572,0.0023617446,0.0016017482,-7.345365000000001e-25,5.5879354e-09,0.0,True
2013-10-21,29.47,9.4,10.785714,14.485715,6.571429,86.57143,0.78571427,0.7714286,0.82857144,8.385715,10.7,0.00015115738,0.0015651435,-7.345365000000001e-25,5.5879354e-09,0.0,True
2013-10-28,29.38,10.6,14.385714,18.67143,10.057143,82.32857,1.1571429,1.0428572,1.1857144,8.328571,13.1,0.00023663044,0.0015396327,-7.345365000000001e-25,1.3038516e-08,0.0,True
2013-11-04,29.29,10.7,8.957143,12.5,5.9000006,81.6,0.8000001,0.7285715,0.90000004,8.314285,8.742857,0.0002296269,0.0015212744,-7.345365000000001e-25,5.5879354e-09,0.0,True
2013-11-11,29.2,16.6,7.6,10.571428,4.585715,88.14286,0.6285714,0.59999996,0.51428574,9.0,7.642857,0.0005296692,0.001521498,-7.345365000000001e-25,3.7252903e-09,0.0,True
2013-11-18,29.15,0.8,4.4,6.8428574,1.8285714,91.17143,0.24285717,0.22857144,0.31428573,9.228572,4.3714285,3.5852194e-05,0.0015919209,-7.345365000000001e-25,0.0,0.0,True
2013-11-25,29.12,17.900002,3.7857144,5.728572,1.7857143,90.98572,0.21428572,0.20000002,0.34285715,9.942857,3.6857142,0.0004953593,0.0017041862,1.788707e-05,6.719306e-05,8.383021e-05,True
2013-12-02,29.14,7.2,3.2428572,5.9428573,0.88571423,90.61428,0.25714287,0.25714287,0.27142859,9.957143,2.5,6.137043e-05,0.0019074082,8.282207e-06,2.0228326e-05,1.7695129e-06,True
2013-12-09,29.15,21.7,2.6714287,4.614286,0.51428574,92.87142,0.3571429,0.3571429,0.29999998,10.142858,1.9285715,0.00034229457,0.0021089986,0.0007575353,0.0022513904,0.002507856,True
2013-12-16,29.16,1.5999999,3.8857143,6.142857,1.8857144,94.24286,0.15714286,0.15714286,0.20000002,10.328571,3.357143,3.2022595e-05,0.0023224428,6.104651e-05,0.00022416934,8.791685e-07,True
2013-12-23,29.20242579549259,6.3999996,5.1,6.442857,2.1142857,79.971436,0.42857143,0.42857143,0.6571428,10.1285715,2.7714286,7.18683e-05,0.0025503337,4.240445e-06,1.1043623e-05,0.0,False
2013-12-30,29.13,16.300001,6.371429,0.0,4.5,81.17143,0.50000006,0.47142857,0.7285714,10.071428,4.8,0.00047834963,0.0027269274,-7.345365000000001e-25,1.0430813e-07,0.0,True
2014-01-06,29.13,9.8,4.142857,6.3,0.9714287,85.314285,0.2,0.2,0.47142857,10.1,0.9,0.00012492388,0.0029159263,-7.345365000000001e-25,0.0,0.0,True
2014-01-13,29.17,5.8999996,6.014286,8.6285715,3.3428574,83.58572,0.6999999,0.6999999,0.62857145,10.314285,4.5571427,0.0003675595,0.0031614378,-7.345365000000001e-25,1.8626451e-09,0.0,True
2014-01-20,29.2,6.7,2.4857142,4.357143,0.67142856,93.48572,0.14285715,0.14285715,0.2857143,10.3,2.2571428,0.00016830862,0.0035296753,9.650275e-06,2.8144568e-05,0.00014891103,True
2014-01-27,29.16,7.1,-6.785714,-4.871429,-8.971429,86.814285,0.014285714,0.014285714,0.3,10.3,-1.4571428,6.735325e-06,0.0038782507,0.0045187133,8.629821e-05,0.008446958,True
2014-02-03,29.13,1.6,-1.4285715,1.1,-3.6571429,87.42857,0.17142858,0.17142858,0.37142855,10.271428,-0.51428574,9.571016e-05,0.0041244105,0.0073316097,0.0030947216,0.0005410388,True
2014-02-10,29.19,1.6,4.6142855,9.157143,0.81428576,73.700005,0.9428572,0.90000004,0.9428572,10.028571,1.7428571,0.00015209615,0.00425414,0.0021172138,0.005059907,0.0,True
2014-02-17,29.2,2.1,5.7000003,9.928572,2.0857143,72.62858,1.0714285,0.9857143,1.1857144,9.714286,4.0285716,9.870529e-05,0.0043183193,4.5765013e-05,0.00018467754,5.157292e-05,True
2014-02-24,29.21,1.9,5.914286,10.557143,1.6285715,77.4,1.0142857,0.85714287,1.0,9.428572,4.9428573,6.99088e-05,0.004343942,7.322856e-07,3.3564866e-06,0.0,True
2014-03-03,29.21,0.2,5.8285713,11.3714285,1.0571429,79.17143,1.0,0.8,1.0285714,9.028571,5.9428573,3.527105e-05,0.0043332353,-7.345365000000001e-25,3.3527613e-08,0.0,True
2014-03-10,29.15,3.6,6.914286,13.285714,1.3285714,74.14286,1.1285714,0.88571423,1.3285714,8.657143,6.742857,1.0967255e-05,0.0042958185,-7.345365000000001e-25,0.0,0.0,True
2014-03-17,29.29,4.0,8.514286,13.914286,3.414286,68.25715,1.6714286,1.3857143,1.8571428,8.114285,8.0,8.751452e-05,0.0042240396,-7.345365000000001e-25,3.7252903e-09,0.0,True
2014-03-24,29.37,12.4,9.428572,13.942857,5.3,74.3,1.7857141,1.4571428,1.8428571,7.742857,9.5,0.00012949109,0.004138045,-7.345365000000001e-25,1.8626451e-09,0.0,True
2014-03-31,29.42,2.2,8.1,14.0,2.914286,77.200005,1.457143,1.1,1.6999999,7.5571427,8.771428,4.4248998e-05,0.0040384457,-7.345365000000001e-25,0.0,0.0,True
2014-04-07,29.39,1.5999999,12.028572,18.128572,6.914286,70.1,1.9571428,1.5142857,2.3857143,6.9857144,12.542857,8.627772e-05,0.0039065704,-7.345365000000001e-25,3.7252903e-09,0.0,True
2014-04-14,29.43,11.6,9.571428,14.328572,5.7571435,75.314285,2.0,1.6857141,2.0,6.642857,11.185715,0.00017181039,0.0037681237,-7.345365000000001e-25,0.0,0.0,True
2014-04-21,29.40584534666982,6.1,10.571428,16.4,5.0142856,69.17143,2.5857143,1.9714286,2.7142856,6.357143,11.8,0.00013181567,0.0036246628,-7.345365000000001e-25,5.5879354e-09,0.0,True
2014-04-28,29.43,0.2,15.285714,21.857143,9.985715,73.6,2.8142855,1.6,3.2285712,5.785714,17.014286,0.00011125207,0.0034640506,-7.345365000000001e-25,1.1175871e-08,0.0,True
2014-05-05,29.41,16.5,11.057143,16.5,5.914286,64.34286,2.5,1.1857144,2.7714286,5.6714287,14.514286,0.00021029264,0.00328698,-7.345365000000001e-25,0.0,0.0,True
2014-05-12,29.43,18.9,12.814285,18.057142,8.457143,74.4,2.8714283,2.2285714,2.6142857,5.571429,14.257143,0.00021313131,0.003126368,-7.345365000000001e-25,7.450581e-09,0.0,True
2014-05-19,29.43,15.7,12.242858,17.671429,7.657143,74.557144,2.4714286,1.6571428,2.6857142,5.5,14.228572,0.00061272085,0.0029735863,-7.345365000000001e-25,0.0,0.0,True
2014-05-26,29.42,0.3,20.02857,26.285715,13.685715,65.07143,4.571429,2.4142857,4.6714287,5.142857,22.442858,9.894371e-06,0.0028120577,-7.345365000000001e-25,7.450581e-09,0.0,True
2014-06-02,29.45,33.6,12.8714285,17.557142,7.5285716,74.57143,2.8285713,2.1857142,2.8857143,6.4857144,16.528572,0.0005825013,0.0026701093,-7.345365000000001e-25,7.450581e-09,0.0,True
2014-06-09,29.417918338234607,4.5,20.285715,26.442858,13.057143,58.27143,4.6285715,2.9142854,5.057143,5.5,22.714285,2.977252e-05,0.0025348365,-7.345365000000001e-25,7.450581e-09,0.0,True
2014-06-16,29.4,13.9,18.042858,23.542858,13.214286,72.1,3.6714287,2.2857141,3.7571428,5.1571426,21.857143,7.5906515e-05,0.0023767874,-7.345365000000001e-25,7.450581e-09,0.0,True
2014-06-23,29.37,2.1,15.528572,20.442858,11.185715,67.6,3.5,1.3714286,3.6000001,4.7,19.185715,2.4840236e-05,0.00224372,-7.345365000000001e-25,7.450581e-09,0.0,True
2014-06-30,29.42,34.7,15.557143,20.800001,10.914286,78.52857,2.942857,2.142857,2.8142858,5.3285713,19.085714,0.00028587878,0.0021246374,-7.345365000000001e-25,7.450581e-09,0.0,True
2014-07-07,29.41,17.4,20.314287,26.442858,14.085715,62.77143,4.7714286,2.2428572,4.785714,4.8142858,22.971428,9.9390745e-06,0.001996152,-7.345365000000001e-25,7.450581e-09,0.0,True
2014-07-14,29.45,42.5,19.071428,25.942858,14.657144,81.75715,3.5571425,2.9857144,3.4142857,5.7285714,22.142857,0.0058067814,0.001870662,-7.345365000000001e-25,1.4901161e-08,0.0,True
2014-07-21,29.4,0.0,23.77143,30.128572,17.642857,59.485718,5.071429,2.8285716,5.5,4.7285714,26.22857,5.2303076e-06,0.0017673075,-7.345365000000001e-25,1.4901161e-08,0.0,True
2014-07-28,29.4,33.7,21.942858,27.757143,17.542858,72.8,4.042857,2.1714287,4.042857,4.5571427,24.657143,0.0010152161,0.0016590357,-7.345365000000001e-25,1.4901161e-08,0.0,True
2014-08-04,29.43,53.7,21.285715,26.557144,17.457144,78.08571,3.3714283,2.6571426,3.4285715,5.6,24.485714,0.0017660335,0.0015816465,-7.345365000000001e-25,1.4901161e-08,0.0,True
2014-08-11,29.43,3.5,20.114286,26.242857,14.457144,71.64286,3.3714287,2.7142854,3.6857142,5.5857143,23.014286,0.000115677714,0.0015129745,-7.345365000000001e-25,1.1175871e-08,0.0,True
2014-08-18,29.41,9.099999,16.7,21.657145,12.785714,72.057144,2.9285712,2.4285715,3.1000001,5.214286,19.471428,0.00022895634,0.0014472604,-7.345365000000001e-25,9.313226e-09,0.0,True
2014-08-25,29.39,3.2,14.028572,19.814287,9.357142,70.02857,2.5142858,1.8142859,2.9285715,4.757143,17.171429,6.0215592e-05,0.0013928115,-7.345365000000001e-25,3.7252903e-09,0.0,True
2014-09-01,29.37173879407213,6.4,15.571428,21.114286,10.785714,77.28571,1.9285715,1.4,2.2571428,4.785714,17.885714,0.00013979524,0.0013436377,-7.345365000000001e-25,3.7252903e-09,0.0,True
2014-09-08,29.38,0.8,18.485716,24.67143,13.571428,73.04286,2.3428571,1.6571429,2.9285715,4.8714285,19.685715,0.0001007691,0.0013008192,-7.345365000000001e-25,5.5879354e-09,0.0,True
2014-09-15,29.37,12.799999,16.27143,19.97143,13.142858,84.11428,1.3714286,1.042857,1.5285714,5.3285713,17.642857,0.00010961294,0.0012575537,-7.345365000000001e-25,1.3038516e-08,0.0,True
2014-09-22,29.37,8.6,16.300001,21.114286,12.442858,80.90001,1.6857141,1.2857143,1.8428571,5.5857143,17.971428,0.00014866889,0.001218386,-7.345365000000001e-25,1.3038516e-08,0.0,True
2014-09-29,29.38,1.9000001,13.442858,18.37143,8.8,79.52857,1.3285713,1.0142858,1.5857143,5.742857,14.557143,1.6644597e-05,0.0011851788,-7.345365000000001e-25,3.7252903e-09,0.0,True
2014-10-06,29.36,0.0,14.6,20.257143,10.6,81.78571,1.1,0.7285714,1.4714286,5.642857,15.9,3.2186508e-05,0.0011541694,-7.345365000000001e-25,5.5879354e-09,0.0,True
2014-10-13,29.36,18.1,14.828572,18.257143,11.67143,86.94286,0.9571429,0.7714285,1.0285714,5.714286,15.171429,0.00022989511,0.0011258349,-7.345365000000001e-25,9.313226e-09,0.0,True
2014-10-20,29.36,9.0,13.942858,17.557144,10.900001,87.51429,0.8142857,0.71428573,0.88571423,5.9857144,13.928572,0.000121593475,0.0011040941,-7.345365000000001e-25,7.450581e-09,0.0,True
2014-10-27,29.41,16.0,10.157143,12.657144,7.6857147,90.57143,0.6,0.5285714,0.54285717,6.8142858,10.6,0.00019475073,0.0010870099,-7.345365000000001e-25,3.7252903e-09,0.0,True
2014-11-03,29.4,0.90000004,9.957143,14.385714,6.5285716,87.27143,0.55714285,0.48571426,0.58571434,6.8285713,9.714286,4.693866e-06,0.0010748953,-7.345365000000001e-25,3.7252903e-09,0.0,True
2014-11-10,29.37,0.5,8.528571,11.242858,5.785714,89.17143,0.42857143,0.3285714,0.4857143,6.6857142,8.685715,3.3006072e-05,0.0010645688,-7.345365000000001e-25,3.7252903e-09,0.0,True
2014-11-17,29.38,1.1,9.214286,11.357142,7.042857,93.22857,0.25714284,0.20000002,0.4,6.6,8.557143,1.1980534e-05,0.0010568425,-7.345365000000001e-25,0.0,0.0,True
2014-11-24,29.37,6.5,5.3285713,7.4428573,3.5714285,90.24286,0.24285714,0.18571429,0.37142858,6.6571426,5.3142858,6.9871545e-05,0.0010502189,-7.345365000000001e-25,0.0,0.0,True
2014-12-01,29.34,0.2,0.71428573,2.0428572,-0.5,85.471436,0.12857144,0.10000001,0.4857143,6.8,1.6285714,1.296401e-06,0.00104402,1.0274705e-06,3.3527613e-08,2.603978e-06,True
2014-12-08,29.34,3.3,1.3714286,3.1000001,-0.55714285,87.75715,0.17142858,0.14285715,0.2857143,6.8142858,0.3,5.4359436e-05,0.0010382831,1.0717483e-05,1.7244369e-05,1.9185245e-05,True
2014-12-15,29.39,9.1,3.4285715,6.1142855,0.5857143,87.07143,0.3857143,0.35714287,0.42857143,7.042857,2.1285715,0.00015262514,0.0010335594,0.00016084171,0.000591889,0.0005968772,True
2014-12-22,29.421531163730062,24.4,6.514286,8.571428,3.1714287,89.04286,0.57142854,0.55714285,0.54285717,7.542857,5.0857143,0.0003240928,0.0010302961,4.8819043e-06,2.4391338e-05,0.0,False
2014-12-29,29.45,16.7,1.1285714,3.6571429,-1.3571428,90.21429,0.35714287,0.34285715,0.37142855,8.228572,2.8428571,0.00012488663,0.0010380447,0.0018151203,2.908893e-05,0.0071414337,True
2015-01-05,29.47,6.0,3.1000001,4.8285713,1.1285714,86.814285,0.05,0.05,0.5,8.5,-0.1,0.0002681613,0.0010660812,0.0039069764,0.008779589,0.0021053925,True
2015-01-12,29.49,31.599998,4.557143,7.1,1.8285714,88.35714,0.7714286,0.7714286,0.59999996,9.171429,3.2714286,0.00051508844,0.001117833,0.00032544136,0.0013947096,0.00086448714,True
2015-01-19,29.59,7.5,4.328572,7.1142855,1.2,82.799995,0.67142856,0.6571428,0.61428577,9.542857,3.5714285,0.0002322644,0.0012446195,6.0796738e-06,5.125627e-05,6.005168e-06,True
2015-01-26,29.59,8.9,0.55714285,1.6428572,-0.5285714,92.542854,0.15714286,0.15714286,0.29999998,9.571428,0.35714287,0.00014365464,0.0014344901,0.0026646568,0.0017835759,0.006261125,True
2015-02-02,29.56,14.4,1.4142858,3.4714286,-0.58571434,91.057144,0.45714286,0.45714286,0.34285715,9.814285,1.0714285,0.00025388598,0.0016311482,0.0052033267,0.004550008,0.0076669306,True
2015-02-09,29.63,6.7999997,-0.19999994,2.6285717,-2.8714287,86.685715,0.34285715,0.34285715,0.44285718,9.8,0.24285714,0.00014691055,0.0018553883,0.0089251995,0.0064109787,0.00395225,True
2015-02-16,29.59,0.0,2.1285715,5.6857142,-0.71428573,84.4,0.4857143,0.44285712,0.5428571,9.585714,1.7714286,8.414686e-05,0.0020672157,0.0013010161,0.0036453642,2.046302e-05,True
2015-02-23,29.57,4.1,2.7285714,7.3428574,-1.0571429,79.48572,0.78571427,0.67142856,0.8142857,9.328571,2.2142856,8.337945e-05,0.0022588372,0.00023154418,0.0004879348,8.121133e-07,True
2015-03-02,29.59,5.3999996,3.6857142,8.714286,-0.54285717,76.92857,1.0428572,0.9428572,0.9857143,9.1,3.3428571,6.955862e-05,0.0023987293,2.078783e-05,5.408004e-05,0.0,True
2015-03-09,29.56,2.8,6.3285713,10.542857,2.3428574,74.12858,1.3285716,1.1571429,1.3285714,8.971429,5.614286,5.930662e-05,0.0024916604,9.877341e-07,2.855435e-06,0.0,True
2015-03-16,29.51,2.5,4.928571,8.228571,1.5,85.27143,0.7714286,0.6857143,0.8428572,8.671429,5.0857143,5.298853e-05,0.0025465786,4.3028876e-06,2.1148473e-05,2.1263957e-05,True
2015-03-23,29.49,3.1,5.8428574,11.8,0.4857143,57.8,1.8285713,1.4285715,2.1142857,8.228572,7.1571426,4.749e-05,0.0025605485,6.914139e-06,1.0786578e-05,2.8721988e-05,True
2015-03-30,29.518089020152704,14.6,7.8428574,12.157144,4.2,77.057144,1.4857142,1.3000001,1.4428571,7.9,8.171429,0.00023479015,0.002543144,3.059705e-06,1.7620623e-05,0.0,False
2015-04-06,29.54,5.6,4.571429,10.2,0.04285715,70.0,1.8142855,1.6571429,1.7857143,8.457143,5.6857142,0.0004644841,0.0025301576,0.0009334939,0.004988566,0.005237229,True
2015-04-13,29.51,2.2,10.3714285,16.157143,4.214286,64.700005,2.5714285,2.0285714,2.6857142,7.8285713,11.2,1.4483929e-05,0.0025319979,2.2025335e-05,0.00015184283,0.0,True
2015-04-20,29.49,0.1,10.185715,16.714285,3.5285716,60.3,2.9,2.0285714,3.1571429,6.8142858,12.057143,8.419156e-06,0.0024982318,-7.345365000000001e-25,7.450581e-09,0.0,True
2015-04-27,29.49,5.8,12.385715,19.071428,6.057143,66.557144,2.9714284,1.6,3.0857143,6.071429,13.8714285,0.0001308024,0.0024348274,-7.345365000000001e-25,0.0,0.0,True
2015-05-04,29.49,12.4,10.785714,17.014286,4.785714,67.15714,3.0,2.3999999,2.9714284,6.1714287,13.357142,0.00023163855,0.0023698807,-7.345365000000001e-25,0.0,0.0,True
2015-05-11,29.45,2.0,14.328572,20.414288,8.228572,64.84286,3.3999999,1.7428571,3.357143,5.642857,16.385714,6.305426e-05,0.0022850633,-7.345365000000001e-25,7.450581e-09,0.0,True
2015-05-18,29.45,6.3999996,12.5,18.742857,6.1857147,66.557144,3.2857144,1.557143,3.2857144,5.285714,15.271428,0.00011199713,0.0021918342,-7.345365000000001e-25,3.7252903e-09,0.0,True
2015-05-25,29.43,0.0,14.314286,20.328571,7.7571435,59.84286,3.2571428,0.6571428,3.7285714,4.9,17.514286,1.0415912e-05,0.0020932332,-7.345365000000001e-25,0.0,0.0,True
2015-06-01,29.42,6.0,13.371429,18.857143,7.2000003,64.942856,3.2142856,0.8285714,3.3142858,4.7285714,16.157143,7.840991e-05,0.001983881,-7.345365000000001e-25,0.0,0.0,True
2015-06-08,29.4,0.0,18.714285,25.5,11.414286,51.8,4.942857,0.7571429,5.4857144,4.614286,20.485714,6.183982e-06,0.0018701404,-7.345365000000001e-25,0.0,0.0,True
2015-06-15,29.41,26.3,17.857143,24.100002,11.742858,58.214287,4.071429,1.1999999,4.4857144,4.6,21.085714,5.2399933e-05,0.0017360821,-7.345365000000001e-25,3.7252903e-09,0.0,True
2015-06-22,29.40522067060022,25.1,13.985715,18.928572,10.157144,71.52857,2.9428573,1.4142857,3.0285716,4.571429,17.37143,0.00013689697,0.0016182289,-7.345365000000001e-25,3.7252903e-09,0.0,True
2015-06-29,29.428682803026483,16.1,16.800001,21.514286,12.657143,74.35714,3.1571426,2.1142857,3.142857,4.9714284,18.857143,0.00016896427,0.0015284792,-7.345365000000001e-25,1.4901161e-08,0.0,True
2015-07-06,29.39,14.0,24.2,31.12857,17.242857,54.24286,6.2714286,2.2285714,6.4,4.242857,26.342857,5.7071447e-06,0.0014149174,-7.345365000000001e-25,1.1175871e-08,0.0,True
2015-07-13,29.39,15.099999,17.671429,23.114286,13.042857,68.9,3.985714,2.3142858,3.9142857,4.1714287,20.571428,0.00019117445,0.001298964,-7.345365000000001e-25,1.4901161e-08,0.0,True
2015-07-20,29.42,27.1,20.014286,25.285715,15.514285,71.92857,3.8285713,2.2428572,4.071429,4.3,22.314285,0.00019027293,0.0012208372,-7.345365000000001e-25,1.4901161e-08,0.0,True
2015-07-27,29.39,13.5,20.0,25.4,14.6,66.65714,4.2285714,3.0571427,4.1285715,4.3428574,22.685715,0.00029242784,0.0011402741,-7.345365000000001e-25,1.8626451e-08,0.0,True
2015-08-03,29.38,0.5,18.171429,24.328571,12.085715,59.47143,3.9857144,1.7,4.4857144,3.8857143,19.885714,1.1116266e-05,0.0010710433,-7.345365000000001e-25,1.1175871e-08,0.0,True
2015-08-10,29.38,3.8999999,24.571428,32.7,17.671429,58.285713,5.142857,0.9,5.8285713,3.442857,25.657143,5.2005053e-06,0.0009927973,-7.345365000000001e-25,1.4901161e-08,0.0,True
2015-08-17,29.35,43.499996,24.028574,31.228573,19.428572,66.98572,4.1,1.042857,4.857143,3.5428572,25.642857,9.597838e-05,0.00091676414,-7.345365000000001e-25,1.8626451e-08,0.0,True
2015-08-24,29.41,11.9,19.2,25.214285,13.842857,65.6,3.3,1.7142857,3.6000001,4.885714,21.428572,0.00012999773,0.00086179376,-7.345365000000001e-25,9.313226e-09,0.0,True
2015-08-31,29.41,11.900001,20.085714,26.5,14.685715,70.64286,3.0285714,2.0428572,3.4857144,4.928571,21.414286,0.00016650558,0.00081054866,-7.345365000000001e-25,1.3038516e-08,0.0,True
2015-09-07,29.39,17.7,15.057143,20.314287,11.085715,77.28571,2.0714285,1.6714286,2.4142857,4.9857144,17.385714,0.0001540184,0.0007657036,-7.345365000000001e-25,1.4901161e-08,0.0,True
2015-09-14,29.42,6.2,15.028572,20.485716,10.385715,79.87144,1.7857144,1.3714286,2.0285714,4.9857144,16.457144,0.00011410564,0.0007324219,-7.345365000000001e-25,1.1175871e-08,0.0,True
2015-09-21,29.39,6.0,14.771429,20.457144,10.5,81.32857,1.6571428,1.3714286,1.8428571,4.928571,15.985714,9.8988414e-05,0.00070173293,-7.345365000000001e-25,1.1175871e-08,0.0,True
2015-09-28,29.37,0.2,12.485715,18.571428,7.6,78.84286,1.2857143,0.8428572,1.6285714,4.7,14.142858,1.1593103e-05,0.0006752759,-7.345365000000001e-25,3.7252903e-09,0.0,True
2015-10-05,29.34,0.0,11.857142,19.042858,6.0285716,73.72858,1.3000001,0.6999999,1.7285715,4.3714285,13.285714,3.874302e-07,0.0006498322,-7.345365000000001e-25,0.0,0.0,True
2015-10-12,29.39,22.6,8.2,12.157144,5.142857,75.15715,0.87142855,0.6428572,1.1428572,4.8428574,9.928572,0.00021229684,0.0006287247,-7.345365000000001e-25,7.450581e-09,0.0,True
2015-10-19,29.34,35.1,6.7285714,8.1285715,5.514286,94.35714,0.34285712,0.34285712,0.45714286,6.3714285,7.385714,0.0004906878,0.00061291456,-7.345365000000001e-25,0.0,0.0,True
2015-10-26,29.32,3.8,8.914286,12.542857,6.1714287,91.6,0.4857143,0.4571429,0.5,7.1571426,9.171429,4.0248036e-05,0.0006035492,-7.345365000000001e-25,3.7252903e-09,0.0,True
2015-11-02,29.26,0.0,7.542857,12.557143,3.6857145,88.72857,0.45714286,0.3857143,0.4714286,6.9857144,7.642857,1.206994e-06,0.000596039,-7.345365000000001e-25,3.7252903e-09,0.0,True
2015-11-09,29.23,2.6,10.071428,14.085715,6.042857,86.87144,0.67142856,0.59999996,0.7,6.9428573,9.085714,0.00012870878,0.0005900562,-7.345365000000001e-25,3.7252903e-09,0.0,True
2015-11-16,29.369623439059744,33.3,11.228572,13.385715,8.585714,84.42857,0.74285716,0.6714286,0.9714286,7.3428574,10.142858,0.00043130666,0.00058531016,-7.345365000000001e-25,1.3038516e-08,0.0,False
2015-11-23,29.38,10.3,6.8142858,9.014286,4.5285716,85.75715,0.7285715,0.7285715,0.7714286,8.671429,6.742857,0.0002644807,0.0005853325,0.000115962255,6.351806e-05,0.0010827743,True
2015-11-30,29.39,24.3,3.1714287,5.8142858,0.4142857,88.942856,0.45714283,0.44285712,0.47142857,8.9,2.5285714,0.00067541003,0.0005974546,0.0008228847,0.0028250143,0.0019402802,True
2015-12-07,29.43,4.2999997,7.9000006,10.114286,5.1571426,80.557144,0.5714286,0.5714286,0.7571429,9.442857,5.928571,8.919835e-05,0.0006264895,2.2575969e-05,0.00020404905,0.0,True
2015-12-14,29.37,9.3,4.4857144,7.4000006,1.5857143,90.38572,0.38571426,0.38571426,0.34285715,9.428572,4.0571427,0.00021351874,0.00067666173,-7.345365000000001e-25,4.4703484e-08,0.0,True
2015-12-21,29.36,7.6,8.7,10.471429,6.4857144,90.82857,0.4142857,0.4142857,0.44285718,9.6285715,6.785714,0.00021506846,0.00073530525,-7.345365000000001e-25,5.5879354e-09,0.0,True
2015-12-28,29.49,1.4000001,9.842857,12.485715,6.5285716,78.74286,0.64285713,0.61428577,0.9,9.542857,7.8142858,3.59267e-05,0.0008105263,-7.345365000000001e-25,1.4901161e-08,0.0,True
2016-01-04,29.45,1.5,-2.3285716,0.3428572,-4.728572,79.27143,0.3,0.3,0.45714286,9.4,2.2333333,3.4868717e-05,0.00088908523,2.866132e-05,2.2351742e-08,0.00013020635,True
2016-01-11,29.435277455957447,16.1,-2.0428572,0.21428569,-4.471429,88.02857,0.21428572,0.21428572,0.3,9.6285715,-1.3428571,0.00021898746,0.0009608716,0.0042537623,0.0038768016,0.0071936175,True
2016-01-18,29.43,8.6,-0.014285768,1.9428571,-1.5285714,93.01429,0.18571429,0.18571429,0.2,10.071428,-0.028571429,0.00024421513,0.0010400042,0.004483047,0.0017166268,0.0064760707,True
2016-01-25,29.54,7.5,-1.0714285,1.7857143,-4.928571,89.88572,0.071428575,0.071428575,0.27142859,10.057143,-1.0857143,0.00032883883,0.0011552945,0.008323601,0.012115294,0.0057612993,True
2016-02-01,29.55542290047737,9.900001,7.2000003,10.1285715,3.457143,78.14286,1.0142857,1.0,1.0714285,10.0,4.357143,0.0002566576,0.0012963116,0.00022042365,0.0021440126,0.0,True
2016-02-08,29.59,6.7,6.1285715,8.8,3.7000003,78.68572,0.9714286,0.9714286,1.0571429,9.985714,4.714286,0.00023983419,0.0014896318,0.00017063391,0.0007365756,0.0007305518,True
2016-02-15,29.62,5.2999997,3.7714288,6.785714,1.2142857,83.6,0.7714286,0.74285716,0.82857144,9.785714,3.6285715,0.00017502904,0.0017050505,2.1872067e-05,6.682798e-05,0.000107932836,True
2016-02-22,29.59494748566922,28.5,3.3428574,6.414286,0.25714284,84.77143,0.6857143,0.6714286,0.6571428,10.0,3.2,0.0017578453,0.001932241,0.0007214944,0.0019249916,0.0018685535,True
2016-02-29,29.61,3.1000001,2.0142858,6.042857,-1.0857142,79.557144,0.8142857,0.78571427,0.90000004,10.257143,2.7714286,2.605468e-05,0.0022652,0.00024243763,0.00035330467,0.0007971972,True
2016-03-07,29.64,10.700001,3.2857144,7.471429,-0.1142857,81.057144,0.8285714,0.78571427,0.9285714,9.914286,3.6714287,0.0001796186,0.0026454031,0.00022701423,0.0006368067,0.0002744496,True
2016-03-14,29.59,0.9,3.3142858,6.9714284,-0.15714288,77.07143,0.84285706,0.7428571,1.0285714,9.771428,3.6142857,9.447336e-06,0.0029011667,3.341266e-05,9.188242e-05,7.738173e-05,True
2016-03-21,29.59,2.8000002,5.085715,8.785714,1.6857144,77.799995,1.1142857,0.9714285,1.2285715,9.4,5.4857144,7.4878335e-05,0.003063254,1.453218e-05,7.035583e-05,2.308935e-05,True
2016-03-28,29.59,12.4,6.957143,11.414286,3.257143,79.90001,1.3999999,1.2428571,1.4428571,9.2,7.4714284,0.00011236966,0.0031442493,8.5149495e-08,1.0486692e-06,0.0,True
2016-04-04,29.58,3.5,9.728571,15.014285,4.357143,64.3,2.0428572,1.7857143,2.2285714,9.071428,9.757143,0.00012542307,0.0031576157,-7.345365000000001e-25,1.8626451e-09,0.0,True
2016-04-11,29.52,2.6,10.228571,15.185715,5.1285715,65.185715,2.042857,1.6285714,2.3999999,8.342857,11.814285,3.1113625e-05,0.003122829,-7.345365000000001e-25,1.8626451e-09,0.0,True
2016-04-18,29.52,16.300001,9.6,14.571428,4.957143,76.74286,1.8714286,1.6571426,1.8285714,8.271428,11.114285,0.00035575032,0.0030785352,-7.345365000000001e-25,0.0,0.0,True
2016-04-25,29.55,4.8,7.514286,12.900001,3.2714286,63.328575,2.457143,1.9571428,2.8285713,7.7285714,10.728572,4.723668e-05,0.0030180812,3.292447e-07,1.9986182e-06,3.85195e-06,True
2016-05-02,29.52,4.5,9.085714,15.071428,3.057143,63.414288,2.8714287,2.2285714,3.0,7.2285714,10.828571,0.00015452504,0.0029498413,1.063801e-05,6.825663e-05,6.689504e-05,True
2016-05-09,29.49,0.7,15.557143,22.728573,8.485715,54.57143,4.428571,2.2,4.6857142,6.2285714,16.828571,5.6773424e-06,0.0028449222,-7.345365000000001e-25,1.2293458e-07,0.0,True
2016-05-16,29.45,4.1000004,14.514287,20.914286,9.214286,57.68572,4.214286,1.1857141,4.4428573,5.4857144,17.014286,3.9115548e-05,0.0026929155,-7.345365000000001e-25,3.7252903e-09,0.0,True
2016-05-23,29.48106251628324,20.3,17.128572,22.657145,11.542857,58.700005,3.9428573,0.8857144,4.2428575,5.357143,18.328571,0.00014546514,0.0025531054,-7.345365000000001e-25,3.7252903e-09,0.0,True
2016-05-30,29.46,0.3,17.128572,21.77143,12.514287,78.35714,2.9142857,1.5857143,3.0857143,5.8428574,19.87143,0.00015993416,0.0024080575,-7.345365000000001e-25,1.1175871e-08,0.0,True
2016-06-06,29.44,19.4,20.614286,26.67143,15.5,69.64286,4.228572,2.9714284,4.5,6.0285716,23.5,0.0011902899,0.002269201,-7.345365000000001e-25,7.450581e-09,0.0,True
2016-06-13,29.41,1.5,17.757143,23.5,12.385715,59.557148,3.9857142,1.7142856,4.6142855,5.1714287,22.37143,4.4696033e-05,0.0021130294,-7.345365000000001e-25,7.450581e-09,0.0,True
2016-06-20,29.45,41.2,16.47143,21.300001,11.914286,79.185715,3.1571426,2.4714284,3.1285713,6.142857,19.985714,0.0006066114,0.0019990876,-7.345365000000001e-25,1.1175871e-08,0.0,True
2016-06-27,29.42,0.0,22.242859,28.514286,16.114286,64.42857,5.0,3.4285717,5.357143,5.714286,24.885714,6.866455e-05,0.0018842444,-7.345365000000001e-25,1.4901161e-08,0.0,True
2016-07-04,29.45,3.7000003,18.800001,24.5,12.742858,63.31429,4.114286,2.3142858,4.4,5.0571427,21.928572,0.00013928115,0.0017656609,-7.345365000000001e-25,1.1175871e-08,0.0,True
2016-07-11,29.409021748693224,3.0,19.97143,25.728573,14.871429,60.228573,4.785714,1.8714286,5.1857142,4.5571427,21.785715,6.441772e-05,0.0016599596,-7.345365000000001e-25,1.4901161e-08,0.0,True
2016-07-18,29.405,13.0,17.957144,22.057144,14.157144,72.4,3.1,1.4857142,3.1000001,4.571429,20.585714,0.000102341175,0.0015579984,-7.345365000000001e-25,1.1175871e-08,0.0,True
2016-07-25,29.39,0.1,22.728573,29.114286,16.457144,60.885715,4.5,1.1,4.914286,4.242857,25.028572,4.3958426e-06,0.001462318,-7.345365000000001e-25,7.450581e-09,0.0,True
2016-08-01,29.39,37.9,20.114286,25.571428,16.042858,73.24286,3.3000004,2.0,3.5857143,4.9142857,23.2,0.00015799701,0.0013590753,-7.345365000000001e-25,1.4901161e-08,0.0,True
2016-08-08,29.42,17.0,18.4,23.057144,14.328572,78.57143,2.857143,2.0714288,2.8857143,5.1285715,20.457144,0.000101447105,0.0012858137,-7.345365000000001e-25,1.1175871e-08,0.0,True
2016-08-15,29.39,0.7,16.47143,21.285715,12.314286,69.42857,2.7,1.6285714,3.3142858,4.8285713,19.285715,1.7210841e-05,0.0012084246,-7.345365000000001e-25,3.7252903e-09,0.0,True
2016-08-22,29.4,21.699999,17.328571,23.657145,11.728572,74.25714,2.7857144,1.4714285,3.1000001,4.4142857,20.385714,5.9127808e-05,0.0011361241,-7.345365000000001e-25,7.450581e-09,0.0,True
2016-08-29,29.380887796851017,1.2,22.27143,29.699999,15.800001,66.0,3.8857143,1.4,4.3142858,4.114286,23.385714,1.3649464e-05,0.00106287,-7.345365000000001e-25,1.4901161e-08,0.0,True
2016-09-05,29.38,4.7,18.642857,24.957144,13.3,68.8,2.7714288,0.77142864,3.3428571,3.9,20.757143,6.170571e-05,0.0009893999,-7.345365000000001e-25,9.313226e-09,0.0,True
2016-09-12,29.37,0.0,20.785715,28.17143,14.371429,67.58572,2.8428571,1.1142857,3.642857,3.857143,21.657143,2.9802322e-08,0.00092885643,-7.345365000000001e-25,1.8626451e-09,0.0,True
2016-09-19,29.34,5.2000003,19.214285,25.514286,14.285714,63.257145,2.6285713,0.7142858,3.3999999,3.8,20.342857,3.786385e-05,0.0008677617,-7.345365000000001e-25,1.1175871e-08,0.0,True
2016-09-26,29.33,0.0,15.071428,21.585714,9.514285,66.057144,1.7428572,0.65714294,2.3714287,3.942857,17.3,3.695488e-06,0.0008213371,-7.345365000000001e-25,1.8626451e-09,0.0,True
2016-10-03,29.34,12.4,15.1,20.042858,10.014285,75.3,1.4142857,0.62857145,1.9857142,3.857143,16.242857,0.00012877584,0.00077871233,-7.345365000000001e-25,7.450581e-09,0.0,True
2016-10-10,29.36,12.4,9.6,12.614286,6.7714286,86.442856,0.8714286,0.7428571,0.9857143,4.5285716,10.828571,5.5149198e-05,0.00074739754,-7.345365000000001e-25,0.0,0.0,True
2016-10-17,29.37,5.5,8.028571,9.814286,6.4,90.97143,0.5142857,0.42857146,0.6571428,4.9,8.885715,5.1677227e-05,0.0007219687,-7.345365000000001e-25,3.7252903e-09,0.0,True
2016-10-24,29.386177318940103,17.2,7.857143,10.285714,5.8428574,92.6,0.4571429,0.4,0.51428574,5.3142858,8.828571,0.0002540946,0.000699006,-7.345365000000001e-25,1.8626451e-09,0.0,True
2016-10-31,29.37,2.1,8.428572,10.842857,5.1285715,90.64286,0.37142858,0.34285715,0.5428571,5.857143,8.385715,5.044043e-05,0.0006795153,-7.345365000000001e-25,1.8626451e-09,0.0,True
2016-11-07,29.41,13.8,5.7714286,8.442858,3.257143,89.12858,0.4,0.4,0.45714286,6.1285715,6.114286,0.00014882535,0.00066263974,-7.345365000000001e-25,1.8626451e-09,0.0,True
2016-11-14,29.37,1.8,0.08571429,4.057143,-2.8,86.84286,0.25714287,0.21428572,0.3,6.4857144,1.4428571,1.7002225e-05,0.00064885616,0.000273205,0.00015598163,0.00048647076,True
2016-11-21,29.4,16.8,7.1857147,10.285714,4.2428575,88.200005,0.55714285,0.5285714,0.59999996,6.885714,5.4857144,0.00019235164,0.0006374791,7.1156595e-05,0.00040652603,7.465482e-05,True
2016-11-28,29.42,0.3,3.6428573,6.514286,0.8000001,89.94286,0.21428572,0.18571429,0.2857143,7.0,3.9142857,3.5911798e-06,0.00062818825,3.6898115e-07,9.760261e-07,1.6614795e-06,True
2016-12-05,29.43,6.4,0.34285715,3.5285716,-2.5857143,88.15715,0.3285714,0.2857143,0.2857143,7.2285714,0.75714284,5.3927302e-05,0.00062086433,3.939583e-06,1.5346333e-05,1.7087907e-05,True
2016-12-12,29.44,20.3,5.1,7.3571434,2.614286,87.314285,0.41428572,0.37142858,0.55714285,7.457143,3.2857144,0.00023892522,0.00061481446,1.1807397e-06,2.9690564e-06,0.0,True
2016-12-19,29.46,2.7,2.142857,3.8,-0.65714294,92.25715,0.12857144,0.12857144,0.24285714,8.1285715,1.4571428,6.118417e-05,0.0006103292,8.662541e-06,1.7249957e-05,3.0111521e-05,True
2016-12-26,29.49376470573857,9.8,3.2285714,5.571429,0.4285715,91.042854,0.40000004,0.3857143,0.42857143,8.328571,2.1285715,0.00015933067,0.0006079525,7.595335e-06,1.4202669e-05,4.8428774e-07,True
2017-01-02,29.5,24.0,2.5714285,4.6142855,0.29999998,88.6,0.32000002,0.32000002,0.40000004,8.68,2.52,5.5491924e-05,0.0006073192,0.00013932728,8.308515e-05,0.0015571155,True
2017-01-09,29.54,13.1,-1.9000002,0.29999998,-4.414286,86.5,0.24285714,0.24285714,0.34285715,9.157143,-0.14285715,0.00015831739,0.00061044097,0.004877011,0.0017692838,0.009072613,True
2017-01-16,29.54,12.3,-0.12857142,1.9857143,-2.457143,86.0,0.31428573,0.31428573,0.42857143,9.385715,-0.21428572,0.00016533583,0.00061933696,0.010788481,0.0045341793,0.011596687,True
2017-01-23,29.54,0.1,-2.0142858,0.18571432,-4.1857142,91.314285,0.057142857,0.057142857,0.21428572,9.5,-0.35714287,2.7939677e-05,0.00063452125,0.014351102,0.0014973916,0.00030807406,True
2017-01-30,29.51,6.2,-0.62857145,2.2714286,-3.0285716,85.814285,0.25714284,0.25714284,0.41428572,9.442857,-0.64285713,0.00014778972,0.0006539449,0.013119499,0.0027440041,0.0023438707,True
2017-02-06,29.49,1.1,0.15714286,1.6857144,-1.5142858,95.65714,0.15714286,0.15714286,0.25714287,9.685715,0.1,0.000250414,0.0006765872,0.008917996,0.008207599,0.000755094,True
2017-02-13,29.49,0.0,-2.5571427,-0.14285715,-4.457143,70.61429,0.114285715,0.08571429,0.8,9.6,-1.3142858,9.164214e-07,0.00071334094,0.005048848,3.6608428e-05,0.0010704957,True
2017-02-20,29.49,6.5,3.7428572,8.085714,-0.4714286,83.61428,0.64285713,0.61428577,0.71428573,9.514286,1.0,0.00023023784,0.0007589385,0.0022126834,0.0050097257,0.0,True
2017-02-27,29.55,22.699999,6.4857144,9.757143,3.2428572,78.27143,1.2714285,1.2571429,1.1,10.0,5.257143,0.0004429072,0.0008190498,9.96249e-06,0.0001152046,1.2889504e-06,True
2017-03-06,29.57,10.3,6.9857144,10.842857,3.3142858,73.35714,1.3857143,1.3000001,1.3571428,9.6,6.385714,0.00020860136,0.0009276122,-7.345365000000001e-25,1.3411045e-07,0.0,True
2017-03-13,29.52,7.2999997,4.7714286,8.785714,1.7142859,81.14286,0.9714286,0.95714283,1.0285714,9.785714,5.4,0.0002169609,0.0010452792,-7.345365000000001e-25,1.8626451e-09,0.0,True
2017-03-20,29.52,18.699999,7.6714287,12.114286,3.5142858,74.24286,1.4428571,1.3285714,1.5285714,9.6285715,7.242857,0.0008048713,0.0011637211,-7.345365000000001e-25,3.7252903e-09,0.0,True
2017-03-27,29.54,4.8,7.828572,13.028572,2.5714285,66.185715,1.7714285,1.6142856,1.8428571,9.7,8.928572,0.00014659017,0.0013054609,-7.345365000000001e-25,0.0,0.0,True
2017-04-03,29.52,4.2,13.028572,18.357143,7.4000006,69.72857,2.2,1.8142856,2.4285715,8.928572,13.142858,5.889684e-05,0.0014551431,-7.345365000000001e-25,3.7252903e-09,0.0,True
2017-04-10,29.5,1.0,10.485715,15.571428,6.428571,71.17143,1.8999999,1.4857142,2.2428572,8.342857,11.514286,1.6227365e-05,0.0015527606,-7.345365000000001e-25,0.0,0.0,True
2017-04-17,29.52,19.7,7.657143,12.114286,4.3142858,76.700005,1.8999999,1.7428572,1.8428571,8.057143,9.3714285,0.00025122613,0.001603879,-7.345365000000001e-25,3.7252903e-09,0.0,True
2017-04-24,29.49,3.7,6.2571435,11.414286,1.4571428,67.72857,2.1571429,1.8142856,2.2571428,7.7,8.1285715,7.826835e-05,0.0016285628,4.0985287e-06,1.616776e-05,1.7063692e-05,True
2017-05-01,29.44,0.70000005,8.057143,13.885715,1.7285715,62.8,2.4142857,1.7428571,2.6857142,7.0857143,10.6,3.6031008e-05,0.0016264245,-7.345365000000001e-25,5.9604645e-08,0.0,True
2017-05-08,29.41,12.3,10.528572,14.5,7.6857147,81.15715,1.6571429,1.3142856,1.6857144,6.8142858,12.057143,0.00011834502,0.0016096905,-7.345365000000001e-25,0.0,0.0,True
2017-05-15,29.42,1.5,12.828572,19.114286,7.4000006,72.185715,2.9428573,2.0285716,3.1142857,6.385714,15.385715,0.00012664497,0.001584895,-7.345365000000001e-25,3.7252903e-09,0.0,True
2017-05-22,29.41,0.2,18.657145,24.714285,11.771429,57.585716,4.3,1.8142856,4.714286,5.9142857,21.071428,8.746982e-06,0.001536563,-7.345365000000001e-25,3.7252903e-09,0.0,True
2017-05-29,29.43120371263941,2.5,18.685715,25.5,11.771429,62.085716,4.571429,1.3285714,4.714286,5.4428573,20.942858,3.771484e-05,0.0014708266,-7.345365000000001e-25,3.7252903e-09,0.0,True
2017-06-05,29.42,20.6,17.828571,24.057142,12.242858,65.457146,3.857143,2.042857,4.157143,5.614286,21.085714,0.0002156794,0.0013943613,-7.345365000000001e-25,0.0,0.0,True
2017-06-12,29.41,5.8,18.385715,24.457142,13.242857,64.828575,4.6285715,2.6571429,4.642857,5.428571,21.157143,0.000100046396,0.0013263524,-7.345365000000001e-25,1.1175871e-08,0.0,True
2017-06-19,29.38,9.4,19.014286,24.714285,12.514285,64.38572,4.3285713,1.5571429,4.571429,4.9142857,21.742857,0.00010304153,0.0012511387,-7.345365000000001e-25,1.1175871e-08,0.0,True
2017-06-26,29.42,41.8,19.171429,24.52857,14.757143,70.057144,4.285714,2.1857142,3.9285715,5.214286,22.471428,0.00010383129,0.0011743158,-7.345365000000001e-25,1.4901161e-08,0.0,True
2017-07-03,29.59,86.6,17.114286,21.628572,12.842857,80.90001,3.142857,2.4857142,2.7857144,7.214286,19.857143,0.01038713,0.0012383088,-7.345365000000001e-25,1.4901161e-08,0.0,True
2017-07-10,29.55428977181929,9.9,18.600002,23.928572,14.5,72.42857,3.7000003,2.6714287,3.6000001,7.2714286,22.571428,0.0017793477,0.0010817796,-7.345365000000001e-25,7.450581e-09,0.0,True
2017-07-17,29.48,17.300001,17.128572,22.114286,12.728571,74.01428,3.1571429,2.7857144,3.4142857,7.6714287,20.557142,0.0017563924,0.0010494143,-7.345365000000001e-25,1.1175871e-08,0.0,True
2017-07-24,29.49,65.3,20.5,26.428572,15.6,73.75715,3.9428573,3.3142855,4.0857143,7.1714287,23.942858,0.00036023557,0.0010137856,-7.345365000000001e-25,1.1175871e-08,0.0,True
2017-07-31,29.74,41.300003,19.457142,23.9,15.442858,77.18572,3.4714284,3.0142856,3.3142858,8.757143,21.328571,0.0022151917,0.0010005981,-7.345365000000001e-25,1.4901161e-08,0.0,True
2017-08-07,29.7,18.6,20.128572,25.514286,15.685715,70.85714,3.7428572,3.0142856,3.8285713,7.457143,23.4,9.185076e-05,0.0010080561,-7.345365000000001e-25,7.450581e-09,0.0,True
2017-08-14,29.61,18.1,18.671429,23.442858,14.228572,73.78571,3.1142857,2.457143,3.142857,7.4,21.214285,0.00018928945,0.0010021403,-7.345365000000001e-25,1.1175871e-08,0.0,True
2017-08-21,29.6,31.4,18.485716,23.614286,13.942857,77.957146,2.857143,2.5142858,2.8999999,7.6857142,21.242857,0.0011600107,0.0009884089,-7.345365000000001e-25,1.6763806e-08,0.0,True
2017-08-28,29.56,0.2,17.0,22.014286,11.842857,75.71429,2.4714284,1.8857143,2.8,7.214286,20.2,3.798306e-05,0.00097331405,-7.345365000000001e-25,1.1175871e-08,0.0,True
2017-09-04,29.52,2.4,17.028572,23.328571,11.714286,74.47143,2.542857,1.8285714,2.857143,6.5142856,19.714285,9.445101e-05,0.0009539947,-7.345365000000001e-25,1.1175871e-08,0.0,True
2017-09-11,29.49,14.5,15.085715,19.47143,11.7,78.8,1.8714286,1.457143,1.9571428,6.3714285,16.62857,8.793175e-05,0.00093660504,-7.345365000000001e-25,1.1175871e-08,0.0,True
2017-09-18,29.47,9.4,12.528571,17.77143,8.142858,80.37144,1.6714286,1.3285714,1.7857143,6.1285715,14.342857,8.802116e-05,0.00092221797,-7.345365000000001e-25,7.450581e-09,0.0,True
2017-09-25,29.46,10.8,12.900001,17.07143,9.357142,86.52857,1.0857143,0.7999999,1.2714287,6.071429,14.785714,0.00031132996,0.00090655684,-7.345365000000001e-25,1.8626451e-09,0.0,True
2017-10-02,29.45,12.5,14.2,18.414288,10.8714285,85.25715,1.2285715,0.95714283,1.3571428,6.1857142,15.314285,0.00017558038,0.0008952692,-7.345365000000001e-25,5.5879354e-09,0.0,True
2017-10-09,29.52,33.9,10.485715,13.914286,7.914286,86.01429,1.1,1.0714285,0.9714286,7.4714284,11.114285,0.0005698353,0.0008895695,-7.345365000000001e-25,7.450581e-09,0.0,True
2017-10-16,29.55,1.1,14.071428,17.785715,10.457144,85.25715,1.0428572,0.9285715,1.0857142,7.9428573,13.528571,4.4181943e-05,0.00090330094,-7.345365000000001e-25,1.3038516e-08,0.0,True
2017-10-23,29.53,5.7,12.1,15.5,9.3,90.07143,0.7571429,0.6857143,0.71428573,7.714286,12.9,0.00016833842,0.0009253919,-7.345365000000001e-25,5.5879354e-09,0.0,True
2017-10-30,29.56650008179998,17.6,10.185715,12.985715,7.6714287,85.34286,0.9857144,0.9571429,0.8142857,8.185715,10.214286,0.00025887787,0.000950858,-7.345365000000001e-25,9.313226e-09,0.0,False
2017-11-06,29.62,21.1,8.257143,10.842857,5.414286,90.71429,0.50000006,0.4714286,0.41428572,8.828571,8.257143,0.0006672889,0.000993833,-7.345365000000001e-25,3.7252903e-09,0.0,True
2017-11-13,29.63,5.7999997,5.5285716,7.7571425,3.2,90.67143,0.37142855,0.34285712,0.37142855,8.971429,5.642857,0.00013203919,0.0010772273,1.1410032e-06,6.2324107e-06,1.4502555e-05,True
2017-11-20,29.65,6.7000003,5.2571425,7.6857147,2.2285714,90.40001,0.4,0.4,0.37142858,8.985714,4.7285714,7.338822e-05,0.0011808351,1.6235169e-06,8.711591e-06,0.0,True
2017-11-27,29.65,28.0,6.0,8.642858,3.0857143,88.48572,0.4142857,0.4142857,0.4714286,9.571428,5.1571426,0.00050498545,0.0012884736,-7.345365000000001e-25,5.401671e-08,0.0,True
2017-12-04,29.67,3.1,2.2714286,4.585715,0.057142906,89.82857,0.24285714,0.24285714,0.17142858,9.685715,1.9571428,5.1632524e-05,0.0014538988,0.00025180407,0.00078098476,0.0016900003,True
2017-12-11,29.69,14.8,3.8142858,5.3142858,1.4857143,84.185715,0.55714285,0.55714285,0.51428574,9.642858,2.8714285,0.0002901554,0.0016489401,0.0012698742,0.003471896,0.0056042895,True
2017-12-18,29.68,10.2,1.9285715,3.8,0.22857141,90.08572,0.40000004,0.40000004,0.27142859,9.914286,1.3857143,0.00024136901,0.0018615201,0.0013211739,0.0028112102,0.00083726645,True
2017-12-25,29.673758145010325,3.0,5.928571,7.2714286,3.614286,88.828575,0.31428573,0.29999998,0.5142857,9.857142,4.071429,7.472187e-05,0.0021311194,0.00042594614,0.0013108533,9.8314136e-05,True
2018-01-01,29.67,7.3999996,4.3857145,7.657143,1.0857142,81.700005,0.48333335,0.4666667,0.61428577,9.75,2.6666667,0.00015018135,0.0023753494,3.4513928e-06,2.0643696e-05,1.912564e-05,True
2018-01-08,29.68,17.1,3.7,6.357143,1.4142857,83.75715,0.61428577,0.61428577,0.45714286,10.328571,3.557143,0.0011950508,0.0026225224,6.2442965e-08,4.5634806e-07,0.0,True
2018-01-15,29.71,5.1,0.8000001,2.7857144,-1.0857143,82.58571,0.2857143,0.2857143,0.45714286,10.042857,0.45714286,0.00011879951,0.002999276,5.5557204e-05,2.0492822e-05,0.00017024204,True
2018-01-22,29.72,11.8,1.3428572,3.1571429,-0.27142859,91.48572,0.4142857,0.4142857,0.27142859,10.157143,0.5285714,0.0003398955,0.0033548474,0.002959467,0.0024870448,0.0076835006,True
2018-01-29,29.75,12.5,7.0,8.8714285,4.585715,89.21429,0.5857143,0.5857143,0.54285717,10.057143,5.3142858,0.000504151,0.0037933514,0.0010574942,0.0055307206,3.554672e-05,True
2018-02-05,29.74,4.9,2.142857,5.2000003,-0.9428572,80.85714,0.5285714,0.5285714,0.5285714,10.042857,2.4285715,0.000279814,0.0044312626,0.00042954512,0.000117274,0.0015622638,True
2018-02-12,29.72,1.0,-1.1428572,2.7857144,-4.2285714,78.299995,0.34285715,0.32857147,0.4714286,9.957143,-0.24285714,2.6747584e-05,0.0051443353,0.0015062889,0.0005421452,0.0012178309,True
2018-02-19,29.64,0.3,1.1,4.857143,-1.8285714,78.74286,0.61428565,0.54285717,0.5857143,9.7,0.74285716,3.1277537e-05,0.0055673346,0.0013776394,0.0013780147,0.0003138408,True
2018-02-26,29.6,0.0,-2.3714287,1.9,-5.8714285,66.62858,0.3285714,0.2857143,0.7571429,9.428572,-0.1,2.8014183e-06,0.005692847,0.0007760638,0.00013294071,0.00045464933,True
2018-03-05,29.58,0.3,-5.571429,-0.0285714,-10.285714,60.914288,0.2857143,0.24285714,0.94285715,9.385715,-2.9285715,5.4836273e-06,0.0056926385,0.0009289242,0.00027592853,0.0001455769,True
2018-03-12,29.6,25.6,5.071429,8.8714285,1.0428572,86.67143,0.9428572,0.9285714,0.78571427,9.742857,2.8428571,0.00060352683,0.0056435987,0.0026446297,0.008733608,0.008065466,True
2018-03-19,29.63,3.4,1.1571429,4.457143,-1.4714286,66.21429,0.6285714,0.6285714,1.2428571,10.042857,2.5428572,8.9004636e-05,0.005641848,0.0009627342,0.00010926649,0.002334386,True
2018-03-26,29.63,9.5,2.6714287,6.557143,-1.1857144,78.27143,1.0285714,0.9428572,1.0142857,9.842857,3.442857,0.00016614795,0.005740583,0.0027883677,0.005778456,0.004870493,True
2018-04-02,29.595441088231432,13.6,3.5285716,7.142857,0.21428572,80.17143,1.1857144,1.1285714,1.1142857,9.857142,4.8142858,0.00046237558,0.005762562,0.0005066338,0.0018743817,0.0015369579,True
2018-04-09,29.63,4.7,12.142858,19.128572,5.085715,61.4,3.0571425,2.6714284,3.0714285,9.4,11.928572,0.00013232231,0.005879879,2.7894974e-05,0.00032492168,0.0,True
2018-04-16,29.63,22.4,14.828572,20.84286,10.028572,75.54286,2.6714284,2.2428572,2.6571429,8.6,14.928572,0.00018547475,0.0058557913,-7.345365000000001e-25,1.4901161e-08,0.0,True
2018-04-23,29.61,0.6,17.071428,23.914288,9.8714285,62.585716,3.628571,2.8285713,3.8428571,8.071428,18.642857,3.056228e-05,0.0057018846,-7.345365000000001e-25,7.450581e-09,0.0,True
2018-04-30,29.58,5.0,13.414286,19.614286,7.642857,68.78571,3.2571428,2.457143,3.1000001,7.1285715,15.857142,0.00012606382,0.0054789037,-7.345365000000001e-25,3.7252903e-09,0.0,True
2018-05-07,29.54,0.0,13.6285715,19.97143,6.071429,57.54286,3.8285713,1.8142859,3.9857142,6.285714,16.485714,3.5315752e-06,0.0051863715,-7.345365000000001e-25,0.0,0.0,True
2018-05-14,29.51,0.8,18.528574,25.27143,12.2,62.014286,4.7428575,1.2428572,4.6571426,5.757143,20.314285,3.1784177e-05,0.0048136115,-7.345365000000001e-25,3.7252903e-09,0.0,True
2018-05-21,29.49,14.4,15.657144,21.914288,10.014287,63.642857,3.6714284,1.1714287,3.9285715,5.6571426,18.6,5.529821e-05,0.0044273436,-7.345365000000001e-25,1.1175871e-08,0.0,True
2018-05-28,29.45,0.5,20.714285,27.814287,13.271429,53.642857,5.557143,0.87142855,5.7000003,5.242857,22.77143,1.0430813e-06,0.003997259,-7.345365000000001e-25,7.450581e-09,0.0,True
2018-06-04,29.45,16.8,22.828571,29.285715,17.414286,64.314285,4.8142858,1.4571428,5.042857,5.385714,25.028572,0.0001333803,0.0035604462,-7.345365000000001e-25,7.450581e-09,0.0,True
2018-06-11,29.42,5.8,21.2,28.071428,14.757143,54.085716,5.285714,1.742857,5.7714286,5.2,24.485714,0.00010985136,0.0031952783,-7.345365000000001e-25,3.7252903e-09,0.0,True
2018-06-18,29.41,0.0,18.728573,23.428572,14.028572,59.885715,4.0,1.0000001,4.3,4.9,22.77143,7.390976e-06,0.0028655976,-7.345365000000001e-25,7.450581e-09,0.0,True
2018-06-25,29.4,9.2,16.557142,22.385715,12.385715,73.75714,3.4714284,1.2,3.2714286,4.6714287,19.77143,3.4220517e-05,0.0025970116,-7.345365000000001e-25,7.450581e-09,0.0,True
2018-07-02,29.39,0.0,18.985716,25.957142,11.6285715,55.92857,5.2571425,0.7285714,5.142857,4.428571,22.085714,2.7269125e-06,0.0023553,-7.345365000000001e-25,7.450581e-09,0.0,True
2018-07-09,29.348819971419367,0.0,20.885714,27.728573,13.728572,53.37143,5.471429,0.62857145,5.642857,4.142857,23.828571,7.227063e-06,0.002095431,-7.345365000000001e-25,1.1175871e-08,0.0,True
2018-07-16,29.42605304188039,38.3,19.028574,24.614286,13.642858,69.328575,3.8714287,2.3285713,4.0571427,5.3,22.257143,0.00016318262,0.0018914491,-7.345365000000001e-25,7.450581e-09,0.0,True
2018-07-23,29.39,0.0,22.042858,28.300001,15.828572,58.25714,4.9714284,1.9714286,5.1,4.714286,25.014286,2.7269125e-06,0.0016990378,-7.345365000000001e-25,1.1175871e-08,0.0,True
2018-07-30,29.36,5.8,25.5,32.528572,18.414288,58.3,5.5999994,1.7,5.914286,4.285714,27.414286,2.1755695e-06,0.0015112236,-7.345365000000001e-25,1.4901161e-08,0.0,True
2018-08-06,29.34,7.7,25.17143,31.685715,19.028574,54.61429,5.357143,1.3571428,5.6142855,4.257143,27.471428,1.0311604e-05,0.0013435557,-7.345365000000001e-25,1.1175871e-08,0.0,True
2018-08-13,29.34,3.6,23.228573,30.87143,16.27143,50.8,5.3285713,1.3428571,5.714286,4.0571427,25.085714,1.3023615e-05,0.0012002513,-7.345365000000001e-25,3.7252903e-09,0.0,True
2018-08-20,29.32,1.6,21.528574,27.614286,15.871429,62.214287,3.8714283,0.71428573,4.1857142,3.8,24.242857,1.8760562e-05,0.001085043,-7.345365000000001e-25,2.0489097e-08,0.0,True
2018-08-27,29.32,0.5,19.014286,25.357143,13.114286,58.2,3.357143,0.62857145,4.042857,3.6571429,21.857143,1.1742115e-05,0.0009858757,-7.345365000000001e-25,7.450581e-09,0.0,True
2018-09-03,29.32,2.9999998,18.314285,24.157145,13.0,67.557144,2.6285713,0.5857143,3.2285714,3.642857,19.842857,3.1664968e-05,0.00091189146,-7.345365000000001e-25,1.3038516e-08,0.0,True
2018-09-10,29.33304092850145,0.90000004,18.914288,25.485716,13.442857,62.457146,2.7428572,0.5714286,3.3142858,3.5428572,20.7,7.867813e-06,0.00084477663,-7.345365000000001e-25,7.450581e-09,0.0,True
2018-09-17,29.32064423892091,0.9,17.585714,23.457144,12.571428,64.457146,2.4142857,0.35714287,3.0,3.4285715,19.314285,2.4706125e-05,0.00078576803,-7.345365000000001e-25,7.450581e-09,0.0,True
2018-09-24,29.32473257714504,17.2,16.728573,23.47143,11.214286,65.52857,2.5142856,0.64285713,3.1714287,3.6714287,17.62857,0.00013637543,0.00073277205,-7.345365000000001e-25,7.450581e-09,0.0,True
2018-10-01,29.35,0.7,11.157144,17.328571,5.7000003,66.01429,1.5571429,1.0142857,2.2571428,4.1285715,12.485714,4.1350722e-06,0.00069093704,-7.345365000000001e-25,3.7252903e-09,0.0,True
2018-10-08,29.34,0.9,11.471429,16.642857,6.5285716,75.48572,1.2285715,0.8,1.6857144,3.8714285,12.157143,1.347065e-05,0.0006564036,-7.345365000000001e-25,1.8626451e-09,0.0,True
2018-10-15,29.35,0.0,15.814286,23.557144,9.314286,66.17143,1.7571428,0.6857143,2.3142858,3.5285714,14.671429,1.4901161e-08,0.0006233156,-7.345365000000001e-25,5.5879354e-09,0.0,True
2018-10-22,29.33,2.4,10.471429,15.785714,5.4000006,77.11428,0.78571427,0.20000002,1.0428572,3.3857143,11.685715,8.955598e-06,0.0005922839,-7.345365000000001e-25,1.8626451e-09,0.0,True
2018-10-29,29.36,7.9,8.057143,10.528572,5.0142856,79.57143,0.8142857,0.5714286,1.0857142,3.5714285,8.142858,3.696233e-05,0.0005688891,-7.345365000000001e-25,9.313226e-09,0.0,True
2018-11-05,29.37,0.1,9.171428,13.528572,5.3142858,81.057144,0.7285714,0.41428572,0.9285714,3.4857142,8.714286,1.1250377e-06,0.0005472228,-7.345365000000001e-25,5.5879354e-09,0.0,True
2018-11-12,29.37,2.8,9.685715,13.857142,6.357143,88.75715,0.5428571,0.2857143,0.55714285,3.4,9.257143,2.43783e-05,0.0005274415,-7.345365000000001e-25,7.450581e-09,0.0,True
2018-11-19,29.37,9.799999,4.957143,8.557143,1.8571428,87.78571,0.37142858,0.27142859,0.42857143,3.7142856,5.071429,4.9456954e-05,0.00051009655,-7.345365000000001e-25,0.0,0.0,True
2018-11-26,29.37,0.6,2.1857142,3.642857,0.7428571,86.44286,0.21428573,0.15714286,0.54285717,3.7,1.8714286,2.0243227e-05,0.00049415976,0.00017572584,0.0002131071,0.00029738992,True
2018-12-03,29.38,5.6000004,3.357143,6.014286,0.95714283,81.08572,0.37142855,0.31428576,0.4857143,3.7857144,2.2,9.792298e-05,0.00047957897,8.921964e-05,0.0001324229,6.882846e-05,True
2018-12-10,29.4,9.8,6.042857,9.028571,3.6285717,82.700005,0.6999999,0.6857143,0.7,4.242857,5.0142856,0.00019733608,0.00046605617,8.855547e-07,4.226342e-06,1.0430813e-07,True
2018-12-17,29.4,1.2,1.2428571,2.4428573,-0.14285718,85.85714,0.17142859,0.14285716,0.44285718,4.7714286,1.2142857,4.7929585e-05,0.0004541278,0.00017944972,4.8337504e-05,0.0005569607,True
2018-12-24,29.41,17.0,4.2428575,7.085715,2.0,90.22858,0.41428572,0.3857143,0.41428572,5.242857,2.9714286,0.00025758892,0.00044410676,0.00014762084,0.000514986,2.4341047e-05,True
2018-12-31,29.43047217730153,6.2,5.542857,6.7428575,3.5571427,92.27143,0.37142858,0.35714287,0.45714286,5.9857144,4.5285716,8.934736e-05,0.00043607503,4.251798e-06,2.6369467e-05,0.0,True
2019-01-07,29.44,12.2,2.9857144,5.3428574,0.21428573,85.57143,0.5,0.4714286,0.51428574,6.1857142,2.3285713,8.0794096e-05,0.0004298836,8.356571e-05,0.00025116466,0.00027358532,True
2019-01-14,29.49,19.3,3.457143,5.3857145,1.9,86.38572,0.62857145,0.59999996,0.5857143,7.3142858,2.5285714,0.0005771518,0.0004253462,0.0013411556,0.004800206,0.0049296506,True
2019-01-21,29.52,6.2999997,1.2428572,3.8142858,-1.3857144,84.5,0.4285714,0.4142857,0.41428572,7.7714286,1.5857143,9.074807e-05,0.0004228279,0.00047797817,0.00067650527,0.0010319911,True
2019-01-28,29.5,10.5,-1.2571429,0.9571429,-3.2714288,85.957146,0.21428572,0.2,0.31428573,7.9714284,-1.2857143,0.00020357966,0.00042261183,0.0011195114,0.0019803345,0.0023518428,True
2019-02-04,29.47,2.4,0.3857143,2.8428574,-1.7571429,87.457146,0.38571426,0.37142855,0.3857143,8.214286,0.042857144,3.746897e-05,0.00042477995,0.0029655185,0.0016073305,0.0046430565,True
2019-02-11,29.49,14.599999,4.6,7.514286,1.6714287,76.37144,0.9714286,0.9285714,0.9714286,8.228572,2.2857144,0.00029428303,0.0004297197,0.0018019619,0.004368352,0.00096291676,True
2019-02-18,29.51,0.4,6.357143,12.328572,1.1142857,70.24286,1.0285714,0.9,1.2571429,8.242857,4.857143,1.4901161e-05,0.00043813884,0.00011591116,0.0004179068,0.0,True
2019-02-25,29.47,4.7,5.157143,10.242857,0.6714287,65.65714,1.1142857,0.9714286,1.3714286,7.9428573,4.857143,4.865229e-05,0.0004504472,1.6235169e-06,1.0026619e-05,1.4528632e-07,True
2019-03-04,29.49,4.2,6.857143,11.514287,2.6285717,74.51429,1.3000001,1.0857143,1.3428571,7.542857,6.2285714,7.312e-05,0.00046239793,-7.345365000000001e-25,1.7136335e-07,0.0,True
2019-03-11,29.54,25.8,6.428571,11.085714,2.8714287,75.78571,1.6428573,1.5428572,1.5285714,7.5142856,6.1,0.0004157722,0.00047340244,0.00017688388,0.0006198548,0.0014014915,True
2019-03-18,29.57,19.0,6.371429,10.057143,3.642857,76.542854,1.5571429,1.5142858,1.4857142,8.242857,6.042857,0.00032126904,0.00048710406,0.00015506858,0.0007408168,0.0,True
2019-03-25,29.57,2.3,7.285714,12.3714285,2.957143,77.5,1.4285715,1.2285715,1.4714286,8.085714,8.357142,7.288158e-05,0.0005123541,6.4713613e-06,5.875714e-05,9.752065e-05,True
2019-04-01,29.57,6.3999996,7.957143,12.400001,3.2714286,75.6,1.5857143,1.3428571,1.6285714,7.7714286,8.7,3.6016107e-05,0.0005405769,6.6700436e-06,4.0499493e-05,0.0,True
2019-04-08,29.5,0.0,12.328572,19.457144,5.6714287,57.68572,2.857143,2.0857143,3.2428572,6.9,13.028571,2.399087e-06,0.00056097656,-7.345365000000001e-25,2.4214387e-08,0.0,True
2019-04-15,29.47,2.1999998,5.5285716,10.1,1.7857143,62.61429,1.8142856,1.2714285,2.1714284,6.142857,8.442857,4.516542e-05,0.0005716458,6.3975654e-06,2.5797635e-05,2.9616058e-05,True
2019-04-22,29.44910621011432,0.0,13.057143,20.857143,4.8857145,45.271427,4.071429,1.6857141,4.4714284,5.428571,13.414286,9.685755e-08,0.0005730912,4.314241e-07,3.2521784e-06,0.0,False
2019-04-29,29.44,9.0,14.6285715,21.042858,9.685715,62.97143,3.542857,1.4142858,3.7,5.0571427,15.8714285,0.00013931096,0.0005618185,-7.345365000000001e-25,3.7252903e-09,0.0,True
2019-05-06,29.44,1.3,9.257143,14.742858,3.914286,61.885715,2.6999996,1.1142858,2.9285715,4.9,12.185715,3.8847327e-05,0.0005507916,-7.345365000000001e-25,3.7252903e-09,0.0,True
2019-05-13,29.44,3.7,11.400001,17.157145,6.014286,62.74286,3.0285716,1.2142857,3.2714286,4.785714,13.614285,9.086728e-05,0.0005386993,-7.345365000000001e-25,0.0,0.0,True
2019-05-20,29.44,19.3,13.785714,19.857143,7.4000006,69.17143,3.0,1.6571429,3.2285714,4.9142857,15.4,0.00013516843,0.00052478164,-7.345365000000001e-25,3.7252903e-09,0.0,True
2019-05-27,29.47927804228109,2.4,15.757143,20.742857,10.428572,68.0,3.5571427,1.857143,3.4285715,4.742857,18.72857,1.31726265e-05,0.00050884485,-7.345365000000001e-25,1.4901161e-08,0.0,True
2019-06-03,29.47047295169505,3.5,19.2,26.071428,12.042857,57.657143,4.7285714,1.3142859,5.2714286,4.242857,21.442858,1.8924475e-06,0.0004889816,-7.345365000000001e-25,3.7252903e-09,0.0,True
2019-06-10,29.456984386446464,3.9,21.685715,28.985716,14.728572,56.97143,5.157143,1.7428572,5.6285715,4.0857143,24.12857,0.0001322329,0.0004611686,-7.345365000000001e-25,1.1175871e-08,0.0,True
2019-06-17,29.51,83.1,21.728573,28.557144,15.557143,65.88572,4.957143,3.4285715,5.0285716,4.9714284,25.1,5.8308244e-05,0.00043629855,-7.345365000000001e-25,7.450581e-09,0.0,True
2019-06-24,29.48,5.4,22.328571,28.542858,15.657144,56.471428,5.857143,2.614286,5.8857145,4.2,25.442858,5.0842762e-05,0.00041104108,-7.345365000000001e-25,7.450581e-09,0.0,True
2019-07-01,29.43,0.0,24.042858,31.457144,15.971429,49.100002,6.9714284,1.1571429,7.057143,3.5714285,26.742857,7.4505806e-07,0.00038293004,-7.345365000000001e-25,7.450581e-09,0.0,True
2019-07-08,29.39,8.5,16.642857,21.642857,12.071428,59.614285,4.1571426,0.6571428,4.1857142,3.3428571,20.657143,3.7789345e-05,0.0003580898,-7.345365000000001e-25,1.1175871e-08,0.0,True
2019-07-15,29.38,18.7,16.97143,22.057144,12.6,72.17143,3.2142856,1.0571429,3.2714286,3.5714285,20.042856,9.9122524e-05,0.00034048408,-7.345365000000001e-25,1.1175871e-08,0.0,True
2019-07-22,29.38,20.1,19.9,25.442858,14.057143,66.48572,4.071429,2.0142858,4.0571427,3.7,22.314285,7.95722e-06,0.00032452494,-7.345365000000001e-25,1.4901161e-08,0.0,True
2019-07-29,29.39,2.3,25.057144,31.928572,18.357143,56.68572,5.771428,1.4,6.0285716,3.2857144,26.757143,3.953278e-05,0.0003036484,-7.345365000000001e-25,1.4901161e-08,0.0,True
2019-08-05,29.4,17.2,19.785715,24.97143,15.257143,75.94286,3.1142857,1.5714285,3.2142856,3.8,23.171429,0.00020419061,0.0002862364,-7.345365000000001e-25,1.1175871e-08,0.0,True
2019-08-12,29.38,0.8,21.728573,27.17143,16.185715,60.585716,4.157143,2.0000002,4.5142856,3.5857143,23.385714,0.00015598536,0.00027290732,-7.345365000000001e-25,1.1175871e-08,0.0,True
2019-08-19,29.36,10.2,18.542858,24.542858,13.714286,65.22857,3.242857,1.1428572,3.7857144,3.1857142,20.77143,7.876754e-05,0.0002604425,-7.345365000000001e-25,7.450581e-09,0.0,True
2019-08-26,29.31,0.3,21.285715,28.47143,14.428572,57.085716,3.9857144,0.9428571,4.571429,2.9857142,22.62857,5.0365925e-06,0.00024858117,-7.345365000000001e-25,9.313226e-09,0.0,True
2019-09-02,29.36,0.5,23.228573,30.47143,17.328571,62.157143,3.7571428,0.7428571,4.3714285,2.8857143,24.671429,1.2762845e-05,0.00023511797,-7.345365000000001e-25,1.1175871e-08,0.0,True
2019-09-09,29.34,27.5,15.814286,21.357143,10.914286,68.54286,2.3285713,0.50000006,2.7857144,2.8857143,18.671429,0.00012402236,0.00022407621,-7.345365000000001e-25,5.5879354e-09,0.0,True
2019-09-16,29.37,1.2,15.271429,20.742859,10.514285,71.35714,2.2,1.4571428,2.5714285,3.5857143,17.028572,1.2427568e-05,0.00021573156,-7.345365000000001e-25,1.1175871e-08,0.0,True
2019-09-23,29.39,3.1,13.028571,19.47143,7.214286,69.328575,1.9285716,1.0857143,2.4142857,3.2142856,14.314285,9.030104e-06,0.00020831823,-7.345365000000001e-25,1.8626451e-09,0.0,True
2019-09-30,29.41,29.0,14.514287,17.857143,11.571428,89.71429,1.3285714,1.0142857,1.1,3.4,15.714286,0.00027540326,0.00020198524,-7.345365000000001e-25,1.1175871e-08,0.0,True
2019-10-07,29.44,33.4,8.814286,13.114286,5.557143,86.28571,1.0142857,0.95714283,0.9285714,5.1285715,10.514286,0.00031924248,0.00019784272,-7.345365000000001e-25,5.5879354e-09,0.0,True
2019-10-14,29.45,5.5,14.1,17.9,10.5,81.4,1.3000001,1.1285715,1.4428571,5.7285714,13.185715,0.0001258105,0.00019427389,-7.345365000000001e-25,1.3038516e-08,0.0,True
2019-10-21,29.45,6.9,13.685715,17.928572,10.257143,87.27143,0.9714286,0.85714287,0.9714286,5.8714285,14.171429,0.0001423806,0.00019121915,-7.345365000000001e-25,9.313226e-09,0.0,True
2019-10-28,29.44,2.0,11.857142,16.414286,8.185715,84.88572,0.82857144,0.7,0.9285714,5.7714286,12.428572,1.7985702e-05,0.00018890202,-7.345365000000001e-25,7.450581e-09,0.0,True
2019-11-04,29.46,12.7,6.1857142,10.528571,2.3714287,90.85714,0.55714285,0.51428574,0.41428572,5.7714286,7.285714,0.0001911372,0.00018714368,2.1571205e-07,8.4005296e-07,8.046627e-07,True
2019-11-11,29.43,7.8999996,6.2428575,9.157143,3.7,94.90001,0.34285712,0.3,0.3,6.457143,7.1,0.00015695393,0.0001861453,-7.345365000000001e-25,0.0,0.0,True
2019-11-18,29.42,5.9,5.057143,8.3,1.8571428,90.94286,0.37142858,0.34285715,0.3857143,6.5571427,4.928571,6.620586e-05,0.00018560886,-7.345365000000001e-25,0.0,0.0,True
2019-11-25,29.44,11.7,5.8714285,7.6857147,4.142857,93.457146,0.24285717,0.21428573,0.29999998,6.9857144,5.5142856,9.36836e-05,0.00018557906,-7.345365000000001e-25,0.0,0.0,True
2019-12-02,29.41,5.7000003,4.6857147,7.1857142,1.9142857,89.27143,0.3857143,0.37142855,0.47142857,7.0857143,4.1714287,8.606911e-05,0.0001861453,-7.345365000000001e-25,3.7252903e-09,0.0,True
2019-12-09,29.45,7.3,4.6857142,7.5,1.757143,86.38572,0.5142857,0.5,0.5,7.2,3.6,0.000115826726,0.0001873672,-7.345365000000001e-25,0.0,0.0,True
2019-12-16,29.45,10.4,3.3999999,5.585715,0.9714286,86.5,0.45714286,0.4285714,0.45714286,7.4857144,2.3714285,0.0002129823,0.00018930435,7.16902e-05,0.00020610914,0.00021710247,True
2019-12-23,29.442580605221927,4.0,6.071429,8.785714,2.0857143,90.25715,0.34285715,0.3285714,0.3285714,7.642857,4.8285713,0.00010043383,0.00019276887,2.537455e-06,1.858361e-05,0.0,True
2019-12-30,29.42,4.8,3.2714288,4.9714284,1.1714287,83.38572,0.35714287,0.34285715,0.44285712,7.8428574,2.7,5.8814883e-05,0.00019848347,7.0390246e-07,1.6018748e-07,1.6018748e-06,True
2020-01-06,29.44,5.8,3.142857,5.9714284,-0.19999997,85.87144,0.5,0.4,0.42857143,7.8,2.2,0.00010032952,0.00020579994,5.1089694e-07,1.4267862e-06,1.3783574e-07,True
2020-01-13,29.47,10.5,5.642857,8.1,2.5142858,88.21429,0.5285714,0.51428574,0.41428572,8.3,4.428571,0.0002541989,0.00021456927,-7.345365000000001e-25,1.15484e-07,0.0,True
2020-01-20,29.44,0.2,5.571429,8.7,2.4285715,80.1,0.64285713,0.59999996,0.6571428,8.2,4.0571427,2.2411346e-05,0.00022689998,-7.345365000000001e-25,0.0,0.0,True
2020-01-27,29.44,3.8,1.957143,4.8857145,-0.6714286,89.58572,0.29999998,0.25714287,0.35714287,8.071428,1.4571428,2.7239323e-05,0.00024113059,5.706719e-05,0.00011272356,0.00017957017,True
2020-02-03,29.49,23.1,7.142857,9.400001,4.471429,83.54286,0.9857143,0.9714285,0.82857144,8.528571,5.7714286,0.00058446825,0.00025574863,1.0541507e-05,7.3609874e-05,0.0,True
2020-02-10,29.51363736410769,16.2,5.6571426,8.842857,3.0285716,78.54286,1.0285715,1.0,0.9285714,9.114285,4.714286,0.0002527982,0.00028137863,1.4248349e-06,5.4929405e-06,5.52088e-06,True
2020-02-17,29.53,4.0,6.085715,9.1285715,2.9428573,73.65714,1.2571429,1.2285715,1.3714286,9.157143,4.742857,0.00015050173,0.00032088906,-7.345365000000001e-25,2.0489097e-08,0.0,True
2020-02-24,29.54,31.600002,6.014286,8.385715,3.3142858,77.65715,1.3,1.2714285,1.1999999,9.185715,5.428571,0.0015678704,0.0007405132,-7.345365000000001e-25,0.0,0.0,True
2020-03-02,29.59,15.6,5.2000003,8.857142,1.9142858,81.1,1.2,1.2,0.95714283,9.671429,5.257143,0.0003477931,0.00046429038,0.00046241283,0.0032220967,0.0033312924,True
2020-03-09,29.58,7.6000004,5.0,8.914286,1.3428571,83.299995,0.94285715,0.9285714,0.90000004,9.585714,5.1285715,0.0002821684,0.00060459226,4.1694868e-05,0.00016683154,0.0,True
2020-03-16,29.58,11.8,7.014286,12.028571,2.2428572,67.457146,1.9,1.8,1.8857144,9.6285715,6.9714284,0.0003079474,0.0007634312,1.7597561e-07,1.3150275e-06,0.0,True
2020-03-23,29.5,0.1,6.542857,11.342857,2.1285715,61.8,1.657143,1.3571427,2.0428572,8.8714285,7.8,1.8522143e-05,0.0009242892,-7.345365000000001e-25,0.0,7.450581e-09,True
2020-03-30,29.47,2.1,4.4857144,10.5,-1.9428571,53.57143,2.0285716,1.5571429,2.2857144,8.142858,6.142857,2.6509166e-05,0.0010340065,6.0092836e-05,4.4696033e-05,0.0008860603,True
2020-04-06,29.46,0.3,7.1714287,13.214286,1.7285715,53.557148,2.457143,1.8285714,2.8857143,7.457143,7.8428574,1.5713274e-05,0.001097843,0.00033697629,0.00082652643,5.2973628e-05,True
2020-04-13,29.45,3.0,11.6,18.714285,3.857143,51.100002,3.2,1.8000001,3.542857,6.4857144,13.228572,1.2025237e-05,0.0011186376,9.763809e-07,8.840114e-06,0.0,True
2020-04-20,29.43,0.0,9.657143,16.257143,3.2857144,48.4,3.442857,1.0571429,3.7571428,5.8714285,12.4,1.5944242e-06,0.0011103228,-7.345365000000001e-25,0.0,0.0,True
2020-04-27,29.41,0.0,12.971429,20.071428,5.4428573,48.75714,3.8285713,0.61428577,4.2,5.4714284,14.742857,2.3394823e-06,0.0010809228,-7.345365000000001e-25,0.0,0.0,True
2020-05-04,29.4,24.900002,11.742858,17.242857,6.9857144,75.17143,2.4571426,1.1285714,2.3428571,5.614286,14.242857,0.00017902255,0.0010492429,-7.345365000000001e-25,0.0,0.0,True
2020-05-11,29.41,11.1,11.828572,18.728573,5.214286,64.85714,3.3999996,1.2285713,3.3999999,5.4714284,14.971429,3.7401915e-05,0.0010177344,-7.345365000000001e-25,0.0,0.0,True
2020-05-18,29.39,0.3,10.8714285,16.485714,4.914286,59.142857,3.2857146,1.4571428,3.5571427,5.4,14.057143,6.8843365e-06,0.0009787679,-7.345365000000001e-25,0.0,0.0,True
2020-05-25,29.39,11.1,14.6,19.657145,9.0,65.442856,3.3428571,1.2142857,3.4428573,5.114286,17.085714,0.00011277199,0.0009332299,-7.345365000000001e-25,0.0,0.0,True
2020-06-01,29.39,0.0,15.357142,22.328571,8.042857,56.957146,4.328572,1.2571429,4.571429,4.885714,18.6,1.5564263e-05,0.0008901134,-7.345365000000001e-25,0.0,0.0,True
2020-06-08,29.38,16.0,16.328571,22.985716,9.814286,61.514286,3.8285716,1.3428572,4.1,4.7285714,19.171429,0.00011783093,0.00083807856,-7.345365000000001e-25,3.7252903e-09,0.0,True
2020-06-15,29.4,23.900002,19.085714,25.057144,14.071428,72.48572,3.7285712,1.6857141,3.5857143,4.885714,21.557142,7.267296e-05,0.000795275,-7.345365000000001e-25,7.450581e-09,0.0,True
2020-06-22,29.379862863632905,9.2,19.657145,24.728573,14.557143,68.27143,3.9857142,2.2571428,4.0,5.0142856,22.614286,6.182492e-05,0.0007503107,-7.345365000000001e-25,1.4901161e-08,0.0,True
2020-06-29,29.38,12.2,21.128572,27.242859,15.057144,64.5,4.8857145,2.1142857,4.6142855,4.4428573,24.2,4.4584274e-05,0.0007064715,-7.345365000000001e-25,1.1175871e-08,0.0,True
2020-07-06,29.38,11.900001,19.542858,24.414288,14.985715,65.25715,4.6857142,1.7714285,4.3857145,4.1,22.1,0.00018449128,0.0006645024,-7.345365000000001e-25,1.1175871e-08,0.0,True
2020-07-13,29.36,13.6,16.214285,21.542858,11.1,71.27143,3.457143,1.3714286,3.4857142,4.0285716,19.671429,8.369982e-05,0.0006313473,-7.345365000000001e-25,1.1175871e-08,0.0,True
2020-07-20,29.36,7.7999997,19.071428,24.514286,12.914286,70.67143,3.7142856,1.6999999,3.7857144,3.9714286,22.142857,0.00013817847,0.0005995631,-7.345365000000001e-25,1.1175871e-08,0.0,True
2020-07-27,29.36,10.3,18.571428,24.728573,12.414286,64.442856,4.0,1.2285715,4.2,3.7428572,22.2,6.5386295e-05,0.00056736916,-7.345365000000001e-25,7.450581e-09,0.0,True
2020-08-03,29.35,2.2,19.77143,25.52857,13.457144,60.028572,4.3285713,1.0571429,4.528571,3.6285715,22.77143,1.8507242e-05,0.0005349964,-7.345365000000001e-25,1.1175871e-08,0.0,True
2020-08-10,29.35,0.0,23.87143,31.542858,16.385715,53.5,4.7428575,0.95714283,5.3857145,3.5285714,24.971428,1.5109777e-05,0.00050162524,-7.345365000000001e-25,3.7252903e-09,0.0,True
2020-08-17,29.27,0.9,24.7,31.771427,18.071428,49.3,4.671428,1.1428573,5.585714,3.5142858,25.685715,1.18762255e-05,0.0004672259,-7.345365000000001e-25,1.1175871e-08,0.0,True
2020-08-24,29.27,6.0,22.057144,28.157145,16.171429,65.957146,3.5428574,1.557143,4.0142856,3.7428572,23.828571,5.481392e-05,0.0004383549,-7.345365000000001e-25,9.313226e-09,0.0,True
2020-08-31,29.31,28.300001,17.257143,22.657145,12.885714,73.48572,2.5571427,1.6714286,2.857143,4.0142856,19.442858,0.00012876093,0.000417009,-7.345365000000001e-25,1.3038516e-08,0.0,True
2020-09-07,29.29,10.400001,15.585715,20.214285,11.642858,77.957146,2.0714285,1.7428571,2.2428572,4.8,17.814285,9.295344e-05,0.000399597,-7.345365000000001e-25,9.313226e-09,0.0,True
2020-09-14,29.32,1.2,17.457144,24.514286,10.557143,68.64286,2.542857,1.6999999,3.1285713,4.3,18.914286,3.3676624e-06,0.0003831163,-7.345365000000001e-25,9.313226e-09,0.0,True
2020-09-21,29.31,0.0,16.628572,24.528574,9.257143,61.085716,2.6000001,1.0571429,3.357143,3.6285715,19.1,5.662441e-07,0.0003643483,-7.345365000000001e-25,3.7252903e-09,0.0,True
2020-09-28,29.36,35.8,14.271429,19.228573,9.728572,76.01429,1.542857,0.7285715,1.9857142,4.571429,15.514286,0.0013243854,0.00034818798,-7.345365000000001e-25,7.450581e-09,0.0,True
2020-10-05,29.35,1.7,13.457143,18.6,9.1,80.74286,1.1571429,0.9285714,1.4714286,5.6285715,14.828571,1.3396144e-05,0.00033739954,-7.345365000000001e-25,5.5879354e-09,0.0,True
2020-10-12,29.37,12.2,10.7,14.17143,7.057143,86.21429,0.84285706,0.8,0.9285714,5.571429,11.885715,0.00012810528,0.00032862276,-7.345365000000001e-25,7.450581e-09,0.0,True
2020-10-19,29.36,20.9,8.842857,11.271429,6.542857,90.37144,0.62857145,0.61428565,0.5857143,6.785714,9.557143,0.00020235777,0.00032169372,-7.345365000000001e-25,5.5879354e-09,0.0,True
2020-10-26,29.39,9.7,12.185715,15.67143,9.342857,85.27143,0.8428572,0.78571427,0.87142855,7.2,11.728572,0.00013086945,0.00031594932,-7.345365000000001e-25,1.1175871e-08,0.0,True
2020-11-02,29.39,35.2,11.942858,14.514287,9.428572,87.92857,0.84285706,0.8142857,0.71428573,7.8,11.571428,0.0003399551,0.00031130016,-7.345365000000001e-25,1.1175871e-08,0.0,True
2020-11-09,29.42,0.0,7.7428575,10.785714,4.7714286,86.6,0.42857143,0.37142855,0.47142857,8.271428,8.085714,4.5895576e-06,0.00030821562,-7.345365000000001e-25,1.8626451e-09,0.0,True
2020-11-16,29.4,1.5,8.242857,11.185715,6.1285715,85.82857,0.4714286,0.44285718,0.5285714,8.171429,7.5857143,1.8283725e-05,0.00030633062,-7.345365000000001e-25,1.8626451e-09,0.0,True
2020-11-23,29.38,1.5,7.1,9.557143,3.5857143,82.200005,0.5,0.44285718,0.6857143,8.0,6.214286,4.567206e-05,0.00030497462,-7.345365000000001e-25,3.7252903e-09,0.0,True
2020-11-30,29.37,0.8,2.9428573,5.471429,-0.057142854,90.91429,0.18571427,0.15714286,0.24285714,7.9,2.8428571,5.8859587e-06,0.00030403584,1.1353266e-08,0.0,1.3001263e-06,True
2020-12-07,29.373028054690856,0.0,2.3857143,5.3285713,-0.8,84.114296,0.27142856,0.21428572,0.41428572,7.8428574,1.6428572,3.415346e-05,0.00030338764,0.0003208887,0.00056841783,0.00059858337,True
2020-12-14,29.32,0.6,2.0142858,3.4285715,0.55714285,92.67143,0.15714286,0.12857144,0.22857143,7.8,2.0,4.2676926e-05,0.0003029406,7.38019e-05,0.00013764016,0.00013658032,True
2020-12-21,29.31,8.7,5.1,7.657143,2.2,87.34286,0.2857143,0.25714284,0.25714287,7.8,3.7714286,2.7939677e-05,0.000302732,7.9416095e-06,4.3308362e-05,0.0,True
2020-12-28,29.373145102165463,10.3,4.2714286,6.642857,2.1714284,84.24286,0.44285718,0.42857143,0.5714286,8.657143,3.6714287,0.00027158856,0.0003029257,1.2011755e-05,5.3774565e-06,0.00015822798,True
2021-01-04,29.375,7.1000004,1.5142858,3.1285713,-0.2857143,89.75715,0.3,0.3,0.24285714,8.7,1.4,3.642589e-05,0.0003047362,0.002617047,0.001241656,0.011851352,True
2021-01-11,29.41,4.6000004,1.0428572,2.1,-0.042857137,91.8,0.2,0.18571427,0.31428573,9.285714,0.5857143,0.00013685226,0.00030822307,0.0077898162,0.005242029,0.0024646819,True
2021-01-18,29.42,12.0,-0.17142856,1.9571428,-2.2,85.38572,0.20000002,0.20000002,0.3857143,9.428572,0.14285715,0.00019678473,0.00031390786,0.011081741,0.004811486,0.010125659,True
2021-01-25,29.45,12.5,3.8285713,6.4428573,1.2285715,84.48572,0.59999996,0.59999996,0.6571428,9.685715,2.0,0.0007055402,0.0003260374,0.004696636,0.017629284,0.009156685,True
2021-02-01,29.45,6.6,-1.057143,2.2142856,-4.642857,84.457146,0.22857144,0.22857144,0.3,9.771428,0.5285714,4.9062073e-05,0.00035627186,0.0062201875,0.0015358329,0.0074992515,True
2021-02-08,29.45094209995741,22.0,-1.5,0.5428571,-3.357143,84.28571,0.17142858,0.17142858,0.44285712,10.314285,0.5714286,0.0005879253,0.00039935857,0.008171729,0.0067398287,0.0146342255,True
2021-02-15,29.48,4.5,-6.4428573,-1.9,-10.885714,82.87144,0.028571429,0.028571429,0.31428573,10.314285,-0.44285715,5.9604645e-08,0.0004640445,0.016974092,3.2037497e-06,0.00554125,True
2021-02-22,29.52,5.6,5.7000003,10.685715,1.1,82.02857,1.0142857,0.9714286,0.88571423,10.142858,3.5714285,0.0005870387,0.00053492934,0.00573718,0.021868996,0.00063123927,True
2021-03-01,29.52,1.7,7.4714284,12.342857,2.8428571,80.700005,0.9857143,0.8714286,1.1571429,9.671429,6.8714285,8.1799924e-05,0.0006386414,2.8002829e-05,0.00019229203,0.0,True
2021-03-08,29.42,0.6,2.8857143,7.585715,-1.4285715,76.0,0.9428572,0.8142857,1.0142857,9.4,4.071429,1.8447638e-05,0.000736244,1.345362e-06,2.2612512e-06,3.5949051e-06,True
2021-03-15,29.39,26.2,4.6142855,9.742858,1.2428572,73.57143,1.4857142,1.3857143,1.2571429,9.271428,5.1285715,0.00036117435,0.0008148998,4.314241e-07,1.6856939e-06,0.0,True
2021-03-22,29.37,3.4,2.9428573,7.5285716,-1.2142857,74.44286,1.1714286,1.1142856,1.2142857,9.485714,4.071429,0.00013281405,0.0008930713,0.0001356545,0.00031106174,0.00044958666,True
2021-03-29,29.35,3.0,8.728571,13.928572,3.7428572,70.75715,1.742857,1.5000001,1.9285715,9.071428,8.685715,9.7833574e-05,0.0009777918,2.3166338e-05,0.00012217835,0.0,True
2021-04-05,29.34,3.5,8.685715,14.785714,2.2285714,64.62858,2.1999998,1.7285713,2.4285715,8.285714,10.285714,6.492436e-05,0.0010416433,1.4191582e-07,1.2665987e-07,3.4831464e-06,True
2021-04-12,29.31,12.4,5.657143,10.685715,1.5714285,72.71429,1.8428572,1.6142856,1.8428571,7.9,7.0285716,0.00026732683,0.0010852814,6.623495e-05,0.00020956248,0.00022375956,True
2021-04-19,29.29,7.1,6.4857144,12.057143,2.1714287,72.34286,1.7142856,1.4142858,1.8285714,7.6857142,8.342857,0.00021012127,0.0011165217,5.5631e-07,2.3078173e-06,6.03497e-07,True
2021-04-26,29.28,0.3,7.914286,13.842857,2.0714285,57.07143,2.6285713,1.9714285,2.8999999,7.1285715,10.828571,1.9863248e-05,0.0011427328,-7.345365000000001e-25,9.313226e-09,0.0,True
2021-05-03,29.21,11.0,8.8714285,14.157144,4.3,67.28571,2.3714287,1.7857141,2.4714284,6.571429,11.028571,0.00020729005,0.0011551455,-7.345365000000001e-25,0.0,0.0,True
2021-05-10,29.18,10.9,11.67143,17.97143,5.471429,62.557148,3.7428572,2.7428572,3.6000001,6.4142857,12.6285715,0.00012536347,0.0011584237,-7.345365000000001e-25,3.7252903e-09,0.0,True
2021-05-17,29.18,34.6,13.400001,17.97143,9.385715,80.44286,2.4857142,2.114286,2.3999999,6.6714287,15.928572,0.00040362775,0.00114806,-7.345365000000001e-25,0.0,0.0,True
2021-05-24,29.14,2.5,13.1285715,18.614286,8.157144,67.4,3.3999999,2.4428573,3.5285716,6.2714286,15.914286,0.00013396144,0.0011437908,-7.345365000000001e-25,0.0,0.0,True
2021-05-31,29.11,5.1,12.8,18.485716,7.5428576,69.685715,3.142857,2.1285715,3.3714287,5.8285713,15.714286,0.0001950711,0.0011302605,-7.345365000000001e-25,7.450581e-09,0.0,True
2021-06-07,29.06,0.70000005,19.84286,27.185715,12.471429,56.68572,4.7999997,1.7999998,5.3857145,5.114286,22.885714,3.8564205e-05,0.0010979399,-7.345365000000001e-25,3.7252903e-09,0.0,True
2021-06-14,29.05490588878382,1.3,20.042858,26.071428,13.314286,57.31429,4.585714,1.2571429,5.042857,4.7285714,23.514286,1.4528632e-05,0.0010495633,-7.345365000000001e-25,7.450581e-09,0.0,True
2021-06-21,29.018268909359108,2.4,25.028574,32.185715,17.37143,53.2,6.285714,1.1,6.5285716,4.4428573,26.957144,1.3701618e-05,0.0009941459,-7.345365000000001e-25,1.1175871e-08,0.0,True
2021-06-28,29.0,1.8000001,19.857143,25.014286,14.028572,63.9,3.6571426,1.3142856,4.1,4.4,23.6,4.002452e-05,0.0009421706,-7.345365000000001e-25,0.0,0.0,True
2021-07-05,29.15,65.5,19.557144,23.914288,15.585715,76.02857,3.3999999,2.6000001,3.3285713,6.242857,22.714285,0.0042944998,0.000900507,-7.345365000000001e-25,1.1175871e-08,0.0,True
2021-07-12,29.19,38.699997,20.014286,24.914288,15.385715,78.6,3.5714285,3.142857,3.3,6.8285713,23.114286,0.004270166,0.0014397427,-7.345365000000001e-25,1.4901161e-08,0.0,True
2021-07-19,29.2,8.799999,21.614286,27.071428,16.257143,72.457146,4.0714283,3.4142857,4.1,6.9857144,25.028572,0.0002500713,0.00087285787,-7.345365000000001e-25,7.450581e-09,0.0,True
2021-07-26,29.19,0.1,20.742859,26.542858,15.414286,68.24286,3.7571428,2.4714286,4.0571427,6.1285715,23.985714,9.326637e-05,0.0008684024,-7.345365000000001e-25,1.3038516e-08,0.0,True
2021-08-02,29.17,11.5,19.87143,24.985714,14.914286,63.87143,4.071429,2.085714,4.4142857,5.3285713,23.071428,2.0757318e-05,0.00084844977,-7.345365000000001e-25,9.313226e-09,0.0,True
2021-08-09,29.18,32.4,18.228573,24.314287,13.142858,74.5,3.2428572,1.9428571,3.1285713,5.1285715,21.842857,0.00014549494,0.0008247644,-7.345365000000001e-25,1.1175871e-08,0.0,True
2021-08-16,29.19,6.1,19.84286,26.185715,13.6285715,67.75715,3.7571425,1.8,4.0571427,4.8142858,23.114286,6.386638e-05,0.0007998869,-7.345365000000001e-25,1.1175871e-08,0.0,True
2021-08-23,29.14,13.4,17.314287,21.1,13.985715,76.38572,2.2857141,1.2142857,2.4142857,4.8,19.328571,0.0004337877,0.00077578425,-7.345365000000001e-25,1.8626451e-08,0.0,True
2021-08-30,29.18,41.0,15.271429,19.757143,11.957143,83.92857,1.9285715,1.7142856,1.9714286,6.542857,17.5,0.00095520914,0.00075858086,-7.345365000000001e-25,1.3038516e-08,0.0,True
2021-09-06,29.19,0.0,15.542857,21.214285,10.542857,80.72858,2.0571427,1.6714286,2.2714286,7.4,18.4,1.2099743e-05,0.0007516742,-7.345365000000001e-25,7.450581e-09,0.0,True
2021-09-13,29.16,11.3,18.057142,23.97143,12.971429,80.042854,2.2142856,1.7428571,2.3999999,6.7714286,20.785715,6.695092e-05,0.0007439926,-7.345365000000001e-25,5.5879354e-09,0.0,True
2021-09-20,29.19,10.8,15.1285715,18.914288,12.314286,79.44286,1.3285714,1.1142857,1.6285714,6.7,16.914286,0.0001462549,0.0007374361,-7.345365000000001e-25,1.4901161e-08,0.0,True
2021-09-27,29.18,1.2,15.571428,19.542858,11.871429,80.77143,1.4285715,1.1428572,1.6999999,6.4,16.485714,4.208088e-05,0.00073265284,-7.345365000000001e-25,1.1175871e-08,0.0,True
2021-10-04,29.18,16.9,13.885715,18.557144,10.142858,77.971436,1.4,1.1428572,1.5857142,6.542857,15.3714285,0.00052405894,0.0007276833,-7.345365000000001e-25,5.5879354e-09,0.0,True
2021-10-11,29.15,10.3,10.3,15.6,5.2999997,81.34286,0.95714283,0.78571427,1.1,6.8285713,11.8714285,0.00018040836,0.0007249117,-7.345365000000001e-25,1.8626451e-09,0.0,True
2021-10-18,29.17,4.8,9.457144,13.17143,5.828572,83.814285,0.8,0.7285714,0.82857144,6.7714286,9.928572,0.00012690574,0.00072671473,-7.345365000000001e-25,3.7252903e-09,0.0,True
2021-10-25,29.21,6.2,9.7,13.942858,5.871429,80.15714,1.0285715,0.9,1.0857142,6.714286,9.728572,0.000124529,0.0007325709,-7.345365000000001e-25,7.450581e-09,0.0,True
2021-11-01,29.21,0.7,10.414286,14.757143,6.6,80.42857,0.8142857,0.64285713,0.9142857,6.5857143,9.985714,4.695356e-05,0.0007399246,-7.345365000000001e-25,5.5879354e-09,0.0,True
2021-11-08,29.219193290547064,49.7,8.042857,10.714286,5.542857,88.27143,0.61428565,0.59999996,0.55714285,8.3,8.171429,0.00582511,0.001439482,-7.345365000000001e-25,5.5879354e-09,0.0,True
2021-11-15,29.21,0.4,5.642857,8.542857,2.6000001,91.57143,0.31428573,0.27142859,0.29999998,8.857142,6.0857143,1.8022954e-05,0.0008286759,-7.345365000000001e-25,-1.8626451e-09,0.0,True
2021-11-22,29.19,2.6,7.571429,9.442857,5.142857,87.0,0.37142855,0.37142855,0.55714285,8.742857,6.8142858,7.3224306e-05,0.0009089112,-7.345365000000001e-25,5.5879354e-09,0.0,True
2021-11-29,29.19,4.5,3.7142856,5.642857,1.5285715,89.0,0.25714287,0.24285717,0.27142859,8.685715,3.3142858,7.618219e-05,0.000981763,1.7285347e-05,1.5694648e-05,0.00018081442,True
2021-12-06,29.2,11.6,2.057143,4.114286,-0.45714286,87.02857,0.4857143,0.45714283,0.42857143,8.957143,1.8,0.0002015382,0.0010508671,0.002160413,0.0015453808,0.007213436,True
2021-12-13,29.19,4.3999996,0.8142857,2.357143,-0.6,94.02857,0.08571429,0.071428575,0.2,9.157143,0.6,0.00012758374,0.0011290908,0.006589884,0.0048492085,0.0026416816,True
2021-12-20,29.22,3.7,5.9,7.3857145,3.9142857,90.88572,0.21428572,0.21428572,0.31428573,9.2,4.5571427,0.000108495355,0.0012111887,0.0005566166,0.0036377385,0.0,True
2021-12-27,29.25466589190988,17.9,-2.457143,0.48571435,-5.8857145,86.62858,0.10000001,0.10000001,0.17142858,9.585714,-0.1,0.0002966076,0.0013068616,0.0036172073,0.0023013465,0.008176304,True
2022-01-03,29.29,15.3,7.8857145,9.914286,5.1142855,90.5,0.325,0.325,0.45714286,9.75,2.45,0.0006537959,0.0014553964,0.0015427215,0.005945038,0.0,True
2022-01-10,29.33,5.5,2.3285713,4.257143,-0.22857141,87.78571,0.37142855,0.37142855,0.31428573,9.985714,1.9571428,0.000172548,0.0017485619,0.00020573821,0.00022820756,0.0004346259,True
2022-01-17,29.32,3.7,2.2428572,4.2714286,-0.15714288,89.814285,0.29999998,0.29999998,0.37142855,9.842857,1.6714286,6.09383e-05,0.0020850375,0.00011452607,0.00025378354,5.61364e-05,True
2022-01-24,29.36,6.5,2.957143,4.857143,0.71428573,87.1,0.44285718,0.44285718,0.4,9.814285,1.9285715,9.188801e-05,0.0023528412,0.00030851932,0.00058104657,0.0007445514,True
2022-01-31,29.41,7.7,4.2428575,5.957143,2.3428571,81.87142,0.7571429,0.7571429,0.7714286,9.857142,3.1142857,0.00013943762,0.002555415,5.5806977e-05,0.00017106533,0.00018024445,True
2022-02-07,29.48,15.0,4.585715,7.0428576,1.8428572,83.557144,0.88571435,0.88571435,0.71428573,10.071428,3.6285715,0.00043706596,0.0027276203,0.00029968648,0.0014357585,0.0012595356,True
2022-02-14,29.53,2.5,5.3857145,8.942858,1.6857144,78.91429,0.9428572,0.9142857,0.87142855,9.985714,4.642857,7.496029e-05,0.0029794276,2.179827e-06,1.3910234e-05,1.6242266e-06,True
2022-02-21,29.56,22.8,6.6285715,10.514285,3.642857,75.700005,1.5714287,1.5428572,1.3142856,10.1285715,5.5857143,0.0024443492,0.0032533556,2.8752145e-05,0.00017468072,0.00048723072,True
2022-02-28,29.6,1.5,4.0142856,8.1285715,0.3285714,77.5,1.0428572,0.99999994,1.0285714,9.957143,4.114286,0.00012537837,0.0036823377,5.799248e-05,0.00030899607,1.475215e-06,True
2022-03-07,29.55,0.0,1.3142856,6.0285716,-2.2571428,70.01429,0.8714285,0.7714286,1.0,9.557143,2.6,1.9744039e-06,0.0041357204,4.4635362e-05,5.8315694e-05,0.00015013292,True
2022-03-14,29.53,1.2,4.7000003,11.757143,-1.6571429,50.37143,1.9999999,1.5714285,2.2857144,8.985714,4.714286,3.283471e-05,0.004350163,3.203324e-05,8.284487e-05,0.0,True
2022-03-21,29.5,0.0,7.2428575,13.0,2.0428572,62.157143,1.8000001,1.3714286,2.0714285,8.3714285,7.742857,1.0244548e-05,0.00436347,9.0258465e-07,5.2154064e-06,0.0,True
2022-03-28,29.49,0.0,8.985715,16.828571,1.3000001,57.31429,2.2428572,1.6142857,2.5714285,7.5285716,9.814285,2.7865171e-06,0.004283972,-7.345365000000001e-25,9.313226e-09,0.0,True
2022-04-04,29.47,8.6,4.1714287,9.1,-0.45714286,59.899998,1.7285713,1.1714286,2.0142858,6.957143,6.6285715,6.533414e-05,0.0041729882,7.480099e-05,0.000116325915,0.00031610206,True
2022-04-11,29.52,13.2,7.3,11.485715,3.7285717,72.41429,2.0571427,1.8571428,1.8571428,7.042857,7.8,0.00023786724,0.004053861,2.0140693e-05,0.0001790449,2.592802e-06,True
2022-04-18,29.5,3.4,9.757143,15.971429,2.9285715,62.81429,2.6571429,1.8857143,2.7285714,6.4714284,11.8,6.186217e-05,0.003908001,5.1089696e-08,7.4133277e-07,0.0,True
2022-04-25,29.49,1.5,10.042857,15.557143,4.6857142,67.457146,2.3285713,1.2428572,2.5857143,5.9,11.9,2.759695e-05,0.003746517,-7.345365000000001e-25,0.0,0.0,True
2022-05-02,29.47,0.0,12.042857,18.414288,5.214286,58.57143,3.1000001,0.7714285,3.3142858,5.4714284,15.428572,1.5124679e-06,0.0035609528,-7.345365000000001e-25,0.0,0.0,True
2022-05-09,29.46,0.8,14.442858,20.828571,7.4428573,59.985714,3.557143,0.59999996,3.8428571,5.2,17.757143,3.2424927e-05,0.0033463389,-7.345365000000001e-25,0.0,0.0,True
2022-05-16,29.45,11.2,17.057142,23.600002,9.942858,57.94286,4.571429,0.64285713,4.5142856,5.0142856,19.5,1.0177493e-05,0.0031004474,-7.345365000000001e-25,3.7252903e-09,0.0,True
2022-05-23,29.44,9.3,17.557144,23.414288,11.485715,63.071434,4.3285713,1.5285714,4.2428575,5.1285715,20.642857,9.982288e-05,0.002847895,-7.345365000000001e-25,3.7252903e-09,0.0,True
2022-05-30,29.44,5.5,14.042857,18.84286,9.357142,68.41429,3.4571426,1.3428571,3.2857144,4.957143,17.385714,6.839633e-05,0.0026192665,-7.345365000000001e-25,7.450581e-09,0.0,True
2022-06-06,29.42,9.6,17.157145,23.928572,9.8714285,61.528572,4.214286,1.3714286,4.3714285,4.8285713,20.242857,9.8504126e-05,0.0024066344,-7.345365000000001e-25,7.450581e-09,0.0,True
2022-06-13,29.4,0.0,19.228573,24.857143,13.242858,59.957146,4.428571,1.1,4.5142856,4.6285715,22.414286,8.106232e-06,0.0021875352,-7.345365000000001e-25,7.450581e-09,0.0,True
2022-06-20,29.41,15.7,19.685715,26.77143,12.071428,58.014286,5.2999997,0.8714286,5.5,4.4142857,23.028572,7.349253e-05,0.0019747391,-7.345365000000001e-25,3.7252903e-09,0.0,True
2022-06-27,29.39,3.2,22.928572,30.828571,15.185715,57.77143,5.9,1.9285715,5.9,4.357143,25.6,6.318092e-05,0.0017776936,-7.345365000000001e-25,1.4901161e-08,0.0,True
2022-07-04,29.42,30.9,21.028574,27.27143,14.857142,62.55714,4.6142855,1.7285713,4.9857144,4.214286,24.528572,9.290874e-05,0.0016076937,-7.345365000000001e-25,7.450581e-09,0.0,True
2022-07-11,29.41,12.5,16.914288,21.914288,12.657144,66.42857,3.7000003,1.6999999,3.7000003,4.1571426,20.114286,9.030104e-05,0.0014693514,-7.345365000000001e-25,1.8626451e-08,0.0,True
2022-07-18,29.4,0.0,19.328571,25.785715,12.457144,54.31429,4.8428574,1.0142857,5.1285715,3.7571428,22.214285,1.0386109e-05,0.0013463944,-7.345365000000001e-25,7.450581e-09,0.0,True
2022-07-25,29.38,8.5,23.27143,30.885714,15.442858,56.04286,5.614286,1.0142857,5.642857,3.6,25.457144,6.864965e-05,0.0012187287,-7.345365000000001e-25,1.1175871e-08,0.0,True
2022-08-01,29.38,0.1,20.0,26.057144,13.728572,58.74286,4.042857,0.81428576,4.5285716,3.557143,23.042856,2.7015805e-05,0.0011106282,-7.345365000000001e-25,7.450581e-09,0.0,True
2022-08-08,29.37,0.3,22.114286,29.300001,14.542857,51.557148,4.8285713,0.75714284,5.1142855,3.442857,24.942858,6.4074993e-06,0.0010136366,-7.345365000000001e-25,1.1175871e-08,0.0,True
2022-08-15,29.36,2.6999998,23.114286,30.628572,16.242857,54.0,4.528571,0.6571428,4.9857144,3.3285713,24.971428,3.1352043e-05,0.0009234622,-7.345365000000001e-25,1.1175871e-08,0.0,True
2022-08-22,29.36,6.9,22.02857,27.414286,17.128572,70.34286,3.1714287,1.3714285,3.2714286,3.8857143,24.27143,0.00019347668,0.0008472875,-7.345365000000001e-25,3.7252903e-09,0.0,True
2022-08-29,29.41,26.3,19.814287,26.300001,15.828572,81.08572,2.5000002,1.4571428,2.6000001,4.542857,22.671429,0.0008222759,0.00079431385,-7.345365000000001e-25,1.3038516e-08,0.0,True
2022-09-05,29.39,0.0,17.142857,23.657145,11.857142,62.07143,2.9571426,1.6714286,3.5714285,4.6571426,20.22857,3.3006072e-06,0.0007488653,-7.345365000000001e-25,9.313226e-09,0.0,True
2022-09-12,29.38,16.3,16.842857,22.27143,12.457144,74.5,2.0571427,1.4571428,2.4714284,4.9142857,19.22857,0.0002837479,0.0007080808,-7.345365000000001e-25,9.313226e-09,0.0,True
2022-09-19,29.4,23.900002,12.971429,17.714285,10.0,82.15715,1.6000001,1.4142858,1.6999999,5.214286,15.171429,0.00020435452,0.0006780252,-7.345365000000001e-25,1.8626451e-09,0.0,True
2022-09-26,29.41186265865557,4.6,11.642858,17.114286,7.1714287,78.57143,1.4,1.1428572,1.6,5.4857144,14.0,1.9870698e-05,0.00065247715,-7.345365000000001e-25,1.8626451e-09,0.0,True
2022-10-03,29.4,7.3999996,10.6285715,14.857142,7.1571426,84.64286,1.0714285,0.9571429,1.1999999,5.5571427,11.9,0.00021772087,0.0006319806,-7.345365000000001e-25,7.450581e-09,0.0,True
2022-10-10,29.38,2.2,12.042857,17.614286,6.828572,78.08572,1.2714285,0.9571429,1.542857,5.4142857,13.157143,6.824732e-06,0.00061400235,-7.345365000000001e-25,1.1175871e-08,0.0,True
2022-10-17,29.38,0.9,12.7,18.157145,7.8285713,81.457146,1.1,0.78571427,1.3285714,5.0571427,13.957143,8.108467e-05,0.0005974099,-7.345365000000001e-25,3.7252903e-09,0.0,True
2022-10-24,29.4,18.5,12.571428,16.728573,8.3,87.057144,0.8571428,0.7714286,0.78571427,5.4428573,13.142858,0.00025087595,0.00058440864,-7.345365000000001e-25,7.450581e-09,0.0,True
2022-10-31,29.42,0.9,14.185715,19.7,9.599999,87.0,0.88571423,0.6714286,0.90000004,5.3714285,14.557143,1.783669e-05,0.00057347864,-7.345365000000001e-25,1.8626451e-09,0.0,True
2022-11-07,29.41,3.7,9.385715,13.357142,5.3428574,84.87142,0.65714294,0.54285717,0.7,5.3,10.1,7.016212e-05,0.00056477636,-7.345365000000001e-25,5.5879354e-09,0.0,True
2022-11-14,29.38,1.1,9.400001,13.314286,6.1857142,85.0,0.61428577,0.47142854,0.64285713,5.2285714,9.4,8.46386e-06,0.0005572066,-7.345365000000001e-25,0.0,0.0,True
2022-11-21,29.4,3.0,1.6142857,4.114286,-1.2285713,88.5,0.20000002,0.18571429,0.35714287,5.4714284,3.0,8.562207e-05,0.0005510822,0.0012392203,7.8102574e-05,0.0033190288,True
2022-11-28,29.39,4.0,3.5,6.042857,1.2857143,93.72858,0.20000002,0.17142858,0.15714286,5.714286,3.3,9.153038e-05,0.00054623187,0.0015559254,0.003023237,3.5576522e-06,True
2022-12-05,29.39,6.7,1.4571428,2.6000001,0.22857143,92.24286,0.12857144,0.114285715,0.31428573,5.928571,1.6285714,6.2704086e-05,0.00054232776,0.0014813911,0.0013934746,0.0030905046,True
2022-12-12,29.42,6.4,-0.31428573,1.0,-1.5857143,92.34286,0.114285715,0.114285715,0.24285714,6.357143,0.75714284,6.829202e-05,0.00053948164,0.0025384086,0.001197122,0.0049352534,True
2022-12-19,29.37,5.1,-4.7571435,-1.8142856,-8.385715,90.8,0.028571429,0.028571429,0.18571427,6.5285716,-1.9571428,7.981062e-05,0.00053761154,0.005441098,0.0014465842,9.3553215e-05,True
2022-12-26,29.46,35.899998,6.457143,8.714286,3.9714286,94.828575,0.31428576,0.31428576,0.27142859,7.385714,2.7857144,0.00076346844,0.00053712726,0.0006405569,0.0043531265,0.0,True
